prediction,Justification
1,"YES Context from the paper: ""The ERADIAMR project will develop a new way of detecting antimicrobial resistant bacteria by looking at the way live bacteria vibrate."" and ""Therefore, the new technology that we will develop will allow in the future to rapidly detect and treat infections due to resistant bacteria and save lives."""
1,"YES Context from the paper: ""There is an urgent and unmet need to further define disease mechanisms in ARDS, and to develop tools to aid patient stratification so we can ensure the right drug is received by the right patient at the right time."""
0,"NO ""This is in part because of the staggering structural and functional diversity of the mammalian cilia repertoire, with the underlying differences in dynamics of assembly and final molecular architecture still largely unexplored. These gaps in our understanding impact genetic diagnosis, clinical management and the development of therapeutics for the ciliopathies."""
1,"YES Context: ""Thus, the development of approaches that integrate multiple determinants of frailty will underpin a comprehensive assessment and understanding of the frailty syndrome. Critically, integrative approaches provide insights into how the interaction between different discipline classes of determinants can be used to predict how an individual may (not) develop frailty. Developing such prognostic tools will improve early detection models and underpin a more holistic understanding of the biological pathways implicated in frailty that hold the key to development of more effective clinical and lifestyle interventions."""
0,"NO ""the medical profession and the people it serves is essential for a country's health system to fulfill its mandate - in India this social contract seems to be breaking down."""
1,"YES Context: ""We want our research to make health systems better by identifying newly emerging AMR and understanding which groups of people are at most risk from Shigella AMR. In the future this will enable these people to be given specialised healthcare, such as screening and tailored antimicrobial recommendations."""
0,"**Answer: YES** **Reasoning and Context:** The article describes a project aimed at addressing adolescent mental health issues in India, specifically focusing on interventions for anxiety and depression among young people. The project includes co-designing school-based interventions, which aligns with the inclusion criteria regarding health research.  **Exact Context:** ""Our project, called SAMA (meaning equal in Sanskrit) aims to develop and test school-based interventions to provide Indian adolescents with information and strategies to take care of their mental health and to improve school cultures to support well-being."""
0,"NO Context from the paper: ""This proposal aims to provide an indispensable complement of animal research that would inform theoretical and computational models of the fundamental neuronal circuit, and it could provide crucial neurobiological information on how such circuit functions could be emulated with machines or potentially rehabilitated with non-invasive brain stimulation or brain-machine interfacing devices in patients.""  This text indicates a focus on neurobiological research and animal studies rather than directly addressing health-related advanced medical therapies, drug therapy, diagnostics, or similar themes specified in the INCLUSION criteria."
1,"YES Context from the paper: ""A. fumigatus may cause a range of diseases when inhaled, including life-threatening infections in humans with certain immune defects. [...] Resistance in A. fumigatus is mainly caused by mutations in the cyp51A-gene, which commonly causes a pan-azole-resistant phenotype. [...] Our proposal aims to IMPROVE current diagnostic tools by developing reverse complement (RC)-PCR, characterising critical single nucleotide polymorphisms (SNPs) and identifying new resistance mechanisms in azole-resistant A. fumigatus."""
1,"**YES** The article is relevant to health research as it explores the influence of brain rhythms on speech comprehension in individuals with hearing loss, which is directly related to health outcomes and interventions aimed at improving communication. It also discusses the potential for non-invasive therapies like transcranial magnetic stimulation (TMS) to enhance speech perception, which aligns with the inclusion criteria for advanced therapies and diagnostics. **Extracted context:** ""The innovative combination of comprehensive electrophysiological analyses and detailed psycho-physical testing will lead to the most comprehensive picture to date about the role of intrinsic brain rhythms in speech perception in the typical population with varying levels of hearing loss. Moreover, we will test whether it is possible to improve natural speech perception by non-invasively enhancing brain rhythms with transcranial magnetic stimulation (TMS). This approach will have the potential to delay or even avoid the use of hearing aids for individuals with beginning age-related hearing loss and improve social and health outcomes."""
1,"**YES** The article is relevant as it discusses alcohol consumption, which is a major contributor to disease and is directly related to public health research. The focus on alcohol policy, consumption's impact on health, and the proposed research aims to understand and improve alcohol policy frameworks in Peru and Brazil aligns with the inclusion criteria of health research. **Context from the paper:** ""Alcohol consumption is a major cause of disease globally, and is the leading cause of preventable deaths in people aged 15-49 years old... Drinking is increasing in low and middle income countries (LMICs) causing harms there to rise."""
1,"YES Context from the paper: ""This research will allow us to identify the flow patterns that can cause stent blockage. This information is important as it will help us to improve the design of future stents and also the way that we put stents so as to reduce the risk of stent blockage and future heart attacks.""  Additionally, the study discusses the evaluation of blood flow patterns in stented segments and their role in stent thrombosis, which falls under the criteria of medical devices and drug therapy."
1,"YES The text discusses the research on Chronic Lymphocytic Leukaemia (CLL) with a focus on improving drug therapies, specifically targeting drug resistance in patients undergoing treatment with ibrutinib and venetoclax. The context for this decision comes from various parts of the record, including: - ""Ibrutinib (BTK inhibitor) and venetoclax (BCL2 inhibitor) [...] but they are not curative and some patients develop resistance."" - ""Aim 1 of this application is to validate this assay in a large cohort of patients [...] to test the predictive value of our assay in 200 samples from treatment naïve patients who went on to be treated with ibrutinib alone or with venetoclax."" - ""Aim 2 of this application is to use CLL cells from the TLR9-responder and TLR9-sensitised cases to identify novel drug targets, which could potentially block TLR9-mediated drug-resistance."" These passages confirm that the study is related to drug therapy and aims to advance treatments for a specific type of cancer, fulfilling the inclusion criteria."
1,"YES Context supporting the decision: ""The questions we address here are of significant importance for human health because abnormalities in the regulation of this highly complex network of interactions can give rise to genetic diseases and/or cancer."""
1,"YES The context from the paper that contains the relevant information is as follows: ""The aim of this proposal is to obtain a detailed picture of how human muscle type nAChRs work by resolving structures of the proteins at near atomic resolution, followed by detailed assessments of how the protein works. This information will ultimately help predict whether genetic changes observed in patients are likely to cause disease, as well as assist in designing new drugs that target this protein to treat myasthenia and other forms of neuromuscular diseases."""
1,"YES The article is relevant as it describes research related to artificial intelligence usage, diagnostics, and drug therapy in the context of infectious diseases.  Exact context from the paper: ""Whole genome sequencing (WGS) can identify mutations in pathogen genomes that lead to drug resistance (AMR), pinpoint their geographical source, and define strain-types linked to virulence."" ""Ultimately, the resulting AI-enabled informatics systems will assist with personalisation of treatments within clinical management and aid surveillance activities through identifying outbreaks and transmission hotspots."""
1,"YES The article describes research related to pain perception, chronic pain, and potential therapeutic targets for pain relief, which falls under the category of advanced medical therapies and drug therapy.  Exact context from the paper: ""Ultimately, pain-relieving agents could be prescribed more effectively if we understand what regulatory pain pathway we should target for chronic pain relief."""
1,"YES Context from the paper: ""Furthermore, we have identified a drug called nelfinavir, originally approved to treat HIV patients in 1997, that has anti-cancer activities at least in part through the activation of EF2K. ... Therefore we will: ... III. Establish whether drugs that activate of EF2K represent a valid therapeutic strategy blood cancer patients by conducting drug tests in our models and comparing the ability of rapamycin or nelfinavir to reduce or eradicate disease."""
1,"**YES** ""This approach allowed us to stabilise the connectivity between the inhibitory interneurons and the MNs, and as a consequence we increased MN survival and ameliorated ALS symptoms in mice.""  ""We will generate an improved gene therapy to deliver the gene that naturally stimulates connectivity in humans.""  ""Despite the promising results, our current approach (Mora et al 2022) has translational limitations because uses a genetic strategy not applicable in humans.""  ""Importantly, this new gene therapy can be administered by intravenous injection, so it does not require invasive treatments."" "
0,"NO The text does not pertain to health research as defined by the inclusion criteria. It primarily discusses cognitive processes related to memory and brain mechanisms without a clear connection to advanced medical therapies, diagnostics, drug therapy, medical devices, artificial intelligence, gut health, microbiome, or nutrition. Contextual excerpt: “As STM and WM deficits characterize many brain diseases, this work will give novel insights into the disease mechanisms and pave the way for novel treatments for memory disorders.” This sentence implies some relevance to medical research, but overall, the focus remains on cognitive processes rather than health-focused research fitting the inclusion criteria."
1,"YES ""The project we plan to find out when during human and mouse bone fractures that ultrasound responsive agents can be measured."""
0,"NO The article does not meet the inclusion criteria as it focuses on psychotic disorders and related research rather than advanced medical therapies, diagnostics, drug therapy, medical devices, artificial intelligence, gut health, microbiome, or nutrition. Context from the paper: ""Psychotic disorders are frequently distressing conditions in which people experience symptoms such as hallucinations (seeing or hearing things that are not there) and false thoughts or beliefs (delusions)."""
1,"**YES** **Context from the paper:** ""The mechanisms we discovery may be important for people suffering chronic pain. We will first investigate in human pain nerve cells which properties are determined by the internal clock. We will then examine the molecules that may be important in this process. One of the most important type of molecules for nerves are called ion channels. These allow salts such as sodium and potassium to cross in and out of the cell. Nerves use ion channels to set how excitable they are and to send signals. We think the clock is regulating the way in which ion channels are behaving. By exploring this in detail, we believe we can find new ways to treat pain.""  Additionally, the technical summary mentions, ""Using a small molecule, KL001, to prevent degradation of Cry1/2 (the repressor arm of the clock), we find pain responses are ameliorated,"" indicating research towards novel drug targets for chronic pain."
1,"YES ""This proposal, we want to repeat the experiments in a higher animal model (piglets). We will first confirm the optimum dose of exenatide needed for brain protection in piglets. We will then randomise piglets who have been exposed to lack of blood and oxygen supply to either receive or not receive exenatide and find out if there are differences between the groups in their brains."""
1,"YES Context: ""Targeting OT deficiency is hence an attractive therapeutic possibility in children with abnormalities of the HP axis and neurobehavioural problems."""
1,"YES The article is relevant because it discusses drug discovery activities and the development of targeted therapeutics, which fall under the category of drug therapy and advanced medical therapies. The relevant context from the paper is: ""Our medchem lab strives to discover the next generation of targeted therapeutics to treat cancer and other chronic disorders."""
1,"YES Context from the paper: ""The key objective of the consortium is to develop approaches to promote protein and fibre consumption in community-dwelling older adults who have poor appetite, to overcome undernutrition through targeted nutrition and physical activity."""
1,"YES ""We will assess the therapeutic potential of a chemical inhibitor defactinib, shown by us to target the IRF5 signalling pathway, to block IRF5 activation in neutrophils, using both mouse colitis models and human pinch biopsies from the colonic mucosa of UC patients.""  This context relates to advanced medical therapies and research on inflammatory bowel disease (IBD), which fits the inclusion criteria as it focuses on understanding immunopathology and potential treatment strategies."
1,"YES Context: ""We therefore plan to study these genetically engineered mice 'models' of human bone disease in greater detail, to understand disease process, which will eventually allow us to develop new therapies for these currently incurable common diseases."""
0,"**NO** The paper primarily discusses the mechanisms of cell migration and the regulation of the Scar/WAVE complex, which does not directly relate to the specified inclusion criteria regarding advanced medical therapies, diagnostics, drug therapy, artificial intelligence usage, or gut health/microbiome/nutrition. **Context:** ""This grant seeks to establish a new paradigm for the control of cell migration through the Scar/WAVE complex (WRC)."""
1,"YES Context from the paper: ""We hypothesise that these differences can be targeted to develop a new class of antimalarial therapeutics. We aim to study a subset of CRLs, the Skp1-Cullin1-Fbox ligases (SCFs), whose role in controlling cell cycle progression is well-established in eukaryotic cell biology."""
0,"NO ""There exists a strong link between poor IAQ and respiratory related diseases."""
0,"NO  Reason: The text primarily focuses on developing a mental health promotion intervention through sports for adolescents, which does not align with the specified inclusion criteria related to advanced medical therapies, diagnostics, drug therapy, medical devices, artificial intelligence, gut health, microbiome, or nutrition.  Extracted context for decision: ""Our research aims to develop a mental health promotion intervention that uses sports to engage and improve the mental health of adolescents..."""
1,"YES The context from the paper that supports this decision is: ""The aim of this proposal is to understand how tauopathy affects the communication and coordination of signals in the brain, and causes deficits in brain function. Our central hypothesis is that tauopathy has a greater impact on long-distance interactions (connectivity) between brain regions.""  This statement indicates that the research is related to understanding the impacts of tauopathy, a significant factor in neurodegenerative diseases such as Alzheimer's, which directly relates to advanced medical therapies or diagnostics as stated in the inclusion criteria."
1,"YES Context for the decision: ""A healthy, balanced diet is important for keeping metabolic health and supporting immune system... the mediating roles of gut microbial composition in the associations between dietary patterns and immune response."" "
1,"YES Context: ""We anticipate that these studies will enhance our basic understanding of pulmonary humoral immunity, findings that may eventually lead to the design of new vaccines and therapeutic treatments against influenza virus and, possibly, other diseases."""
1,"YES Context: ""In this five-year grant we aim to determine the true impact of recreational noise exposure on hearing health. We will test a large cohort of teenagers before and after their first years of exposure to potentially harmful recreational noise, using advanced tests sensitive to subtle hair cell and neural deficits... our findings will help to reduce the huge societal burden of hearing loss and tinnitus."""
1,"**YES** The article is relevant as it describes research related to gut health, microbiome, and advanced diagnostics through genomic epidemiology of Campylobacter; it focuses on enteric diseases in low- and middle-income countries (LMICs), which aligns with the INCLUSION criteria. **Context from the paper:** ""Diarrhoeal disease is among the most significant challenges in modern healthcare in LMICs. Some of the major causes, such as Campylobacter, are greatly under-reported and the decline in antibiotic effectiveness against enteropathogens is a major concern. Without national surveillance to characterize the source and extent of infections such as campylobacteriosis, interventions to reduce childhood morbidity and mortality will remain ineffective."""
1,"YES Context: ""There is therefore a substantial clinical need to develop new effective therapies... Together, these experiments will provide us with new foundational insights to help us understand how patterns of neural activity and motivation to pursue reward is influenced by normal or disrupted dopamine, which is a crucial step on the path towards new neuromodulation-based approaches to the treatment of symptoms of apathy."""
1,"YES Context from the paper: ""Creating an individualised risk for EmCS or assisted delivery for a woman at the end of pregnancy would dramatically improve joint patient/clinician decision-making with the potential to avoid a difficult delivery, and improve maternal and neonatal outcome."""
1,"YES **Context from the paper:** ""The requested equipment, the Sophion Bioscience QPatch Compact system is unique in that it combines the lack of requirement for seal enhancers with high specification microfluidics and temperature control in a bench-top format. This instrument will provide key enabling technology for three groups of researchers: first, those already investigating ion channels and their dysfunction in human disease; second, those seeking to study ion channels, but without specialist skill and third those engaged in translation research on novel therapeutics."""
1,"YES Context: ""One important contributor to overweight and obesity is eating highly processed foods, often termed 'junk food'. Children who are OO are more vulnerable to developing NCDs and this continues into later in life."" The article discusses diet-related non-communicable diseases (NCDs) and their impact on health, which falls under the inclusion criteria related to gut health, microbiome, or nutrition."
1,"YES Context: ""Altered lipid metabolism is a common feature of most human diseases, including cardiovascular, cancer, inflammation, dementia and autoimmunity. Thus, accurate quantitation and identification of lipids in tissues and cells can provide significant insight into underlying mechanisms of pathology."""
1,"YES The article is relevant as it discusses improving statistical methods for trials that assess interventions related to health outcomes, which falls under the inclusion criteria. Context from the paper: ""It is vital that we have validated and trustworthy analysis methods to use with these trials to be able to improve human health."""
1,"**YES** The article discusses brain imaging technologies (MRI, PET, CT), mentions the carbon footprint of neuroimaging research, and explores the development of tools to optimize energy consumption and reduce carbon emissions in the context of healthcare research. **Context from the paper:** ""Human brain imaging techniques such as Magnetic Resonance Imaging (MRI), Positron Emission Tomography (PET) and Computerised Tomography (CT) are invaluable healthcare research tools... We will then develop optimisation strategies to reduce energy consumption, and thereby, carbon emissions."""
1,"YES Context: ""The goal of this proposal is to develop new microbiome therapeutics consisting of a synthetic microbial consortium (specific members of the gut microbiota) and inhibitory metabolites... This study has the potential to significantly impact clinical practice by developing a new treatment that could be used to prevent or treat CRE intestinal colonisation, and therefore prevent other serious infections such as CRE bloodstream infections."""
1,"YES ""Can we determine which precancerous areas are going to progress to cancer so we can deliver treatments earlier? By understanding why some lesions progress and some regress can we develop new therapies preventing lesion progression to cancer?"""
1,"YES Context from the paper: ""In this project we plan to use genetic analysis to identify how and why a wide range of skin tumours develop, with the possible implications for this work being enhanced patient management, better diagnosis and an improved understanding of the basic biology of skin."""
0,"NO The text primarily discusses neural synchrony and its implications for cognition and brain network interactions. It does not pertain directly to advanced medical therapies, diagnostics, drug therapies, medical devices, artificial intelligence usage, or specific research related to gut health, microbiome, or nutrition. The context of the decision is based on the following excerpt: ""However, little is known about these processes in the human brain. Our objective is to unravel the causal/mechanistic role of large-scale network synchronization, i.e. oscillatory phase-coupling, in orchestrating feedback and feedforward signal transmission and cognitive operations in humans.""  This indicates a focus on cognitive operations rather than health-related applications defined in the inclusion criteria."
1,"YES The article is relevant as it discusses research related to advanced medical therapies and the impact of preterm birth on neurodevelopment, cognition, and potential interventions.  Exact context from the paper: ""Importantly, there are no effective treatments for promoting brain health after preterm birth. One of the biggest challenges facing perinatal medicine is to find new ways to reduce brain injury and improve life-long outcomes."""
1,"YES ""The differential effect of oral anticoagulant types on the coagulant phenotype of vascular endothelium. Stroke is a leading cause of death and disability... Current therapies use blood thinning medications (anticoagulants) and drugs that prevent aggregation of platelets (antiplatelet agents) for the prevention of ischaemic stroke... We will study the formation of blood clots on the surface of normal of inflamed endothelial cells (EC) in the presence and absence of oral different anticoagulants."""
0,"**Answer:** YES **Context from the paper:** ""One of the possible advancements in vaccine design is to improve the entry of vaccine material into draining lymph nodes and make them persist long enough to stimulate a strong immune response... We have identified a specific type of accessory immune cells that capture and keep foreign materials in lymph nodes for long periods of time (weeks) and present them to immune cells called B lymphocytes, which produce antibodies... Our goal is to define the role of this FDC subpopulation in GC B cell responses to immunisation... and will guide the design of vaccines that improve antigen retention and enhance high-affinity antibody responses."""
0,"**Answer: YES** **Exact context from the paper:** ""Oral immunotherapy (OIT) is an emerging treatment option, where small, increasing doses of a food allergen are used to cause 'desensitisation', so that patients no longer experience symptoms upon exposure to the food. [...] Immunotherapy is widely undertaken for the treatment of hay fever and allergy to insect stings - where treatment success is dependent on the duration of treatment."""
1,"YES Context: ""The proposal concerns the acquisition of an Agilent Biotek Cytation 5 Cell Imaging Multimode Reader for the Section of Virology at the University of Surrey, a unit of research formed by >20 investigators from 6 different groups studying human viruses and their interplay with human cells... This knowledge will eventually provide novel therapeutic avenues for a collection of established and emergent viruses with enormous burden on human health worldwide."""
0,"**Answer: YES** **Context from the paper:** ""A spectral flow cytometer will significantly alleviate current pressures in the facility...support complementary research in cancer immunology, inflammatory arthritis, and host-pathogen interaction...This application sets out the case for the purchase of a spectral flow cytometer for use by researchers at the University of Birmingham...A spectral flow cytometer will increase our cell identification resolution for each sample (from 18 to 50 simultaneous parameters), leading to a significant acceleration in discoveries while improving data quality."""
1,"YES The context from the paper that supports this decision is:  ""The structural information provided will mark a step change towards the amenability of the XRCC4 family proteins for therapeutic targeting, which could be exploited in the treatment of cancers.""  This indicates relevance to advanced medical therapies and drug therapy, as it focuses on therapeutic targeting and cancer treatment."
1,"YES “Understanding this process will not only increase our understanding in HTLV-1 biology and possible chance of disease progression but will also propel cancer research forward since both PP2A and this chromatin complex are involved in a wide range of human diseases. Finally, identifying the mechanism by which HTLV-1 establishes infection, and structurally characterising the players involved in this process will also aid in the design and development of drugs that can specifically prevent the interaction between integrase and its host.”"
1,"YES ""The project will develop a simple device that can encourage people to perform back exercises by themselves. The device is a belt that detects activity of 'core' muscles in the trunk; and then displays this activity back to the user via a smartphone or smartwatch."""
1,"YES Context from the paper: ""Ultimately, we need to be able to predict how a patient with laryngeal cancer is likely to respond to treatment...this would allow us to make progress in the treatment of this disease, inform our discussions with patients, and allow us to develop new ways of tailoring treatments to individual patients...this is called personalised medicine...We will conduct analyses of these samples to compare the molecular and genetic detail as well as the data generated from the CT scan with the response of the patient and the cancer to the treatment."""
1,"**YES** The article is relevant as it discusses the usage of advanced instrumentation and machine learning techniques in the context of cryo-electron microscopy (cryoEM), which is pertinent to health research related to understanding biological systems and disease mechanisms. **Context from the paper:** ""The problems being addressed by cryoEM are of major importance in biomedical science, e.g. dynamic systems involving protein folding/refolding/misfolding, important in neurodegeneration and other misfolding diseases, virus-host interactions, and drug binding studies."""
1,"YES Context: ""We can find both the suspect and place then at the crime scene; this is utterly essential if we want to solve serious and pressing issues in human health and disease. The platform we are requesting is cutting-edge and will be one of only two in the UK."""
0,"NO The record does not meet the inclusion criteria as it primarily discusses cellular mechanisms and protein functions related to cell division, rather than advanced medical therapies, diagnostics, drug therapy, medical devices, artificial intelligence usage, gut health, microbiome, or nutrition. Context: ""Defective distribution of chromosomes and/or centrosomes are associated with several human health disorders such as cancer, microcephaly and primordial dwarfism."""
1,"YES Context: ""An alternative, naturally occurring form of T3 called T3 sulphate (T3S) offers a potentially 'ingenious' solution."" This study is related to drug therapy (specifically thyroid hormone treatment) which aligns with the inclusion criteria."
1,"YES Context from the paper: ""We hypothesise that initiation of early prophylactic CPAP in the delivery room (DR-CPAP) will reduce the rate of CPAP failure and therefore the neonatal mortality rate in low-resource settings."""
1,"YES Context from the paper: ""The overall aim of our continuous efforts is to generate a small molecule drug that can be used as a single agent, or as a combination agent, in different lines of therapy.""  ""This proposal, we also include expertise in artificial intelligence-based methods related to drug discovery."""
1,"YES Context from the paper: ""We aim to reduce the cost, burden, and time to conduct randomised controlled trials (RCT) to improve the care of sick and preterm babies and develop medicines, diagnostics and devices that meet their needs."""
1,"YES Context: ""This project will use exposure to virtual foods to establish which mechanisms underline successful reduction of food-related anxiety in anorexia nervosa."" and ""The aim of this study is to use virtual reality to test the mechanisms of extinction learning and help patients to develop a more positive relationship with food."""
0,"NO ""The purpose of the project is to provide new skills to researchers, including ECRs, technicians and newly independent investigators, and to build links between UK and Canada based scientists for continued or future collaboration."""
1,"YES Context that supports this decision: ""Resistance exercise therapy (RET) currently offers the most effective strategy to promote muscle mass and strength in ageing."" and ""By combining these techniques with magnetic resonance imaging (MRI), we will develop new methods to locate where, and how quickly, new fat is deposited in the body."""
0,"NO Context: ""This approach, best known as implementation research seeks to draw attention to the health impact of active mobility policies in different urban contexts in low and middle-income countries."""
0,"**Answer: YES** **Context from the paper:** ""This project is proof-of-concept and feasibility research, where we aim to elucidate the role and efficacy of local person-centred integrated care networks in delaying transitions to more intensive levels of care needs, and ameliorating care needs on transition."""
0,"**Answer:** YES **Context from the paper:** ""The long term ambition of this project is to improve the lives of low and middle-income people living with untreated hypertension and diabetes across Africa through a patient-led model of care."""
1,"YES Context: ""We will attempt to answer these questions by asking close sexual contacts of monkeypox cases who have either been identified from public health contact tracing or from self-referral from online social media recruitment to take swabs and urine samples, along with blood tests to look for antibodies, and answer an online questionnaire about symptoms and monkeypox exposure."""
1,"YES Context from the paper: ""The availability of R21 offers a unique opportunity for such an evaluation. We propose to implement a community-based, cluster-randomized trial... Mass vaccination with R21 (3 doses at 1 month interval) will be implemented in intervention villages just before the malaria transmission season (April-June).... Results of the proposed trial will be essential for formulating a policy decision on mass vaccination against malaria."""
1,"YES The decision is based on the following context from the paper:  ""Understanding how tolerance works in malaria would thus allow us to complement existing exposure control measures with a completely different strategy of host defense aimed at protecting the most vulnerable age-group from dying from severe malaria.""  This indicates that the research is related to advanced medical therapies and addresses health outcomes related to malaria, which aligns with the inclusion criteria."
1,"YES Context: ""The aim of this project is to co-develop (with drivers and employers) a practical and effective intervention to improve the sleep quality of commercial drivers. ... Research shows that inadequate sleep is, by itself, a risk factor for obesity, diabetes, and heart problems."""
1,"YES Context: ""In summary, this project will contribute to understanding how changes in UNC13A, induced by TDP-43, impact on neurons and ALS pathogenesis, regardless of underlying cause. Crucially, this project will also develop an approach to prevent these changes and perform the initial steps for a potential therapeutic strategy for ALS."""
1,"**YES** **Context from the paper:** ""Successful achievement of our objectives will provide knowledge and understanding of the mechanisms underpinning the BM-protective, anti-inflammatory actions of ES-62. ES-62's properties dictate that it is already considered to possess therapeutic potential for a range of illnesses associated with harmful inflammation but our new BM-data clearly suggest that its potential disease-coverage may be even wider, for example, extending to protection against ageing-associated degenerative bone disorders like osteoporosis and malignancies such as leukemia.""  This excerpt illustrates that the research primarily deals with advanced therapies targeting age-related health issues and the inflammatory responses linked to obesity and ageing, fulfilling the inclusion criteria for advanced medical therapies and diagnostics."
1,"YES ""Acute myeloid leukemia is an aggressive blood cancer predominantly affecting older people. Outcomes from intensive chemotherapy are poor with high rates of relapse and frequent life-threatening toxicity. The majority of older patients survive less than one year, reflecting a major unmet need for more effective and lower toxicity therapies."""
1,"YES ""The ability to block such interactions when proteins go wrong is becoming increasingly important in drug discovery and chemical biology. Protein-protein interactions are therefore recognised as very important drug targets, but have been historically considered 'undruggable' owing to their inaccessibility to small molecules or larger biologics. Peptides occupy a convenient middle ground, with research in this area developing many exciting and innovative approaches to identify peptide-based inhibitors as well as tools and probes of proteins involved in disease."""
1,"YES **Context from the paper:** ""Calcium supplements in pregnancy could prevent pre-eclampsia and potentially save 21,500 mothers every year from dying in these countries."""
1,"YES The context from the paper that supports this decision is: ""Therefore, it is important that we improve our understanding of how blood pressure is regulated, so that patients can be provided with effective therapy."" This indicates that the study is focused on understanding mechanisms related to blood pressure regulation which is pertinent to health research, and it aims at developing new therapeutic targets."
0,"**Decision: YES** The article is relevant as it discusses a pilot randomized controlled trial focused on socioeconomic support packages for tuberculosis (TB)-affected households, which directly relates to health research and addresses health outcomes. The funding aims to evaluate the impact of socioeconomic interventions on health, finances, and stigma associated with TB, fulfilling the inclusion criteria related to advanced medical therapies and health diagnostics. **Context from the paper:** ""This research will ensure the most fundable, achievable, and impactful design of a definitive, large-scale trial of socioeconomic support for TB-affected households in Nepal, the findings of which will be the first of their kind in a LIC and will inform regional and international TB policy and practice.""  Additionally, the document discusses the relationship between poverty and TB, highlighting health implications, thus reinforcing its relevance to health research: ""Poverty drives TB rates and TB worsens poverty due to catastrophic costs of being ill and seeking care."""
1,"**YES** The article is relevant as it discusses the impact of iron supplementation on infants, which relates to advanced therapies and nutrition.  **Context from the paper:** ""We therefore propose a large randomised controlled trial of early iron supplementation starting at 6wks of age. In preparation for such a trial we need to conduct preliminary studies addressing the following questions: Can we effectively enhance circulating iron levels in early infancy by giving daily iron drops? ... Might the iron alter the balance of the babies' gut microbial flora and thereby cause diarrhoea? ... Iron is crucial for brain development and early deficiencies during infancy can cause irreparable damage.""  This indicates research on nutrition, gut health, and its implications for medical practices, aligning with the inclusion criteria."
0,"NO The text does not describe research directly related to advanced medical therapies, diagnostics, drug therapy, medical devices, artificial intelligence, gut health, microbiome, or nutrition. Instead, it focuses on the environmental impact of single-use textiles in the operating theater and the promotion of reusable textiles, which does not fall within the inclusion criteria. Exact context from the paper: ""An important part of the strategy to reduce its emissions is to move away from single-use medical equipment to equipment that can be reused."""
1,"YES Context from the paper: ""It is essential to know more, as problems in the provision, uptake and usage of nutrients by the early embryo may be important for our better understanding of early pregnancy loss. In addition, it is likely to provide researchers in IVF clinics improved methods to assess the health of embryos in their selection for embryo transfer to the mother... This will have far reaching consequences, both for an improved understanding of what happens in early pregnancy loss and for improving experimental protocols for the differentiation and expansion of specific cell types from stem cells and their use in regenerative medicine."""
1,"YES This article discusses research related to drug therapy (specifically opioid drugs) and its effects on pain processing and chronic pain responses.  Exact context from the paper: ""Understanding how opioid treatment changes the processing of subsequent painful inputs by the central nervous system will create valuable new knowledge, which will impact upon life-long health."""
1,"YES The research is relevant as it discusses the development of a diagnostic method for early detection and monitoring of Parkinson's disease, which falls under the category of diagnostics related to health research. Exact context from the record: ""By the end of the project we hope to have developed a blood or saliva based method for early detection and monitoring of Parkinson's disease that has been validated on clinical samples."""
1,"YES Context: ""We therefore hypothesize that epigenetic deregulation of TEs can drive infection-independent type I IFN responses in the placenta, with potential impact for pregnancy outcomes."" and ""The placenta is a key partner in that interface, and placental dysfunction is associated with unfavourable pregnancy outcomes, such as preeclampsia, intrauterine growth restriction and preterm birth."""
1,"YES ""The interactions between filamin C and small heat-shock proteins in cardiac mechanosignalling... Understanding the details of how mechanosignalling works in the heart, and what happens when it malfunctions in heart failure and other heart conditions, is important. It can help improve how we manage these conditions and could help open up new areas to explore for possible treatments."""
1,"YES ""Therapeutic strategies aimed at different parts of the immune system thus far failed, or were only partially successful, largely because of the inability of drugs to cross over the 'blood-brain barrier'. [...] Our data demonstrates that we can increase the number of 'regulatory T cells' in the brain of treated mice. [...] Using a mouse model of traumatic brain injury, this treatment reduced the damage following injury by 50%."""
1,"YES Context: ""A major problem in the development of new treatments is our poor understanding of its underlying biology... These molecules and pathways may provide novel targets for therapeutic intervention, potentially opening up new avenues in the effort to develop new treatments."""
1,"YES ""The project will be designed by researchers from the University of Liverpool, the University of Witwatersrand in Johannesburg and local employees, managers, community groups, and charitable organisations involved in food activism, including diabetic groups and people involved in public health programmes and medical insurance: all groups with a stake in making screening successful. We aim to get a good understanding of the motivations related to health screening, health seeking and food consumption behaviours in order to be able to address it in an effective way to help people become and stay healthy. If our project can find ways to better understand high blood pressure, diabetes and possibly obesity epidemics, using approaches that worked for HIV, we will have begun the process of tackling the challenge of complex lifestyle conditions which in future is likely to include other challenges like mental illness, chronic lung disease and sleep disorders."""
1,"YES ""The programme will focus on a key cellular process which could link the known genetic, molecular, cellular and mechanical faults that are associated with IPF. The aim of this project is to understand 1) whether a process called cellular extrusion by which abnormal, or excess cells are squeezed out of cell layers occurs in the small airsacs of the lung 2) understand how this process is altered in scarred lung and whether it can be changed to promote lung healing 3) understand the environment in which the cells live can affect how they behave 4) use artificial intelligence and deep learning algorithms to both learn from and inform our experiment in aims 1 to 3."""
0,"**Answer: YES** **Context from the paper:** ""We will use state-of-the-art technologies to identify the patterns of small molecules in the blood (i.e. metabolomics) and bacteria in the gut (i.e. microbiome). We will then analyse the data to understand how dietary patterns and gut bacteria may influence the risk of heart disease at a deeper (molecular) level."""
1,"**YES** **Context:** ""The reliable and objective assessment of habitual diet is a major challenge in nutrition research. New technologies are emerging, but unlikely to solve this problem independently. Metabolites derived from food, found in either urine or blood offer objective 'biomarkers' of dietary intake. Similarly, the analysis of images derived from wearable cameras can discern much about eating behaviour. Our overall aim is to evaluate the optimal combination(s) of measurements provided by these emerging technologies to monitor accurately habitual dietary intake in real-life settings."""
1,"YES The article is relevant as it discusses research related to maternal immunity to SARS-CoV-2 and its potential protective effects on infants. This falls under the category of health research and addresses advanced medical therapies through vaccination. Context from the paper: ""To answer these questions we will undertake two studies... Our key objectives will be to compare the odds of maternal vaccination, or prior maternal COVID-19 infection, in infants with and without confirmed SARS-CoV-2 infection in the first year of life."""
1,"YES ""This study will benefit older people living in Africa who are at risk of getting dementia, specifically Alzheimer's disease, the most common type of dementia worldwide... By the time there is obvious memory difficulty, the underlying brain damage is widespread and may be irreversible. Researchers have started to create ways of measuring these earliest changes through tests of brain functions which may be affected earlier than memory."""
1,"YES Context from the paper: ""Identifying the underlying mechanisms of naturally acquired immunity has the potential to inform rational vaccine design e.g. antigen selection."""
1,"YES Context: ""We will test how infection alters immune cells, how long these effects persist for after parasite clearance, and how these changes alter immune responses to both the worm itself and also vaccines."""
1,"**YES** The article discusses the relationship between neuroimmune regulation and nutritional status, focusing on how brain nerve cells that sense nutrients influence immune responses. This ties directly into research related to gut health and nutrition, as well as potential therapeutic strategies for inflammatory and metabolic diseases—pertinent areas in health research. **Context from the paper:** ""We expect that our finding will provide a solid evidence base for a previously unappreciated crosstalk between the brain mechanisms that control our feeling of hunger and fullness and the peripheral immune system, with important implications for the treatment of infectious and inflammatory disease, as well as metabolic health."""
1,"YES Context: ""This project aims to develop a novel magnesium-lithium-yttrium alloy wire with the optimum mechanical properties required for manufacture of bioresorbable vascular scaffold (BVS) medical devices for the treatment of peripheral artery disease (PAD)... If successful, Lumenology's BVS device with optimised microstructure and mechanical properties will be able to be compacted to smaller diameters making it easier and safer to deliver into diseased arteries."""
1,"YES  ""Consequently, focused, specific and effective anti-KSHV therapies are urgently needed.""  ""This proposal will investigate how STIP1 functions during the KSHV latent and lytic phases and develop new ways to inhibit STIP1's function for use as KSHV-targeted therapeutics.""  ""We will then use that information to design molecules capable of inhibiting STIP1 function in KSHV, which could subsequently be developed into KSHV-specific antivirals in future."""
1,"YES ""The database will provide an essential resource for many researchers who study schizophrenia and will allow others to undertake new research."""
1,"YES ""The proposed study will first test whether, in the two large non-clinical samples, individuals with high ECS-PRS and using cannabis are more likely to present with subclinical psychotic experiences and propensity to aggression/violence."""
1,"YES ""The objective of this proposal is to discover compounds which block a platelet surface receptor, platelet glycoprotein VI (GPVI), which is involved in thrombosis, and for which there is good evidence that inhibition will prove effective without increase the risk of bleeding."""
1,"YES The relevant context from the paper is: ""The experiments proposed in this research program are vital basic science precursors to improved drug design and the lab groundwork for future T. cruzi vaccine development, ultimately improving health outcomes for the millions affected by Chagas disease."""
1,"YES Context: ""Gene therapies work by inserting new genetic material into malfunctioning cells, and 'reprogramming' them to function more normally, or by inserting genetic material into a normal cell to produce a new protein (e.g. for a vaccine). Gene therapy offers hope to patients with diseases that have been, up to now, incurable."""
1,"YES The article discusses ""the genetic basis of familial myeloid leukaemia"" and highlights the importance of ""early diagnosis and tailored management,"" which aligns with the INCLUSION criteria for research related to diagnostics, drug therapy, and advanced medical therapies. The passage states:  ""This evolving field requires continued research to characterise these relatively rare disorders and raise greater awareness of this unique group of at risk individuals.""  The proposal emphasizes the development of a ""standardised approach to diagnosis, germline variant classification and discussion of clinical management,"" further supporting its relevance to health research."
1,"YES Context from the paper: ""This research could lead to the development of new treatments that focus on repairing the brain's white matter to preserve brain function."""
1,"YES Context: ""We propose a 5-year Programme that aims to improve mother and baby outcomes following caesarean sections in low- and middle-income countries... The Programme (C-Safe) plans to (ii) ensure caesarean sections are done for the right reasons (C-Why), (ii) improve their safety (C-Op), and (iii) promote safe and respectful care in labour resulting in vaginal births, including safe delivery with instruments (C-Non)."""
1,"YES Context from the paper: ""The aim of this proposal is to apply our new screening methods to find existing drugs that can be used alone or in combinations to effectively kill NF1 tumour cells without affecting healthy cells."""
1,"YES ""The P2Y2 receptor (P2Y2R) is notable that elucidation and exploitation of the both blockers (antagonists) and activators (agonists) of this receptor has lagged behind that of many other GPCRs. [...] The compelling goal of this research proposal lies in the application of a fluorescence-based synthetic chemistry platform technology in combination with a serendipitous discovery of the discovery of new molecules that inhibit the action of this key receptor. [...] Emerging evidence suggests antagonism of the P2Y2R has roles in key areas of unmet medical need. [...] Interfering with G protein-coupled P2Y receptor signalling is a promising therapeutic alternative to treat aggressive and difficult-to-manage cancers."""
1,"YES ""We will characterize normal tissue dose and dose-rate effects in lung (using our established models of pneumonitis and fibrosis), skin, gut, and the immune system."""
1,"YES Context: ""This microscope will therefore support cell-based screening for a range of discovery and translational research projects to understand and develop treatments for rare genetic diseases, bacterial infections and cancer."""
1,"YES Context from the paper: ""However, there are very limited studies on non-communicable diseases or early-life determinants in adolescents in low- and middle-income countries, especially in Africa. Identifying these is crucial to develop ways to prevent these diseases and reduce their burden... Our overall vision is to inform the development of intervention strategies to reduce the risk of non-communicable diseases and improve health during the key period of adolescence and into adulthood."""
1,"YES The context from the paper that supports the decision is:  ""Furthermore, it has become apparent that defects in Retromer underlie a variety of human diseases including age-related neurodegenerative diseases such as Parkinson disease and Alzheimer disease. Indeed, small and large Pharma now consider Retromer a druggable target for these diseases.""  This portion indicates a clear connection to human disease research and the potential for drug therapy, aligning with the inclusion criteria for advanced medical therapies and drug therapy."
1,"**YES** The article is relevant to health research as it discusses the regulatory mechanisms of DNA replication in the malaria parasite and identifies potential therapeutic strategies to combat malaria transmission.  **Context for Decision:** ""Understanding the interplay between USP7 and the signalling networks that regulate mitosis and meiosis will reveal new targets and strategies for transmission blocking.""  Additionally, the article highlights, ""removal of USP7 completely blocks parasite transmission,"" emphasizing its relevance to medicinal therapies aimed at treating or preventing malaria, a significant public health issue."
1,"YES Context from the paper: ""The air that we breathe out contains thousands of chemicals, called volatile organic compounds (VOCs). The information contained within these chemicals has great potential to help diagnose diseases such as asthma, cancer or even types of infection... We will use the cIMS-ToF-MS technology to identify and characterise new VOC biomarkers in lung diseases such as asthma and chronic obstructive pulmonary disease (COPD), cystic fibrosis, rare lung diseases and cancers."""
1,"YES Context: ""We plan to use donated cartilage tissue from organ donors to obtain CPs, which will then be multiplied and implanted into cartilage defects in a single surgery."""
1,"YES The text discusses research focused on ""extending the international commitment to universal health coverage (UHC) to people suffering limb loss in Low- and Middle-Income Countries,"" which is related to health research. It mentions ""prosthesis design"" and ""appropriate new technology into the Ugandan supply chain,"" aligning with the inclusion criteria concerning advanced medical therapies and medical devices. Exact context from the paper: ""Our proposal will design and test a PPP model as the basis for a more integrated and distributed partnership model to deliver universal health coverage for amputees."""
1,"YES Context from the paper: ""This programme will make significant contributions to science, from addressing the molecular basis of fundamental biological processes to understanding the evolution of virulence and the spread of antibiotic resistance in nature.""  Additionally, the text discusses: ""Understanding the biology of this new mechanism of gene transfer, and deciphering how it promotes bacterial evolution, will provide new strategies to prevent the emergence of new virulent and antibiotic resistant clones as well as new strategies to combat bacterial infections.""  These statements indicate relevance to health research through the focus on antibiotic resistance, bacterial evolution, and strategies to combat infections."
1,"YES The proposed research aims to understand how cells respond to chromosome breaks within transcribed genes and how defects in these processes can be exploited to target particular cancers. This relates to health research as it focuses on DNA double-strand breaks and their implications in cancer development and treatment. Exact context from the paper: ""The aim of the proposed research is to understand how cells respond to chromosome breaks within transcribed genes and facilitate their accurate repair by homologous recombination...how defects in these processes can be exploited to target particular cancers."""
1,"YES Relevant context: ""This project will establish a similar model for the first time in bronchiectasis and allow us to understand which are the key immune substances that are produced in lower quantities in these patients. This would then allow us to conduct future studies where we examine whether administering these substances directly into the lungs of patients with bronchiectasis (e.g. using an inhaler) could boost their immune response when exposed to viruses and thereby prevent exacerbations."""
1,"YES The decision is based on the following context from the paper:  ""This project builds on the vaccination strategy outlined in our advisory paper to the UK Government SAGE committee... To achieve our goals it is necessary to be able to accurately determine 'antigenic' differences among SARS-CoV-2 variants... We will test SARS-CoV-2 variants from the UK and around the world to generate, and keep current throughout the project, 'antigenic maps' to determine... the antigenic relationships among SARS-CoV-2 variants... we will also do 'serological surveillance' in which we track the antibody immunity in a cohort of 800 individuals... to measure the selection pressure on the virus to escape immunity... We will then test alternate vaccine strain selection choices to find those that best build immunity...""  This clearly indicates that the research is related to advanced medical therapies (vaccination), drug therapy (vaccine strain selection), and diagnostics (serological surveillance), which aligns with the inclusion criteria."
1,"YES Context from the paper: ""Given the broad acting nature of these new parasite inhibitors, medicinal chemists have the opportunity to develop a novel drug with potential for malaria treatment, mosquito transmission blocking and for prevention (also known as chemoprophylaxis)."""
1,"YES ""The Mary Lyon Centre is especially invested in the research of cancer, the microbiome, immune responses, and mitochondrial diseases and the ability to use, or customised panels that are targeted towards inflammation, toxicity and metabolism will be invaluable in this research."""
1,"YES ""It will test a specific antioxidant drug as potential treatment during obese pregnancy to prevent this.""  ""The results may lead to the design of clinical drug therapies to combat the ill effects of maternal obesity on the baby's heart and circulation to diminish the risk of heart problems in the offspring.""  ""This highlights that it is something about exposure of the embryo or fetus to an obesity environment during gestation itself that either triggers a fetal origin of cardiovascular dysfunction and/or increases the risk of heart disease in the adult offspring.""  ""Therefore, this project will test the hypothesis that maternal obesity during pregnancy promotes a fetal origin of heart disease via adverse mechanisms triggered by mitochondria-derived oxidative stress."""
1,"YES Context: ""We propose the most comprehensive analysis of regulatory genomic variation associated with Alzheimer's disease (AD). The project builds on our previous work assessing the role of epigenomic variation in AD and success in developing methods for regulatory genomic profiling across distinct neural cell-types."""
1,"YES Context from the paper: ""We propose to develop diagnostic algorithms that use tests suitable for health facilities with limited facilities, which are rapid, patient-centred, cost-effective and articulated with the WHO current diagnostic algorithms based on WRDs."""
1,"YES Context: ""MVA is already approved as a vaccine against smallpox and monkeypox. Its widespread distribution has been greatly limited by manufacturing challenges, which SAMVA aims to overcome. SAMVA could therefore be used immediately as a monkeypox vaccine."""
1,"YES The context from the paper that supports this decision is: ""Revealing how oxidative breaks impact gene regulatory regions and transcriptional responses will increase our understanding of the aetiology of these two neurological diseases and pave the way of similar approaches in other neurological disease that feature increased oxidative stress but not directly linked to mutations of DNA repair proteins, such as Alzheimer's disease and dementia."""
1,"YES The record is relevant as it describes research related to advanced medical therapies (specifically exercise prehabilitation in colorectal cancer), diagnostics (measures of muscle protein turnover, blood vessel remodelling, etc.), and artificial intelligence usage (building mathematical models to predict patient responses).  Context from the paper: ""A first aim of this proposal is to investigate multiple facets of cardiorespiratory and skeletal muscle biology in patients with colorectal cancer… The second aim surrounds surgical 'prehabilitation'. Constituting exercise in the preoperative period, prehabilitation is a means by which to counter deleterious changes in the cardiorespiratory system. [...] To address this, we propose a trial of HIIT versus HIIT plus resistance exercise training (RET; weights-based training), which we will call ReHIIT in colorectal cancer patients."""
0,"NO The article primarily discusses DNA replication mechanisms and their implications in cancer but does not relate to advanced medical therapies, diagnostics, drug therapy, medical devices, artificial intelligence usage, or gut health, microbiome, or nutrition.  Context from the paper: ""The goal of this project is to understand how these restart pathways work, focusing on the least understood of the two, which has been implicated in promoting cancer cell survival."""
1,"YES **Context from the paper:** ""The objectives of the proposed Programme Grant research are to investigate the environmental causes of renal decline in these high-risk populations, using both standardised instruments capturing occupational and environmental exposures. We will address four proposed causes of CKDu: (i) metals and metaloids; (ii) agrochemicals; (iii) infections by organisms that affect the kidney; and (iv) heat/dehydration."""
1,"YES Context from the paper: ""The global community is committed to the elimination of mother-to-child-transmission (EMTCT) of HIV and syphilis... We will evaluate a low-cost and locally-driven intervention based on the principles of continuous quality improvement to promote the quality of antenatal care (ANC), including screening and treatment for HIV/syphilis."" This suggests relevance to advanced medical therapies and diagnostics, specifically in the context of HIV and syphilis screening and treatment during pregnancy."
1,"YES Context from the paper: ""This project aims to address this lack of understanding by collecting cells from IVD tissue across a wide range of ages and degeneration scores and characterising all the unique genes expressed by these cells to define their unique 'signature'... to understand whether a change in the populations of cells within the IVD, or their function, may influence degeneration... to develop new treatments aimed at regenerating IVD tissue in the future.""  This excerpt provides clear indications of research related to advanced medical therapies and diagnostics, particularly in the context of understanding intervertebral disc (IVD) degeneration and potential therapeutic interventions."
0,"NO ""The brains of humans and other primates are tuned for social information... These social-cognitive abilities are profoundly impaired in autism, social anxiety, schizophrenia and related human conditions, due to dysfunction of specific brain circuits.""  This text does not relate to advanced medical therapies, diagnostics, drug therapy or any of the other specified inclusion criteria. The research focuses on social cognition in primates rather than health-related interventions or technologies."
1,"YES ""The very clear application of this study is in the targeting of CTSS to improve bronchial cell function and reduce the progression of COPD, although there is a potential role for this CTSS-mediated pathway in other disease processes including gastrointestinal and dermatological disorders."""
0,"**Answer:** YES **Context from the paper:** ""Treating cancer through the transfer of genetic material is one class of precision, advanced therapeutics, being developed. Indeed, miRNAs, whose deregulation has been associated with tumorigenic effects, now serve as disease diagnostic/prognostic biomarkers and are being explored for advanced gene therapy development."""
1,"YES The context from the paper that supports this decision is: ""The aim of WHO standard care for diabetes is to control blood sugar levels and by so doing, research suggests the risk of developing TB would also be reduced...The new short-duration treatment with one month of the TB drugs rifapentine and isoniazid (1HP) was shown to prevent TB disease in people infected with HIV."""
1,"YES **Context from the paper:** ""This will be a significant shift of understanding in this area of research and will inform the development of new treatments for many diseases. Activation of cytosolic RNA receptors may boost immune responses in viral infections. Moreover, this strategy may be used in synergy with cancer treatments such as check-point blockade, which activate the adaptive arm of the immune system."""
1,"YES The article describes research related to drug therapy (specifically the use of a prescription drug, clobazam, to influence GABA levels) and has implications for improving vision, which is a health-related topic.  Here is the exact context from the paper that contains the relevant information:  ""We aim to determine the importance of GABA in binocular vision using three studies. In Study 1, the goal is to test whether increasing GABA with a prescription drug, known as clobazam, improves binocular depth perception."""
1,"**YES** **Context from the paper:** ""Targeting NHEJ with drugs is a well-established strategy used in combination with chemo- and radiotherapy for the treatment of many cancers.""  Additionally, the text discusses the role of Non-homologous end joining (NHEJ) in DNA repair, which is critical to understanding cancer treatment strategies, aligning with the criteria regarding drug therapy related to health research."
1,"YES ""The deployment of effective vaccines has significantly reduced COVID19 associated hospitalisation, morbidity and mortality, yet high infection rates persist even in vaccinated/infected populations thus providing the opportunity for further viral evolution and the genesis of novel VOCs.""  This sentence indicates that the research is related to drug therapy (vaccines) and addresses a health-related concern, making it relevant to the inclusion criteria."
1,"YES Context: ""Despite these important advances, the mechanisms through which addiction disrupts the psychological and neural processes that underlie value-based decision-making (VBDM), are largely unknown. Therefore, there is a need for neuroscience-informed methods that can characterise the internal processes that determine choice for alcohol and other rewards (particularly activities that are incompatible with drinking alcohol), and demonstrate how those processes are implicated in the persistence of AUD, recovery, and treatment response."""
1,"YES The context from the paper that informed this decision is: ""We found a gene that is directly linked to a new treatment that is currently being tested in large clinical trials as an alternative to HRT... This will increase our understanding of what causes hot flushes and point us in the direction of new drugs that might be used to treat women who experience them."" This indicates research related to drug therapy and advanced medical therapies, specifically in the context of menopausal symptoms."
1,"YES Context from the paper: ""Overall our aim with this research is to understand exactly what neurons are altered by adolescent stress, and how these alterations result in changes to behaviour. In the future we hope to use this knowledge to develop more specific treatments for these disorders."""
1,"YES ""To develop a non-invasive method to measure the storage of DNL-generated fats, and to use this to safely examine the relevance of this fat storage in human insulin resistance."""
1,"YES Context from the paper: ""This proposal will create a proton-FLASH in vivo research capability for the first time in the UK. There is an urgent need for highly repeatable research on proton-FLASH to bridge the gap between discovery science and clinical trials. This proposal will address this need, enabling research in FLASH and across a range of important themes in proton therapy."""
1,"YES ""The project will develop on this work. We will explore in more detail the brain circuits responsible for triggering torpor in the mouse. [...] Finally, we will test whether the synthetic torpor state in the rat is protective in a model of acute lung injury. [...] Hence, synthetic torpor might allow the rat to better tolerate impaired lung function, as less oxygen is required by the body."""
1,"YES Context: ""The study will draw on a range of methods and data sources. Implementation, uptake and cost of the program will be assessed through administrative data from the program itself, and qualitative interviews with members of the school communities. To assess the causal impact of the program on health and education outcomes, we will select 60 learners in each school, and conduct surveys before and 12 and 24 months after the start of the SHP, with objective health outcomes measured at endline."""
1,"YES Context: ""The purpose of this proposal is to determine whether IFNg is safe, and whether it can reduce antibiotic use and infections, in patients admitted to the ICU who are at greatest risk of developing new infections."""
0,"NO ""Overall, this project aims to identify new diagnostic genes for anophthalmic and microphthalmic patients, to enable appropriate genetic counselling, enhance our understanding of eye development, and set the grounds to generate new therapies."""
1,"YES ""… we aim to develop and test ways for dental teams to play their part in tackling AMR in SSA."""
1,"YES The article is relevant because it focuses on the investigation of pancreas function and structure in relation to severe acute malnutrition, particularly concerning its impact on diabetes. This relates to both advanced medical therapies (i.e., the potential for future interventions based on the findings) and health research concerning gut health and nutrition. Context from the paper: ""We wish to focus on the pancreas which is a key organ in digestion and metabolic processes, especially in relation to diabetes... We will investigate pancreas size, microscopic structure, hormone and digestive enzyme production, and the body's response to these hormones among groups of people in Tanzania, Zambia, India and the Philippines.""  This clearly ties the research to both ""medical therapies"" and ""nutrition."""
0,"**Answer: YES** **Context:** ""This project will develop novel statistical methods to maximise the probability to identify efficacious interventions when using a response-adaptive design that offers patients in the trial a higher chance of receiving the superior intervention."""
1,"YES Context for the decision: ""The use of an advanced targeted phage delivery system via animal feed will impact on reduced spread of MDR bacteria and relevant plasmids in broilers as well as their transmission to humans or to the environment."""
1,"YES Context for decision: ""The outcome of this research will provide a knowledge base for R&D programs which aim to develop new therapeutic concepts in inflammation and immunity."""
1,"YES The record describes research related to health behaviors in adolescents and the development of a health app that aims to collect data on physical health, diet, and other health-related behaviors. It discusses the importance of understanding health behaviors and how technology can aid in research, particularly in adolescent health. The exact context from the paper that contains the information on which I made the decision is: ""Research is needed to help us understand what behaviours change our health for better or worse, and what influences those behaviours.""  ""We want to know if people would be motivated to use the app to report when something makes their health better or worse, or changes their behaviour.""  ""The app will then be used in research studies to help us learn how to help improve health."""
1,"YES ""The study proposes to develop and test the efficacy of an app version (STOP) of a novel intervention for paranoia (CBM-pa). CBM-pa is a self-administered psychological procedure that has been developed by combining basic research on biases in paranoia with established CBM techniques."""
1,"**YES** The record discusses diagnostic tests and their accuracy, which are related to health research. It mentions developing a general statistical modeling framework to synthesize networks of evidence on test accuracy, which is relevant to the diagnostics inclusion criteria. **Context:** ""A diagnostic test is any kind of medical test or assessment used to determine whether an individual does or does not have a disease or clinical condition.""  ""Estimates of sensitivity and specificity, informed by systematic reviews and meta-analyses, are crucial for decision-making about which test and/or combination of tests to use for any given disease.""  ""Improved evidence on testing strategies will lead to improvements in diagnostic pathways, including more cost-effective use of resources."""
1,"YES Context from the paper: ""Epidemic models for pathogens transmitted from human to human are, naturally, concerned with the interaction between individuals that leads to transmission...If we could capture these processes, we could better understand the dynamics of epidemics and better target public health interventions."""
1,"YES The relevant text that informed this decision is: ""To make this applicable for clinical translation, we packaged this siRNA into nanoparticles that could be delivered via a hydrogel to the site of injury. This nanoparticle laden hydrogel is our product, SITREX, and the subject of this current proposal. In this grant, our objective is to validate the effectiveness of SITREX in preventing heterotopic ossification in a 3D organotypic model in vitro, and a trauma responsive heterotopic ossification model in vivo.""  This excerpt indicates that the research involves developing and validating a therapeutic for a health-related issue (heterotopic ossification), which aligns with the inclusion criteria related to advanced medical therapies and drug therapy."
1,"YES The context from the paper that informed this decision is:  ""The objective of this study is to create a new sleep management intervention to prevent sleep problems developing. The intervention will be created with the help of people working shifts and their employers and will be delivered through the workplace to new starters or current staff.""  This indicates a focus on mental health and sleep management, which aligns with the inclusion criteria related to health research."
1,"**YES** The article is relevant as it pertains to maternal and neonatal health outcomes, which fall under the health research criteria in the INCLUSION criteria identified. **Context from the paper:** ""The ultimate aim of this research is to contribute significantly to the implementation of quality midwifery services in India, thereby helping to reduce maternal and neonatal mortality and morbidity."""
1,"YES The article discusses a proposed study exploring potential new therapies for cancer, specifically targeting mitochondrial DNA mutations in tumor cells which can guide therapy development. Additionally, it mentions work on improving treatment for cystic fibrosis through the development of a biosensor system for monitoring the flow of ions affected by CFTR-targeted drugs. Both topics clearly relate to research on advanced medical therapies and drug therapy. Context from the paper: ""One proposed study will explore potential new therapies for cancer... Using high-content screening techniques, tumour and healthy cells will be treated with mitoTALENs under a variety of different conditions.""  ""Another lab will work on improving treatment for people with cystic fibrosis (CF)... CFTR-targeted drugs can help CF patients..."""
1,"YES The decision is based on the following context from the paper: ""Ultimately, we expect that our research will validate iEVs (naïve or engineered) for the treatment of neonatal encephalopathy and pave the way for clinical trials. Acellular therapy will change the way babies affected by NE are managed, ultimately leading to better paediatric health care and lower health costs.""  This indicates that the research is focused on advanced medical therapies (specifically acellular therapy for neonatal encephalopathy), which fits the inclusion criteria."
0,"**Answer: YES** **Context from the paper:** ""By adding functional MRI scans, and a novel test of being inclined to self-blame to standard measures, we achieved 83% accuracy, exceeding the recommended target for useful so-called 'prognostic markers'... To answer these questions, we propose to enrol 150 patients recovered from depression who have stopped their antidepressant medication in accordance with guidelines... This will deliver much needed evidence for reproducible psychological and brain-based risk factors to 1) inform novel psychological and brain training, as well as brain stimulation treatment approaches and 2) develop a so-called 'prognostic marker' to predict recurrence risk for affected individuals."""
1,"YES Context from the paper: ""Simulation models are computational tools that use detailed logic, data, and computer code to provide a quantitative way for researchers to make predictions about drug effectiveness, and health services operational flow. These models are used extensively in health and medical research to assess the effects of changes to patient care and to manage and understand pandemics like Covid-19."""
1,"YES Context for the decision: ""Recent data from small studies in people with IBD and larger studies of people with cancer, show that certain bacteria in stool (faeces) may predict who will respond or fail to respond to treatments.""  ""This study will provide timely and highly important information regarding the associations between the gut microbiome and responsiveness to treatment in IBD.""  ""This study could lead to a direct change in clinical management (i.e. within the 4 years of this grant), but more likely will lead to stratified randomised control trial potentially including a refined biomarker panel, or the development of experimental techniques to modify gut microbes...""  Overall, the text describes research focused on gut health, microbiome, and its implications for drug therapies and treatment responses in inflammatory bowel disease, all of which meet the inclusion criteria."
1,"YES The article is relevant as it discusses research related to public health education, specifically focusing on a participatory action research approach that addresses community health perceptions, nutrition, and local knowledge systems. Exact context from the paper: ""Through informal conversations about food beliefs and practices, we will work with community groups to develop their ideas for a public health intervention in this area."""
1,"YES ""The knowledge gained from this project will open up the possibility of targeting S. aureus-corneocyte interactions as a strategy to specifically interfere with S. aureus adhesion and prevent or eliminate colonisation in AD patients."""
1,"YES The article is relevant because it describes research related to drug therapy for influenza viruses, specifically the development of a modified Fc molecule aimed at providing new therapeutic options against influenza.  The context from the paper supporting this decision is: ""Since the lockdowns enforced during the Covid-19 pandemic, the epidemiology of influenza A virus has become even more unpredictable, as population level pre-existing immunity to influenza is lower than typical due to its interrupted circulation over two respiratory seasons. For these reasons, therapeutics are of critical importance as additional mitigations against influenza. Therapeutics are important additional mitigations against influenza."""
1,"YES Context: ""Our research will look to turn the tables in our favour and address these important clinical challenges by studying the way in which fibrosis begins in the liver's blood vessels... Therefore, we will investigate 1) why some blood vessels undergo EndMT but others do not 2) Whether these cells can be used to predict liver fibrosis occurring before liver symptoms occur (when it might be too late to treat) 3) Can we use this knowledge to produce new drugs that stop or reverse liver fibrosis?"""
1,"YES Context: ""Using 10,000 stroke cases seen at University Hospitals Plymouth NHS Trust (UHPNT) ... we hope to build a database of laboratory results, Magnetic resonance imaging (MRI) and computer tomography (CT) brain scans, ambulatory ECGs (ECGs which are worn for 24hr+) and echocardiograms, collected in those who later developed and did not develop a stroke. We shall use this data to train an artificial intelligence computer programme (model) which can predict who will later develop strokes based on patterns within the data collected."""
1,"YES Context: ""Machine Learning, also known as Artificial Intelligence, is a powerful new computational method, that has recently shown itself to be extremely useful in Biological research."""
0,"NO Context for decision: ""Children who receive quality ECCE are proven to be healthier, do better and stay longer in school, and thereby have better economic trajectories in adult life."""
1,"YES The context from the paper that supports this decision is:  ""Specific aims of the project are: 1) Understand agnoprotein viroporin structure and function:... 2) Develop potent agnoprotein inhibitors... 3) Validate viroporin function, and novel inhibitors in primary cell culture models... Ultimately, this will benefit patients by reducing the problems caused by BK virus, which will make kidney transplants affected by BK virus last longer.""  This text discusses efforts to understand the molecular mechanisms underlying BK virus's impact on kidney transplants and the development of new treatments, aligning with the inclusion criteria related to advanced medical therapies and drug therapy."
1,"YES Context: ""The purpose of this research is to develop another genetic treatment, but this time for a more common cause of blindness. Genetic diseases which are described as 'dominantly inherited' pass from one generation to the next and are usually caused by a defect on one gene that makes a toxic protein."""
1,"YES Context from the paper: ""The knowledge to be gained from this proposed research will help translate FLASH radiotherapy (RT) into clinical practice... the programme aims are: (1) to identify the biological mechanisms responsible for the selective sparing of normal tissue and not tumour tissues by FLASH radiation, the so-called FLASH effect... (2) is to identify optimal physical FLASH beam characteristics to maximise the FLASH effect... (3) will be focused on how to translate FLASH into clinical studies, using electron beams for superficial targets, and using proton beams for deep-seated targets."""
0,"NO The record does not meet the inclusion criteria related to advanced medical therapies, diagnostics, drug therapy, medical devices, artificial intelligence usage, or gut health, microbiome, or nutrition. The research described is focused specifically on a smoking prevention intervention for adolescents, which is not aligned with the specified areas of relevance for this analysis. Context supporting the decision: ""Because most smoking begins in youth, it is crucial to prevent uptake in adolescence... ASSIST is effective... peer supporters… informal conversations about the risks of smoking and benefits of not smoking."""
1,"YES Context from the paper: ""The aim of this research proposal is to determine exactly how these contact sites are formed, if they transport other lipids as well as cholesterol and if they can be targeted for therapeutic benefit in neurodegenerative disease... our preliminary data suggests that some of these lipids might also be transported across contact sites, to the ER where they are degraded... This is exciting as it could have therapeutic implications for NPC."""
1,"**YES** Context from the paper: ""Recognising the potential of this genome sequencing approach, the UK launched a national programme (100KGP) to identify pathogenic variants in 100,000 patients, with the aim of improving diagnoses for these patients that might also inform their personalised treatment."""
1,"YES **Context from the paper:** ""Our approach is to combine ASCT with genome editing of haemopoietic stem cells (HSCs) to precisely change the genotype of bone marrow-derived immune cells to sequences that are highly protective against developing IMDs. This would represent a novel treatment modality that would potentially be applicable to a broad range of IMDs."""
1,"YES The article is relevant as it describes research related to advanced medical therapies, diagnostics, and cancer treatment, specifically focusing on the role of immune responses in breast cancer patients. The relevance is supported by the following excerpt: ""In summary, our work will not only contribute to understanding for the first time the role of germinal centers in lymph nodes and their related immune response in the tumour microenvironment, but also may have a major impact in predicting who might benefit from current standard-of-care therapies, and in future from the immune therapies that are currently emerging in the clinic."""
0,"NO The article primarily discusses the cochlea, its structure, function, and the interaction between cellular components related to hearing loss and potential treatments for it. While it involves some medical aspects related to hearing restoration, it does not fall under the strict criteria for inclusion, as it does not specifically relate to advanced medical therapies, diagnostics, drug therapy, medical devices, artificial intelligence, gut health, microbiome, or nutrition. Context from the paper: ""Our prime objective is to study this complex interaction between elements of the cochlear sensory epithelium underlying the unique features of mammalian audition... to achieve our goals we record mechanical, acoustic, electrical and neural cochlear responses..."""
1,"YES Context: ""E. coli can also, however, cause serious infection and be complicated by resistance to antibiotics. The first step in causing infection is for the bacteria to colonise the gut of individuals.""  This indicates the relevance of the research to gut health, microbiome, and potentially drug therapy related to antibiotic-resistant infections."
1,"YES Context from the paper that contains the relevant information: ""Professor Walker (project partner) and colleagues secured a MRC Developmental Pathway Funding Scheme for a Phase I/IIa pilot clinical trial for the first in-human trial of potassium gene therapy in the treatment of medication refractory epilepsy."""
1,"YES Context from the paper: ""We recently demonstrated that we could overcome this barrier by performing studies directly on human organs... In our most recent work we used these organs to trial experimental treatments, such as injecting cells to repair damaged organs (cell-based therapy) or testing new COVID-19 drugs. Importantly, our results provide proof-of-principle for the feasibility of this approach."""
1,"YES Context for the decision: ""Once complete, our study will show how RBPMS and alternative splicing are important molecular mechanisms responsible for normal working of vascular smooth muscle cells. It will give us in-depth insight into phenotype switching process and how RBPMS behaves in this context. Once we know how normal vessels and injured or diseased vessels work, we might be able to control this process. By understanding how alternative splicing is controlled, it has already been possible to develop life-saving treatments for Spinal Muscular Atrophy. We hope that our research might also reveal effective new ways to treat diseases of the cardiovascular system and save many lives."""
1,"YES Context from the paper: ""We will develop a 'Healthy Ageing Check-up', run by nurses and therapy technicians in local rural communities, where older people can be assessed and offered practical management to maintain health as they age. The check-up will assess for example, walking, balance, nutrition, memory, mood, eyesight, and hearing."""
1,"YES ""The study will determine to what extent this is true and would potentially open a new therapeutic avenue to treat iron imbalances by delivering treatments at specific times of the day."""
0,"NO Context for the decision: ""This project proposes to add constraints to the estimation of environment-health associations, encoding prior assumptions on the shape of the association, and reducing uncertainty of estimates."""
0,"**Answer: YES** **Context for Decision:** ""Our objective is to understand how epithelial cells coordinate the remodelling of their shape to generate a physiological structure in organogenesis. This is important because many diseases stem from epithelia, and abnormal epithelial tissue organisation is a hallmark of cancer.""  ""To uncover how changes in cell shape can be coordinated across a tissue to generate a healthy, functioning epithelial structure...we hope, will contribute to better understanding the causes of diseases linked to abnormal epithelial tissue organisation and mutation in Laminins, which have been implicated in a range of pathologies in humans."""
1,"YES Context from the paper: ""However, research is needed to explore in depth the specific barriers and facilitators for perinatal ethnic minority women and young children, to develop an intervention that will encourage vaccine uptake."""
1,"YES Context: ""However, it has no treatment due to limited understanding of the underlying mechanisms of the disease. [...] This project will combine our groups' expertise to measure all aspects of this mechanism in UK Biobank. [...] Second, we will work with our collaborators to refine genetic measures of tissue vulnerability, including both single genes associated with vulnerability of the brain to injury and combined scores reflecting many genes to produce an overall estimate of an individual's vulnerability to injury, independently of genes affecting blood pressure. [...] We will use advanced statistics to test our proposed mechanism in a single mathematical model of this pathway. [...] Finally, we will use this model to identify new factors that affect this mechanism, particularly whether medications commonly used for other illnesses may improve the pathway, thus identifying potential new treatments to be tested in future studies."""
1,"YES **Context for Decision:** ""This ambitious proposal builds upon two decades of experience treating people with schizophrenia and on three ethically approved research projects to be completed by 2022, 2023 and 2024, respectively. Funds are requested to ringfence time to analyse results and apply to a clinical trial formulated on the results. The study group is patients with chronic schizophrenia (>5 years since illness onset). They are disproportionally affected by motivation and emotional dysfunction compared to those with the first episode of psychosis. They are the core group seen at the Cambridge Psychosis Centre, an NHS unit that I lead."""
1,"YES Context: ""This project will test whether wearable activity trackers, similar to those often used for sports and exercise, can measure activity levels in older adults undergoing cancer treatment, and whether the information from the trackers can help patients and their doctors make better choices about which therapies are most suitable for them."""
1,"YES Context: ""We have recently discovered novel tsRNA mediated gene silencing pathway that suppresses expression of many disease driving genes."""
1,"YES Context: ""In this project we will use our AI-driven modelling to study how neuromodulator malfunction exacerbates the decline in cognitive function that results from neuronal death. Consequently, our model will generate specific cognitive training treatments that are optimal for reducing cognitive decline during dementia and MCI."""
0,"NO Context from the paper: ""Around 6000 children per year are born deaf or become so in the first weeks of life in South Africa (SA). For the vast majority, the absence of newborn hearing screening and access to hearing technologies in the first few years of life, results in severe impairment to deaf children's linguistic, cognitive and social development."""
1,"YES Context: ""This novel diagnostic tool will be developed, optimised, and tested in this 18-month research programme."" ""This project aims to develop an initial prototype of this pill sensor in fusion with artificial intelligence to aid the detection of hard-to-visualise bowel lesions."""
1,"YES The context from the paper that informed this decision is: ""This proposal will investigate both peripheral blood and salivary gland (SG) transcriptomic signatures associated with SS in a combined cohort of SS patients (GSK patients, n=65 matched samples at baseline and W24 and UCL patient samples n=46, total n=111). These transcriptomic signatures could provide new insight into SS disease pathogenesis in different tissue compartments and generate preliminary data for further investigation of potential predictive biomarkers for patient stratification for selection of B cell therapies.""  This text indicates that the research is focused on advanced medical therapies, specifically B-cell targeted therapies in a clinical study, making it relevant to health research."
1,"YES The relevant portion of the text that supports this decision is: ""Histiocytic disorders are rare diseases in which immune cells called macrophages (aka 'histiocytes') cause collateral damage to the body...In HLH, (short for Haemophagocytic Lympho Histiocytosis) macrophages are triggered to go into overdrive, causing bone marrow failure and widespread organ dysfunction... In patients with HLH we will use new technology to detect viral infection and lymphoma which are two of the main triggers."""
1,"YES Context: ""Our aim is to understand why pMSCs become myofibroblasts in wet AMD and how we might prevent or reverse this process. We will use advanced genomic techniques to uncover the gene expression profile of individual pMSCs within the diseased tissue at different stages of retinal fibrosis... We will then target these pathways with pharmacological approaches to prevent or reverse the differentiation of pMSCs into myofibroblasts using in vitro and in vivo models of retinal fibrosis. Our results will inform further research and enhance our understanding of retinal repair and fibrosis in wet AMD and other sight-threatening diseases caused by abnormal tissue repair."""
1,"YES Context for decision: ""Overall, this project will enhance our understanding of the interactions between viruses and the cells they infection that ultimately may lead to the development of safer attenuated vaccines and / or the development of drugs to treat virus infections."""
1,"YES ""The insights we will gain will represent an important step towards improving understanding of the biological causes of schizophrenia, with the aim of enhancing the early diagnosis and treatment of the condition."""
1,"**YES** **Context from the paper:** ""Approximately 30-40% of patients with immune-mediated inflammatory diseases (IMIDs), such as Psoriatic disease, experience depression... biologic therapies targeting specific peripheral inflammation components (cytokines) improve depressive symptoms."" This indicates that the research is related to advanced therapies (biologic therapies) and the study of depression in the context of immune-mediated diseases, thereby fitting the inclusion criteria related to advanced medical therapies."
1,"YES **Context from the paper:** ""Human diseases can be 'modelled' in flies - for example by making the same mutations in the equivalent fly genes or by exposing flies to damaging environments. In this way we 'give' Drosophila human diseases - from Alzheimer's disease to kidney stones. Then we can use these flies to discover what causes the disease symptoms and help develop treatments."""
1,"YES The text describes research related to diagnostics, specifically the development of a point-of-care biomarker test for the early diagnosis of stroke. The context supporting this decision includes: ""Thus, it is important to develop and validate a rapid diagnostic tool for detection of blood biomarkers for stroke in the ambulance and Emergency Department, where a significant clinical problem lies i.e., the need to make a fast accurate diagnosis of stroke."""
0,"NO The article does not relate to advanced medical therapies, diagnostics, drug therapy, medical devices, artificial intelligence, gut health, microbiome, or nutrition. Instead, it focuses on designing a prevention intervention for snakebite, which is not included in the specified INCLUSION criteria. Context for the decision: ""Snakebite is extremely common in the rural areas of many tropical low-income countries. Many patients are bitten during cultivation of land, whilst herding livestock or when working in plantations."""
1,"YES The research focuses on ""a comprehensive workplace intervention package, which will address major behaviour risks of cancer for the employees, such as tobacco and alcohol use, unhealthy diet, obesity and lack of physical activity."" This directly relates to health research, particularly in the context of cancer prevention and addressing modifiable risk factors associated with health conditions. Context from the paper: ""A comprehensive workplace intervention package, which will address major behaviour risks of cancer for the employees, such as tobacco and alcohol use, unhealthy diet, obesity and lack of physical activity, will be developed, implemented and evaluated through a series of multilevel involvement strategies covering individual programmes, organizational policies and supportive environment and with the support of a tailored smartphone application."""
1,"YES Context: ""A major factor contributing to death in patients with heart disease is dangerous heart rhythms (arrhythmias) leading to sudden cardiac death. Whilst many patients are prescribed drugs to control their heart rhythm, the so-called antiarrhythmic drugs, there are some significant problems with these drugs that ultimately means many patients do not benefit from their use and remain at risk of sudden cardiac death."""
1,"YES Context: ""If we can find out how CIDEB functions normally and how this changes in NAFLD, it might be possible to design medicines that target CIDEB. These medicines could be used to prevent patients from developing NAFLD or liver cancer in the future."""
1,"YES The context from the paper on which the decision is made:  ""Our project is a validation study of a vital signs ratio called shock index (SI)- a simple calculation using heart rate divided by blood pressure. [...] We hope to demonstrate it is an effective tool for early recognition of bleeding patients at risk of poor outcome (major surgery, major blood loss or death) with the aim to reduce maternal mortality and morbidity in LMIC.""  This text indicates that the research is focused on a medical diagnostic tool related to maternal health and aims to improve outcomes for patients, which aligns with the inclusion criteria for health research related to diagnostics and medical devices."
0,"NO The record does not describe research directly related to advanced medical therapies, diagnostics, drug therapy, medical devices, artificial intelligence, gut health, microbiome, or nutrition. Instead, it focuses on the impacts of urban green and blue spaces on population health without delving into health research relevant to the specified inclusion criteria. Context from the paper: ""There is strong evidence that natural environments within urban areas, such as parks, woodlands, lakes and beaches, have positive impacts on health."""
1,"YES The decision is based on the following context from the paper: ""The outcomes of this project will shed light on the importance of sleep-related activity in the pons for not just sleep regulation, but also cognitive functions, such as memory. Ultimately, these outcomes will provide an opportunity to identify novel markers of brain disorders and develop a novel treatment for them."""
0,"NO The record does not relate to advanced medical therapies, diagnostics, drug therapy, medical devices, artificial intelligence usage, gut health, microbiome, or nutrition. Instead, it focuses on insecticide resistance in malaria control and proposes methodologies for studying resistance mechanisms in mosquitoes. Exact context from the paper: ""Preemptive discovery of insecticide cross-resistance mechanisms for next generation malaria control products... Resistance management strategies typically combine or rotate different insecticides to prevent the evolution of resistance to each occurring."""
1,"YES Context: ""We can also use this information to decide on optimal treatments. Certain treatments may be required to slow down the development of disease in a particular area and the selection of interventions may need to change at different stages of life and disease."""
1,"YES The relevant context from the paper is:  ""To this end, we will use a single-dose of a non-harmful drug to mimic natural changes in our brain chemistry under stress.""  Additionally, the paper discusses using ""non-invasive functional Magnetic Resonance Imaging"" and aims to ""reveal mechanistic insight into how the human brain regulates a finely tuned trade-off between plasticity and stability"" which relates to the diagnostics and drug therapy inclusion criteria."
0,"**Decision: YES** **Context:** ""This research will reveal the novel roles of nerve TRPM2 in the transmission and regulation of acute and chronic pain, and define the molecular details critical to chronic pain. These findings will in no doubt advance our understanding of chronic pain. Furthermore, this research will demonstrate therapeutic benefits of chemical inhibitors for TRPM2 in the alleviation of chronic pain.""  This context indicates a focus on pain mechanisms and potential drug development, relevant to advanced drug therapies and health research."
1,"YES ""The critical decisions are based on scarce functional data available at the time of donation and subjective appearance as judged by the retrieving surgeons. Normothermic perfusion technology is now increasingly used in clinical practice and appears to improve the utilisation of organs for transplantation and provide better clinical outcomes."""
1,"YES Context: ""Our ultimate aim is to exploit this knowledge of steroid biosynthesis and signalling pathway to innovate therapeutic strategy for metastatic cancer.""  This record discusses the research on immune cell-mediated steroid biosynthesis during cancer metastasis, which relates to drug therapy and therapeutic strategies for cancer. It meets the inclusion criteria due to its focus on therapeutic innovations in the context of health research."
1,"YES Context from the paper: ""Our project will investigate differences in proteins between more aggressive and less aggressive glioblastoma cells to find new ways for treating glioblastoma by stopping more aggressive cells from growing... This may help find new ways of treating glioblastoma."""
1,"YES ""The urgent need to address this challenge is now accentuated because of the COVID-19 pandemic. We know that COVID-19 affects vulnerable patient groups, including AD and PD patients, and we also have strong indications that, irrespective of a previous underlying condition, COVID-19 tends to affect the central nervous system, likely with long-term effects, whose exact nature and severity are currently unknown.""  ""This multidisciplinary expert working group, which includes members representing major AD and PD patient organizations, will provide best-practice guidelines and recommendations for a methodological framework aimed at understanding the short- and long-term consequences of COVID-19 infection on the brain that relate to the susceptibility for the development and the progression of AD and PD.""  ""Specifically, the group's recommendations will aim to facilitate a multilevel, collaborative response between different European countries towards two main objectives: (i) Provide recommendations for best-practice guidelines for the follow-up of patients infected with COVID-19 with special focus on risk of development and progression of AD and PD as well as facilitate the sharing and curation of relevant data among different countries. (ii) Outline a framework for selection, application and/or development of appropriate diagnostic methodology to help establish the relationship between COVID-19 infection and AD and PD disease onset and progression."""
1,"**YES** Context from the paper: ""Evaluate through a cluster randomised trial if implementation of the APT-sepsis programme reduces infection related maternal mortality and severe morbidity, evaluate implementation of the programme, and determine cost effectiveness.""  The article discusses a research project aimed at improving maternal healthcare through an intervention designed to prevent and treat maternal sepsis, which directly relates to health research and drug therapy interventions in medical contexts."
1,"YES Context: ""The advanced performance of the Airyscan 2 CLSM will overcome current limitations in understanding fundamental mechanisms that underpin disease."""
1,"YES The article is relevant as it describes research on LEAP2, a gut hormone that may play a significant role in obesity, diabetes, and addiction treatment. Here is the context that supports this decision: ""This information will enable us to see if targeting LEAP2 will be a worthwhile approach to develop new medicines for the treatment of obesity, diabetes, and addiction to alcohol, and also in the reverse situation, for people with illnesses that cause them to lose appetite and their weight.""  Additionally, the technical summary clearly indicates that the research aims to explore the effects of LEAP2 on appetite, glucose levels, and emotional responses, which directly pertains to diagnostics and advanced medical therapies."
1,"YES The decision is based on the following context from the paper: ""Huntington's disease (HD) is a brain disorder in which brain cells (neurons) are lost. This loss of neurons causes problems with movement, memory, thinking, and behaviour. These symptoms gradually worsen over time, leading to death 15-20 years after the first symptoms are seen. No treatment is available that can slow or stop this from happening.""  This excerpt indicates a focus on Huntington's disease, which relates to health research and disease understanding, thus fulfilling the inclusion criteria related to advanced medical therapies or drug therapy."
1,"YES Context from the paper: ""In this research, we aim to fill in the critical gaps in our understanding of both antibiotic and antiviral drugs, including those showing some efficacy against both bacteria and Covid-19."""
1,"**YES** The article is relevant because it discusses advanced medical therapies and research related to cancer treatment, specifically focusing on the role of homologous recombination (HR) and proteins like RAD51, BRCA2, and PALB2 in cancer development and diagnosis. **Context from the paper:** ""My research group has a long-standing interest in a process called homologous recombination (HR). HR allows cells to fix breaks in their DNA, using similar sequences as a template... Understanding this mechanism will help us predict the likelihood of cancer development. Our research may also lead us to identify new ways to diagnose cancer and develop new therapeutics that can be used in combination with existing treatments to provide better outcomes for patients."""
1,"**YES** **Context from the paper:** ""Research that will be carried out using this equipment includes the study of globally significant diseases where Newcastle University scientists are world-leaders these include: multiple cancer types (Newcastle Centre for Cancer), mitochondrial disorders (Wellcome Centre for Mitochondrial Research), respiratory, neurodegenerative and liver diseases. Using the Incucyte SX5, we not only carry out established and optimised experiments (using the previous-generation Incucyte Zoom technology) but will expand on them to incorporate complex kinetic measurements. For example, individual cellular analysis can now be performed which improves the accuracy of proliferative and migratory data. We can combine this with both drug and CRISPR screening to identify new therapeutic targets for disease.""  This section explicitly mentions the study of cancer, mitochondrial disorders, and drug screening, which aligns with the inclusion criteria related to medical therapies and diagnostics."
1,"YES ""The study using rigorous methods, will allow us to document the real-world impact of drones beyond the estimations that people have used to justify medical drones so far."""
1,"YES  The article is relevant as it describes research related to ""antiviral development"" and ""vaccines,"" which fall under the category of drug therapy and advanced medical therapies.  Here is the context from the paper that supports this decision:  ""the RNA polymerase of influenza viruses is considered a prime viral target for the development of novel antiviral drugs; [...] to translate findings from our current and proposed research into antiviral therapies, we already have established links with industrial partners."""
0,"NO The text primarily discusses antibiotic use and dosage optimization in veterinary medicine, which does not align with the inclusion criteria focused on advanced medical therapies, diagnostics, drug therapy, and artificial intelligence in health research related to humans.  Relevant context: ""This project will lead to better future usage of these drugs in veterinary medicine. The use of accurate treatments will also result in lower reliance on other antibiotics which may be vital for use in human medicine."""
1,"**YES** The record describes research related to advanced medical therapies and drug therapy, specifically targeting mitochondrial diseases and investigating treatments, including the use of the metabolite spermidine to prevent nervous system damage.  **Context from the paper:** ""We will also test whether blocking key metabolic genes, or treatment with a metabolite called spermidine, can prevent damage to the nervous system... Overall, this project will lead to a new understanding of the cause of mitochondrial disease and novel strategies to treat the disease in patients."""
0,"NO The article does not relate to any health research, medical therapies, diagnostics, or health-related topics as per the inclusion criteria. The focus is primarily on social network simulation and analysis, which does not connect to the specified areas of health research. Context for the decision: ""This project will develop methods to build synthetic social networks that reproduce structural properties that we know are important in real social networks, like mutual friends."""
0,"NO ""Understanding how these molecules work can help us target diseases. We can also use the machine to develop tests to detect diseases more quickly."""
0,"NO The context from the paper that informed this decision is as follows: ""The prescription of a medicine to diagnose, treat, cure, and prevent disease is the most common intervention in healthcare - but this activity negatively impacts the environment, and pharmaceutical pollution is now a well-recognised global public health and environmental issue.""  While the document discusses healthcare practices and their environmental impact, it does not focus on advanced medical therapies, diagnostics, drug therapy, medical devices, artificial intelligence, gut health, microbiome, or nutrition. Thus, it is not relevant to the criteria specified."
1,"**YES** Context from the paper: ""In summary, the Octet R8 will not only serve the current level of need for measuring binding kinetics but expand our capabilities in BLI to small molecules, drugs and more challenging biomolecular interactions."""
0,"NO Context: ""Researchers constantly look for ways to improve patient's health. Before new treatments are introduced, they need to be tested."""
0,"NO ""The brain's building blocks are specialized cells called neurons arranged in discrete circuits."""
1,"YES Context: ""This enables us to read the human genome more accurately, as current equipment is unable to study large parts of the genome. The same equipment will also allow us to perform more detailed studies of the transcriptome, the RNA in our cells which is critical to understand the molecular basis of disease, and to study bacterial genomes and the mitochondrion."""
1,"YES Context from the paper: ""This means that addressing inequalities in society starts with improving maternal and neonatal health."" and ""the MIREDA partnership aims to improve maternal and infant health, particularly among disadvantaged groups, by developing new resources and tools for research that uses routinely collected data."""
1,"YES Context: ""Tobacco harm reduction (THR) refers to a number of approaches designed to reduce the harms of smoking by providing nicotine in a safer (non-smoked) way e.g. through e-cigarettes or nicotine replacement therapy (NRT)."""
0,"NO ""Although muscle grows hugely after birth, there is a strong correlation between muscle mass at birth and in later life."""
1,"YES Context for decision: ""THE RESEARCH This research will address the current lack of information on the risk of severe mental illness related to perimenopause."""
1,"YES Context: ""air pollution is a major public health concern, being increasingly associated with risk of morbidity and mortality of human populations."""
1,"YES The article describes research related to neurodegenerative diseases, specifically amyotrophic lateral sclerosis (ALS) and frontotemporal dementia (FTD), which involves advanced medical therapies, diagnostics, and understanding brain pathologies. The following excerpt provides the basis for this decision: ""The tools and knowledge from our program will inform on the use of brain imaging methods in the clinic and trials of therapies aimed at preventing the progression of ALS-FTD and other dementias."""
1,"YES ""The first tests whether SV2A levels are altered at illness onset in schizophrenia relative to controls and if they reduce further during the course of schizophrenia using brain scans. It will also test if complement levels at presentation predict increasing cognitive impairment & other symptoms over time & if this is linked to altered SV2a levels."""
1,"YES Context: ""Our recent work found that proteins targeted by viral proteases represent promising targets for host-targeting antivirals. By identifying and characterizing common targets for viral proteases conserved within and between virus families, we open new avenues to generating broad-acting antivirals to meet the needs of current and future pandemics."""
1,"**YES** The article is relevant as it discusses a public health issue related to “self-reported 'abnormal vaginal discharge' (AVD)” which may signify sexually transmitted infections and also addresses psychosocial factors and mental health implications associated with AVD in women in South Asia. This aligns with the inclusion criteria concerning health research related to diagnostics, drug therapy, and mental health. **Context from the paper:** ""AVD is a public health concern as it may signal a sexually transmitted infection like gonorrhoea, chlamydia or trichomoniasis, or an endogenous reproductive tract infection like bacterial vaginosis or candida.""  ""Studies in India and Pakistan have found strong associations between AVD and mental health problems (mostly mild and moderate ones) that could be linked with stress, social conflicts, gender disadvantage, poverty and marital discord that women experience.""  ""Our aim is to develop an intervention that integrates these three elements (together with molecular testing for chlamydia and gonorrhoea for those assessed to be at sexual risk) in a novel risk assessment tool or protocol."""
0,"NO  This study does not relate to advanced medical therapies, diagnostics, drug therapy, medical devices, artificial intelligence, gut health, microbiome, or nutrition within health research. Instead, it focuses on improving road safety for adolescents in Malawi.  The exact context from the paper that informs this decision is:  ""Current approaches to prevent road traffic collisions (RTC) among adolescents are not working. We have developed and feasibility tested a novel peer-led prevention intervention (Chitetezo) to improve adolescent road safety, through changing behaviours and reducing RTC around schools in Malawi."" "
1,"YES Context: ""The aim of the Centre will be to continue to support the broader activities that bring together the underpinning science undertaken by Centre scientists in order to ensure that our outputs can be translated to support public health decisions. To do this we will bring together our research under four thematic areas - i) preparedness and response to emerging threats; ii) global health; iii) vaccines and therapeutics (drugs or new monoclonal antibody treatments) and iv) the intersection between genomic and epidemiological data."""
1,"YES The article is relevant as it discusses research related to drug therapy (COVID-19 vaccines), diagnostics (antibody response), and advanced medical therapies in the context of viral variants. The following excerpt from the record supports this decision: ""SARS-CoV-2 Spike is the target for neutralizing antibodies elicited during infection and is the antigen encoded by COVID-19 vaccines. One of the greatest challenges in the current pandemic has been the emergence of SARS-CoV-2 viral variants which encode mutations in the Spike protein.""  Additionally, it mentions the study of ""neutralizing antibody response"" and ""Spike antigen selection for second generation COVID-19 vaccine development,"" linking it directly to health research."
1,"YES Context: ""Hence, it is essential to simultaneously block the venom toxins and induce muscle growth following a snakebite. Since, the antivenoms are not useful in this scenario, we recognised (through our preliminary data) the use of specific existing drugs and regenerative medicine approaches to prevent and treat snakebite-induced muscle damage."""
1,"YES Context: ""Having better understanding of the factors causing 3PD/FND movement symptoms, will then allow us to investigate novel VR-based therapies to reduce symptoms."""
1,"YES The context that informed this decision is as follows:  ""This study will improve our understanding of why brain development is altered in some children with CHD, explain why these children experience difficulties at school, and will enable us to identify those children who could benefit from interventions to improve outcome. Provision of effective interventions to protect brain health in these children at an early stage will help place vulnerable children onto healthy developmental trajectories, hence avoiding severe distress to children and their families and expense to society at large."" Additionally, the technical summary describes: ""We will undertake placental MR imaging in CHD cases and controls to test the hypothesis, 'placental function is abnormal in fetuses with transposition of the great arteries (TGA) and left ventricular outflow tract obstruction (LVOTO).' We will use state-of-the-art fetal, neonatal and childhood neuroimaging to detail patterns of structural and functional brain development from the fetus to childhood that are related to placental function and childhood outcome.""  This indicates the relevance of the research to health-related outcomes, specifically neurodevelopmental health in children with congenital heart disease."
0,"NO ""This research will produce recommendations for measures to be used by vitreoretinal surgeons and researchers and it will ultimately help to improve clinical practice, patient pathways and outcomes."""
1,"YES Excerpt from the paper: ""The mTOR pathway is a set of molecules in our cells that sense a wide range of inputs and regulate key processes, such as cell growth and metabolism.""  This context describes the mTOR pathway, which is relevant to drug therapy and advanced medical therapies, particularly in the context of treating diseases associated with this pathway. The record discusses the use of existing drugs and the potential for new treatments related to the mTOR pathway and its associated diseases."
1,"**YES** ""The objectives of this award are to assess VITA's performance of Hb testing and its ability to identify iron deficiency anaemia against the clinical gold standard of laboratory blood tests."""
1,"YES ""The aim of this proposal is to apply cutting edge gFET array technology to preclinical stroke research. This work will allow unprecedented insight into SD dynamics in the awake brain after ischemic and haemorrhagic stroke."""
0,"NO The record does not describe research related to advanced medical therapies, diagnostics, drug therapy, medical devices, artificial intelligence usage, or gut health, microbiome, or nutrition. Instead, it focuses on psychosocial interventions related to tuberculosis stigma, which falls outside the defined inclusion criteria.  Context: ""TB-CAPS: a mixed methods study to implement a peer-led, community-based psychosocial support package for Indonesians affected by tuberculosis stigma."""
1,"YES ""The goal of this research is to gain a thorough understanding of how Tirzepatide interacts with the body's systems to cause weight loss. We believe that this knowledge will be critical not only for a better-informed use of Tirzepatide itself, but also guiding the development of new treatments."""
1,"YES The article is relevant as it discusses cancer research related to drug therapy (specifically DNA-damaging therapies) and their effects on metastasis formation, as well as the implications of endothelial-cell FAK (Focal Adhesion Kinase) in cancer treatment. Here is the context from the paper that influenced the decision: ""Importantly, in a human clinical setting, we have shown that tumour-associated endothelial-FAK expression correlated with molecular subtype and prognosis in invasive breast cancer and that endothelial-cell FAK activation independently predicts improved survival in neoadjuvant-treated advanced breast cancer.""  This indicates a direct link to drug therapy and its relationship to cancer outcomes, which falls under the inclusion criteria."
0,"NO  ""This research indicates the importance of folate fortification programs in the prevention of birth defects, yet the full effects may take several generations to resolve."""
1,"YES The Mechanisms Of The Cellular Phase Of Alzheimer's Disease Alzheimer's disease (AD) remains one of the areas of greatest unmet medical need. AD is a slow process evolving over decades, with a long prodromal phase before clinical symptoms appear. [...] In contrast to current therapies that focus on blocking the appearance of the biochemical hallmarks of AD or attempting to treat end-stage dementia (Long and Holtzman 2019), therapies that engage the natural resilience mechanisms of AD promise a new and possibly more effective path to a cure."
1,"YES The record discusses ""the underlying biological causes of schizophrenia"" and mentions ""potential drug targets to rescue neuronal calcium signalling,"" which is directly related to the development of new drug therapies. Additionally, it addresses cognitive impairments resulting from genetic factors associated with schizophrenia, emphasizing the need for new treatments, thus fitting within the inclusion criteria related to diagnostics and drug therapy. **Exact context from the paper:** ""Based on our findings, we will also explore potential drug targets to rescue neuronal calcium signalling."""
1,"YES The project described in the record involves research on the effects of antibiotics on immune responses in the lung, specifically looking at how these changes relate to asthma and type 2 inflammation. The context informing this decision is: ""To date, there have been no studies in humans directly investigating the effects of antibiotics on immune responses in the lung. However individuals who have taken multiple courses of antibiotics earlier in life are more likely to develop asthma.""  This indicates a focus on health research related to antibiotic therapy and its implications for respiratory health, aligning with the inclusion criteria for advanced medical therapies and diagnostics."
1,"YES Context: ""The study investigates the use of the longevity-associated variant of the human BPIFB4 gene (LAV-BPIFB4) for the treatment of cardiovascular complications of Hutchinson-Gilford progeria syndrome (HGPS). The applicants showed that LAV-BPIFB4 gene therapy alleviates cardiovascular disease and atherosclerosis in animal models and provided extensive mechanistic insight into the pathways underpinning the therapeutic benefit."""
1,"YES Context: ""The UKRI functional genomics initiative will catalyse discoveries into the mechanistic underpinnings of health and disease by identifying causal variants and modelling their impact in disease-relevant cell-types across key stages of development."""
1,"YES The record discusses opportunities for research using healthcare data to transform the diagnosis and treatment of cardiovascular rare diseases, which falls under advanced medical therapies and diagnostics. The emphasis on developing innovative solutions for data access and the establishment of a Trusted Research Environment for rare heart diseases indicates a focus on health research. Exact context from the paper: ""Opportunities for research using healthcare data generated as part of routine patient care could transform the diagnosis and treatment of people with these medically important conditions."" and ""The CVRD will (i) aggregate all diagnostic genetic test results across England and provide summary data for genome interpretation."""
1,"YES The context that led to this decision: ""The epidemiology of campylobacteriosis is poorly understood in LMICs. In pilot studies, we have identified genomic variation in strains that may indicate differences in source, survival, transmission and virulence (compared to the UK). ... Genome sequencing technologies and bioinformatics analysis provide a means for explaining these cryptic disease networks by identifying differences between strains from multiple sources, and tracking their transmission.""  This record describes research related to advanced medical therapies (genomic epidemiology), diagnostics (genome sequencing technologies), and critical insights into gut health and microbiome through the study of Campylobacter infections, thereby aligning with the inclusion criteria."
1,"YES Context: ""Another exciting possible new treatment is gene therapy, where a gene is introduced into the brain using a virus as a carrier."" ""There is a plan to start a clinical trial using a trial of gene therapy as a novel therapy for our patients who would normally be considered for epilepsy surgery."" ""In this study we plan to use transcranial magnetic stimulation to measure brain activity in patients with focal epilepsy, who are still having seizures, even though they are taking regular anti-epileptic medications."""
1,"YES Context: ""Our research aims to explore the role of an environmental cleaning package and its effect on some of the most vulnerable patients in African hospitals - women and newborns."" This study is examining infection control in maternity and neonatal healthcare settings, which relates to health research. It focuses on reducing hospital-acquired infections, linking environmental hygiene to maternal and newborn health outcomes."
0,"**Answer: YES** **Context from the paper:** ""The aim of our research is therefore to explore the perspectives of a range of key groups affected by this guidance including parents on a low income and/or who have accessed food banks, health professionals, third sector and charity organisations and food banks to co-develop an intervention to test for future provision."""
0,"NO ""The research focuses on social leisure engagement and its effects on the psychological, cognitive, and physical wellbeing of older adults, which does not relate to advanced medical therapies, diagnostics, drug therapy, medical devices, artificial intelligence, gut health, microbiome, or nutrition."""
1,"YES Context from the paper: ""Our study will apply these advances to investigate how the PPN might be targeted for new treatment strategies in PD."" and ""These findings will guide the development of new therapies that can target the PPN, and will enable us to personalise current treatment approaches to improve their effectiveness."""
1,"YES Context: ""We wish to establish a state-of-the-art multi-user platform to support health research with cutting-edge proteomics applications and small-molecule detection... leading to a greater understanding of the chemical reactions that give us life, and new ways of treating disease... Nutrition and experimental medicine: Detecting changes in nutrient availability is essential to maintaining healthy physiology.... Gut microbiotas play a fundamental role in gastrointestinal health, this platform will contribute to understanding the interaction between gut microbiota and ourselves as well as the mechanisms behind the health benefits of intestinal microbiota transplantation."""
0,"**Decision:** YES **Context from the paper:** ""Results from early phase dose-finding trials (Phase I or Phase I/II) directly influence decisions on further drug development and ultimately whether the selected dose(s) can be confirmed as safe and efficacious."""
1,"YES The record discusses research related to ""nutritional interventions,"" emphasizing the importance of reporting guidelines in the field of nutrition science. The context that supports this decision is: ""Nutrition science is one area of research that constantly faces controversy. Associations between nutritional factors and health-related outcomes are difficult to measure... We are consolidating reporting guidance for studies of nutritional interventions.""  This clearly aligns with the inclusion criteria related to research on nutrition and health."
1,"**YES** The record is relevant to the inclusion criteria stated, as it describes research related to cancer treatment and radiation therapy, specifically focusing on mechanisms of DNA repair and the development of novel drugs for cancer therapy. **Context:** ""The mission of the D'Angiolella laboratory is to decipher the role of E3 ubiquitin ligases in the pathogenesis and radiotherapy response of cancers. Our long-term ambition is to develop novel drugs targeting E3 ubiquitin ligases for the improvement of cancer treatment.""  ""Thus, our studies will clarify the contribution of protein homeostasis in preservation of the genome integrity of any cell and, at the same time, reveal potential targets to exploit for cancer therapy.""  ""This study has strong translational potential: the study is highlighting novel pathways which could be targeted to improve radiotherapy."""
1,YES “...We have delivered a number of experimental chimeric antigen receptor (CAR) T cell therapies into clinical trials using specialist facilities at Great Ormond Street Hospital. These have helped treat children & adults with certain types of leukaemia who would otherwise have no further options for their disease...”
1,"YES ""The mechanistic and therapeutic role of circulating microRNA-142 in pregnancies complicated by maternal obesity with fetal cardiac dysfunction...Therefore, in women with obesity, high levels of microRNA-142 in the blood of the fetus could be acting like a hormone to cause adverse changes in the developing heart. Blocking microRNA-142 with drugs called antagomirs could be a treatment to prevent heart problems in children of women with obesity."""
1,"YES The article is relevant due to its focus on health impacts related to land restoration and nutrition. Specifically, the text states: ""The primary outcome to be investigated will be weight-for-age z score (WAZ) of children (0-59 months) as a measure of acute nutritional status."" This indicates a clear relation to health research and encompasses aspects of nutrition and health that meet the inclusion criteria."
1,"**YES** The article is relevant as it discusses the implications of maternal nutrition on health outcomes, including the risk of non-communicable diseases (NCDs) in offspring. It fits within the inclusion criteria related to nutrition and health research. Exact context from the paper: ""Research from many countries across the world has shown that low birth weight and poor growth of the fetus in the womb is related to an increased risk of developing diabetes and heart disease in later life. [...] measures to improve the nutrition of young women before and during pregnancy may have long-term beneficial effects.""  Additionally: ""We aim to understand the nutritional factors (such as body size and diet) that affect inflammation in young women in three countries (China, India and South Africa). We will explore whether inflammation is related to maternal complications such as diabetes during pregnancy, and whether it affects fetal growth.""  The research explicitly addresses nutrition's role in health, inflammation, and disease risk, aligning closely with the inclusion criteria."
0,"NO The record does not focus on advanced medical therapies, diagnostics, drug therapy, medical devices, artificial intelligence, gut health, microbiome, or nutrition. Instead, it primarily discusses the regulation of alcohol consumption and related public health policies in Sub-Saharan Africa. Context from the paper: ""Our aims with this study are to understand why the bans were adopted... how the bans were enforced in practice... and what unintended consequences may have occurred. We will do this through interviews with policy makers and major stakeholders... to explore the perceived impact of the ban on harmful forms of alcohol consumption..."""
1,"YES **Context from the paper:** ""We will study how GABA and glutamate chemicals in the brain change in patients who take antipsychotics and respond to them and in patients who take antipsychotics but have not responded to them... This information will ultimately help to predict which patient will respond to which medication as soon as possible after the diagnosis. It may also contribute to the research for development of new medications acting on GABA and glutamate..."""
1,"YES Context from the paper: ""Green Health Prescribing aims to link people to nature-based activities and results in multiple benefits for ageing. However, access to GHP is patchy across the UK and targeting older patients living in more deprived areas holds potential to advance health equity."""
1,"YES Context from the paper: ""The aim of this research project is to test this hypothesis by determining the mechanisms that control the induction of hybrid-EMT and its relevance to tumour metastasis. [...] This research will increase our understanding of hybrid-EMT induction and tumour metastasis. Importantly, it has the potential to lead to critical insights into how to develop new therapies for its treatment."""
1,"YES Context: ""Our project makes a tool that will immediately flag brain MRI abnormalities allowing radiology departments to prioritise limited resources into reporting abnormal scans, thereby expediting early intervention from the referring clinical team, improving clinical outcomes and lowering healthcare costs."""
1,"YES ""Themes include: our research seeks to advance both elements; a) to better describe the critical environmental exposures and understand their mechanism(s) of action as well as their likely health consequences, and b) by doing so, to make progress towards optimising these processes through nutritional or other interventions."""
1,"YES Context: ""Finding new genetic causes of CHD and understanding the link between CHD and 'histone methylation' will increase scientific understanding of the detailed processes involved in forming a fetal heart, and the ways in which this may be affected in disease. This will help in deciding upon medical or surgical managements for CHD, since we suspect that patients with different genetic causes of CHD may respond differently to medicines or surgery. Because the specific group of proteins we are studying are important drug targets, our scientific studies may be of key importance to discovering new drugs."""
0,"**Answer: YES** **Context from the paper:** - ""The resulting method will make it possible to routinely query a patient's genetic background, while simultaneously measuring their epigenetic state. This will lead to a much broader understanding of the role of epigenetics in disease."" - ""Epigenetic marks are known to be related to many diseases, such as autism, obesity and cancer."" - ""In the immediate future, this will benefit biomedical researchers working on any disease where both genetic and epigenetic state are important."" - ""We therefore anticipate that our method will accelerate and improve the development of new diagnostic assays."""
1,"YES The article is relevant as it describes research related to advanced medical therapies, specifically related to T cell therapy for T-ALL (acute T cell leukemia) using CRISPR technology for genome editing. The relevant context is as follows: ""In recent experiments we have used genome-editing to remove markings on T cells so they become invisible and are not targeted during the engineering steps... A clinical trial is proposed to treat 10 children from across the UK over a two year period, as part of planned bone marrow transplantation (BMT). If T cells can be used to eliminate measurable leukaemia, the chances of it coming back after BMT are very much reduced.""  This indicates the article's focus on advanced therapies for cancer, meeting the inclusion criteria for the literature analysis."
1,"YES The record discusses the use of Artificial Intelligence (AI) in conjunction with Quantitative Fluoroscopy (QF) for spinal motion measurement, which falls under the category of advanced medical therapies and diagnostics. Specifically, it aims to enhance the efficiency of measuring spinal mechanics, which is vital in spinal care research.  Context from the paper: ""This project aims to bring Artificial Intelligence (AI) to bear on QF so it can be used more widely in research and patient care.""  Additionally, it addresses spinal disorders and proposes a method that could lead to better treatments, which relates to health research: ""The hurdle to be crossed is the provision of an efficient method for measuring the motion of the vertebral linkages and analysing the outputs from dynamic sequences of specific movements for abnormalities."""
1,"YES The text discusses research related to ""how the leakiness, or permeability, of blood vessels in the brain are controlled"" and aims to ""identify new ways to treat diseases where these vessels become leaky,"" specifically mentioning diseases such as diabetes and stroke. This falls under the criteria of advanced medical therapies and drug therapy.  Exact context from the paper: ""The aim of this research is to understand how the leakiness, or permeability, of blood vessels in the brain are controlled so that we can identify new ways to treat diseases where these vessels become leaky. ... We want to understand precisely how Ramp2a/Calcrlb prevent vessels becoming leaky because this may allow us to identify new ways of treating vessel leakiness in people with diseases such as stroke, diabetes, or vascular dementia."""
1,"YES Context from the paper: ""The main FARM-CARE project focuses on exploring techniques for controlling the spread of antimicrobial resistance (AMR) in pig farms... Our hypothesis is that AMR spread can be controlled by firstly limiting the common practice of mixing, which is a recognized cause of stress and disease in pigs, and secondly, by applying biosecurity measures to prevent AMR transmission to farm workers and the community.""  Additionally, the project will ""develop innovative machine learning tools to identify predictors of stress and disease in new-born piglets,"" which aligns with the inclusion criteria regarding artificial intelligence usage in health research."
1,"YES ""The availability of compounds that inhibit the activity of Nrf2, provides an exciting opportunity to test their effect on glioma development in preclinical models and ultimately, in clinical trials."""
1,"YES The text of the record relevant to this decision is as follows: ""Metformin is a cheap, globally available drug, with few serious side-effects. If it were shown to be effective for preventing miscarriage or pre-eclampsia, then this would be a major breakthrough for early pregnancy care...We aim to investigate whether metformin improves the chances of the placenta establishing correctly during these early stages...Our key experiments will involve measuring the effect of metformin at clinically-relevant doses on the growth and development of the early placenta...Our over-arching aim is to establish whether metformin could be a safe and effective drug to help prevent early pregnancy complications."""
0,"**Answer: YES** **Context from the paper:** ""Researchers at The University of Sheffield will use this technology to understand the molecular processes underlying antimicrobial resistance, neurodegeneration and cancer and to identify molecular changes in patient samples to develop and test novel drugs to treat a range of diseases."""
1,"YES Context from the paper: ""Our aim is to develop a treatment for Myotonic Dystrophy type 1 (DM1)... We have undertaken a drug development programme to produce novel and selective CDK12 inhibitors."""
1,"YES Context: ""We will evaluate how CatS-expressing macrophages are involved in tumour development and advancement, and we will also analyse the potential therapeutic benefit that could be realised by blocking CatS activity in this cancer."""
1,"YES The article describes research related to advanced medical therapies in the form of novel radiotherapy techniques, specifically the ""FLASH effect"" in the context of cancer treatment. The relevant context supporting this decision is: ""A large amount of research is currently ongoing on the FLASH effect to attempt to quantify its effects and understand the underlying mechanisms. However, most of this research is currently carried out with either electrons or protons, despite the vast majority of clinical treatments being delivered with photons.""  Furthermore, it discusses the potential of this research to improve outcomes in cancer therapy, which is aligned with the INCLUSION criteria of advanced medical therapies and diagnostic advancements."
1,"**YES** The article is relevant as it discusses research related to advanced medical therapies, drug therapy, diagnostics, and specifically cardiovascular disease research, which falls under health research. **Context for Decision:** ""The ultrasound imaging system will allow us to visualise the function of the heart and blood vessels... IS will use the ultrasound imaging system with a novel, genetically altered mouse model that deletes expression of the ATF5 protein to unravel new mechanisms that benefit these protective processes in heart failure and reveal molecular targets required for the development of novel therapeutics against cardiovascular diseases.""  ""Moreover, Prof Christian Heiss will use the F2 imaging platform to study each step of the ageing process on the heart... He will also test the impact of a diet... on cardiovascular ageing and test how a polyphenol substance... affects cardiovascular ageing.""  Overall, the outcomes of the work aim to advance understanding of cell biology as it relates to pathological conditions, contributing to health and disease prevention."
1,"YES Context from the paper: ""This project aims to use cells that can be grown non-invasively from blood, and provide a 'window into the vasculature', to further understand how T1D and statin use effects the vasculature."""
1,"YES Context from the paper: ""This proposal will identify how nuclear force coupling regulates the cellular response to mechanical forces and how dysregulation of this process leads to pathologies associated with the pre-mature ageing disease Hutchinson Gilford Progeria Syndrome (HGPS)."" Additionally, ""The project aims to delineate the cytoskeletal signalling pathways leading to effective nuclear force coupling; investigate the role alterations in the nuclear lamina play in response to force application and study the implication of increased actomyosin tension on cellular resilience to stress."""
1,"YES The article is relevant because it discusses research related to mitophagy and mitochondrial health, which are factors associated with various neurodegenerative conditions, and proposes new ways to influence mitochondrial health for the benefit of patients. Context from the paper: ""Mitophagy is essential for the maintenance of mitochondrial health and for metabolic remodelling. Failure of mitophagy has been linked to several neurodegenerative conditions, Parkinson's, ALS and Alzheimer's Disease."""
1,"YES The record describes research related to advanced medical therapies, specifically focusing on a novel dual-target gene therapy for the treatment of chronic non-infectious uveitis, which is a medical condition involving eye inflammation. The text discusses the development of gene therapy, the role of anti-TNF biologics, and aims to optimize treatment for patients with uveitis, all of which are relevant to health research. Here is the context from the paper that supports this decision:  ""Our project will address the deficiencies of current standard of care for uveitis by developing a novel treatment to prevent visual loss. Approved for ocular use, gene therapy utilizes a virus (vector) to deliver a gene of interest to defined cell types within the retina."""
1,"YES The article is relevant because it discusses advanced medical therapies, advanced diagnostics, and methodologies that have direct implications for drug therapy and patient monitoring, as well as the utilization of mass spectrometry in clinical settings. Here is the context that supports this decision: ""The first project is to develop a method that can detect multiple viruses seen in the winter such as influenza and Covid-19- in a rapid and scalable manner... The second project will deliver vastly improved methods for NCAT... The third project will lead a pioneering effort to develop ten methods to study a key pathway in blood pressure regulation- the renin-angiotensin aldosterone system (RAAS)... The fourth project will allow remote patient monitoring of patients with long term conditions such as diabetes, thyroid disease and heart disease."""
1,"YES Context for decision-making: ""POBIG is the first experience worldwide of standalone contemporary preoperative radiotherapy for glioblastoma patients targeting the tumour in its potentially most treatment sensitive (i.e. preoperative) state."""
1,"YES Context: ""We aim to discover if these are improved with an 11B-HSD1 inhibitor (Xanamem). In addition, we will time the administration of the 11B-HSD1 inhibitor to coincide with the highest cortisol levels to assess the beneficial effect. These studies will not only demonstrate the fundamental role of 11B-HSD1 in the development of MACS, but also begin to explore the potential that 11B-HSD1 inhibitors may be an option for future drug treatment in these patients where currently none are available."""
1,"YES ""This proposal aims to (1) assess the impact of the COVID-19 pandemic on the provision of mental health services in Peru, (2) identify the strategies used to address this situation, particularly those involving mobile technology, as well as the main advantages and challenges faced, (3) design and test an intervention based on mobile technology (i.e. mobile phones, tablets) to provide mental health care, with the input from health providers, patients, and policymakers."""
1,"YES Context: ""Studies performed over the last twelve years by researchers at UCL with Trizell Limited have identified that maternal blood flow to the placenta could be increased in normal pregnancies by delivering a gene medicine containing the Vascular Endothelial Growth Factor (VEGF) to the uterine arteries. In pre-clinical studies of growth restricted pregnancies, the gene medicine safely increased fetal growth and birthweight."""
1,"YES Context from the paper: ""This proposal is to evaluate changes in synovial inflammation induced by GSK1070806 in subjects with active RA using an open label clinical proof of concept trial. 13 patients with RA according to ACR/EULAR classification criteria with active RA defined by DAS28>3.2 and inadequate responders to at least one bDMARD or tsDMARD (excluding Rituximab) and on a stable dose of csDMARD for at least 6 weeks and off previous biologic for at least 2 half-lives; and at least one joint amenable to synovial biopsy; will be recruited across 3 centers."""
1,"YES Context from the paper: ""New and better therapies are transforming the outlook for patients with Motor Neuron Disease (MND). ... What is needed is a quick, accurate and widely available screening test sensitive to the earliest stages of the disease so that the correct patients can be fast-tracked to see a neurologist ... We have developed a rapid and entirely pain-free MRI based method which is exquisitely sensitive to muscle twitching called fasciculation. ... MUMRI ... is a useful screen for MND since it occurs early in the disease and in the context of progressive motor weakness is highly suggestive of the disease."""
0,"NO This article does not focus on advanced medical therapies, diagnostics, drug therapy, medical devices, artificial intelligence usage, or gut health, microbiome, or nutrition. Instead, it discusses the environmental impact of biobanking strategies. Relevant context: ""This project focuses on their impacts associated with carbon emissions in line with the NHS's promise to reach net-zero by 2050."""
1,"YES Context: ""The results of this project will have wide implication in human health as they will contribute to understand the generation of oral cleft malformations, opening new avenues for diagnostic and therapies in the future. [...] This project will demonstrate for the first time the role of inflammation and E-cadherin on cephalic neural crest migration and will identify the mechanism by which inflammation controls E-cadherin expression. The results of this project will have a high impact in understanding and generating new diagnostics and preventive strategies for oral cleft malformations."""
1,"YES The article is relevant as it discusses interventions aimed at addressing risk factors for non-communicable diseases (NCDs), which falls under health research and touches upon aspects of lifestyle and nutrition.  Context excerpt: ""We will study outcomes of common NCD risk, including diet, physical activity, tobacco and alcohol use, blood glucose, blood pressure and BMI in representative population samples of adults aged 18+."""
0,"**Answer: YES** **Context:** ""Improvements to genomic epidemiological data analysis methods therefore will enhance our preparedness towards future pandemics. [...] We will address this limitation by developing computational methods tailored for pandemic-scale genomic epidemiology. These methods will enable accurate real-time analyses of large genomic epidemiological data sets."""
1,"YES ""Taken together, our findings will tell us why some tuberculosis lesions progress and some regress, which is essential knowledge to inform new strategies such as vaccination and lung-protective treatments to control the global epidemic."""
1,"YES ""We propose a novel therapy involving the transfer of allogeneic human corneal epithelial cells (hCEpCs) containing p63 positively expressing cells. The transfer of cells will be facilitated by the use of a synthetic, poly-epsilon-lysine (PeK) based hydrogel as a carrier."""
1,"YES Context: ""The knowledge of the effects of mutations will facilitate diagnosis, and it may also help select the appropriate drug depending on the type of mutation carried by the patient - a goal known as 'precision medicine'.""  This excerpt highlights the focus on drug therapy and precision medicine, which falls under the criteria for inclusion in the research analysis."
1,"YES Context from the paper: ""Once we have identified effective methods to induce senescence in human microglia, and have also explored what functions are modified as a consequence of senescence, we will screen for drugs able to eliminate or revert senescent microglia."""
1,"YES The record discusses the delivery of transformative therapies for people living with a rare disease, which falls under the category of advanced medical therapies and drug therapy. The relevant text that supports this decision is:  ""Alexion will share its efforts to empower the future rare disease ecosystem with the goal to continue delivering transformative therapies for people living with a rare disease."""
1,"**YES** The article is relevant as it discusses research related to eating disorders, which are complex health conditions that can involve biological and psychological factors, along with the development of better, more personalized treatments through research collaborations and data collection.  **Context from the paper:** ""Eating disorders are serious, complex conditions influenced by a blend of biological, psychological, and environmental factors... Further biological research across eating disorders could allow a better understanding of the mechanisms underlying eating disorder development and better, more personalised treatments."""
1,"YES ""Chimeric antigen receptor (CAR) T-cell therapy has been revolutionary in another acute leukaemia - acute lymphoblastic leukaemia (ALL); here, CAR T-cell therapy can engender long-term remission in patients with r/r disease."""
1,"YES Context from the paper: ""The goal of this proposal is to develop a CRISPR/Cas9-based genome editing platform to functionally correct mutations in the IL7RA gene in hematopoietic stem and progenitor cells (HSPCs) derived from SCID patients."""
1,"**YES** The article is relevant as it describes research related to drug therapy and addresses health issues associated with global access to an essential medicine, specifically liposomal amphotericin B (L-AmB) for treating invasive fungal infections.  **Context Reproduced:** ""Access to the L-AmB in these countries has heavily relied on the donations made by the only manufacturer of AmBisome®, and private treatment can cost as high as £50,000 per patient. The lack of access to L-AmB at affordable prices is a public health crisis and represents a significant challenge to global health equity."""
1,"YES ""The proposed research brings forward these inter-connected themes, and we will validate progress not only in terms of suppressing seizures but also by looking at effects on memory, mood and behaviour."""
1,"YES Context: ""We aim to answer some key questions about pancreatic cancer biology so that we can identify new treatments... Recently the situation has become more complex, with the discovery that these immune cells and fibroblasts come in different flavours, some of which help the tumour, but some of which might actually act to fight the tumour... Therefore it's important that we investigate the signals coming from these cells and understand how they can promote tumour growth, so that we can target them with therapies."""
1,"YES Context: ""Understanding the genetics of psychosis is essential to develop new medications and psychological interventions."" This indicates a focus on drug therapy and medical interventions, relevant to health research."
1,"YES The decision is based on the following context from the paper:  ""We hypothesise that the production of these IgD antibodies and their interactions with receptors on mast cells and basophils, different to those receptors for IgE, represents an early stage in the process that eventually leads to the generation of an IgE response and the symptoms of allergic disease and asthma."" This excerpt indicates that the research is related to allergic diseases and therapeutic responses, which fall under the criteria of advanced medical therapies and drug therapy. Additionally, it discusses significant health-related issues, especially asthma, thus meeting the health research relevance."
0,"NO The record does not primarily focus on health research as defined by the inclusion criteria regarding advanced medical therapies, diagnostics, drug therapy, medical devices, artificial intelligence usage, or gut health, microbiome or nutrition. Instead, it centers on mental health, socio-economic factors, and developmental outcomes of young adults, which do not fall within the specified health research categories.  **Context from the paper for decision:** ""Unfortunately, the twenties are also the peak age for mental health problems, which can derail these key developmental tasks."""
1,"**YES** The research described involves the development of peptide-drug conjugates targeted specifically for the treatment of Chronic Myelomonocytic Leukaemia (CMML), which falls within the category of drug therapy. The text discusses harnessing a novel cytotoxic mechanism to selectively kill cancer cells, which is relevant to advanced medical therapies. **Context from the paper:** ""We are seeking to address this shortfall by developing a new class of drug that selectively targets and kills the cancerous cells through the patient's body, with little or no impact on healthy cell types."""
1,"YES ""One of the most common cancers in the UK... Most treatments for MPE rely on invasive procedures to drain the fluid...we will check whether it can predict how long a patient is likely to survive, but we are also interested in whether it can provide knowledge about whether treatments will work or not...with the potential to reveal new targets for novel drug therapies..."""
1,"YES ""which was particularly severe in male mice. These findings support a sex-dependent role for FBN1 in osteoarthritis, with FBN1 being critical for avoiding joint failure.""  ""This information is important to determine the timing for treatment targeting FBN1.""  ""This paves the way for future work developing new therapies against this increasingly important disease."""
0,"NO The article does not describe research related to advanced medical therapies, advanced other therapies, diagnostics, drug therapy and medical devices, artificial intelligence usage, or research related to gut health, microbiome or nutrition. Instead, it focuses on a psychological intervention for social functioning in individuals with first episode psychosis, which falls outside the specified inclusion criteria.  Context from the paper: ""This project will involve the development and validation of Social Mind, a new psychological intervention aimed at helping patients understand and manage social stress..."""
1,"YES The article describes research related to advanced medical therapies, specifically gene therapy, and its impact on a severe neurological disorder (Rett syndrome). The relevant context from the paper is as follows: ""Proof-of-concept pre-clinical studies demonstrate that re-introduction of the defective Mecp2 gene reverses some of the debilitating phenotypes associated with Rett syndrome giving hope to families that gene therapy could provide the 'golden bullet'.""  Additionally, it mentions the potential influence on translational medicine: ""This work has the potential to directly influence translational medicine through our ongoing links with the International Rett Syndrome Gene Therapy Consortium who strive to develop improved and effective treatments for Rett syndrome."""
1,"YES Context: ""To make the jump from disease gene to treatment, we need better information about what disease genes actually do in the right cell types from the human body, and in conditions that mimic real disease. ... Together, our system will give much more information about genes and how they work to make disease better or worse, giving us a chance to find better and more accurate treatments to help more patients."""
1,"YES ""To address this gap in the evidence we aim to enhance and extend a mature longitudinal population study in the UK to establish the world's most informative resource for studying the health benefits and risks of plant-based diets."""
1,"**YES** **Context from the paper:** ""This work will lead to the development of a new way of treating heart attack... Therapeutic strategies targeting specific aspects of the inflammatory response after a heart attack may prove particularly effective to improve heart repair and reduce risk of developing chronic heart failure."""
1,"YES ""The reduction in the proportion of aneuploid cells has been attributed to the ability of embryos to 'self-correct', for example, by diploid cells outcompeting or eliminating aneuploid cells to establish diploid embryos.""  This excerpt indicates that the research is focused on understanding human embryonic development, specifically addressing issues related to chromosomal abnormalities and their impact on development, which aligns with the inclusion criteria related to advanced medical therapies and diagnostics in health research."
1,"YES Context: ""The aim of this study is to test the effectiveness of different ISAs and bs-ISAs in laboratory experiments using two common human skin cancers (melanoma and cutaneous squamous cell cancer (cSCC)) to investigate whether ISAs can be improved so that they can be used to treat these cancers."""
1,"**YES** The article is relevant as it describes research related to drug therapy in advanced HIV disease management, specifically focusing on the efficacy of fluconazole plus flucytosine treatment for cryptococcal meningitis, which is a critical health issue. **Basis for Decision:** ""…the EFFECT trial aims to compare the efficacy of an oral combination of fluconazole plus flucytosine with fluconazole alone (the current recommended treatment) in reducing all-cause mortality in advanced HIV patients in Tanzania and SA."""
1,"YES ""This research programme will uncover the molecular mechanisms of essential neuronal cytoskeleton components that are disrupted in disease and elucidate the effects of this disruption on neuronal ultrastructural organisation and function. We will investigate three families of MT regulators - DCX-MAPs, CAMSAPs, MAP7s - to reveal how they control MTs and influence trafficking through interactions with motors."""
1,"YES ""the aim of the project proposed here is to develop a novel psychological treatment for the large number of people who either do not engage with or disengage from currently available mental health services due to the limitations of standard treatments."""
1,"YES ""The overall goal is to improve our understanding of the radiobiology of PBT linked to CDD and repair, and ultimately in the identification of novel strategies using targeted drugs/small molecule inhibitors that may enhance the efficacy of PBT in cancer treatment."""
1,"YES Context: ""Our overall aim is to understand the potential of BK and SK channels, and of their cholinergic modulation, for use as more effective therapeutic targets in psychoses."" This indicates that the research is focused on drug therapy and advanced medical therapies related to psychiatric conditions."
1,"YES The context that informed this decision is as follows: ""Specifically, I will: (A) Perform the first genome-wide and transcriptome-wide association study of telomere attrition rates, utilising data collected from half a million UK adults... (D) Use large cohort data, longitudinal samples, and a genetically-informed drug repurposing strategy to identify existing compounds that could slow the rate of telomere attrition, and test whether the use of these compounds is associated with lower risk of age-related disease.""  This record fits the inclusion criteria as it discusses research related to drug therapy and advanced medical therapies aimed at understanding and potentially mitigating age-related diseases through pharmacological factors."
1,"YES Context: ""We expect to find that astrocytes are key players in governing dopamine function and that there are disruptions to the way that astrocytes operate and control dopamine function in Parkinson's disease. This work could also open up potential new avenues for drug discovery, by identifying disruptions to astrocyte biology that could be targets for future treatments for Parkinson's disease and other dopamine-related disorders."""
1,"YES ""The objective of this first sub-project is to understand how people move during high- and low-impact activities following a joint replacement.""  ""This is crucial to understanding the safety of returning to running...""  ""...we can determine if these loads can result in bone breaking, or potentially be beneficial to build stronger bones.""  ""High-impact activities have many physical and mental health benefits, like making bones stronger...""  ""This project will provide crucial information that clinicians and patients can use to make informed healthcare decisions about the safety of returning to different activities after a joint replacement."""
1,"**YES** Context from the paper: ""We will investigate the importance of immune cells and immune signals in prostate cancer in Kenya and in the UK and find out how changes in the levels and activity of PRH alter the response of prostate cells to TGFb and other immune signals... These studies will advance our understanding of how immune signals are involved in prostate cancer."""
1,"YES Context: ""NMR in support of Medicine NMR metabolomics is a thriving field that generates crucial knowledge on metabolic pathways from cells to organisms, including humans."""
1,"YES Context: ""This project aims to deliver novel drug candidates for the treatment of Idiopathic Pulmonary Fibrosis (IPF), a debilitating and fatal disease for which few treatment options are available."" "
1,"YES The article is relevant as it discusses research related to drug therapy, specifically the potential drug discovery opportunities related to apicomplexan parasites, which cause significant diseases like malaria and toxoplasmosis. The context that supports this decision includes: ""Drugs for apicomplexans are suboptimal. Drug resistance is a barrier for malaria eradication and severe side effects hamper toxoplasmosis treatment. The missing complex II components highlight a fundamental difference between parasite and human cells, which may represent an opportunity for drug discovery.""  Additionally, the goals of the project center on identifying components for drug development purposes, as noted in: ""Together these findings will shed light on the differences between divergent cells, and may assist the design of new drugs for the deadly apicomplexan pathogens in the future."""
0,"**Decision: YES** **Context from the paper:** ""The aim of this research project is to understand why some neurons die but others survive in neurodegenerative diseases. New cellular mechanisms identified could potentially lead to innovative drug treatments.""  This excerpt identifies the goal of the research as aiming to understand mechanisms related to neuronal death in neurodegenerative diseases, which falls under ""drug therapy"" as it suggests potential for innovative drug treatments. Thus, it meets the inclusion criteria for the analysis."
1,"YES Context: ""NANOPROV will create novel protein-based prophylactic nanomedicines... The project will generate the proof of concept product for developing inhalable formulations and preclinical tests... the expected impact... will refine the science and technology for developing early treatment protein-based nanopharmaceuticals."""
1,"YES Context for decision: ""We will obtain consent and biological samples, in partnership with public health agencies, in order to characterise the clinical features of this new outbreak, focusing initially on three core questions: 1. What are the clinical features of acute disease? 2. What is the causative agent? 3. What is the role of prior immunity, immune compromise or systemic inflammation in acute disease?"" This text indicates that the research is focused on understanding a health condition (acute hepatitis) and exploring its causes, which falls under the inclusion criteria for health research."
0,"NO ""The RESIDE (RElationships and Sexuality in Intellectual Disability Education) project"" is focused on developing a Relationships and Sexuality Education (RSE) program for children and young people (CYP) with intellectual disabilities (ID). While it discusses the rights and educational needs of this population, it does not relate to advanced medical therapies, diagnostics, drug therapy, or other specified topics in the inclusion criteria. Thus, it is not relevant to health research as defined by the inclusion criteria."
0,"**Decision: YES** **Context:** ""The ultimate aim of this research proposal is therefore to gain new and fundamental insights into the cellular and molecular mechanisms that regulate the establishment of human cortical circuits, in the hope that this knowledge will, in the future, translate into new ways to rescue the network activity deficits in DS and guide the development of therapeutic strategies."""
1,"YES Context from the paper: ""We expect that our results will open up new therapeutic avenues to alleviate the symptoms of ribosomopathies and possibly other proteinopathies."""
1,"YES Context: ""The aim of this project is to derive formulas to summarise the results of a platform trial while adjusting for the trial adaptations during interim analyses. [...] Consequently, better therapies will become available to those who need them more quickly compared to using traditional RCTs."""
1,"YES Context: ""Immunotherapy can boost the ability of our immune system to impair cancer cell growth and survival...we will explore how SWI/SNF works to keep cells looking 'normal' to the immune system, and how this goes wrong when SWI/SNF is defective...Together, these studies will allow us to better understand the relationship between SWI/SNF defects, irradiation, and the immune system. This will help with understanding more about when and how to make better use of immunotherapy and radiotherapy with cancer patients."""
0,"NO The text does not relate to advanced medical therapies, diagnostics, drug therapy, medical devices, artificial intelligence usage, or research related to gut health, microbiome, or nutrition. It focuses on children's behavior and emotional processing rather than health research or medical topics.  Context: ""Children with conduct problems (i.e. concerning levels of behavioural problems) are at risk of later criminality, mental health problems... we have not seen the same level of advocacy, research spending and access to interventions for these children."""
1,"YES Context: ""This research will allow us for the first time to gain direct insight into how HTLV-1 disrupts the genetic material of otherwise healthy cells which it infects, and is key to understanding how HTLV-1 and other similar viruses cause cancer."""
1,"YES Context from the paper: ""The serotonin system is the most widely used target for treating mental disorders, and selective serotonin reuptake inhibitors are the most commonly prescribed antidepressants. [...] Our results will provide a fundamentally deeper understanding of the molecular mechanism behind co-transmission at the serotonergic terminals. They will also uncover new molecular and physiological signatures of serotonin transmission that could provide entirely novel drug targets for treating mental disorders."""
1,"YES The context from the paper that supported this decision is:  ""Alzheimer's disease is the most common type of dementia, but current treatments have very little effect on the disease, and the need for new medicines is urgent... Designing effective new medicines will require a greater understanding of why and how Alzheimer's disease develops... For this reason a key component of the work will be the development of robust dementia and intellectual disability-related mouse models that closely replicate the neuropathology and disease trajectories associated with dysfunctional cognition in humans."""
1,"YES The record describes research related to advanced medical therapies, specifically focusing on antimicrobial resistance (AMR) which is a critical issue in health care. The research aims to understand and control AMR in complex biofilms, which ties into the diagnostics and drug therapy domain.  Context from the paper: ""Emerging antimicrobial resistance in bacteria is one of the most important global challenges of our time. Antimicrobial resistance in bacteria will lead to infections that cannot longer be treated. Biofilms are complex microbial communities that can harbour multidrug resistance bacteria."""
1,"YES The article is relevant because it describes research related to diagnostics and drug therapy, specifically improving diagnostic services for patients with brain metabolism disorders using advanced technology.  Exact context from the paper: ""The aim of this project is to use modern techniques to increase the number of metabolites that we can measure so that we can diagnose this group of currently undiagnosed patients."" and ""It will also allow us to suggest and monitor treatments better. This will in turn improve the lives of children and families affected by these devastating but often treatable diseases affecting brain metabolism."""
1,"**YES** **Context from the paper:** ""The development of new therapeutic concepts requires a deeper understanding of the neuronal control of sleep... Project 3 will search for chemicals that can stimulate (or prevent) sleep by acting as beta-subunit substrates but possess more favourable pharmacological properties than peroxidized lipids. Together, this programme promises to lay the foundation for a rational new approach to the treatment of sleep disorders, with potentially significant health and economic benefits.""  This text indicates relevance to advanced medical therapies and diagnostics, particularly in the context of treating sleep disorders."
1,"YES Context from the paper: ""In this study, I will investigate the effects of a remote GI bacterial infection on FRT immunity, how this affects control of common STIs, as well as the effects on fertility. The proposed research will build an important foundation for future human studies. A better understanding of the indirect influences on FRT health will significantly contribute to STI prevention and treatment in the future."""
1,"YES The text of the record indicates that the project is focused on assessing health risks associated with non-optimal outdoor temperatures, which is an important topic related to public health research. The relevant context includes: ""The project will provide a detailed picture of health risks associated to heat and cold, and will help identify drivers of vulnerability and resilience within the population of England and Wales. This information is critical to perform an evidence-based quantification of potential benefits related to climate and public health policies...""  This statement supports the inclusion of the record as it relates directly to health research."
1,"YES Context: ""The development of resistance to key antibiotics is of concern in treating human infections. Fewer restrictions on the use of antibiotics in Asia mean this is a rapidly developing problem both from use in agriculture and medicine."""
1,"YES ""The Whitehall II study: A core resource for ageing research… With continued infrastructure support, Whitehall resource will uniquely contribute to research aimed at understanding healthy ageing and age-related conditions, and continue to inform prevention, clinical guidelines and policy.""  This excerpt indicates that the study involves research related to ageing, which falls under health research criteria, focusing on understanding age-related conditions. Furthermore, it involves health outcomes, biosamples, and electronic health records, which align with the inclusion criteria."
1,"YES ""The Role of Physical Membrane Properties in Tumour Cell Resistance to Perforin... If this is the case, this can be used as an inspiration for strategies that enhance the efficacy of cancer immunotherapies and/or as a way to test patient resistance to such therapies before they are treated."""
0,"NO The content of this record primarily discusses the technical specifications and requirements for a high-performance storage cluster, specifically the Ceph clustered storage system, rather than any advanced medical therapies, diagnostics, drug therapies, or related health research topics. Context from the paper: ""We propose to build a high speed Ceph clustered storage system that will provide capacity and high-speed parallel access as needed from our CPU and GPU compute farms."""
1,"**YES** The article is relevant because it discusses antimicrobial resistance (AMR) in a One Health perspective, which integrates human, animal, and environmental health. The focus on farm-level antimicrobial usage interventions relates to health research, particularly the implications for human health linked to antibiotic use in livestock. **Context from the paper:** ""It is often suggested that interventions to prevent the development and transmission of antimicrobial resistance (AMR) should be targeted at the livestock sector. The potential costs to agriculture are often argued as 'worth it' for the long-term human (and animal) health benefits."""
0,"NO Context from the paper: ""The aim is to reduce the harm to health, especially mental health, by identifying the most effective and cost-effective interventions to reduce violence in the population."""
1,"YES Context from the paper: ""Our grand aim is to be able to map successive stages in the immune reaction to the kidney transplant, throughout each biopsy sample, down to the nanoscale, and ultimately to use this information to predict which transplants will fail and to inform the development of new treatments of organ rejection."""
0,"**Answer:** YES **Context from the paper:** ""There is an urgent need to increase the sensitivity of CARs to prevent these relapses. More sensitive CARs would also allow CAR T cells to be used in treating a wider variety of cancers... This work should enable us to improve CAR T cell therapy by introducing enlarged forms of CD2 into the cells, thereby enabling them to recognise cancer cells with low levels of the antigen."""
1,"YES Context: ""If we understand why the placenta malfunctions in PE then we may be able to design better treatments and even recognise those at risk of disease before it develops.""  The research focuses on understanding pre-eclampsia, which is related to health and the development of potential advanced medical therapies."
1,"YES The record is relevant as it describes research related to diagnostics and advanced medical therapies, specifically focusing on the development of a lateral flow test for early detection of brain cancer recurrence.  Context from the paper: ""The EDUCATE study (Early Detection of recUrrence of CAncers of the brain using lateral flow Tests) seeks to use the science behind work undertaken throughout the pandemic by the team, to develop a lateral flow test which can detect this tumour recurrence at the very early stages and thereby give patients the very best chance at treatment through far earlier intervention."""
0,"NO Context: ""Research laboratories use a lot of plastic items (e.g. PPE, gloves, equipment etc) and we know that laboratory plastics disposal makes up about 2 % of all plastics waste globally."" This indicates a focus on environmental impact rather than health-related research."
1,"YES ""The objective is to make effective community-based neonatal sepsis treatment feasible at low cost, and therefore used early and widely enough to prevent a substantial proportion of neonatal deaths from sepsis in high-burden low- and middle-income countries (LMICs).""  This statement indicates that the research pertains to drug therapy and aims at improving treatment for a significant health issue, aligning with the inclusion criteria."
1,"YES ""The dopamine-producing cells have several features including their size and activity that make them more susceptible to mitochondrial damage. Mitophagy ('eating mitochondria') is a process by which damaged mitochondria are degraded by the cell. It is a tightly controlled process that is essential for maintaining the health of mitochondria and cells.""  ""This research will tell us about how small gene changes might build up to eventually cause PD in some people and which parts of the cell are most affected. Given mitochondria are key to the dopamine-producing cells, we will first focus on this and get a very detailed picture of this that may lead to identifying which people might benefit the most from mitochondria-targeted treatments."""
1,"YES Context: ""This proposal would be impossible to achieve working independently, and hinges on a synergistic collaboration between molecular, cellular, clinical and computational neuroscience. It will develop a framework to allow disease types to be defined by their cause, rather than their phenotype, and provide a platform to help dissect mechanistic pathways across scale, and more rapidly develop precision therapies."""
1,"YES Context: ""We propose to investigate if lactate measurement, available as a point-of-care test, has incremental benefit over conventional maternal vital sign assessment in the diagnosis of sepsis and identification of women at risk of severe morbidity and mortality in low resource settings."""
1,"YES Context from the paper: ""We will test the ability of specialised viruses that target the plasmid transfer machinery to limit the spread of AMR genes in isolated pathogen populations and complex bacterial communities...Ultimately, this project will lead to the development of new phage based approaches for eradicating AMR genes from humans and agricultural animals that act as important sources of AMR genes..."""
1,"YES ""The most advanced PAI system commercially available to study heart, cardiovascular and brain disease and cancer in experimental models. PAI can be used to study organs such as the heart and the brain in living subjects, to see if organs are working properly, e.g., is the heart beating properly, is a blood vessel blocked, is blood flowing properly in the brain, is enough oxygen being delivered to the brain, etc."""
1,"YES Context: ""In this project, we aim to better understand how autophagy controls the survival and function of regulatory T cells in the gut...we will use mouse models of IBD to investigate if inducing autophagy can prevent or cure intestinal inflammation...Our project will help us to devise new ways to target the process of autophagy to alleviate harmful inflammation in the gut. This may eventually lead to new treatments for IBD patients..."""
1,"YES Context: ""In this proposal, we will examine whether a group of drugs called gliflozins could be used to treat autoimmune diseases... By affecting the ways in which our T-cells process nutrients, we reason that certain gliflozins could work as a treatment for autoimmunity."""
1,"YES Context from the paper: ""The ultimate goal of this project is to prevent (or reduce the risk of) hypoglycaemia. This would enable more aggressive insulin therapy to achieve better glucose control with resultant reduction of secondary complications (heart and kidney failure, blindness etc.).""  This context indicates that the research is related to drug therapy and addressing health complications associated with type-1 diabetes."
1,"YES The article is relevant as it discusses the use of advanced imaging techniques through a new scanning electron microscope for multiple research projects, particularly related to understanding biological processes, disease states, and the effects of therapies.  The relevant context from the paper is: ""Electron microscopy is a fundamental tool in bioscience research. It is used to image the structure of proteins, pathogens, cells and tissues, to help us understand the biological processes of normal development, disease states, and the effect of therapies."""
1,"**YES** **Context from the paper:** ""This study will provide a comprehensive understanding of scar formation after heart attack and may enable us to modify scarring as a treatment for human patients."""
1,"YES Context: ""Repurposing existing drugs to treat brain cancer. Repurposing drugs (also known as repositioning) is the process of taking an existing medicine that is already authorised for human use in one disease/condition, and then using it to treat another condition."""
1,"YES Context from the paper: ""Dysregulated epithelial repair plays a central role in fibrotic diseases, leading to progressive scarring and loss of function. Almost 45% of deaths in the developed world are due to fibrosis of major organs including the lung. Pulmonary fibrosis can occur as a result of chronic disease such as idiopathic pulmonary fibrosis (IPF) or acute respiratory distress syndrome (ARDS) following respiratory infection and currently has no cure. There is an urgent and unmet need to develop innovative therapies that engage with underlying molecular targets to alter progression of fibrosis."""
1,"YES ""The aim of our project is to address the following questions: - Through solving the structures of complete FGFRs and their cancer-associated altered forms (e.g. FGFR-TACC fusions), can we better understand how extracellular signals (such as growth factor binding) are translated into the different intracellular responses generated from activated FGFRs?"""
1,"**YES** The article is relevant as it discusses a public health intervention aimed at reducing second-hand smoke exposure in homes, which correlates with health outcomes related to smoking, respiratory illnesses, and community health. **Context from the paper:** ""Breathing second-hand tobacco smoke is directly harmful to health, while seeing parents smoke can also encourage children to start smoking. Second-hand smoke exposure causes an estimated 1.2 million premature deaths each year together with considerable health burden from a wide range of illness from ear infections through to life-limiting chronic obstructive pulmonary disease (COPD)."""
1,"YES Context: ""Primary schools provide an opportunity to support children to make healthy food choices, with 30% of a child's diet consumed at school. This is also an excellent setting to form behaviours and social/cultural norms; providing an opportunity to improve diet within and outside of school."""
1,"YES Context from the paper: ""There is clearly an urgent need to develop new antiviral drugs by targeting specific SARS-CoV-2 proteins, to address the current pandemic and prepare for future coronavirus outbreaks."""
1,"YES Context from the paper: ""We have identified an important host protein complex, protein phosphatase 2A (PP2A), that specifically binds to HTLV-1 integrase and strongly stimulates integrase activity... Understanding this process will not only increase our understanding in HTLV-1 biology and possible chance of disease progression but will also propel cancer research forward since both PP2A and some of its substrates are known to play a role in oncogenesis."""
1,"YES Context from the paper: ""A 'normal' (superiority) clinical trial tries to find out whether a new treatment is better than the current treatment. A non-inferiority trial tries to show the new treatment is not worse than the current treatment (but it may have other advantages, like lower cost or better safety)."""
1,"**YES** The article is relevant because it discusses the mechanisms of blood coagulation, inflammation, and tissue repair, which are integral to understanding advanced medical therapies and diagnostics.  **Context:** ""As many of the wound response signals in the fruit fly are similar to higher organisms, the mechanisms identified here are likely to provide novel avenues that may allow us to intervene and modulate inflammation and tissue repair in humans.""  ""Here we will holistically investigate how coagulation, inflammation and tissue repair are mechanistically and functionally coordinated as it is increasingly evident that clotting reactions cannot be disentangled from other aspects of the repair process."""
0,"NO Context: ""This project sets out to determine which strains of strep A are most suited to airborne spread and which ones are not, to help public health teams decide how best to deal with an outbreak."""
1,"YES Context from the paper: ""Thus, MPI is a powerful, innovative technology for cell tracking studies enabling quantitative assessment of transplanted labelled cell therapies, providing real-time biodistribution and safety information in areas of the body where other imaging modalities fail."""
1,"YES Context: ""We aim to test whether reporting via a mobile application is effective at increasing reporting of antiretroviral-related side effects by healthcare professionals."""
1,"YES Context: ""This has led them to demonstrate long-term commitment, be highly engaged, recallable and volunteer willingly for intensive studies. Our twin participants are therefore very important and valuable long-term contributors to health research."""
1,"YES The record discusses advanced medical therapies, diagnostics, drug therapy, and medical devices, particularly through the use of a novel molecular microscope to analyze human tissue in a way that can inform treatment strategies for various diseases, including cancer.  **Context from the paper:**  ""The potential applications of this molecular microscope technology are vast... This technology could impact upon how pathologists practice as rather than traditional 'visual' analysis of tissue, a comprehensive, molecular tissue exploration is now possible enabling every cell present to be not only identified but also to have its activity measured. Importantly these broad and detailed analysis can be performed in small biopsies from patients resulting in huge amounts of information that could in the future guide what therapy a patient receives from the time of diagnosis."""
1,"YES The article is relevant because it discusses research concerning spontaneous preterm birth (SPTB) and its causes, particularly in the context of sub-Saharan Africa. This involves examining clinical and social risk factors, as well as biological markers, which aligns with the inclusion criteria related to diagnostics and advanced medical therapies. Context from the paper: ""This project will utilize the PRECISE Network bio-repository and database... Using a combination of clinical phenotyping (n=5000 women) and a multi-omics approach... we will integrate clinical factors with cervicovaginal, plasma and placental biomarkers to characterise SPTB sub-groups."""
0,"NO ""The aim of this research is to develop and test a tool to assess the confidence of health workers to provide bereavement care after stillbirth or neonatal death in sub-Saharan Africa."""
0,"**Answer: YES** **Context from the paper:** ""Understanding the interactions that occur between molecules is a central goal in nearly every branch of biomedical research. By understanding how molecules interact, research groups can then use a whole range of approaches to innovate ways of changing these interactions; in many cases this will open up avenues to develop interventions or treatments that can improve human health or prevent disease.""  Specific areas of high demand for platform access include: ""i) vaccine antibody research; ii) development of antibody-based drugs; iii) development of novel antibody-based diagnostics; iv) molecular drug screening for protein-protein interactions; and v) T cell binding and kinetics, relevant to numerous infectious diseases, autoimmune diseases and cancer."""
1,"**YES** Context from the paper: ""The capacity of PSCs to differentiate into all tissue types also offers an unmatched resource for medical research into genetic disease and for drug testing and regenerative medicine."""
1,"YES Context for the decision: ""We propose that this research will enable us and others to design new therapies for activation of the p53 pathway in tumours."" and ""In particular, we will examine this pathway in a subtype of aggressive B cell lymphomas (double hit B cell lymphomas) in which normal p53 is often found."""
1,"YES The article discusses antimicrobial resistance (AMR), which is a significant health-related issue, focusing on the transmission and surveillance of AMR plasmids and their implications for health management strategies.  Context used for decision: ""Antimicrobial resistance (AMR) is spreading rapidly across the globe, and much of this is driven by plasmids harbouring AMR genes. The ability of AMR plasmids to transfer independently presents a serious challenge for epidemiologists attempting to monitor the prevalence and spread of AMR using genomics approaches, because the patterns of transmission of AMR plasmids, and AMR genes, might be distinct from those of the host bacteria."""
1,"YES The context that supports this decision is: ""Our work will provide crucial information on these important large molecules, fill in a critical knowledge gap on how our cell cycle progress is controlled upon a DSB, can have profound therapeutic implications. Both proteins are tumor suppressors and mutations are found in cancer patients so our mechanistic understanding will provide molecular explanation for how these mutations increase cancer development. Further, these proteins are validated drug targets and our knowledge will help with new avenues for future drug development."""
0,"**Decision: YES** **Reproduced Context:** ""Artificial intelligence (AI) holds great potential to solve complex problems and support decision making and is expected to improve clinical outcomes in the near future. However, a critical and alarming caveat is that AI in medicine, particularly those using data-driven technologies, are subject to, or themselves cause, bias and discrimination, exacerbating existing health inequity, such as those among racial and ethnicity groups.""  This indicates relevance to health research and the usage of AI in medicine, meeting the inclusion criteria."
1,"YES The decision is based on the following context from the paper:  ""Our objective here is to develop multiplexed biosensing systems to demonstrate the usefulness of monitoring biomarkers in blood (capillary and venous) for early diagnosis of AD.""  This highlights research related to diagnostics and early detection in a health context, specifically Alzheimer's disease, which is relevant to the inclusion criteria of your literature analysis."
1,"YES The decision is based on the following context from the paper: ""the proposed research will elucidate GATA4 gene regulatory networks that are specifically involved in atherosclerosis progression, thereby identifying molecules that could be safely targeted to benefit patients at risk of myocardial infarction or stroke. Importantly, the GATA4 pathway has not been studied previously in atherosclerotic plaques and it therefore represents a novel and valuable resource in terms of potential new drug targets.""  This description highlights the relevance of the research to drug therapy and advanced medical therapies, focusing on targeting pathways that could lead to new treatments for patients at risk of significant health issues (myocardial infarction and stroke)."
1,"YES Context from the paper: ""One of the main aims of this project is to promote the use of valid methods to assess agreement, and prevent any wrong applications of agreement methods, which could lead to inferior devices, medical procedures, or data collection methods being used in patients."""
1,"YES ""The key to this will be linking the emergence of changes in behaviour in this early life period with changes in brain development and connectivity, and also with adult behaviour. We will then apply this novel, holistic platform to the study of new genetic mouse models of neuropsychiatric disorders... We will then test the clinical relevance of these early intervention points by rescuing our engineered mutations using the latest genetic techniques and/or therapeutics."""
1,"YES Context: ""The use of stem cells to successfully treat neonatal brain injury is emerging as a promising therapy. Human umbilical cord mesenchymal stem cells (huMSC) self renew and stimulate host brain cells to regenerate and repair, with superior anti-inflammatory properties than MSC from adult tissues."""
1,"YES The article is relevant because it discusses the use of mobile devices in healthcare, specifically focusing on the informal use of mHealth by Community Health Workers (CHWs) in low and middle-income countries. This aligns with the criteria related to advanced medical therapies, diagnostics, and the application of technology in health research. Exact context from the paper: ""However, the practice has not yet lived up to the hype: heavy reliance on donor funding and poor integration into national health systems means that projects often fizzle out when the funding dries up… facilitating communication, logistics and patient care, and even saving lives."""
0,"**Answer: YES** **Context from the paper:** ""The project seeks to develop and refine a smart device which can work alongside existing stoma pouch systems, providing an early warning alert to impending leaks that could enable the replacement of the appliance before failure of the adhesive flange. This could significantly improve ostomy management, improve patient confidence and minimise the distress that can accompany leak events."""
1,"YES Context: ""In this study, we will investigate characteristics of UCB from different donors to find biomarkers, which are associated with better engraftment in a pre-clinical animal model and in patients who received UCB transplants."""
1,"YES Context supporting the decision: ""The development of rapid diagnostic tests (RDTs) for rapid diagnosis of CCHF has been identified as a priority by the WHO. This proposal seeks to address this need and the Liverpool School of Tropical Medicine (LSTM) in collaboration with Global Access Diagnostics (GADx) have achieved the development of the first RDT prototype to diagnose CCHF with a sensitivity and specificity that fulfills the recommendations from WHO for RDTs.""  This indicates that the research is focused on diagnostics, which meets the inclusion criteria."
0,"NO Context: ""Sleep is an essential part of health, allowing individuals to function at their best."" This text discusses sleep, but does not relate directly to advanced medical therapies, diagnostics, drug therapy, medical devices, artificial intelligence, gut health, microbiome, or nutrition, which are the specified inclusion criteria for the literature analysis."
1,"YES Context: ""Together, the three objectives will advance ongoing biomedical research in molecular, cell, developmental and structural biology fields.""  Additionally, the text discusses the use of the microscope for ""single-cell diagnostics pipeline to observe the fate of cells recovered from blood, buccal swabs or urine"" and ""to diagnose the impact of such disease-oriented variants using single-cell based phenotypic reversal assays for precision healthcare,"" which align with the inclusion criteria related to diagnostics, drug therapy, and research related to health."
1,"YES Context: ""To test our hypothesis, we will first carry out experiments that determine the bidirectional feedforward effects of interactions of senescent hepatocytes and neutrophils on the phenotype and function of these two cell types which we predict to be highly dynamic...We expect to make discoveries that will illuminate how neutrophils and senescent hepatocytes collude to promote inflammation-driven tissue ageing and CLD...Secondly, we will ask if our discovery that neutrophils are attracted to senescent cells can be exploited to stimulate the immune system to clear senescent hepatocytes."""
1,"YES Context: ""Therefore, investigating why these two strains of mice have such different patterns for macrophage expansion, will not only help explain how filarial infections are controlled, but will also be relevant to other diseases.""  This portion of the text indicates a relationship to health research, particularly in understanding immune responses and implications for diseases."
1,"YES The article is relevant because it discusses the construction of executable models of cancer metabolism, utilizing machine learning and data analysis to predict metabolic changes and their effects on cancer progression. It emphasizes the importance of understanding metabolic networks and their role in drug target identification. Relevant context from the paper: ""The development of these models will allow us to understand how metabolic networks drive cancer progression and help us identify novel oncogenes and drug targets."""
1,"YES The context that supported this decision is: ""Further understanding of how dietary changes impact prostate cancer risk, through changes in diet, gastrointestinal tract function and bacteria in our gastrointestinal tract need further study."" This indicates a focus on gut health, microbiome, and nutrition, which aligns with the inclusion criteria for health-related research. Additionally, the mention of developing new treatments for prostate cancer suggests links to advanced medical therapies and drug therapy."
0,"**Answer: YES** **Context:** ""The PromethION24 is a device used to analyse the nature of deoxyribonucleic acid (DNA) and ribonucleic acid (RNA) in detail in clinical samples, and in bacteria, viruses or fungi identified from samples. The information generated by a PromethION24 can inform doctors and researchers about unique 'signals' within clinical samples, or the DNA/RNA of bacteria, viruses, or fungi, identified from such samples, which can help understanding of the processes that cause disease and develop new diagnostic tests, and/or inform about how an infection spreads within a population."""
1,"YES The research focuses on understanding mental health issues in children born with clefts, particularly in the context of clinical provision and psychological support. While it primarily addresses mental health, the study investigates factors relevant to health research, including the use of cohort studies and the potential impact of genetic and environmental contributors on mental health outcomes in a specific population. Context: ""Many children experience facial disfigurement and difficulties making themselves understood, which can lead to teasing and low self-esteem. These children are particularly vulnerable to mental health issues... This research project aims to shed light on the pathways linking clefts to mental health problems."""
0,"NO  Context: ""the parasites that cause malaria survive by attaching to the surface of and then penetrating circulating red blood cells in which they then multiply."""
1,"YES Context from the paper: ""This study will therefore examine and compare the oral microbiome in two South Asian populations... The bacteria, fungi and viruses present in saliva (salivary microbiome) will be analysed by new molecular techniques and compared in the two populations in relation to the development of immunity and disease."""
0,"**Answer: YES** **Context from the paper:** ""A cure for HIV-1 infection is a priority. Treatment interruption triggers viral rebound from a 'reservoir' largely composed of memory CD4+ T cells latently infected with HIV-1. HIV-1 cure strategies aim either at reactivating latent HIV-1 to trigger immune-recognition and elimination of infected cells, or to make latency irreversible to prevent virus rebound upon treatment interruption. However, we have limited understanding of how HIV-1 latency is established or reversed, which presents a major barrier to either of these strategies.""  This context indicates the record is relevant as it discusses advanced therapies and research aimed at understanding and potentially treating HIV-1 infection, which aligns with the inclusion criteria related to drug therapy and advanced medical therapies."
1,"YES The article describes a research study focused on understanding gene regulation mechanisms, particularly related to alpha-globin and its association with red cell pigment (hemoglobin) synthesis. This research is relevant to health research as it explores how gene regulation is connected to human genetic diseases and may inform future gene editing therapies.  The relevant context from the paper is: ""Finally, we will test our findings in their clinical context by examining how natural mutations of the human enhancers are correlated with changes in the red cells of affected individuals. By obtaining a complete understanding of gene regulation, we aim to find out how genes are normally switched on and off, how this is perturbed in human genetic disease and how we might use gene editing tools in future to modify and cure such diseases."""
1,"YES ""The objectives of these Units are to promote research and training in fungal diseases relevant to those geographic regions."""
1,"YES ""The immune system is central to maintaining the barrier between our bodies and the environment, with the intestines presenting a particular challenge in this regard given their constant exposure to microbes, food, and even infections. However, the intestinal cell types and the core mechanisms they employ to maintain immune health while protecting against infection and limiting damage caused by excessive inflammation are not completely understood.""  ""This project aims to use an experimental system of parasitic worm infection in mice to dramatically increase our understanding of cross-talk between host immune cells and resident microbes, and the importance of this dialogue in controlling intestinal inflammation and damage."" ""Thus, better understanding of the processes that regulate inflammation at barrier sites is vital to enable future development of novel therapies to prevent a wide range of diseases that affect millions of people worldwide."""
1,"YES The article is relevant because it discusses advanced research related to cancer initiation, which involves the study of oncogene-induced replication stress and genomic instability—a critical area in understanding cancer therapies. It integrates artificial intelligence for the detection of replication stress, further aligning with the funding criteria. Context: ""This project will for the first time bring together distinct backgrounds and disciplines to unravel the molecular events between Oi-RS, genomic instability, and cancer development. We will integrate single cell- and single molecule sequencing technology and machine learning-based detection of replication stress to interrogate the steps from early establishment of HPV in skin cells to the development of invasive cancer cells."""
1,"YES Context from the paper: ""Here we propose to combine the latest technologies in cell culture with molecular profiling of thousands of single cells to generate a multi-scale model of blood formation, explicitly linking the micro and macro scales across time. The proposed research will develop a platform for testing the macro-scale consequences of gene mutations found in leukaemia patients, as well as the testing of new drug candidates."""
1,"YES ""The completion of this project will lead to a step change in our understanding of the processes that control the recovery of the brain following CM, and will reveal new potential therapies for the devasting condition."""
1,"YES Context: ""b-Catenin plays critical roles in maintaining healthy liver function. Thus, we will first investigate where in the genome b-Catenin binds in hepatocytes in the healthy liver in order to validate this experimental technique. [...] It is clear b-Catenin plays a critical role in NAFLD, but we still do not know which genes controlled by b-Catenin aggravate NAFLD, if b-Catenin binding positions in the genome change depending on the type of food. Answering these questions could lead to novel strategies to reverse NAFLD or prevent the progression to NASH and Cirrhosis."""
1,"YES The focus of this research proposal will be to understand the genetic basis of insecticide resistance, which is currently jeopardising the gains achieved to date by using insecticide-treated nets and indoor spraying of insecticides. An understanding of the mechanism of resistance will enhance mosquito control through: 1) allowing a quantification of the different genetic contributions to resistance; 2) molecular screening to detect early the emergence of insecticide resistance and in a high throughput fashion; 3) adaptive rotation of insecticide classes in response to mechanism of resistance emerging, in order to prolong the utility of a given insecticide class 4) a comparison of the origins of insecticide resistance among Anopheles funestus and Anopheles gambiae."
1,"YES ""The malfunction of different serotonin receptor types has been implicated in the pathogenesis of several neurological disorders, highlighting the importance of studying how serotonin receptors mediate attentional processes in the healthy brain. Our project will work on multiple scales, such that serotonin action is characterized at the level of single nerve cells, across multiple brain areas and in individual organisms. This project will allow us to uncover new targets for drugs to treat various types of neurological disorders that affect millions of people in the UK and worldwide."""
1,"YES Context: ""We plan to study the benefit of a cellular therapy called CD45RO+ memory T cell addback after haematopoietic stem cell transplantation from a mismatched donor in children with inborn errors of immunity (IEI)."""
1,"YES ""The main outcome is to find a model that describes the measurements in a way that relates to biological processes. Investigating which parts of the model differ between babies born at different gestational ages will help to create normal reference ranges for important adrenal hormones and allow correct interpretation of results.""  ""This study is a way of gaining knowledge and improving our understanding of the normal adrenal endocrine system of preterm babies in order to improve the standards and quality of care we provide."""
1,"YES The article is relevant because it describes research related to the immune system in neonates, specifically focusing on B cells and their role in protecting babies from infections, which connects to health research and has implications for potential therapeutic targets aimed at enhancing neonatal immunity. Relevant context from the paper: ""This may potentially provide a therapeutic target to enhance the neonatal immune system and ultimately reduce morbidity and mortality from infection."""
1,"YES Context: ""The goal of this project is to develop a vaccine to prevent melioidosis in people with diabetes and other immunocompromise in regions around the world with melioidosis, and to build knowledge about the immune responses induced by this vaccine."""
1,"YES The article describes research related to advanced medical therapies and diagnostics by discussing the identification of gene variants in individuals with genetic diseases and how this information can guide clinical interventions.  Exact context from the paper: ""The ability to sequence DNA at high throughput has completely transformed our ability to diagnose genetic diseases... this knowledge guides the clinical interventions for the child and advice to the family... experiments in tadpoles can also provide very strong evidence about the function of variant human genes... If the clinical researchers find that this information is sufficiently useful, then we will continue to work together to scale up the pipeline of gene function analysis in the frog so it can be used to direct effective interventions for a significant number of patients."""
0,"**Answer:** YES **Context Reproduced:** ""The aim of this programme is study how receptor expression levels and receptor oligomerisation are regulated in native cells from the cardiovascular and immune systems, which endogenously express adenosine receptors that play key roles in health and disease."""
1,"YES Context from the paper: ""This work may lead to the development of novel clinical interventions to promote this process in the case of neurodevelopmental disorders or following injury during adulthood."""
1,"YES Context: ""The Unit is host to the National and Regional HIV Drug Resistance and SARS-CoV-2 diagnostics and genomics reference laboratory."""
1,"YES Context from the paper: ""Understanding the role of extracellular ferritin in inflammation could pave the way for the development of targeted anti-inflammatory therapies for ARDS and other inflammatory diseases."""
1,"**YES** The article is relevant as it describes research related to advanced medical therapies and diagnostics for patients with immune-mediated inflammatory diseases (IMIDs) who are at risk of cardiovascular (CV) involvement. Context from the paper: ""Objective: To improve the outcomes of people with Immune-mediated inflammatory diseases (IMID) who are at risk of/have cardiovascular (CV; heart and vessels) involvement, by bringing together the UK's expertise in CV and IMID research, raising awareness, improving methods of diagnosis and monitoring and increasing research in the field.""  Additionally, the mention of developing ""better methods of diagnosis and treatment"" and establishing a ""patient registry"" aligns with the criteria for inclusion regarding diagnostics and advanced therapies."
1,"YES Context: ""Here we propose to investigate a novel way of treating asthma by raising drugs that activate receptor proteins that we have found are present in human lungs and that when activated can reduce inflammation and relax the airways allowing more air to get in and out of the lungs."""
1,"**YES** The article is relevant because it focuses on mental health and HIV risk among call centre employees in the Philippines, a critical health-related issue.  **Context from the paper:** ""The aim of this project is to understand how the workplace setting (or system) shapes both mental health and HIV risk.""  Additionally, it states: ""Workplaces are one of the most important settings for mental health promotion, and offer an entry point for HIV prevention on a wider scale."" This clearly aligns with the inclusion criteria of health research related to advanced therapies and diagnostics, specifically addressing mental health and HIV prevention."
1,"YES The record is relevant because it pertains to the development and evaluation of antimicrobial resistance (AMR) diagnostics, which falls under the category of diagnostics and advanced medical therapies. Context for the decision: ""As antimicrobial resistance (AMR) becomes more widespread, efforts to extend the usability of current antimicrobial agents by developing and applying diagnostics to identify the appropriate narrow-spectrum antimicrobial for each infection take centre stage."""
1,"YES The record describes research related to cardiovascular diseases (CVD), which falls under the broader context of health research. The study investigates early-life infectious and nutritional exposures and their impact on cardiovascular disease risk, along with potential interventions, which aligns with the inclusion criteria focusing on health research and nutrition.  The relevant context from the paper is: ""Our ultimate goal is to ascertain which risk factors, and when, influence these physical determinants. An understanding of this is essential for identifying when, and how, we can intervene to reduce the risk of development of CVDs in individuals in SSA."""
1,"YES Context: ""This information is relevant to the development of treatments, especially as we move toward the next generation of treatments for genetic diseases such as gene therapy or cell transplantation."""
1,"YES The article is relevant to health research as it discusses the role of Guanylate Binding Proteins (GBPs) and Caspases in the immune response to infections, including their mechanism in antimicrobial host defense. It also mentions the development of advanced artificial intelligence-based workflows for analyzing data related to pathogens, which aligns with the inclusion criteria for artificial intelligence usage in health research. **Context:** ""We will deploy our advanced artificial intelligence-based workflow for microscopic imaging of pathogens for fast analyses of a large amount of data and increased efficiency."""
1,"YES Context from the paper: ""We will create a group of researchers that will develop better ways to test new medicines for people with rare diseases in clinical trials. We want to find ways that need as few people to take part as possible, that are quicker and that provide all the information needed for the authorities to approve a new medicine to be prescribed to people with rare diseases from one single trial."""
1,"YES Context: ""The main aim of this proposal is to develop a small molecule inhibitor targeting cysteine protease Cathepsin V (CTSV), which we have identified as a novel therapeutic target in ER+ breast cancer."""
1,"YES The text describes research that involves engineering complex alleles in mice to provide insights into disease mechanisms and the development of new medicines, which is relevant to advanced medical therapies, diagnostics, and drug therapy. Context from the paper: ""Mutations associated with human disease can be engineered into the equivalent genes in mice, and the resulting genetically modified mice provide important insights into disease mechanism, revealing new targets for future medicines."""
1,"YES Context from the paper: ""We wish to develop a better understanding of how we might enhance CTLA-4 function and 'turn down' the immune response to treat autoimmune conditions."""
0,"NO The text discusses social prescribing and cultural activities for older adults but does not relate to any advanced medical therapies, diagnostics, drug therapies, medical devices, artificial intelligence, gut health, microbiome, or nutrition. The focus is on social and community support rather than health research in the specified fields. Context from the paper: ""Problems in life that affect how people feel cannot always be fixed with tablets or medication... A way of getting them help with such problems is through social prescribing."""
1,"YES Context from the paper: ""Gene therapy is a relatively new treatment technology that holds immense potential for treating patients with NP-C. This technology involves using 'safe vectors' to deliver a normal and fully functional copy of the NPC1 gene into the cells of patients to compensate for the defective version they have."""
1,"YES ""This study investigates exactly how avb6 changes the adipocytes and fibroblasts to become helpers of cancer growth and spread but also investigates how the 5 proteins reduce the hazardous behaviour of the cancer cells so that we might find drugs that can copy their effects."""
0,"NO ""Therefore, preventing tobacco uptake is a public health priority."""
1,"**YES** The article is relevant to the inclusion criteria as it describes research related to advanced medical therapies, specifically point of care testing (POC-Cr) for detecting acute kidney injury (AKI) in pregnant women, which falls under diagnostics and drug therapy.  **Exact context from the paper:** ""The aim of this study is to work out: -How easy it is to do POC-Cr testing in pregnant or postpartum women [...] -How accurate POC-Cr testing is compared to routine blood creatinine concentration testing [...] -We will recruit 2000 pregnant women with abnormal CRADLE VSA readings. All women will have: i) POC-Cr at admission/at time of AKI event [...] Next steps: The results of this study will be used to design a large international study which will work out if POC-Cr testing can reduce the number of cases of AKI, maternal and neonatal death in low income countries."""
1,"YES The decision is based on the following context from the paper: ""This will be coupled with Visiopharm analysis software, enabling streamlined user-friendly analysis of the high dimensionality multiomic imaging data generated from the PhenoCycler-Fusion to spatially map millions of single cells, identify rare cell subpopulations and study the neighbourhoods and intercellular communication networks of different cell types."" This section indicates the use of advanced medical therapies and research methods that aim to understand disease mechanisms and identify new therapeutic targets, which falls under the inclusion criteria."
1,"YES Context: ""This project will benefit patients, clinicians, researchers and the pharmaceutical industry. It will also assist the development of the MRC UK Brain Bank Network... Researchers will benefit from this research through the direct definition of the drivers of neurodegeneration which will provide new targets for functional biology research and the development of new therapeutic strategies."""
1,"YES Context: ""Understanding the role of temperature in modulating SPN virulence will help us explain the link between viral infection and bacterial pneumonia and why outbreaks of SPN disease occur in places subject to heatwaves and extremes of temperature."""
1,"YES Context: ""Drugs which inhibit HDACs, known as HDAC inhibitors (HDACi) are used to treat epilepsy, depression and leukemia. However, the use of HDACi in patients is associated with debilitating side-effects. Given the positive therapeutic value of HDAC inhibition in numerous diseases, and the detrimental side-effects of our existing drugs, there is a strong imperative to design novel HDACi with improved specificity and alternative modes of action.""  This excerpt explicitly discusses drug therapy (HDAC inhibitors) and their applications in treating various diseases, thereby meeting the inclusion criteria for funding records related to drug therapy."
1,"YES Context: ""Our results will lead in a better understanding of nutrient- and growth factor-dependent cellular growth and will highlight the key candidates for targeting resistant cancer cells."""
1,"YES The text discusses the research focus on p53 and its relationship to non-alcoholic steatohepatitis (NASH), a condition linked to liver cancer, and highlights the potential for targeting neutrophils as a new therapeutic approach for a disease currently without approved treatment options.  Context extracted from the paper: ""Our preliminary evidence suggests that p53 may protect the liver, at least in part, by also acting to restrict neutrophil infiltration. With the proposed project, we will determine whether p53-mediated neutrophil suppression is important for protection from NASH. We will also identify periods during liver disease progression where increasing neutrophil activity strongly correlates with disease advancement, suggesting an opportunity for neutrophil-targeted intervention."""
1,"YES Context: ""Identifying novel oncogenic pathways will improve patient stratification for personalising therapy using existing agents and facilitate discovery of novel therapeutic and chemoprevention agents.""  This context describes research aimed at discovering new therapeutic targets, which aligns with the inclusion criteria related to drug therapy and advanced medical therapies."
1,"**YES** The article discusses the King's/Royal Free/UCL Gene Therapy Innovation Hub, which is focused on gene therapy manufacturing, enhancing capabilities for clinical trials, and ultimately improving therapies for various diseases. This aligns with the inclusion criteria related to advanced medical therapies and drug therapy. **Context:** ""The King's/Royal Free/UCL Hub will provide a comprehensive capability for GMP viral vector manufacturing, addressing the primary barrier to academic-led development of gene therapies."""
1,"**YES** The article is relevant as it describes research related to diagnostics and drug therapy in the context of severe dengue, which has implications for advancements in medical therapies. **Context from the paper:** ""The liver is often compromised in severe dengue patients, leading to fluid accumulation in the abdomen and local haemorrhage; indeed, biomarkers of liver dysfunction correlate with dengue disease severity and a poor prognostic outcome. The ways in which severe dengue disease affects the liver, and in particular its vasculature, are not entirely understood at a mechanistic level and might provide important clues to identify patients at high risk of developing severe disease, and new ways of developing drugs to improve patient outcomes."""
1,"**YES**  ""The study we propose will use stable (non-radioactive) isotope techniques to measure digestion and absorption, fluorescent tracers to measure leakiness of the lining of the gut, advanced immunology to study responses to molecules derived from bacteria in the gut, genomic sequencing to study the balance of bacteria in the gut, and advanced spectroscopy to analyse the function of those gut bacteria."""
1,"YES Context from the paper: ""The overall aim of this project is to understand how sensory information is normally processed by the neonatal brain, how this is affected by premature birth and whether issues in these functions lead to later sensory processing and associated neurodevelopmental disorders."""
1,"YES The context supporting this decision includes the following excerpt from the record: ""Despite promising laboratory data there have been multiple failed and expensive drug trials, and progress in improving TBI treatments has been slow."" This indicates the relevance of drug therapy in relation to TBI research. Additionally, the text describes efforts related to diagnosis and treatment approaches for traumatic brain injury, which are aligned with the inclusion criteria related to advanced medical therapies, diagnostics, and drug therapy."
0,"NO The text describes research on rhinovirus replication and the interactions between the virus and host cells, but it does not align with the specified inclusion criteria regarding advanced medical therapies, diagnostics, drug therapy, or health research related to gut health, microbiome, or nutrition. Context from the paper: ""Although rhinovirus infections are associated with huge health, economic and social costs, there is no approved antiviral or vaccine against rhinoviruses... Therefore, any discovery in this area promises to also help our understanding of other related viruses..."" This indicates a focus on understanding virus interactions rather than advanced therapies or health improvements as defined in the criteria."
1,"YES Context: ""synthetic Oxt application for the use in psychiatric diseases has received wide attention."""
1,"YES ""The new study will support the Indonesian Ministry of Health to identify the best way to deliver a new preventive regimen for the control of malaria in pregnancy called intermittent preventive treatment or IPT for short. IPT is used in most countries in Africa but not yet in Asia. With this IPT strategy, pregnant women without symptoms of malaria attending routine antenatal care in selected health facilities in Papua, Indonesia, will receive monthly treatment with a long-acting antimalarial drug called dihydroartemisinin-piperaquine (DP) that provides four weeks of prophylaxis after each dose."""
1,"YES Context justifying the decision: ""This is believed to occur due to an inappropriate inflammatory response within the lungs, followed by systemic propagation of inflammation leading to multi-organ failure."" ""If this hypothesis is correct, it has the potential to completely change the focus of investigations into VILI, and open up new avenues for the treatment of ventilated patients."" ""This study has the potential to change the focus of VILI research, and introduce new options for treatment of ventilated patients by targeting the inflamed pleural cavity."""
0,"**Answer:** YES **Context from the paper:** ""This contrasts with S. flexneri which rapidly invades cells and establishes an intracellular replication cycle in the epithelial cell cytosol where most nutrients are abundant and the bacteria are protected from both the resident microbiota and immune cell surveillance. Our work suggests a substantially different infection mechanism for S. sonnei which could influence vaccine design, public health initiatives and identify new targets for antibiotic development."""
1,"YES Context from the paper: ""AIMS: To improve future treatment programmes by better understanding how child malnutrition affects the risk of long-term (adult) NCD. OBJECTIVES: 1) To understand how the speed and pattern of post-malnutrition weight gain affects the risks of adult NCD 2) To develop simple blood/urine tests to predict which survivors of child malnutrition are most at risk of future NCD."""
1,"YES ""The blockage is usually made up of thrombus or blood clot, which may have formed where the blood vessel is already narrowed by fatty deposits which develop as people age. Sometimes, the thrombus may instead have formed within the heart or large blood vessels soon after they leave the heart, with the thrombus then being carried in the blood stream until reaching and blocking a smaller diameter blood vessel within the head.""  ""The breakdown of the thrombus will be measured by weighing it after the drugs are applied to the thrombus in a 'test tube', as the amount of thrombus which remains will decrease and weigh less as the thrombus is broken down.""  ""This could pave the way towards a human clinical trial to properly compare the efficacy of using a combination treatment of rt-PA and a DNA-targeting drug against the efficacy of using the standard current treatment of rt-PA alone."""
1,"YES The article is relevant because it discusses the research related to causal inference theory in the context of clinical trials, specifically focusing on treatment effects, which falls under the category of advanced medical therapies and drug therapy. Context for decision: ""The aim of this research is to apply the concepts and statistical estimation methods developed in modern causal inference theory to the problem of estimand definition and estimation in randomised trials.""  Additional relevant context: ""This research will use causal inference theory to precisely define treatment effects (estimands) in the presence of the various issues described earlier."""
1,"YES Context from the paper: ""Ultimately, we hope that these results may also indicate a possible route for therapeutic intervention to counteract the effects of autoantibodies and alleviate the ME/CFS symptoms using a combination of already existing drugs, specific for each individual case."""
1,"YES ""The information we obtain in this project will allow us to gain a much better understanding of how MTB causes infection and will provide important scientific advances that will enable us to develop better treatments for people in the future."""
1,"**YES** Context: ""The disease is characterised by movement disturbances, cognitive impairments, and psychiatric symptoms and there is currently no disease-modifying treatment. [...] We hypothesise that epigenetic mechanisms contribute to the manifestation of HD and plan to use state-of-the-art genomic technology and computational approaches to undertake the most comprehensive study of epigenetic mechanisms in HD brain to date.""  This record is relevant as it describes research related to Huntington's disease, a neurodegenerative condition, and mentions advanced therapies and diagnostics methods using genomic technology, which falls within the inclusion criteria."
1,"YES ""The approaches have potential to lead to the treatment of a much broader range of blinding diseases. Optogenetic therapy could become a universal treatment and restore vision in any late stage retinal degeneration irrespective of genetic cause."""
1,"YES Context from the paper: ""My proposal focuses on developing and optimising an accessible toolkit for generating and interpreting rabies virus genetic sequence data, supporting the global strategy to achieve zero human rabies deaths from rabies spread by domestic dogs by 2030.""  ""Yet genomic surveillance is typically applied to emerging diseases with pandemic potential (e.g. SARS-COV-2) in high-income countries. I propose repurposing genomic surveillance for endemic zoonoses, diseases that spread from animals to people, such as rabies, that inflict a major preventable disease burden in many low- and middle-income countries.""  ""These tools will constitute methodological advances in sequencing methods, including testing SMART-N9, a new metagenomic sequencing approach for viral pathogens; the development of deployable bioinformatic pipelines and easy-to-use software to aid non-bioinformatic users in the analysis of genomes."""
1,"YES Context from the paper: ""We will measure how the lung matrix changes after exposure to aero-allergens... As CLPs contribute to the initiation of remodelling, we will investigate whether interfering with CLPs changes the behaviour of cells important for initiating lung remodelling... This research will allow us to identify future targets for making drugs that can reverse remodelling in asthma."""
1,"YES Context from the paper: ""We will work with an industry partner to test an oral kisspeptin based drug that is still in development, as well as other recently developed kisspeptin receptor stimulators."" and ""This work will enable us to develop treatment protocols using kisspeptin or kisspeptin-like drugs that will improve the care of patients suffering from reproductive disorders."""
1,"YES Context: ""My research will address the existing knowledge gaps that hamper a deeper understanding of arenavirus interactions with human host cells and the urgent need to identify novel anti-viral therapeutic options... thus opening up potential avenues for targeted therapeutic strategies."""
1,"YES Context from the paper: ""The aim of this proposal is an early-phase clinical trial of T cell gene therapy which may offer XLP patients a long-term treatment option."""
