title,fulltext,description,media,decision,reviewed,resolved_link,link,date,min_page,appearances,Column1,ID,queries,tiabs
Major breast cancer screening AI trial to begin - BBC.com,"Nearly 700,000 women are to be recruited to take part in an NHS artificial intelligence (AI) breast cancer screening trial across the UK.

Five different AI platforms will be tested across 30 sites from April to see if the technology can speed up diagnosis as well as free up radiologists.

It comes as the government launches a call for evidence to help it shape its national cancer plan, which is due to be launched later this year.

AI is already being tested in the NHS in a variety of ways, including helping to deliver cancer treatment, managing waiting lists and checking cancer scans. However, this is the biggest trial yet covering breast cancer.",Major breast cancer screening AI trial to begin - BBC.com,BBC.com,1,yes,https://www.bbc.com/news/articles/cly7gx2gx3eo,https://accounts.google.com/ServiceLogin?hl=en-US&continue=https://news.google.com/rss/articles/CBMiWkFVX3lxTE1ZRkZkbGI3ODZDV2VZYkFURFZLMHlUTF9ja1VGMjFoeHhucWZZckxHSndjVUd2ZGdkUUlhMUhheURHOFFVc1FqMGVIcjdJTGNjWTdVYWZwR1hSQdIBX0FVX3lxTE5McFlwOEFDMVl0OU1zSUtsNjJtQ3p0Qk9oRmJ0dXQxTXpkR0pSc1V6RXBNX2JJYXhxMERRN0Z5UnIzcjUwb0hTeE1IWW9reWhnM1pNQXdRTkh4OEhQTVhz?oc%3D5&gae=cb-,2025-02-04 01:55:03+00:00,1,5,Date: 05 Feb,1,"Health screening,Cancer screening,Early detection,AI health Screening,Early diagnosis","Major breast cancer screening AI trial to begin - BBC.com Nearly 700,000 women are to be recruited to take part in an NHS artificial intelligence (AI) breast cancer screening trial across the UK. Five different AI platforms will be tested across 30 sites from April to see if the technology can speed up diagnosis as well as free up radiologists. It comes as the government launches a call for evidence to help it shape its national cancer plan, which is due to be launched later this year. AI is already being tested in the NHS in a variety of ways, including helping to deliver cancer treatment, managing waiting lists and checking cancer scans. However, this is the biggest trial yet covering breast cancer."
NHS to launch world’s biggest trial of AI breast cancer diagnosis - The Guardian,"The NHS is launching the world’s biggest trial of artificial intelligence to detect breast cancer, which could lead to faster diagnosis of the disease.

AI will be deployed to analyse two-thirds of at least 700,000 mammograms done in England over the next few years to see if it is as accurate and reliable at reading scans as a radiologist.

If it proves successful, hospitals may no longer need to use two radiologists to study every mammogram for signs of breast cancer – the “second reader” system designed to ensure nothing is missed.

Instead, it may be safe to have just one radiologist reading the scan, with AI offering a second opinion. If that happens, it would free up many specialist doctors to do other work – and shorten the time patients have to wait to hear the outcome of diagnostic tests such as X-rays and MRIs.

The Department of Health and Social Care (DHSC) unveiled the trial, alongside confirmation that it is drawing up a new dedicated cancer plan to improve diagnosis and treatment, to mark World Cancer Day on Monday.

A previous smaller study of AI and breast cancer in Sweden in 2023, involving about 80,000 women, found that AI is safe to use, can reduce radiologists’ workload by around half and does not lead to an increase in “false positives” – erroneous detections of symptoms of the disease.

In the new trial, five different sorts of AI will read about 462,000 of the 700,000 mammograms done at 30 breast cancer screening centres, starting later this year. The other 238,000 scans will be read in the usual way by two radiologists and the two sets of results compared.

“This landmark trial could lead to a significant step forward in the early detection of breast cancer, offering women faster, more accurate diagnoses when it matters most,” said Prof Lucy Chappell, the DHSC’s chief scientific adviser and chief executive of the National Institute for Health and Care Research, which is funding the £11m study.

Samantha Harrison, the head of strategic evidence at Cancer Research UK, said: “More cancer cases are diagnosed every year, and innovations like this could help reduce pressure on NHS staff and cut waiting lists. We need more research to understand how AI could help with cancer screening, so it’s fantastic to see the UK government funding this trial.”

Prof Katharine Halliday, the president of the Royal College of Radiologists, said AI has “immense potential” to help doctors manage the growing demand for diagnostic tests, cancer care and the NHS as a whole.

“However, while AI holds great promise, it also carries major risks”, she added, acknowledging concerns that AI algorithms would need to be very carefully designed so they produce equally reliable results for different groups of women regardless of their ethnic background.

She also voiced concern that, while the trial is not due to produce results for several years, the longstanding shortfall in consultants in the NHS is expected to reach 40% by 2028.

Wes Streeting, the health secretary, said he will publish a detailed national cancer plan that is intended to “unleash Britain’s potential as a world leader in saving lives from this deadly disease”.

The Guardian disclosed in September that he was considering doing so, in a break from the Conservatives’ controversial decision to publish a “major conditions strategy”, covering all the major killers, instead of separate strategies for specific diseases.",NHS to launch world’s biggest trial of AI breast cancer diagnosis - The Guardian,The Guardian,1,yes,https://www.theguardian.com/society/2025/feb/04/nhs-to-launch-worlds-biggest-trial-of-ai-breast-cancer-diagnosis,https://accounts.google.com/ServiceLogin?hl=en-US&continue=https://news.google.com/rss/articles/CBMisgFBVV95cUxQX09JY2dxcFdhajBGZVRwMTVqUGVjVTJ1eDQ3QWI5SjdtNF9Ha09EMUlhdTVuNDBFQXNid3p0ajZmZFA3T3otbGZJWXkzMWV1M3RUYVcyeHAzWkljUDBOdHZPX3N2SmlrMnU3R2Y0eXpkUFFuOGMzUDViRmRrMTRhSjZ2Sm51dHVmeVYtQUo4WGhRN2RTV0g3SDhoWnhFOFNfLVcwQTFSdG5qeDh0MUZfV25n?oc%3D5&gae=cb-,2025-02-04 00:00:00+00:00,1,2,Date: 05 Feb,39,"Cancer screening,AI disease Detection","NHS to launch world’s biggest trial of AI breast cancer diagnosis - The Guardian The NHS is launching the world’s biggest trial of artificial intelligence to detect breast cancer, which could lead to faster diagnosis of the disease. AI will be deployed to analyse two-thirds of at least 700,000 mammograms done in England over the next few years to see if it is as accurate and reliable at reading scans as a radiologist. If it proves successful, hospitals may no longer need to use two radiologists to study every mammogram for signs of breast cancer – the “second reader” system designed to ensure nothing is missed. Instead, it may be safe to have just one radiologist reading the scan, with AI offering a second opinion. If that happens, it would free up many specialist doctors to do other work – and shorten the time patients have to wait to hear the outcome of diagnostic tests such as X-rays and MRIs. The Department of Health and Social Care (DHSC) unveiled the trial, alongside confirmation that it is drawing up a new dedicated cancer plan to improve diagnosis and treatment, to mark World Cancer Day on Monday. A previous smaller study of AI and breast cancer in Sweden in 2023, involving about 80,000 women, found that AI is safe to use, can reduce radiologists’ workload by around half and does not lead to an increase in “false positives” – erroneous detections of symptoms of the disease. In the new trial, five different sorts of AI will read about 462,000 of the 700,000 mammograms done at 30 breast cancer screening centres, starting later this year. The other 238,000 scans will be read in the usual way by two radiologists and the two sets of results compared. “This landmark trial could lead to a significant step forward in the early detection of breast cancer, offering women faster, more accurate diagnoses when it matters most,” said Prof Lucy Chappell, the DHSC’s chief scientific adviser and chief executive of the National Institute for Health and Care Research, w"
Over 50s urged to act now on 'big four' health factors - BBC.com,"People approaching 50 should be aware of ""the big four"" factors when it comes to keeping healthy in later life, Gloucestershire's NHS deputy chief medical officer has said.

GP Dr Hein Le Roux has urged those reaching mid-life to take advantage of screenings, including those for breast and bowel cancer, which become available to most people from 50 onwards.

Smoking less, drinking sensibly, exercising, and taking care with your diet are all things Dr Le Roux recommended to decrease the chances of major health issues occurring later in life.

""If you look after yourself now, it will really help as you get older and more frail,"" he said.",Over 50s urged to act now on 'big four' health factors - BBC.com,BBC.com,0,yes,https://www.bbc.com/news/articles/cly5d7e5kxno,https://accounts.google.com/ServiceLogin?hl=en-US&continue=https://news.google.com/rss/articles/CBMiWkFVX3lxTE9xUi1YTmR1djBROUZXam5Hb191RDM1UGRhWFRRRzhKN3h2NG1yZDJ5eWRMVFRUOHZjbzlic0JKOG45SnZFZ1RKczVwd1VSZjlpM0wyaGt2RWtLd9IBX0FVX3lxTFBYMWZLV18zNk8wcTAzT19tYlBiQ0VCRTN5R1FpZWgzU18xbjd1dVY5SE1idDJCMkVZZE5VUlR4dkNqTmM1bFlVWHBqM2FiWmRDbURpOHlvYm5ScmtJRkxF?oc%3D5&gae=cb-,2025-02-03 06:09:58+00:00,1,1,Date: 05 Feb,53,Health screening,"Over 50s urged to act now on 'big four' health factors - BBC.com People approaching 50 should be aware of ""the big four"" factors when it comes to keeping healthy in later life, Gloucestershire's NHS deputy chief medical officer has said. GP Dr Hein Le Roux has urged those reaching mid-life to take advantage of screenings, including those for breast and bowel cancer, which become available to most people from 50 onwards. Smoking less, drinking sensibly, exercising, and taking care with your diet are all things Dr Le Roux recommended to decrease the chances of major health issues occurring later in life. ""If you look after yourself now, it will really help as you get older and more frail,"" he said."
The 5 dangerous prostate cancer myths you probably believe - from rectal exams to missed symptoms - The Sun,"IT’S a disease that only affects old men. Wrong. You won’t die of it, you die with it. Wrong again!

Prostate cancer is the most common cancer in England, overtaking breast cancer for the first time since 2019.

4 Prostate cancer kills more than 12,000 men every year, according to Cancer Research UK Credit: Getty

New NHS figures show 55,033 men were diagnosed in 2023, compared to 47,526 cases of breast cancer.

A catch-up campaign to detect cases missed during Covid lockdowns, and awareness fuelled by cycling legend Sir Chris Hoy revealing his terminal diagnosis, have increased patient numbers.

Yet, while awareness is rising, many dangerous myths persist about a disease that kills more than 12,000 men every year, according to Cancer Research UK - the equivalent of 33 lives lost each day.

“The biggest myth of all when it comes to prostate cancer is you won’t die of it, you die with it,” leading expert, Professor Nick James of the Institute of Cancer Research and The Royal Marsden tells Sun Health.

“The other common myth is the idea that if you don’t have symptoms, you don’t have prostate cancer.

“In the early stages of disease, there are rarely symptoms.

“It’s only when it’s spread, like in the case of Sir Chris Hoy, that you might get symptoms like he did, in his shoulder, or changes to toilet habits.”

Here, with the help of Prof James we get to the bottom of five common myths…

MYTH #1: Prostate cancer only affects old men, you won’t die of it - you die with it

LIKE all cancers, you can be diagnosed with a prostate tumour at any age.

It’s true that the disease is more common in older men, with around a third (34 per cent) of cases each year diagnosed in men aged 75 and over, according to CRUK.

Sir Chris Hoy speaks about his terminal prostate cancer diagnosis which he received last year

But flip that and two-thirds of cases are in the under-75 age group.

Sir Chris Hoy was just 47 years old when he was diagnosed with the disease in September, 2023. He revealed late last year that he has two to four years to live.

So where does this idea that ‘you won’t die of prostate cancer, but with it’ come from?

Prof James says: “When you perform post mortems on men who have died of any cause - even men in their 30s and 40s - you will often find they have traces of prostate cancer.

“Of men in their 80s, 80 to 90 per cent will die with some evidence of prostate cancer, while around 1 to 2 per cent will die of it.

“So, it is true that most men will die with it, usually without ever knowing they had it.”

But, he’s quick to point out that of the roughly 50,000 men diagnosed each year, one in five - including young men - will die of their disease.

“Sadly it’s probably the case that Sir Chris will die of prostate cancer,” says Prof James, who was named by the cycling legend in his book, All That Matters, as one of the team caring for him.

“He may live for many years, but the likelihood is that he will die prematurely and lose significant life years.”

MYTH #2: If I don’t have symptoms, I don’t have prostate cancer

4 Like all cancers, you can be diagnosed with a prostate tumour at any age Credit: Alamy

WHEN it comes to cancer, there’s no doubt that knowledge is power.

So recognising the signs and symptoms is vital - and can be the difference between an early diagnosis when the disease is treatable, and late diagnosis, which invariably leads to premature death.

But, some cancers are altogether more sneaky, hiding deep inside the body and giving very little clue as to their existence or whereabouts.

Prostate cancer is a prime example, Prof James explains.

“Tumours tend to arise on the outer surface of the prostate,” he says.

“The middle of the prostate, which sits around the urethra (the tube you pee through), is not commonly affected in the earliest stages of disease.

“So, for a man’s urine flow to be affected by prostate cancer, it has to be quite a large tumour.

“As a result, the earliest prostate cancers don’t tend to show any noticeable symptoms.”

As the disease progresses and a tumour does begin to encroach on the urethra, symptoms can begin to rear their ugly heads.

You might notice:

Difficulty starting to pee or emptying your bladder

A weak flow when peeing

A feeling that your bladder hasn’t emptied properly

Dribbling urine after you finish peeing

Needing to pee more than usual, especially at night

A sudden need to urinate, sometimes leaking before reaching the loo.

Blood in the urine or semen (not so common with prostate cancer but always important to investigate)

And if the cancer breaks out of the prostate, spreading to other parts of the body, it can cause:

Back, hip or pelvic pain

Problems getting or keeping an erection

Leg or scrotal swelling

Unexplained weight loss.

Sir Chris’s case once again serves to offer a stark warning to others.

Thinking he had tendonitis in his shoulder, the Olympian was sent for a scan. It revealed a tumour, and further tests traced his disease back to its primary source, his prostate.

By the time it was detected in September 2023, his disease had metastasised - spreading to his bones, hip, spine and rib.

Prof James, says: “If you are diagnosed with metastatic prostate cancer, we can help but invariably it is too late to cure it.”

MYTH #3: Screening doesn’t work

TO screen or not to screen for prostate cancer - that <is> the question.

The NHS screens for breast and bowel cancer (over the age of 50) and cervical cancer from the age of 25 to 64.

4 Debate has raged for years over whether or not the PSA blood test is reliable enough to be rolled out as a mass screening tool Credit: Getty

But currently there is no national screening programme to detect prostate cancer.

A test does exist, but debate has raged for years over whether or not the PSA blood test is reliable enough to be rolled out as a mass screening tool.

It looks for high levels of a protein that can indicate prostate cancer.

The problem? A raised PSA level can also be caused by other things, non-cancerous or benign enlargement of the prostate, which is common as men get older, for example.

Prof James explains: “The debate around screening often throws up two fears, over-diagnosis and over-treatment.

“It’s true that if you just use PSA testing, there is a risk that you will diagnose men who never go on to develop significant disease, and in those with this so-called low-grade disease you then run the risk of over treating them.

“That is certainly what screening trials conducted 20 years ago showed - but a lot has changed since then.”

Once upon a time the route to diagnosis went: PSA test to biopsy via the rectum, which comes with a risk of sepsis, and lethal sepsis in rare cases.

But in recent years, a major development has made all the difference, Prof James says.

“Significantly we can now use MRI scans before a biopsy, which will show up if there is a lesion or not.

“It means many men won’t go on to have unnecessary biopsies.

“Of the men referred to our clinic, only half go on to need a biopsy.”

It’s true that if you just use PSA testing, there is a risk that you will diagnose men who never go on to develop significant disease Prof James

And the beauty of the MRI at this stage is that it arms urologists with vital information.

“The scans ensure that we can biopsy the right bits of the prostate, instead of going in blind,” Prof James says.

So what’s the reality on the ground in the NHS right now, with regards to PSA testing?

Simply put, Prof James says we’re missing many men who are at greatest risk of prostate cancer.

“The guidelines lean towards using PSA testing in men concerned about symptoms, and only if they request it,” he explains.

“But symptoms are very poor identifiers of disease, and crucially many men don’t get symptoms until it’s too late.

“The result is we test a lot of older men who get symptoms from benign enlargement of the prostate, and we don’t test men in their 50s at high risk.”

In the aftermath of Sir Chris’s emotive interview in The Sunday Times, where he revealed his terminal diagnosis and called for prostate screening for men in their 50s, Health Secretary Wes Streeting has instructed the National Screening Committee to re-review the data.

Prof James is clear, we should be screening for prostate cancer on the NHS.

“There are easy things we could do now,” he says.

“If you are black or African heritage, it is worth doing a PSA test from the age of 45 onwards.

“Similarly, if you have a strong family history of prostate cancer - that is one or more male relatives who needed treatment for the disease under the age of 60 to 65, or a first degree relative who had breast or ovarian cancer young, it is worth having a PSA from 45.

“I would also put in place screening for all men from the age of 50 but stop it at 65.”

4 By the time Sir Chris Hoy's prostate cancer was detected in September 2023, his disease had metastasised - spreading to his bones, hip, spine and rib. Credit: Getty

It feels like a no-brainer, but barriers to introducing a national programme exist.

Cost is a factor, but logistics also have to be taken into account.

You can’t just introduce PSA tests for all men over 50 without considering the need for further diagnostic tests in the form of MRI scans and biopsies.

You need to ensure you have the workforce to perform these tests, and it is also vital to increase treatment capacity, to ensure that all those diagnosed can receive the care they need.

While we await a final decision on screening, it is vital all men educate themselves on the main risk factors, Prof James says.

Men with a family history of prostate cancer - Sir Chris’s father and grandfather had the disease - and black men should certainly consider being tested.

And healthy men aged 50 to 65 can, and should, request a PSA.

If you have any of these risk factors, or symptoms speak to your GP.

MYTH #4: Testing requires a rectal exam

UTTER the word prostate cancer around most men, and they’ll likely wince.

Back in the day, it’s true… doctors testing for the disease were likely to pop on a bright blue surgical glove and perform a rectal exam, to check for any enlargement up there.

But those days are long gone, Prof James reassures.

“I have had several PSA tests and I have never had a rectal exam,” he says.

“The only time it might be necessary to have a rectal exam these days is if there is a very good reason to believe someone has cancer.

“If you have a raised PSA test, you still have to go through an MRI scan to determine if you need a biopsy.

“MRI scans pick up lesions and in many cases, men with raised PSA tests won’t go on to need a biopsy or any further tests.

“For those that do need a biopsy, a trans-rectal probe is part of the procedure but biopsies are now via the perineum under local anaesthetic as it is safer. These are only carried out if there is a strong suspicion of cancer that requires treatment.

“Whatever happens, there is certainly no need for a doctor to manually perform rectal exams anymore. It’s a completely useless test that should no longer be done.”

Cue a collective sigh of relief!

MYTH #5: Treatment will destroy your sex life and leads to incontinence

THE prostate is a walnut-sized gland that forms part of the male reproductive system.

It adds fluid to semen and helps with ejaculation.

As a result, treatment can affect a patient’s sex life and continence.

But, Prof James points out, it is not a foregone conclusion.

“If you have cancer that is significant enough to treat, and you have surgery, there are risks of incontinence,” he says.

“Roughly speaking, after surgery around one in five men are not quite water tight and need a pad to soak up leaks when they cough, for example.

“Only a very small number of men are left properly incontinent, it is really rare.

“And flip that figure, and four in five men will recover and be completely dry.”

So what’s the verdict on your sex life?

“The nerves that control a man’s erection are situated on the back of the prostate,” Prof James explains.

“So there is a chance that during surgery to remove a cancer you may have to sacrifice or compromise those nerves.

“It depends on the severity of the cancer, its size and location.

“Most men will experience some erectile dysfunction after surgery, and post-surgery and without a prostate orgasm will feel different.

“So it may alter a man’s sex life but it won’t completely destroy it.”

One in eight men will get prostate cancer The risk of developing prostate cancer depends on many factors, here are some of the facts about the disease and how many men it affects. One in eight men will get prostate cancer in their lifetime

It is the fourth most common cancer worldwide, and the most common in men

There are 55,000 new cases every year in the UK, and 1.4million globally

Around 12,000 people lose their lives to prostate cancer annually in the UK and almost 400,000 around the world

Prostate cancer accounts for 28 per cent of all new cancer cases in men in the UK, and 14 per cent of all new cancer cases in men and women combined

Prostate cancer survival has tripled in the last 50 years in the UK

More than three-quarters (78 per cent) of patients survive for 10 or more years

About 490,000 men are living with and after prostate cancer in the UK

It is most common in men aged 75 to 79

Since the early 1990s, cases have increased by 53 per cent in the UK

Mortality rates are up 16 per cent since the early 1970s in the UK

Incidence rates are projected to rise by 15 per cent in the UK between 2023 to 2025 and 2038 to 2040

Mortality rates are expected to fall five per cent in the UK over the same years Source: Prostate Cancer UK, World Cancer Research Fund International and Cancer Research UK

What’s important to note, is that surgery is not the only option.

Other treatments include radiotherapy and hormone treatment - where testosterone levels are suppressed for a period of time.

While hormone treatment will affect a man’s libido, treatment for low-grade early cancers that involve just radiotherapy don’t come with the same risks of surgery.

“In those cases a man’s sex life is better preserved than after surgery,” Prof James adds.

“But for many men, surgery is a more attractive option because they want the cancer gone.”

The debate over treatment side effects serves to reinforce one of the most pertinent messages in all cancer care: that early diagnosis is vital.

Not only does it save lives, but the earlier a cancer is caught the more likely it is a patient will avoid prolonged treatment.

In the case of prostate cancer, once the disease has spread a patient will need to be on hormone therapy, plus other treatments like chemotherapy for years - usually the rest of their lives.

“While it’s possible for these patients to live for years, their lives will never be the same,” Prof James says.

“That’s why we want to diagnose men before their cancer has had a chance to spread.”",The 5 dangerous prostate cancer myths you probably believe - from rectal exams to missed symptoms - The Sun,The Sun,0,yes,https://www.thesun.co.uk/health/33166093/the-5-dangerous-prostate-cancer-myths/,https://accounts.google.com/ServiceLogin?hl=en-US&continue=https://news.google.com/rss/articles/CBMihgFBVV95cUxOcW1hanRodHoyeG5hSjdFSENvbURTNmRrOWU1dlhXTEtta3ltVWVJblpXWXUxSUpMWDdrV2JNOWY3NmI2RmhOYVJjUEVCVDNuQjlWc3R1MkhMMEVLc0RxWHBya0ExMXlnellpcXVENFdVMzlCY0NKWThhNDVlMU5WZG1vZ0h5Zw?oc%3D5&gae=cb-,2025-02-04 12:26:42+00:00,2,1,Date: 05 Feb,194,Mass screening,"The 5 dangerous prostate cancer myths you probably believe - from rectal exams to missed symptoms - The Sun IT’S a disease that only affects old men. Wrong. You won’t die of it, you die with it. Wrong again! Prostate cancer is the most common cancer in England, overtaking breast cancer for the first time since 2019. 4 Prostate cancer kills more than 12,000 men every year, according to Cancer Research UK Credit: Getty New NHS figures show 55,033 men were diagnosed in 2023, compared to 47,526 cases of breast cancer. A catch-up campaign to detect cases missed during Covid lockdowns, and awareness fuelled by cycling legend Sir Chris Hoy revealing his terminal diagnosis, have increased patient numbers. Yet, while awareness is rising, many dangerous myths persist about a disease that kills more than 12,000 men every year, according to Cancer Research UK - the equivalent of 33 lives lost each day. “The biggest myth of all when it comes to prostate cancer is you won’t die of it, you die with it,” leading expert, Professor Nick James of the Institute of Cancer Research and The Royal Marsden tells Sun Health. “The other common myth is the idea that if you don’t have symptoms, you don’t have prostate cancer. “In the early stages of disease, there are rarely symptoms. “It’s only when it’s spread, like in the case of Sir Chris Hoy, that you might get symptoms like he did, in his shoulder, or changes to toilet habits.” Here, with the help of Prof James we get to the bottom of five common myths… MYTH #1: Prostate cancer only affects old men, you won’t die of it - you die with it LIKE all cancers, you can be diagnosed with a prostate tumour at any age. It’s true that the disease is more common in older men, with around a third (34 per cent) of cases each year diagnosed in men aged 75 and over, according to CRUK. Sir Chris Hoy speaks about his terminal prostate cancer diagnosis which he received last year But flip that and two-thirds of cases are in the under-75 age g"
World Cancer Day 2025: key signs and symptoms you shouldn't ignore - Evening Standard,"It is estimated that more than three million people in the UK are living with cancer, with someone diagnosed every 90 seconds. Cancer charity Macmillan says about 167,000 people die from the disease in the UK each year — an average of 460 lives lost every day.",World Cancer Day 2025: key signs and symptoms you shouldn't ignore - Evening Standard,Evening Standard,0,yes,https://www.standard.co.uk/news/health/world-cancer-day-2025-early-signs-b1208968.html,https://accounts.google.com/ServiceLogin?hl=en-US&continue=https://news.google.com/rss/articles/CBMijwFBVV95cUxONUtVYVpPS3VUSWdjM0MtMUVRckdYQ0w3Z256b1ktbUVVWlZ5X1Qzal8zcHJxSk55Z21NNVNJTmhPVWUxdS15MHRndWN6Skt2cFNMWGNPeGtjc0NGVk9teGEzazJSbXk2c19YMXY3MW1VOTlZSGtYb1pxTUptd0d1WGpvWDRWOHhHODZfc2UxWQ?oc%3D5&gae=cb-,2025-02-04 13:05:45+00:00,7,2,Date: 05 Feb,568,"Early detection,Early diagnosis","World Cancer Day 2025: key signs and symptoms you shouldn't ignore - Evening Standard It is estimated that more than three million people in the UK are living with cancer, with someone diagnosed every 90 seconds. Cancer charity Macmillan says about 167,000 people die from the disease in the UK each year — an average of 460 lives lost every day."
"New £20 DIY health test could prevent 136,000 deaths a year – and it takes just 10 minutes... - The Sun","A NEW DIY health test costing just £19.99 could help catch killer heart disease in its tracks - and prevent up to 136,000 deaths a year.

Cardiovascular disease (CVD) is one the leading causes of death in the UK, claiming 170,000 lives each year.

1 PocDoc's Healthy Heart check test has been rolled out across 700 Well pharmacies and is available online Credit: Well

But picking it up early through screening could prevent up to 80 per cent of these deaths.

Now, an at-home heart health check available in hundreds of pharmacies could make detecting CVD early easier.

Costing just £20, the 'Healthy Heart Check' was launched online and in 700 Well pharmacies.

Heart and circulatory disease tends to be spotted through blood pressure and cholesterol tests carried out by a GP, often as part of an NHS Health Check.

It may also require checks like a chest X-ray, an electrocardiogram or MRI.

The DIY test - made by digital health diagnostics company PocDoc - provides users with a full cholesterol profile, body mass index (BMI) score, heart age, and a 10-year risk assessment for heart attacks and strokes, using only a small blood sample from a finger prick.

According to PocDoc, it can ""dramatically reduce the time it typically takes to arrange, undertake, and receive outcomes from a standard blood test"", providing ""instant results"".

Cardiovascular disease includes conditions that narrow or block blood vessels, also known as coronary heart disease.

This can heighten your risk of heart attack, angina and some strokes, according to the British Heart Foundation.

Taking the test involves downloading the PocDoc app before collecting a small blood sample, dropping it into the test kit and waiting seven minutes.

The easy-to-miss signs of deadly heart problems

After that, all you need to do is to take a photo of the reading with your phone and load it onto the app.

Results are processed within 10 minutes.

After that, you can share any issues picked up during the test directly with a GP via the NHS app.

Steve Roest, CEO and co-founder of PocDoc, said: “CVD is the UK’s biggest killer, but prevention is the key to beating it.

""Our patented technology helps people detect issues earlier, faster, and with less hassle.

“Pharmacies like Well are vital to making health testing more accessible. They’re at the heart of communities, and this partnership ensures more people – especially those at greatest risk – can take charge of their heart health.”

Andrew Caplan, Chief Retail Officer at Well Pharmacy, commented: “We are always seeking innovative ways to support the communities we work in, and PocDoc’s Healthy Heart Check is a perfect example.

""It’s a game-changer, empowering people to take proactive steps to prevent serious conditions like cardiovascular disease.""

How to reduce your risk of heart attacks and stroke You can reduce your risk of heart attack and stroke with many of the same methods. Heart attacks and strokes, althouh affecting different organs of the body, are both what we call cardiovascular events. Both arise from similar underlying conditions, such as atherosclerosis —a buildup of fatty deposits in the arteries. According to the American Heart Association, the risk factors for heart attacks and strokes are largely the same: high blood pressure, high cholesterol, smoking, obesity, physical inactivity, and diabetes. Therefore, addressing these risk factors can simultaneously reduce the risk of both conditions. Here are ways you can prevent the two: Healthy diet More fruit and veg: The DASH, which emphasises fruit, vegetables, whole grains, and lean proteins, has been shown to reduce blood pressure and improve heart health.

Less fats: Too much saturated and trans fats can raise cholesterol levels and increase the risk of atherosclerosis. Go for healthier fats like those found in olive oil, nuts, and avocados.

Limit salt: High salt intake is linked to high blood pressure, a major risk factor for both heart attack and stroke. The NHS recommends no more than 6g of salt per day for adults.

Fibre: Foods high in soluble fibre, such as oats and beans, can help lower cholesterol levels. Exercise Walking, running, cycling, swimming - whatever you like, do it! Aerobic exercise can strengthen the heart and improve circulation. The NHS advises at least 150 minutes of moderate-intensity aerobic activity or 75 minutes of vigorous-intensity activity each week. Strength training exercises can help control weight, improve cholesterol levels, and reduce blood pressure. It is recommended twice a week by the NHS. Manage blood pressure Healthy diet and exercise can help keep your blood pressure in check. But it is worth monitoring it yourself after the age of 40, at least, when the NHS invites adults for a check-up every five years. High blood pressure often has no symptoms but significantly increases the risk of heart attack and stroke. Quit smoking One of the best ways to quit smoking is to use resources provided by NHS Smokefree. Support groups, medications, and other tools to help quit smoking such as vapes could be what you need to kick the habit for good - and it's free. Limit booze Excessive alcohol consumption can increase blood pressure and contribute to weight gain, which can snowball and become a heart health risk. The NHS recommends not regularly drinking more than 14 units of alcohol per week.

He added that Well looks forward to exploring further opportunities with Well in the future.

The exact cause of CVD isn't clear, but there are lots of things that can increase your risk of getting it.

This includes conditions such as high blood pressure and high cholesterol.

When your blood pressure is too high, it can damage your blood vessels, while a buildup of fatty substances in the blood can cause vessels to narrow and increase the risk of developing a blood clot - which could lead to heart attacks or strokes.

Diabetes or kidney disease may also up your risk of developing CVD.

Not exercising regularly, being overweight or obese and smoking, eating unhealthily and drinking excessively can play a role too.

If a parent or sibling had a heart attack or developed angina before the age of 60, your risk of developing CVD is increased.

The condition is also more common in people over the age of 50 - your risk of developing CVD tends to increase as you get older.","New £20 DIY health test could prevent 136,000 deaths a year – and it takes just 10 minutes... - The Sun",The Sun,1,yes,https://www.thesun.co.uk/health/33170273/diy-heart-health-test-could-prevent-deaths-cardiovascular-disease/,https://accounts.google.com/ServiceLogin?hl=en-US&continue=https://news.google.com/rss/articles/CBMiqwFBVV95cUxNV0JyMmpKa3c5MnlCeEJudjBmcUJTN280Vlk0d2R2WVNPVnZicUZCVXYzbTJIYXZmZDFLc1dpSC1NdV9wQ1RRSlJ1N0VPUDlhQm1IWlM1a3JjQXRCRlZqeFlYNlRQaFhfLXdqTW9ETGNRWDVWZEVVQTVhV3phRHl2NTBaaXB3NVFrVmFQeURSWV8ydkp2T1RxR2xjMlJpLU9MTTdUYjZWb2xMalXSAbABQVVfeXFMUHRyYjlTV1NfMm12VDlLalZIQjBGS0xScTlBQUFtMFZLQUktMGRzWnBjYTRBalFURDZLMEZzaGE3cWQ3bEt2LWl5cmVTX3RZVVY3Yy1mOVJRQzBQa2QwNU1xc1M1cXNkbjhZNzN0TVQtRUxOUllhNDdwSDZZenJXSUtQNlpjRXg2Q3RKY0tIVFNHZW5LNmdDSWI4NnE4Q3NRMHc3TmQ4VzhnSi1rNkZ3dVk?oc%3D5&gae=cb-,2025-02-03 16:59:46+00:00,7,1,Date: 05 Feb,576,Health screening,"New £20 DIY health test could prevent 136,000 deaths a year – and it takes just 10 minutes... - The Sun A NEW DIY health test costing just £19.99 could help catch killer heart disease in its tracks - and prevent up to 136,000 deaths a year. Cardiovascular disease (CVD) is one the leading causes of death in the UK, claiming 170,000 lives each year. 1 PocDoc's Healthy Heart check test has been rolled out across 700 Well pharmacies and is available online Credit: Well But picking it up early through screening could prevent up to 80 per cent of these deaths. Now, an at-home heart health check available in hundreds of pharmacies could make detecting CVD early easier. Costing just £20, the 'Healthy Heart Check' was launched online and in 700 Well pharmacies. Heart and circulatory disease tends to be spotted through blood pressure and cholesterol tests carried out by a GP, often as part of an NHS Health Check. It may also require checks like a chest X-ray, an electrocardiogram or MRI. The DIY test - made by digital health diagnostics company PocDoc - provides users with a full cholesterol profile, body mass index (BMI) score, heart age, and a 10-year risk assessment for heart attacks and strokes, using only a small blood sample from a finger prick. According to PocDoc, it can ""dramatically reduce the time it typically takes to arrange, undertake, and receive outcomes from a standard blood test"", providing ""instant results"". Cardiovascular disease includes conditions that narrow or block blood vessels, also known as coronary heart disease. This can heighten your risk of heart attack, angina and some strokes, according to the British Heart Foundation. Taking the test involves downloading the PocDoc app before collecting a small blood sample, dropping it into the test kit and waiting seven minutes. The easy-to-miss signs of deadly heart problems After that, all you need to do is to take a photo of the reading with your phone and load it onto the app. Results ar"
Breast cancer screenings: How AI could transform results - Sky News,"Breast cancer screenings: How AI could transform results

A trial using artificial intelligence in breast cancer screening will take place in April with around 700,000 women expected to take part.",Breast cancer screenings: How AI could transform results - Sky News,Sky News,1,yes,https://news.sky.com/video/breast-cancer-screenings-how-ai-could-transform-results-13303158,https://accounts.google.com/ServiceLogin?hl=en-US&continue=https://news.google.com/rss/articles/CBMilgFBVV95cUxQNkYtRWF6a295UkZZcGwzSHlsUTBHdC1VaXhCcUtrcUp6cWdEQmZEQnRJd05iOXpYQ3o1N0tsWjFyOWNYbmVUVXkwR1E3ZHJqWU45cGpRWHNmaEFURzQzUDNqNV9hM1RmYnk2QTUwUHFsczZweExfMGtUMWZRbjhxRWdTVlZrS3UybjlESVVSTlZBeUd2RGc?oc%3D5&gae=cb-,2025-02-04 19:47:32+00:00,7,1,Date: 05 Feb,584,Cancer screening,"Breast cancer screenings: How AI could transform results - Sky News Breast cancer screenings: How AI could transform results A trial using artificial intelligence in breast cancer screening will take place in April with around 700,000 women expected to take part."
AI could drive big increase in number and speed of women being treated for breast cancer - Sky News,"A trial using artificial intelligence (AI) in breast cancer screening could lead to a dramatic rise in the number of patients being treated.

At present, two radiologists are needed to look at the images from mammograms to ensure accuracy.

It is hoped that the AI being trialled will allow one to complete the process on their own, freeing up others to see more patients.

Almost 700,000 women are expected to take part in the research, the government has announced.

Those already booked in for routine NHS screenings will be invited to join the £11m Early Detection using Information Technology in Health (Edith) trial.

Some 30 testing sites across the country will be enhanced with AI technology.

About 55,000 women and 400 men are diagnosed with breast cancer each year in the UK, according to Breast Cancer Now.

Dr Katharine Halliday, president of the Royal College of Radiologists, said AI could have a ""major impact on radiology"" given the ""volume and complexity of breast screening"".

However, she said it was a ""rigorous study"" and results would ""take time"".

""With a projected 40% shortfall in consultant radiologists by 2028, the need to build radiology capacity remains urgent,"" Dr Halliday added.

Claire Rowney, chief executive of Breast Cancer Now, said any changes to the breast screening programme must be supported by evidence showing that ""any new innovation or tool is safe and effective for women"".

Image: Pic: iStock

Read more:

Sheffield school stabbing victim named

Kate shares new portrait taken by Prince Louis

The government is also requesting evidence to help shape a national cancer plan.

The idea is to find ways to transform how the disease is treated and therefore reduce the number of deaths.

It is hoped that research, diagnosis, screening, treatment and prevention will all be improved.

There will also be specific measures for rarer forms of the disease, including those that affect children.

Professor Peter Johnson, national clinical director for cancer, said: ""The NHS is diagnosing more cancers at an early stage than ever before - when treatment is most likely to be effective - but we know we need to accelerate progress further.

""A national cancer plan will give us the chance to do just that - bringing in new ideas, helping us make best practise, normal practise - and ensure the NHS is at the cutting edge of new cancer developments and innovations in the future.""

Peter Kyle, the science and technology secretary, said: ""Catching cancer weeks earlier could be the difference between life and death.""",AI could drive big increase in number and speed of women being treated for breast cancer - Sky News,Sky News,1,yes,https://news.sky.com/story/ai-could-drive-big-increase-in-number-and-speed-of-women-being-treated-for-breast-cancer-13302733,https://accounts.google.com/ServiceLogin?hl=en-US&continue=https://news.google.com/rss/articles/CBMiwgFBVV95cUxOMmZIYkVDaWhUbjhtWGhxOXdreXFOVWtxMkNMYnN1ZnVac2VDXzlpZGQ0OWZFOWMtY3g5aHRPMEpsUHhKRmgzX0JKUjNVLWNWSU40TjNubHNNWkc4UldlTVhobnRrOVVLczJJVjVaXzR5QUdwb2h3RkozZF8tNVpsaXk4LUhKeGl1OTY5VGs0dGRzNlg2M1dfMTg3d2RwdzFuSVd6WHl4RlIyaUY4eGxmelJpcllqVGFUejJRM2Nrc2lRd9IBxwFBVV95cUxPRExiY3dOb0NrVG5XVWh3ZkViSVZNZVg5cW14WktrNC0zQXhubWo1dWF1RXB5dmI2WGxONlkwQXdUazJva2xvU2tEbkNNV1pocFc0UmltTDNpejlKX0R2bjZCcWtFTFM1d0MzRDQ2T0NHbDB2S2hvRjlRaHhLLXgtNXlOZENCMzNyWEdQRkpJNS1vcUpHQ2hoOHV6d0t2S29heEt0cjVraHU1UlFMcDd1V1l5RnFoYjBpdk8xTG1JTnVUMXpGUFNV?oc%3D5&gae=cb-,2025-02-04 02:34:01+00:00,9,1,Date: 05 Feb,640,Early diagnosis,"AI could drive big increase in number and speed of women being treated for breast cancer - Sky News A trial using artificial intelligence (AI) in breast cancer screening could lead to a dramatic rise in the number of patients being treated. At present, two radiologists are needed to look at the images from mammograms to ensure accuracy. It is hoped that the AI being trialled will allow one to complete the process on their own, freeing up others to see more patients. Almost 700,000 women are expected to take part in the research, the government has announced. Those already booked in for routine NHS screenings will be invited to join the £11m Early Detection using Information Technology in Health (Edith) trial. Some 30 testing sites across the country will be enhanced with AI technology. About 55,000 women and 400 men are diagnosed with breast cancer each year in the UK, according to Breast Cancer Now. Dr Katharine Halliday, president of the Royal College of Radiologists, said AI could have a ""major impact on radiology"" given the ""volume and complexity of breast screening"". However, she said it was a ""rigorous study"" and results would ""take time"". ""With a projected 40% shortfall in consultant radiologists by 2028, the need to build radiology capacity remains urgent,"" Dr Halliday added. Claire Rowney, chief executive of Breast Cancer Now, said any changes to the breast screening programme must be supported by evidence showing that ""any new innovation or tool is safe and effective for women"". Image: Pic: iStock Read more: Sheffield school stabbing victim named Kate shares new portrait taken by Prince Louis The government is also requesting evidence to help shape a national cancer plan. The idea is to find ways to transform how the disease is treated and therefore reduce the number of deaths. It is hoped that research, diagnosis, screening, treatment and prevention will all be improved. There will also be specific measures for rarer forms of the disease"
Men concerned about prostate cancer should think before asking for a PSA test | Letter - The Guardian,"Your article quotes Prostate Cancer UK’s director of health services saying: “More men than ever are learning about their risk, speaking to their GP about the PSA [prostate specific antigen] blood test, and then taking the best next steps” (Prostate cancer becomes most common cancer diagnosis in England, 28 January). However, men should think very carefully and consider the evidence before asking their GP for a PSA test.

In 2018, a review of the available evidence concluded that 1,000 men would have to be PSA-screened to prevent one man from dying of prostate cancer over 10 years, and screening probably did not improve men’s chances of being alive after 10 years. In 2019, a review of the results of the European Randomised study of Screening for Prostate Cancer reported that, after 16 years, 570 men had to be invited for screening to prevent one prostate cancer death. The results of these scientific studies are the reason why the UK does not have a prostate screening programme.

For men who decide to have a PSA test and are diagnosed with cancer, there is then the difficult choice of treatment. Surgery (radical prostatectomy) and radiotherapy are options but so, too, is to be monitored regularly with PSA tests and have no immediate treatment. The only reliable evidence to help a man choose comes from the results of the British ProtecT study that compared these three options in 1,610 men who had been diagnosed by screening. After 15 years, 356 had died, 45 from prostate cancer.

There was no significant difference in the risk of dying, or dying of prostate cancer, between the three treatment options. Three‑quarters of the men in the active-monitoring group experienced growth or spread of the cancer and needed subsequent treatment, but a quarter of the men were alive without having received any form of treatment.

Reginald Hall

Retired urologist, Newcastle upon Tyne",Men concerned about prostate cancer should think before asking for a PSA test | Letter - The Guardian,The Guardian,0,yes,https://www.theguardian.com/society/2025/feb/02/men-concerned-about-prostate-cancer-should-think-before-asking-for-a-psa-test,https://accounts.google.com/ServiceLogin?hl=en-US&continue=https://news.google.com/rss/articles/CBMiwwFBVV95cUxQZThYZUpvZ3VxQmdvVzVvdEVfWlpNS3QtSzFianV0UmtwUVZmYUl6dlJnZzZZOVRDdTRKX3NUd3ZndmJLb21xZ0dkdjFUUll4Qy1WVzVMOEN0R1p5RGNROGhnN1BtZVByUmZ6OGRWTS13RmRXMlBpVDlMZWxGMjVnSEs1ZTlpNEF2dFRvV0R4ZnNSSFRDV1JXLWl3dnZZZC0ybkxNYWNVY1M1LVJBVHI2RUxxLU9oM0hzb3JWRU1CemVBNW8?oc%3D5&gae=cb-,2025-02-02 16:48:00+00:00,10,1,Date: 05 Feb,651,Cancer screening,"Men concerned about prostate cancer should think before asking for a PSA test | Letter - The Guardian Your article quotes Prostate Cancer UK’s director of health services saying: “More men than ever are learning about their risk, speaking to their GP about the PSA [prostate specific antigen] blood test, and then taking the best next steps” (Prostate cancer becomes most common cancer diagnosis in England, 28 January). However, men should think very carefully and consider the evidence before asking their GP for a PSA test. In 2018, a review of the available evidence concluded that 1,000 men would have to be PSA-screened to prevent one man from dying of prostate cancer over 10 years, and screening probably did not improve men’s chances of being alive after 10 years. In 2019, a review of the results of the European Randomised study of Screening for Prostate Cancer reported that, after 16 years, 570 men had to be invited for screening to prevent one prostate cancer death. The results of these scientific studies are the reason why the UK does not have a prostate screening programme. For men who decide to have a PSA test and are diagnosed with cancer, there is then the difficult choice of treatment. Surgery (radical prostatectomy) and radiotherapy are options but so, too, is to be monitored regularly with PSA tests and have no immediate treatment. The only reliable evidence to help a man choose comes from the results of the British ProtecT study that compared these three options in 1,610 men who had been diagnosed by screening. After 15 years, 356 had died, 45 from prostate cancer. There was no significant difference in the risk of dying, or dying of prostate cancer, between the three treatment options. Three‑quarters of the men in the active-monitoring group experienced growth or spread of the cancer and needed subsequent treatment, but a quarter of the men were alive without having received any form of treatment. Reginald Hall Retired urologist, Newcastle upon Tyne"
Cumbria men's lives 'at risk' due to screening test issues - BBC.com,"When Sir Chris Hoy revealed his terminal cancer diagnosis in November there was an upsurge in men asking for the PSA test.

Sir Chris, who has a family history of prostate cancer, said he had no symptoms before the cancer reached a late, incurable, stage.

There is now a national campaign for men with a family history, and black men who are at greater risk, to be tested from the age of 45, even if they have no symptoms.

The government has said it is considering its response.

The Graham Fulford Charitable Trust, a national charity which campaigns for more PSA testing, says it has been contacted by men from all over the country.

""We get many calls every week saying could they have a test with us or could they get a home testing kit because their GP will not give them a test,"" chief executive Susan Hart says.

""Some areas are better than others and I think it depends on whether the NHS are under difficult pressure at the present time in that area.""

The CancerCare charity, which covers the Morecambe Bay area, urges anyone worried about any type of cancer to go to their GP early.

""I think we know our bodies best, we know when something's not right,"" chief executive Alison Stainthorpe says.

""I think it's about going back and being persistent to ask for a doctor's appointment.""",Cumbria men's lives 'at risk' due to screening test issues - BBC.com,BBC.com,0,yes,https://www.bbc.com/news/articles/cvg88vdj8rgo,https://accounts.google.com/ServiceLogin?hl=en-US&continue=https://news.google.com/rss/articles/CBMiWkFVX3lxTFBxbUpILVhWdFlFMG5MMDc0ZU80LVN2OVlnWHBpQ0dMVFdENGlGN0lRTVVXRlYzMjdqUE10QlhreHppNEg3VXd6WTlTMG1xUW8ybi1WbzNmZURjZ9IBX0FVX3lxTE9ZdzZzWHYwQUd2cmR4Q3FDMGN1YzJQaUpKcGlLdmxxYklmeEwtOGZaWG9kMU95Y1c5VU10MkFWa01jVkkwUUR6ZE9JM1pNOHI2V2lQVVRwWUdIRU1wZnU0?oc%3D5&gae=cb-,2025-01-19 07:15:13+00:00,1,2,Date: 22 Jan,697,"Cancer screening,High-risk screening","Cumbria men's lives 'at risk' due to screening test issues - BBC.com When Sir Chris Hoy revealed his terminal cancer diagnosis in November there was an upsurge in men asking for the PSA test. Sir Chris, who has a family history of prostate cancer, said he had no symptoms before the cancer reached a late, incurable, stage. There is now a national campaign for men with a family history, and black men who are at greater risk, to be tested from the age of 45, even if they have no symptoms. The government has said it is considering its response. The Graham Fulford Charitable Trust, a national charity which campaigns for more PSA testing, says it has been contacted by men from all over the country. ""We get many calls every week saying could they have a test with us or could they get a home testing kit because their GP will not give them a test,"" chief executive Susan Hart says. ""Some areas are better than others and I think it depends on whether the NHS are under difficult pressure at the present time in that area."" The CancerCare charity, which covers the Morecambe Bay area, urges anyone worried about any type of cancer to go to their GP early. ""I think we know our bodies best, we know when something's not right,"" chief executive Alison Stainthorpe says. ""I think it's about going back and being persistent to ask for a doctor's appointment."""
How AI can spot diseases that doctors aren't looking for - BBC.com,"This is the sixth feature in a six-part series that is looking at how AI is changing medical research and treatments.

When 58-year-old Will Studholme ended up in accident and emergency at an NHS hospital in Oxford in 2023 with gastrointestinal symptoms, he wasn't expecting a diagnosis of osteoporosis.

The disease, strongly associated with age, causes bones to become weak and fragile, increasing the risk of fracture.

It turned out that Mr Studholme had a severe case of food poisoning, but early in his ailment's investigation, he received an abdominal CT scan.

That scan was then later run through artificial intelligence (AI) technology which identified a collapsed vertebra in Mr Studholme's spine, a common early indicator of osteoporosis.

Further testing ensued, and Mr Studholme emerged not only with his diagnosis, but a simple treatment: an annual infusion of an osteoporosis drug that is expected to improve his bone density.

""I feel very lucky,"" says Mr Studholme, ""I don't think this would have been picked up without the AI technology.""",How AI can spot diseases that doctors aren't looking for - BBC.com,BBC.com,0,yes,https://www.bbc.com/news/articles/c9q7zqy1xlpo,https://accounts.google.com/ServiceLogin?hl=en-US&continue=https://news.google.com/rss/articles/CBMiWkFVX3lxTE4wR3Bqd04xTk9lZDRrem1tR1Vwb09BUXpFeXNGczZ1MVdaWjRGVWRVdy1HVTc4NmdQMks4VDhoNGtCTThUOWVDM2hSd2tBRXpObHZTS2ZENllKUdIBX0FVX3lxTFBIT25uZElweFl3TmxVaTIwUUhTMl9taVdhNllTSWhSMVN5REg5ekZLcTVid1hHSnROZVR1WVVUN3RMQ0p6TUZhcUtnQ0lDSm9GZ0cxWnNmNEZjX0VWZmhr?oc%3D5&gae=cb-,2025-01-17 00:10:41+00:00,1,1,Date: 22 Jan,774,AI health Screening,"How AI can spot diseases that doctors aren't looking for - BBC.com This is the sixth feature in a six-part series that is looking at how AI is changing medical research and treatments. When 58-year-old Will Studholme ended up in accident and emergency at an NHS hospital in Oxford in 2023 with gastrointestinal symptoms, he wasn't expecting a diagnosis of osteoporosis. The disease, strongly associated with age, causes bones to become weak and fragile, increasing the risk of fracture. It turned out that Mr Studholme had a severe case of food poisoning, but early in his ailment's investigation, he received an abdominal CT scan. That scan was then later run through artificial intelligence (AI) technology which identified a collapsed vertebra in Mr Studholme's spine, a common early indicator of osteoporosis. Further testing ensued, and Mr Studholme emerged not only with his diagnosis, but a simple treatment: an annual infusion of an osteoporosis drug that is expected to improve his bone density. ""I feel very lucky,"" says Mr Studholme, ""I don't think this would have been picked up without the AI technology."""
AI could help diagnose dementia through eye tests - BBC.com,"Scottish researchers are working on a new AI tool that could be used by high-street opticians to spot the early signs of dementia.

Photographs taken of the retina at the back of the eye can give an indication of brain health, and by using AI software to analyse the information, scientists may be able to spot signs of disease before any symptoms are experienced.

The NeurEYE research team has collected almost a million eye scans from opticians across Scotland - the largest data set of its kind in the world - and with the help of AI has developed an algorithm that can assess the health of the blood vessels in the eye that could indicate neurogenerative diseases.

The database the team has built up can be applied to photographs taken during routine eye examinations and could eventually be used by clinicians to either prevent disease from occurring, or to diagnose conditions at a far earlier stage than is currently available.",AI could help diagnose dementia through eye tests - BBC.com,BBC.com,1,yes,https://www.bbc.com/news/articles/cvgl8n1jpxyo,https://accounts.google.com/ServiceLogin?hl=en-US&continue=https://news.google.com/rss/articles/CBMiWkFVX3lxTE14WUMwdFdSNkF6OTdZTkc1QnhKUUJfdUZERHlJUS1keEpFWkZ2NVZZck9iMy1iLWRCTm5tSkV3V1ZmTmhwQkJtemZUMnBvM0xUSTVTTm5nT1pPUdIBX0FVX3lxTE5QSXh3NVdCMXZDUzJLMjd0SGVUQzE0SmNvXzIwa2VUUldfYkdZSThKZVZfbm9JWlZ6TWhSTXFpamNacVU0Z3FfUTQ4eVBQdWhtcmh3NVYxb1hVak51SnlV?oc%3D5&gae=cb-,2025-01-21 06:11:37+00:00,1,1,Date: 22 Jan,785,AI disease Detection,"AI could help diagnose dementia through eye tests - BBC.com Scottish researchers are working on a new AI tool that could be used by high-street opticians to spot the early signs of dementia. Photographs taken of the retina at the back of the eye can give an indication of brain health, and by using AI software to analyse the information, scientists may be able to spot signs of disease before any symptoms are experienced. The NeurEYE research team has collected almost a million eye scans from opticians across Scotland - the largest data set of its kind in the world - and with the help of AI has developed an algorithm that can assess the health of the blood vessels in the eye that could indicate neurogenerative diseases. The database the team has built up can be applied to photographs taken during routine eye examinations and could eventually be used by clinicians to either prevent disease from occurring, or to diagnose conditions at a far earlier stage than is currently available."
9 simple ways to make your smear tests more comfortable - Women's Health UK,"Attending your screening test can feel like yet another thing on your to-do list. But busyness isn't the only reason people avoid their smear: according to an NHS survey, 62% say they don't attend their appointment because they're nervous. It also found that 42% don't take the life-saving test because of embarrassment.

Cervical cancer screening saves 5000 lives a year in the UK, but the number of people going for their screening is going down. According to The Eve Appeal, a gynaecological cancer charity, 36% of people didn’t go when invited in 2023-2024, up from 32% in 2021-2022, according to NHS figures.

In a bid to help women feel more comfortable this Cervical Cancer Prevention Week (20-26 January), The Eve Appeal is alerting women to the fact that they can ask for adjustments before and during their appointments to make the process more comfortable.

They say there's a knowledge gap around your rights that's stopping women from being screened: 'We know that knowledge is power, and we want to support every person eligible by giving them the information they need to say yes to this vital cancer prevention test. If we focus on that, we have the goal of elimination of cervical cancer in our sights.

'We found a lack of knowledge of some steps and adaptations women and people with a cervix can ask for during their cervical screening appointment to make the appointment easier and more comfortable.'

A note: most women find their smear test absolutely fine. While it will never be the most enjoyable part of your day, it should be painless. However, many women do experience some discomfort or worry about discomfort. You are allowed to share these fears with your medical provider at any point during the smear process.

How to make your smear more comfortable: 9 adjustments to ask for

1. Ask for a smaller speculum

The Eve Appeal found 77% of people weren’t aware that they could ask for a smaller size speculum. The speculum is the device that is inserted into the vagina to open the cervix in order for a swab to be taken.

There has long been debate about whether this tool is the best one for the job. However, while it's in play, you're allowed to ask for a smaller speculum that may feel more comfortable.

Related Story Unwrapping a revolution in female health testing

2. Book a double appointment

Nine in 10 didn't know they could book a double appointment. This means you ask for double the amount of time during your screening so you don't feel rushed or stressed during the process.

3. Bring a friend, family member or carer with you

Having someone you trust in the room with you can help you keep calm during the process. They may also be better able to ask and answer questions from your healthcare provider than you are if you are feeling nervous.

4. Listen to an audiobook, podcast or music

Tell your provider you intend to plug in and zone out of the room during the smear test (after all necessary conversation is done). This can help distract you and settle nerves.

5. Try a different position

In 2020, regulations came into force that meant you no longer need to lie on your back during smear tests. Instead, you can also take the 'left lateral position', meaning lying on your left hand side with your knees bent and legs slightly apart.

However, The Eve Appeal found only 11% knew about the option to take this position. Some may find this position more comfortable, so if you're not given the option, always ask for it.

6. Have information in Easy Read or in your preferred language

Before you book the appointment, talk to your healthcare providers about having the appointment in your language. It may make the experience less daunting.

7. Ask for a female nurse or doctor

You have a right to ask for a female medical expert in all medical appointments. Many simply find it more comfortable and safe when a woman is performing intimate procedures like smear tests.

8. Ask for lubrication

The speculum should be lubricated before it is inserted into the vagina. However, if you need more lubrication for an easier insertion, you are allowed to ask.

9. Insert or guide the speculum yourself

You are allowed to ask to insert the speculum yourself. It may make you feel more in control and able to manage discomfort more easily.

More like this:",9 simple ways to make your smear tests more comfortable - Women's Health UK,Women's Health UK,0,yes,https://www.womenshealthmag.com/uk/health/female-health/a63479149/cervical-cancer-screening-comfort/,https://accounts.google.com/ServiceLogin?hl=en-US&continue=https://news.google.com/rss/articles/CBMiogFBVV95cUxQY3ZObjMyY05WckVGdGoxVzVOcF9wZVV5OGtYRUxWQXlpaW1kZUhjN2xTSURJdTBQZTRTR1NyLUhxbDVUdFNuVDNrd2tELWhMWWdvVkJNY1hPS1FEcTlMUHRyaXpDcDFWMjZTalBsSUFrUkVIQk5sMk90b2FQVllaWUdvMGtrLUFZRlNpR3pQSHd6QklUdG9HekJNai1IM0x4cUE?oc%3D5&gae=cb-,2025-01-20 12:32:35+00:00,2,2,Date: 22 Jan,823,"Health screening,Cancer screening","9 simple ways to make your smear tests more comfortable - Women's Health UK Attending your screening test can feel like yet another thing on your to-do list. But busyness isn't the only reason people avoid their smear: according to an NHS survey, 62% say they don't attend their appointment because they're nervous. It also found that 42% don't take the life-saving test because of embarrassment. Cervical cancer screening saves 5000 lives a year in the UK, but the number of people going for their screening is going down. According to The Eve Appeal, a gynaecological cancer charity, 36% of people didn’t go when invited in 2023-2024, up from 32% in 2021-2022, according to NHS figures. In a bid to help women feel more comfortable this Cervical Cancer Prevention Week (20-26 January), The Eve Appeal is alerting women to the fact that they can ask for adjustments before and during their appointments to make the process more comfortable. They say there's a knowledge gap around your rights that's stopping women from being screened: 'We know that knowledge is power, and we want to support every person eligible by giving them the information they need to say yes to this vital cancer prevention test. If we focus on that, we have the goal of elimination of cervical cancer in our sights. 'We found a lack of knowledge of some steps and adaptations women and people with a cervix can ask for during their cervical screening appointment to make the appointment easier and more comfortable.' A note: most women find their smear test absolutely fine. While it will never be the most enjoyable part of your day, it should be painless. However, many women do experience some discomfort or worry about discomfort. You are allowed to share these fears with your medical provider at any point during the smear process. How to make your smear more comfortable: 9 adjustments to ask for 1. Ask for a smaller speculum The Eve Appeal found 77% of people weren’t aware that they could ask for a smalle"
"'Quick, simple and saves lives': Lung cancer screening bus opens in Chineham - Basingstoke Gazette","The screening van has parked up in Chineham Shopping Centre and will be open to eligible patients who have been invited to take part on Wednesday, January 22.

The programme encourages residents aged 55 to 74 who are former or current smokers to get their lung health checked, as they have a high risk of developing the disease.

READ MORE: New hospital promise was 'cheap election ploy' say Labour councillors in joint letter

The outside of the unit (Image: Newsquest)

""When we catch lung cancer early, there are much better outcomes for patients as the symptoms for the disease can appear quite late.

""Lung cancer is the third most common cancer, so our aim is to roll out these mobile units so that awareness is at the same level as breast health checks,"" explained responsible assessor for the programme, Rachel Hardstaff.

The former nurse, who has more than 15 years of experience working in respiratory healthcare, explained that those eligible will be invited for a check by their GP.

Patients will then have a meeting with a health professional to discuss their breathing, lung health, lifestyle and falling and medical history.

Those at high risk of having or developing lung cancer will then be invited to have a CT scan of their chest at a mobile unit or hospital, whilst those with low risk levels will be offered advice.

SEE ALSO: Basingstoke nurse with aggressive cancer appeals for help to return home

The low radiation scanner gives off a level of radiation similar to a flight to Spain, with a chest scan taking a matter of minutes, according to company Medispace, which provides the mobile units used by the trust.

The mobile unit allows approximately 60 patients a day to be screened for lung cancer, with the scanner operated from 8am to 8pm with appointments available from Tuesday to Saturday.

After being scanned, patients will either receive a letter within four weeks to inform them of their results or if findings are 'significant' Hampshire Hospitals will hold a meeting to discuss the next steps and referrals.

""Come get your lung health checked, it's quick, easy and it saves lives,"" urged Rachel Hardstaff.

She added that residents should ensure their smoking status is 'accurately captured' by their GP to ensure that those eligible are not missing out on checks.

For more information on the programme, residents can visit hampshirehospitals.nhs.uk/our-services/az-departments-and-specialties/targeted-lung-health-check-programme","'Quick, simple and saves lives': Lung cancer screening bus opens in Chineham - Basingstoke Gazette",Basingstoke Gazette,0,yes,https://www.basingstokegazette.co.uk/news/24870494.lung-cancer-screening-bus-opens-chineham-shopping-centre/,https://accounts.google.com/ServiceLogin?hl=en-US&continue=https://news.google.com/rss/articles/CBMirAFBVV95cUxNX2MzX1RHR2NCeXVfazhHcDd2bGpURHRDeFlITXVnUUdScy1VVG1wUFJuNFY2TTBORkJuOXVhVHp6dEpTWTB2VGxFdWJJQU5rUmRJMk13TXJ0SnF2U3hTMTl2YmhWMElvUXQ2VW5Qd1Z1a2JVcG5aRkJmeVROY25mZlphZnktYlU1WUlOcUtZa2NfcXpNNEd4LW42aklyVWo1ellDRm1TY0s5UGdP?oc%3D5&gae=cb-,2025-01-21 17:00:00+00:00,2,1,Date: 22 Jan,891,High-risk screening,"'Quick, simple and saves lives': Lung cancer screening bus opens in Chineham - Basingstoke Gazette The screening van has parked up in Chineham Shopping Centre and will be open to eligible patients who have been invited to take part on Wednesday, January 22. The programme encourages residents aged 55 to 74 who are former or current smokers to get their lung health checked, as they have a high risk of developing the disease. READ MORE: New hospital promise was 'cheap election ploy' say Labour councillors in joint letter The outside of the unit (Image: Newsquest) ""When we catch lung cancer early, there are much better outcomes for patients as the symptoms for the disease can appear quite late. ""Lung cancer is the third most common cancer, so our aim is to roll out these mobile units so that awareness is at the same level as breast health checks,"" explained responsible assessor for the programme, Rachel Hardstaff. The former nurse, who has more than 15 years of experience working in respiratory healthcare, explained that those eligible will be invited for a check by their GP. Patients will then have a meeting with a health professional to discuss their breathing, lung health, lifestyle and falling and medical history. Those at high risk of having or developing lung cancer will then be invited to have a CT scan of their chest at a mobile unit or hospital, whilst those with low risk levels will be offered advice. SEE ALSO: Basingstoke nurse with aggressive cancer appeals for help to return home The low radiation scanner gives off a level of radiation similar to a flight to Spain, with a chest scan taking a matter of minutes, according to company Medispace, which provides the mobile units used by the trust. The mobile unit allows approximately 60 patients a day to be screened for lung cancer, with the scanner operated from 8am to 8pm with appointments available from Tuesday to Saturday. After being scanned, patients will either receive a letter within four week"
NHS Lanarkshire issues important cervical screening reminder - Yahoo News UK,"NHS Lanarkshire is urging people to attend their smear test appointments.

This comes as part of Cervical Cancer Awareness Month with Cervical Cancer Prevention Week running from January 21 to 28.

They are encouraging everyone eligible for cervical screening to take the potentially life-saving test.

Celia Briffa-Watt, a consultant in public health for NHS Lanarkshire, said: ""Cervical screening checks the cells from your cervix for the human papilloma virus (HPV), which is the main cause of cervical cancer.

""It’s the most effective and accurate way of finding out if you’re more likely to develop cervical cancer, and the test only takes around five minutes.""

ADVERTISEMENT

Celia Briffa-Watt consultant in public health (Image: NHS Lanarkshire) The NHS urges people aged 25 to 64, who are eligible for screening, to not miss their routine smear tests.

For information, visit the cervical screening section on the NHS Inform website.

There are options to make the process more comfortable, such as requesting a female nurse or GP for the appointment, discussing the smear test with the practice nurse beforehand, or even taking a friend or relative along for support.

The Glasgow Times has been highlighting the importance of getting a smear test through our Don't Fear the Smear campaign.

Morag Nicholson, public health screening programme manager for NHS Lanarkshire, said: ""When it’s your turn, you’ll get a letter inviting you to make an appointment with your GP practice.

ADVERTISEMENT

""Even if you think everything’s fine and you've had your HPV vaccine, please don't ignore your smear test invitation.

""If your smear test is overdue, don’t wait for your invitation - you can go along anytime so why not book it this week?

""Talk to your GP or nurse if you’re worried – they’ll understand and can help.

""A smear test can help stop cervical cancer before it starts - it could save your life.

“The HPV vaccine protects against the main causes of cervical cancer, but it doesn’t protect against them all.

“So even if you’ve had the vaccine, it’s still important to go for cervical screening.”",NHS Lanarkshire issues important cervical screening reminder - Yahoo News UK,Yahoo News UK,0,yes,https://uk.news.yahoo.com/nhs-lanarkshire-issues-important-cervical-165000084.html,https://accounts.google.com/ServiceLogin?hl=en-US&continue=https://news.google.com/rss/articles/CBMiigFBVV95cUxOUFlFaExrMzNMNWE1ODcwdnFLb05sNHJCc0ZjQlVGbzlSTEd6YlFSc0ltekVabThiRlEwVXV6c0ZtbmpEYUwxLWdhUWtHWHJuM25kWENibHFWWms3NzdIbDExdHh6bmF3d3RZZ2lSSjBsTHRLN0xPM3g3Ylc5UzZrdkhwN3RGcmdPR2c?oc%3D5&gae=cb-,2025-01-20 16:50:00+00:00,3,1,Date: 22 Jan,972,Health screening,"NHS Lanarkshire issues important cervical screening reminder - Yahoo News UK NHS Lanarkshire is urging people to attend their smear test appointments. This comes as part of Cervical Cancer Awareness Month with Cervical Cancer Prevention Week running from January 21 to 28. They are encouraging everyone eligible for cervical screening to take the potentially life-saving test. Celia Briffa-Watt, a consultant in public health for NHS Lanarkshire, said: ""Cervical screening checks the cells from your cervix for the human papilloma virus (HPV), which is the main cause of cervical cancer. ""It’s the most effective and accurate way of finding out if you’re more likely to develop cervical cancer, and the test only takes around five minutes."" ADVERTISEMENT Celia Briffa-Watt consultant in public health (Image: NHS Lanarkshire) The NHS urges people aged 25 to 64, who are eligible for screening, to not miss their routine smear tests. For information, visit the cervical screening section on the NHS Inform website. There are options to make the process more comfortable, such as requesting a female nurse or GP for the appointment, discussing the smear test with the practice nurse beforehand, or even taking a friend or relative along for support. The Glasgow Times has been highlighting the importance of getting a smear test through our Don't Fear the Smear campaign. Morag Nicholson, public health screening programme manager for NHS Lanarkshire, said: ""When it’s your turn, you’ll get a letter inviting you to make an appointment with your GP practice. ADVERTISEMENT ""Even if you think everything’s fine and you've had your HPV vaccine, please don't ignore your smear test invitation. ""If your smear test is overdue, don’t wait for your invitation - you can go along anytime so why not book it this week? ""Talk to your GP or nurse if you’re worried – they’ll understand and can help. ""A smear test can help stop cervical cancer before it starts - it could save your life. “The HPV"
"Foreign Office warns UK tourists 'must comply' with health screening or face £5,610 fine - Yahoo News UK","



The Foreign Office has issued a warning to UK tourists visiting South Korea. UK holidaymakers heading outside of the European Union and towards the Far East have been handed ""new travel information"" over entry requirements.

All travellers entering South Korea must now comply with a health screening before arrival. Failure to do so could result in a fine of KRW 10million (£5,610). The FCDO said: ""All travellers arriving in South Korea from 'Strict Quarantine Inspection Required Areas' (including those who have transited in a 'Strict Quarantine Inspection Required Area') need to submit a health questionnaire, either through the pre-entry Q-Code system or by completing a paper-based questionnaire on arrival in South Korea.

""Travellers arriving in South Korea from 'Quarantine Inspection Required Areas' (who exhibit symptoms) must also submit a Q-Code or paper-based health questionnaire."" The FCDO said: ""Failure to complete required health screenings could result in a fine of up to KRW 10 million (£5,610).""

ADVERTISEMENT

READ MORE: Canary Islands warned protests have 'backfired' after UK tourists take action

READ MORE: Canary Islands warns UK tourists over new rules and says 'under no circumstances'

READ MORE Final date snow will hit UK this winter announced and it's not far away

It adds: ""We are aware of heightened political tensions in South Korea. Large demonstrations are likely to continue following the vote on 14 December to impeach President Yoon, as the Constitutional Court has up to 180 days after the vote to decide whether to uphold the impeachment.

""Protests are particularly likely in the areas around Gwanghwamun and the Constitutional Court (Anguk), and could also occur in the areas around the Presidential Office (Samgakji), the Presidential Residence (Hannam-dong) and the National Assembly (Yeouido). Follow the advice of local authorities and avoid large public gatherings.""

ADVERTISEMENT

South Korea operates an electronic travel authorisation system called K-ETA, the Foreign Office has gone on to add. Anyone eligible for visa-free entry to South Korea is usually required to get K-ETA approval before departure, it says.

But British nationals travelling visa-free to South Korea are temporarily exempt from requiring a K-ETA until December 31, 2025.","Foreign Office warns UK tourists 'must comply' with health screening or face £5,610 fine - Yahoo News UK",Yahoo News UK,0,yes,https://uk.news.yahoo.com/foreign-office-warns-uk-tourists-150141755.html,https://accounts.google.com/ServiceLogin?hl=en-US&continue=https://news.google.com/rss/articles/CBMifkFVX3lxTE8zUWNKVG1oSXZZMVhxRlJMLW4wa19YU1poSDVObnh2ci1aNXRVYVBlWUVGQU9WUklYT3VCUDBqTGVKUVFoTXdfWEtPYXlTRU5FcEYyUmxlSm01ejNNOUFpVURFSWxLSmRieXY5ejRoNmI4UENiZ0NCS3FMV1huZw?oc%3D5&gae=cb-,2025-01-15 15:01:41+00:00,4,1,Date: 22 Jan,1063,Health screening,"Foreign Office warns UK tourists 'must comply' with health screening or face £5,610 fine - Yahoo News UK  The Foreign Office has issued a warning to UK tourists visiting South Korea. UK holidaymakers heading outside of the European Union and towards the Far East have been handed ""new travel information"" over entry requirements. All travellers entering South Korea must now comply with a health screening before arrival. Failure to do so could result in a fine of KRW 10million (£5,610). The FCDO said: ""All travellers arriving in South Korea from 'Strict Quarantine Inspection Required Areas' (including those who have transited in a 'Strict Quarantine Inspection Required Area') need to submit a health questionnaire, either through the pre-entry Q-Code system or by completing a paper-based questionnaire on arrival in South Korea. ""Travellers arriving in South Korea from 'Quarantine Inspection Required Areas' (who exhibit symptoms) must also submit a Q-Code or paper-based health questionnaire."" The FCDO said: ""Failure to complete required health screenings could result in a fine of up to KRW 10 million (£5,610)."" ADVERTISEMENT READ MORE: Canary Islands warned protests have 'backfired' after UK tourists take action READ MORE: Canary Islands warns UK tourists over new rules and says 'under no circumstances' READ MORE Final date snow will hit UK this winter announced and it's not far away It adds: ""We are aware of heightened political tensions in South Korea. Large demonstrations are likely to continue following the vote on 14 December to impeach President Yoon, as the Constitutional Court has up to 180 days after the vote to decide whether to uphold the impeachment. ""Protests are particularly likely in the areas around Gwanghwamun and the Constitutional Court (Anguk), and could also occur in the areas around the Presidential Office (Samgakji), the Presidential Residence (Hannam-dong) and the National Assembly (Yeouido). Follow the advice of local authorities and a"
Cervical Health Awareness Month: Key prevention tips from an OBGYN - Midland Daily News,Not your computer? Use Guest mode to sign in privately. Learn more about using Guest mode,Cervical Health Awareness Month: Key prevention tips from an OBGYN - Midland Daily News,Midland Daily News,0,yes,https://www.ourmidland.com/news/article/cervical-health-awareness-prevention-tips-20047052.php,https://accounts.google.com/ServiceLogin?hl=en-US&continue=https://news.google.com/rss/articles/CBMimgFBVV95cUxPMGxSNWcxWkFTZXpwRHVOSGFYOEJSMmJWeVlsUWNpM2syRnI5QVhsT2RhVUs1QXRfSnBBcEpyeVFFbVBraTNqVjloMExOVlByYkpXd2FoU0xRVENGX212ZjFBeURjY2Z6SlJUelRmbUp1OVNSbWZGRTl5MnpneEFpeC1KNWtvQ2tGTzA0ZnliS3ZvVFJtNW9jRktB?oc%3D5&gae=cb-,2025-01-21 16:47:22+00:00,4,1,Date: 22 Jan,1091,Early detection,Cervical Health Awareness Month: Key prevention tips from an OBGYN - Midland Daily News Not your computer? Use Guest mode to sign in privately. Learn more about using Guest mode
Early Detection Is Key In Treating Cervical Cancer. Here Are 3 Symptoms To Look For - Yahoo News UK,"Early Detection Is Key In Treating Cervical Cancer. Here Are 3 Symptoms To Look For

According to Cancer Research UK, there are around 3,300 new cervical cancer cases in the UK every year, that’s around nine every day. Additionally, cervical cancer is the 14th most common cancer for women, with around 3,300 new cases every year.

This week is Cervical Cancer Prevention Week and Angela Sarmiento Betancourt MD, Medical Affairs Manager at healthtech company, myTomorrows, has shared the symptoms that people should never ignore.

She says: “Cervical cancer typically develops slowly, making early detection a key factor in successful treatment. However, its gradual progression is also why it can often go unnoticed — especially as it may not show symptoms for months or even years.”

The three red flag symptoms of cervical cancer that you should never ignore

The doctor explains: “Cervical cancer can often go unnoticed, as it doesn’t always produce symptoms. In many cases, it is most commonly picked up through regular cervical screenings.”

ADVERTISEMENT

She revealed that when symptoms do occur, they are often:

Heavier periods than you are used to

Vaginal bleeding after sex, between periods, or after menopause

Pain during sex, particularly in your lower back, pelvis, or lower abdomen

She adds: “Fortunately, in the UK, women have access to comprehensive cervical cancer screenings, but globally, cervical cancer is the fourth most common cancer in women, and low- and middle-income countries have the highest rates of cervical cancer incidence and mortality.”

What causes cervical cancer?

Dr Betancourt says: “Most cases of cervical cancer form due to an infection from certain high-risk types of human papillomavirus (HPV).”

You can get HPV from:

Skin-to-skin contact of the genital area

Vaginal, anal or oral sex

She adds: “You can lower your chances of contracting HPV by using condoms, but as they do not cover all the skin around your genitals they don’t provide complete protection.”

When to see your GP

If you experience any of the above symptoms, it is advised to get in touch with your GP. They will bring you in for an examination and then decide whether to refer you for further tests or to a specialist.

Related...",Early Detection Is Key In Treating Cervical Cancer. Here Are 3 Symptoms To Look For - Yahoo News UK,Yahoo News UK,0,yes,https://uk.news.yahoo.com/red-flag-signs-cervical-cancer-115913668.html,https://accounts.google.com/ServiceLogin?hl=en-US&continue=https://news.google.com/rss/articles/CBMie0FVX3lxTE4ySG9Sdk00Z2NsQm9CSncxYkRUQnJlQ0otbElKbXh1bVJTQ04xa0RoYlA2VldveWUwSFp1SVZoLVZQR2FDTnZfY0ExYTNYUnV0bVFsMnRnSWgxQmJhRXo3dUw0X1RkQ3RjUlVMSW1rUm9TZng1dVVOV2NOZw?oc%3D5&gae=cb-,2025-01-21 16:02:04+00:00,4,1,Date: 22 Jan,1093,Early detection,"Early Detection Is Key In Treating Cervical Cancer. Here Are 3 Symptoms To Look For - Yahoo News UK Early Detection Is Key In Treating Cervical Cancer. Here Are 3 Symptoms To Look For According to Cancer Research UK, there are around 3,300 new cervical cancer cases in the UK every year, that’s around nine every day. Additionally, cervical cancer is the 14th most common cancer for women, with around 3,300 new cases every year. This week is Cervical Cancer Prevention Week and Angela Sarmiento Betancourt MD, Medical Affairs Manager at healthtech company, myTomorrows, has shared the symptoms that people should never ignore. She says: “Cervical cancer typically develops slowly, making early detection a key factor in successful treatment. However, its gradual progression is also why it can often go unnoticed — especially as it may not show symptoms for months or even years.” The three red flag symptoms of cervical cancer that you should never ignore The doctor explains: “Cervical cancer can often go unnoticed, as it doesn’t always produce symptoms. In many cases, it is most commonly picked up through regular cervical screenings.” ADVERTISEMENT She revealed that when symptoms do occur, they are often: Heavier periods than you are used to Vaginal bleeding after sex, between periods, or after menopause Pain during sex, particularly in your lower back, pelvis, or lower abdomen She adds: “Fortunately, in the UK, women have access to comprehensive cervical cancer screenings, but globally, cervical cancer is the fourth most common cancer in women, and low- and middle-income countries have the highest rates of cervical cancer incidence and mortality.” What causes cervical cancer? Dr Betancourt says: “Most cases of cervical cancer form due to an infection from certain high-risk types of human papillomavirus (HPV).” You can get HPV from: Skin-to-skin contact of the genital area Vaginal, anal or oral sex She adds: “You can lower your chances of contracting HPV by us"
Early signs of dementia including one which shows when you're in bed - Yahoo News UK,"



Experts are stressing the importance of recognising early signs of dementia, which can enable families and healthcare providers to intervene early, potentially delaying the onset of severe symptoms and improving quality of life for those affected.

The Alzheimer's Society in the UK has emphasised: ""There is currently no cure for dementia, but recognising the early signs and symptoms is still very important. With clinical trials now showing positive results, an early and accurate diagnosis will be important to find those that are eligible for disease modifying treatments when they are available.""

They also added: ""It's important to also remember there are lots of ways we can support people to live well with dementia, even in the absence of drugs to slow the progression.""

ADVERTISEMENT

READ MORE: What your Chinese zodiac sign means as we enter the Year of the Snake

READ MORE: How to find out if you're living on the same street as a sex offender

According to The New York Times, there are five symptoms that often manifest early on but may be missed.

Memory loss is frequently associated with dementia, particularly Alzheimer's disease, and while it is a critical indicator, it's not the sole symptom to be vigilant about. Other key signs that could lead to an early diagnosis are often overlooked despite their significance.

While many of these symptoms can be attributed to isolated incidents or other causes, they should not be dismissed. If they persist over time or if several appear simultaneously, it's crucial to seek medical advice.

Five signs of potential dementia that shouldn't be overlooked:.

ADVERTISEMENT

1. Changes in personality.

A study led by Angelina Sutin, a behavioural sciences professor at Florida State University, discovered that individuals with dementia often exhibit changes in personality before cognitive decline becomes apparent. Decreases in extroversion, agreeableness, and conscientiousness were noted, with these changes accelerating as the disease progresses.

These shifts can be observed in day-to-day behaviour. For instance, diminished extroversion might present as social withdrawal or a dwindling social circle. According to Sutin, these signs are easier to spot than memory loss.

2. Struggling with driving

Struggles with driving can be one of the earliest indicators of cognitive decline, potentially appearing years before other symptoms, says Ganesh Babulal, a neurology professor at Washington University in St. Louis.

ADVERTISEMENT

Driving involves multiple cognitive systems, and any impairment can heighten the risk of accidents. While age-related physical issues, such as deteriorating vision or side effects from medication, can also contribute, it's important to stay alert to these changes.

3. Loss of smell

Loss of smell is one of the initial indicators of neurodegeneration in diseases such as Alzheimer's, dementia with Lewy bodies and Parkinson's. The olfactory system, responsible for this sense, often suffers damage years or even decades before other symptoms manifest. Unlike hearing or vision loss, which are risk factors for dementia but not caused by it, loss of smell is an early sign of these diseases.

Each disease impacts the sense of smell differently: in Alzheimer's, smells are detected but confused, while in Parkinson's and dementia with Lewy bodies they are not perceived, which could be crucial for early detection.

4. Difficulty sleeping well

Sleep disturbances are common in old age, but drastic changes, such as waking up at 3am, or not being able to stay awake during the day, may be signs of dementia. Regions of the brain that regulate sleep, such as the brainstem, are among the first to be affected in Alzheimer's, causing disturbances years before memory problems.

ADVERTISEMENT

In dementia with Lewy bodies and Parkinson's, a REM sleep behaviour disorder may arise, where the person acts out their dreams with movements or screams, due to damage to the brain cells that control paralysis during that phase.

This is not simple sleepwalking, according to neurologist Ronald Postuma, as patients often seek help after being alerted by a partner to violent or unusual behaviour in their sleep. These patterns may be early signs of neurodegenerative diseases.

5. Financial difficulties

Financial troubles are a common occurrence and can stem from various causes. However, when they coincide with other cognitive or behavioural changes, they could be an early indication of dementia.

It's not that these issues directly cause the disease, but their sudden or unusual onset, such as forgetting to pay bills, making impulsive purchases or trusting unreliable individuals, may suggest disturbances in judgement and brain function. This is particularly true in cases like frontotemporal dementia, where judgement is impaired early on.

Neurologist Winston Chiong explains that financial management involves multiple brain regions, making it one of the first areas where cognitive problems become apparent.",Early signs of dementia including one which shows when you're in bed - Yahoo News UK,Yahoo News UK,0,yes,https://uk.news.yahoo.com/early-signs-dementia-including-one-164655167.html,https://accounts.google.com/ServiceLogin?hl=en-US&continue=https://news.google.com/rss/articles/CBMigAFBVV95cUxPOHB2ZUxFcmlxWS1ZQWctbXZlSXdlY2lpQ1RHSVpKLXY2cERhN1lPVG5sTUgwM3BnVi1LLUQ3VUZhZE9uMi1GTk8xaGwtUnl2dVdQYjBpRTFLZjdtUGdyTDBWSk5jUFMwSDVLeXNxcTFncDhEWmhHWXVOSGZIVVFacA?oc%3D5&gae=cb-,2025-01-19 16:46:55+00:00,5,2,Date: 22 Jan,1146,"Early detection,Early diagnosis","Early signs of dementia including one which shows when you're in bed - Yahoo News UK  Experts are stressing the importance of recognising early signs of dementia, which can enable families and healthcare providers to intervene early, potentially delaying the onset of severe symptoms and improving quality of life for those affected. The Alzheimer's Society in the UK has emphasised: ""There is currently no cure for dementia, but recognising the early signs and symptoms is still very important. With clinical trials now showing positive results, an early and accurate diagnosis will be important to find those that are eligible for disease modifying treatments when they are available."" They also added: ""It's important to also remember there are lots of ways we can support people to live well with dementia, even in the absence of drugs to slow the progression."" ADVERTISEMENT READ MORE: What your Chinese zodiac sign means as we enter the Year of the Snake READ MORE: How to find out if you're living on the same street as a sex offender According to The New York Times, there are five symptoms that often manifest early on but may be missed. Memory loss is frequently associated with dementia, particularly Alzheimer's disease, and while it is a critical indicator, it's not the sole symptom to be vigilant about. Other key signs that could lead to an early diagnosis are often overlooked despite their significance. While many of these symptoms can be attributed to isolated incidents or other causes, they should not be dismissed. If they persist over time or if several appear simultaneously, it's crucial to seek medical advice. Five signs of potential dementia that shouldn't be overlooked:. ADVERTISEMENT 1. Changes in personality. A study led by Angelina Sutin, a behavioural sciences professor at Florida State University, discovered that individuals with dementia often exhibit changes in personality before cognitive decline becomes apparent. Decreases in extroversion, "
"Cervical screening knowledge gap 'costing lives', says charity - BBC","Eve Hewitt, who has Crohn's disease and vaginal scarring from surgery, told the BBC she asks for her screenings to be adjusted, because of potential pain and bleeding.

""If I don't go in prepared and ready to advocate for myself there is a lot of anxiety about the pain that could happen,"" she said.

Ms Hewitt, from Cambridgeshire, said she always asked for a smaller speculum to be used and for a double appointment to ""break the ice"" with the nurse.

""If I can say 'these are the things that concern me, I'm concerned about pain, how uncomfortable it's going to be for me and perhaps how difficult it might be for the nurse too' - if we can discuss that beforehand, we can go in with a bit of an action plan, and that really helps me.

""Sometimes I find a pillow under my bum helpful and makes it more comfortable for me and a bit easier for the nurse too. If I feel like it's not working I will rebook the appointment.""

Ms Hewitt said she agreed there seemed to be a ""complete lack of knowledge"" and understood why some people did not go for screenings.

""If I didn't know I could ask for adaptations, there is a quite a high chance I would have been put off.""

NHS England aims to eliminate cervical cancer by 2040, with the use of cervical screening and the HPV vaccine, which is cutting cases of cervical cancer by 90% in England, figures show.

NHS England says those who have been vaccinated still need to attend cervical screenings, as there is still a small chance they could develop cancer.","Cervical screening knowledge gap 'costing lives', says charity - BBC",BBC,0,yes,https://www.bbc.co.uk/news/articles/cvg44pr28ywo,https://accounts.google.com/ServiceLogin?hl=en-US&continue=https://news.google.com/rss/articles/CBMiXEFVX3lxTFAxWUo5TEZKWUxfU3d3Uks0M2kxcW1zblp4Qy1ZT3NkNkkzWTQ1cmtUWmFnRHY0aHpoLTkweFhkLVhDU0FZZ2g5ZGFVbExaLU9VazN2TDI1cjctUVd20gFiQVVfeXFMTlBJaDFsRnQ0clBaQlNRV2F1RUNXMmhTNU44blJJbXNMSEZvelB3amlLTUhIVTBGRzV2eWl0OGEtNXBUT1RfZUoxQ2ZzOHZHeU1PVVZ0YzZ2VC1QNERsUlVINWc?oc%3D5&gae=cb-,2025-01-20 00:27:50+00:00,5,1,Date: 22 Jan,1149,Health screening,"Cervical screening knowledge gap 'costing lives', says charity - BBC Eve Hewitt, who has Crohn's disease and vaginal scarring from surgery, told the BBC she asks for her screenings to be adjusted, because of potential pain and bleeding. ""If I don't go in prepared and ready to advocate for myself there is a lot of anxiety about the pain that could happen,"" she said. Ms Hewitt, from Cambridgeshire, said she always asked for a smaller speculum to be used and for a double appointment to ""break the ice"" with the nurse. ""If I can say 'these are the things that concern me, I'm concerned about pain, how uncomfortable it's going to be for me and perhaps how difficult it might be for the nurse too' - if we can discuss that beforehand, we can go in with a bit of an action plan, and that really helps me. ""Sometimes I find a pillow under my bum helpful and makes it more comfortable for me and a bit easier for the nurse too. If I feel like it's not working I will rebook the appointment."" Ms Hewitt said she agreed there seemed to be a ""complete lack of knowledge"" and understood why some people did not go for screenings. ""If I didn't know I could ask for adaptations, there is a quite a high chance I would have been put off."" NHS England aims to eliminate cervical cancer by 2040, with the use of cervical screening and the HPV vaccine, which is cutting cases of cervical cancer by 90% in England, figures show. NHS England says those who have been vaccinated still need to attend cervical screenings, as there is still a small chance they could develop cancer."
Lanarkshire health board urge women to book 'lifesaving' smear tests during Cervical Cancer Prevention Week - Daily Record,"Our community members are treated to special offers, promotions and adverts from us and our partners. You can check out at any time. More info

NHS Lanarkshire is putting a spotlight on the importance of cervical screening - commonly known as a smear test.

It’s Cervical Cancer Awareness Month, and with Cervical Cancer Prevention Week running from January 21-28, those eligible for screening are being urged to have the potentially lifesaving test.

Anyone aged 25 to 64 who’s eligible for screening is invited for a routine smear test.

Download the Lanarkshire Live app today The Lanarkshire Live app is available to download now. Get all the news from your area – as well as features, entertainment, sport and the latest on Lanarkshire’s recovery from the coronavirus pandemic – straight to your fingertips, 24/7. The free download features the latest breaking news and exclusive stories, and allows you to customise your page to the sections that matter most to you. Head to the App Store and never miss a beat in Lanarkshire - iOS - Android

(Image: NHS Lanarkshire)

Celia Briffa-Watt, NHS Lanarkshire consultant in public health, said: “Cervical screening checks the cells from your cervix for the human papilloma virus (HPV), which is the main cause of cervical cancer.

""It’s the most effective and accurate way of finding out if you’re more likely to develop cervical cancer, and the test only takes around five minutes.

“If you’d feel more comfortable with a female nurse or GP, be sure to mention this when you make your appointment.

""You can ask to discuss the smear test with the practice nurse before your appointment or ask for a double appointment if you think you need a bit longer during your smear test. You could even take a friend or relative along too, if you’d prefer.”

Celia’s message was echoed by NHS Lanarkshire’s public health screening programme manager, Morag Nicholson.

Morag explained: “When it’s your turn, you’ll get a letter inviting you to make an appointment with your GP practice. Even if you think everything’s fine and you've had your HPV vaccine, please don't ignore your smear test invitation.

“If your smear test is overdue, don’t wait for your invitation - you can go along anytime so why not book it this week? Talk to your GP or nurse if you’re worried – they’ll understand and can help.

“A smear test can help stop cervical cancer before it starts - it could save your life.

“The HPV vaccine protects against the main causes of cervical cancer, but it doesn’t protect against them all. So even if you’ve had the vaccine, it’s still important to go for cervical screening.”

For full information visit the cervical screening section on the NHS Inform website.

*Don't miss the latest headlines from around Lanarkshire. Sign up to our newsletters here.

And did you know Lanarkshire Live had its own app? Download yours for free here.",Lanarkshire health board urge women to book 'lifesaving' smear tests during Cervical Cancer Prevention Week - Daily Record,Daily Record,0,yes,https://www.dailyrecord.co.uk/in-your-area/lanarkshire/lanarkshire-health-board-urge-women-34513343,https://accounts.google.com/ServiceLogin?hl=en-US&continue=https://news.google.com/rss/articles/CBMioAFBVV95cUxPT25ibXNXbHl3c0poRzkxaTZWRzh5T1dpRU1FOGdGX3dRUUNETEVQWTlsTmFPZFR6Y0dWTHI1d3NlTkFVelYzSnpTZjd3Zm1ZOG1ZcksxcEtrbzhSLU1Bak9mM0w5bFUyUlVORUhuRnBxN3F2X1NhV1ZFRXVrdW54VUJsNzJPT1NvdnM0OEhzeGRvbm12QWJlY09HLWFlaFkt0gGmAUFVX3lxTFBoekY5RGw3NzREb09KWUhLQzRVSlRJdU1RU0E0a29LeFpMM2FvckxrM0VsdTY4aU15QmF2ZERfRWFRcW8tckluRzh1WlZXdFdORlNJbU41c2VtRS1SU2MyZHg0aFFOeS0tWmJBZHRtVGpuYVNIZlk2M0VNMDlCWS1oT3UxaHpERmJwZGpVOFY2R0Z5V0VGZERNM3U2RjNyZnpfTVg1Q1E?oc%3D5&gae=cb-,2025-01-20 12:50:00+00:00,6,1,Date: 22 Jan,1226,Health screening,"Lanarkshire health board urge women to book 'lifesaving' smear tests during Cervical Cancer Prevention Week - Daily Record Our community members are treated to special offers, promotions and adverts from us and our partners. You can check out at any time. More info NHS Lanarkshire is putting a spotlight on the importance of cervical screening - commonly known as a smear test. It’s Cervical Cancer Awareness Month, and with Cervical Cancer Prevention Week running from January 21-28, those eligible for screening are being urged to have the potentially lifesaving test. Anyone aged 25 to 64 who’s eligible for screening is invited for a routine smear test. Download the Lanarkshire Live app today The Lanarkshire Live app is available to download now. Get all the news from your area – as well as features, entertainment, sport and the latest on Lanarkshire’s recovery from the coronavirus pandemic – straight to your fingertips, 24/7. The free download features the latest breaking news and exclusive stories, and allows you to customise your page to the sections that matter most to you. Head to the App Store and never miss a beat in Lanarkshire - iOS - Android (Image: NHS Lanarkshire) Celia Briffa-Watt, NHS Lanarkshire consultant in public health, said: “Cervical screening checks the cells from your cervix for the human papilloma virus (HPV), which is the main cause of cervical cancer. ""It’s the most effective and accurate way of finding out if you’re more likely to develop cervical cancer, and the test only takes around five minutes. “If you’d feel more comfortable with a female nurse or GP, be sure to mention this when you make your appointment. ""You can ask to discuss the smear test with the practice nurse before your appointment or ask for a double appointment if you think you need a bit longer during your smear test. You could even take a friend or relative along too, if you’d prefer.” Celia’s message was echoed by NHS Lanarkshire’s public health screening progra"
"Cervical screening test saved my life, says Corwen woman - BBC.com","Ms Alcock, who is 47, said she underwent a few different treatments before she was told she would need to undergo a full hysterectomy, which involved the removal of her womb.

The mother-of-one said that at the time she had been planning to have another child and ""so it did impact my life greatly, but I'm here to tell the tale and that's all due to it"".

She added: ""I just want to urge every lady out there to please, please, please - it's imperative that you go for the screening test.

""For those couple of minutes of discomfort or embarrassment it could save your life. It truly did save my life.""

Ms Alcock, who has a 31-year-old son, Danny Jones, said she had shared updates about her cancer journey with friends via social media and they had thanked her for prompting them to book in for their screenings.

She said she also shared a video filmed with her dad, Barry Jones, just after she was given the all clear, when both celebrated by bursting into song and her dad gives her a kiss.

She has gone on to raise more than £73,000 for Macmillan Cancer Support through various fundraising events.","Cervical screening test saved my life, says Corwen woman - BBC.com",BBC.com,0,yes,https://www.bbc.com/news/articles/c5y6p9n8933o,https://accounts.google.com/ServiceLogin?hl=en-US&continue=https://news.google.com/rss/articles/CBMiWkFVX3lxTE1VWVVGMjVIdHNqZ0dsSHVlemVibHM2X21HdTJkUUZ3ZnV2QlZMLVZhNWFwTzREMG0yaUNHdlZfdGRxYlg3RkZlQzZYNzcyUXMxN2VzdWNkMFlLZ9IBX0FVX3lxTFAzRndXR3hTcHJxLWZNNXRpbjlweUt4MzBVQmtqYnJLOUZHTEYyaDZtSDB5aEdzV2dua3FwSFpDdkwwbXVLYVZyVjA0dENZRHoxX3d0VWdQWjhQRU1OTllB?oc%3D5&gae=cb-,2025-01-21 14:17:38+00:00,6,1,Date: 22 Jan,1242,Cancer screening,"Cervical screening test saved my life, says Corwen woman - BBC.com Ms Alcock, who is 47, said she underwent a few different treatments before she was told she would need to undergo a full hysterectomy, which involved the removal of her womb. The mother-of-one said that at the time she had been planning to have another child and ""so it did impact my life greatly, but I'm here to tell the tale and that's all due to it"". She added: ""I just want to urge every lady out there to please, please, please - it's imperative that you go for the screening test. ""For those couple of minutes of discomfort or embarrassment it could save your life. It truly did save my life."" Ms Alcock, who has a 31-year-old son, Danny Jones, said she had shared updates about her cancer journey with friends via social media and they had thanked her for prompting them to book in for their screenings. She said she also shared a video filmed with her dad, Barry Jones, just after she was given the all clear, when both celebrated by bursting into song and her dad gives her a kiss. She has gone on to raise more than £73,000 for Macmillan Cancer Support through various fundraising events."
"Cervical screening knowledge gap 'costing lives', says charity - BBC.com","Eve Hewitt, who has Crohn's disease and vaginal scarring from surgery, told the BBC she asks for her screenings to be adjusted, because of potential pain and bleeding.

""If I don't go in prepared and ready to advocate for myself there is a lot of anxiety about the pain that could happen,"" she said.

Ms Hewitt, from Cambridgeshire, said she always asked for a smaller speculum to be used and for a double appointment to ""break the ice"" with the nurse.

""If I can say 'these are the things that concern me, I'm concerned about pain, how uncomfortable it's going to be for me and perhaps how difficult it might be for the nurse too' - if we can discuss that beforehand, we can go in with a bit of an action plan, and that really helps me.

""Sometimes I find a pillow under my bum helpful and makes it more comfortable for me and a bit easier for the nurse too. If I feel like it's not working I will rebook the appointment.""

Ms Hewitt said she agreed there seemed to be a ""complete lack of knowledge"" and understood why some people did not go for screenings.

""If I didn't know I could ask for adaptations, there is a quite a high chance I would have been put off.""

NHS England aims to eliminate cervical cancer by 2040, with the use of cervical screening and the HPV vaccine, which is cutting cases of cervical cancer by 90% in England, figures show.

NHS England says those who have been vaccinated still need to attend cervical screenings, as there is still a small chance they could develop cancer.","Cervical screening knowledge gap 'costing lives', says charity - BBC.com",BBC.com,0,yes,https://www.bbc.com/news/articles/cvg44pr28ywo,https://accounts.google.com/ServiceLogin?hl=en-US&continue=https://news.google.com/rss/articles/CBMiWkFVX3lxTE8ydDl2cnI2NXM5YmpoV3BLNlBJWnE5UDFldnBScFp2M1ozUy0zUW1UT3hoYnhOc1Byc3NPOE5PZnlabmhwUEhHbVdhQ2dWQm5ITnIxTEJpa3lTZ9IBX0FVX3lxTFAtVC0xR3BYZnE2YUJSal9aYTUwc3VOaGZqMnRDWjJ5TGJTUU1iLWpXeFgyT0JCZE41T3E3ZXprdnJEbTRINmZncEZPSG9Qb0JpdzlxUm8zbjNtbUlVeEpN?oc%3D5&gae=cb-,2025-01-20 16:32:51+00:00,6,1,Date: 22 Jan,1247,Cancer screening,"Cervical screening knowledge gap 'costing lives', says charity - BBC.com Eve Hewitt, who has Crohn's disease and vaginal scarring from surgery, told the BBC she asks for her screenings to be adjusted, because of potential pain and bleeding. ""If I don't go in prepared and ready to advocate for myself there is a lot of anxiety about the pain that could happen,"" she said. Ms Hewitt, from Cambridgeshire, said she always asked for a smaller speculum to be used and for a double appointment to ""break the ice"" with the nurse. ""If I can say 'these are the things that concern me, I'm concerned about pain, how uncomfortable it's going to be for me and perhaps how difficult it might be for the nurse too' - if we can discuss that beforehand, we can go in with a bit of an action plan, and that really helps me. ""Sometimes I find a pillow under my bum helpful and makes it more comfortable for me and a bit easier for the nurse too. If I feel like it's not working I will rebook the appointment."" Ms Hewitt said she agreed there seemed to be a ""complete lack of knowledge"" and understood why some people did not go for screenings. ""If I didn't know I could ask for adaptations, there is a quite a high chance I would have been put off."" NHS England aims to eliminate cervical cancer by 2040, with the use of cervical screening and the HPV vaccine, which is cutting cases of cervical cancer by 90% in England, figures show. NHS England says those who have been vaccinated still need to attend cervical screenings, as there is still a small chance they could develop cancer."
NHS to use groundbreaking AI technology to identify people at risk of cancer - The Mirror,"Britain is launching a population-wide project to use AI to identify people at high risk of getting cancer.

The Government-backed scheme will link up population data and medical records to flag those at risk and “revolutionise how the NHS diagnoses and treats patients”. At risk people could be offered regular screening tests throughout their lives or be fast tracked to specialists if they present to their GP with symptoms.

The five-year Cancer Data-Driven Detection programme will now link up health records, genomics, family history, demographics and behavioural data to train artificial intelligence models to predict who will get cancer. It comes after Prime Minister Sir Keir Starmer said last week the Government would use the power of AI and big data to better prevent and treat ill health.

Image: Getty Images) Getty Images)

In a speech launching the Government's new AI plan earlier this month, Sir Keir said: ""Mark my words, Britain will be one of the great AI superpowers.""

Public Health Minister Andrew Gwynne said: “When it comes to fighting cancer, every second counts. This has the potential to help even more patients, including those with cancer, to help catch it earlier. Using the latest technology could revolutionise how the NHS diagnoses and treats patients.”

AI will crunch vast amounts of population data to learn to calculate an individual’s risk of cancer during their lifetime. Only 54.4% of cancers in England are diagnosed early at stages one and two, where treatment is more likely to be successful. NHS England has set a target to diagnose 75% of cancers at stages one and two by 2028 but is not on track to meet it.

Project director Professor Antonis Antoniou, of Cambridge University, said: “Finding people at the highest risk of developing cancer, including those with vague symptoms, is a major challenge. The UK’s strengths in population-scale data resources, combined with advanced analytical tools like AI, offer tremendous opportunities to link disparate datasets and uncover clues that could lead to earlier detection, diagnosis, and prevention of more cancers.

“The Cancer Data Driven Detection programme will build the partnerships and infrastructure needed to make data-driven cancer early detection, diagnosis and prevention a routine part of frontline healthcare. By understanding individual cancer risks, people can take proactive steps to stop cancer before it gets worse or even begins in the first place.""

Image: Getty Images) Getty Images)

The NHS could also offer individuals identified as being at higher risk of cancer to access different ways to try to prevent it. The £10 million funding for the programme has been provided by Cancer Research UK, the National Institute for Health and Care Research and the Engineering and Physical Sciences Research Council.

Over the next five years the funding will build the infrastructure required to access and link these datasets, train new data scientists and create the algorithms behind the risk models. The programme will then evaluate the algorithms and AI tools to ensure that they are giving accurate and clinically useful information about cancer risk. Currently privacy rules stand in the way of some datasets being used.

Setting out the case for greater use of AI earlier this month, Sir Keir Starmer said: ""The blunt truth is we’ve got to be much bolder. I’ve seen this for myself – as a leader of a public service, and this is entirely human, but new technology can provoke a reaction, a sort of fear, an inhibition, a caution if you like. And because of fears of a small risk, too often you miss the massive opportunity. So we have got to change that mindset.""

Science Minister Lord Patrick Vallance, said: “There are huge opportunities in AI to improve UK healthcare. This investment in harnessing the potential of data to spot those at risk of cancer represents the sort of innovation the Government’s new AI Opportunities Action Plan sets out to realise, so this technology improves lives, while transforming public services and boosting growth.”",NHS to use groundbreaking AI technology to identify people at risk of cancer - The Mirror,The Mirror,1,yes,https://www.mirror.co.uk/news/uk-news/nhs-use-artificial-intelligence-identify-34526131,https://accounts.google.com/ServiceLogin?hl=en-US&continue=https://news.google.com/rss/articles/CBMikAFBVV95cUxPRW04MkxUX25XVnZRMk9haWNIQ2l0dU9Fb2VxazZjaDN4QWRvV0h4Sk5kM3ZhTGdaVnRSYnEzRGZJWU5wS2pmSGtla0UtRHhfYjA5Vm1YbEJLMkhrTEtlczBsSHlLMnF3M2VpMmhjT25ldU9zM1NtN2tKM2cxRHZQdFdOazg5OF9ibnU0X3dWRmrSAZYBQVVfeXFMT2ptaDZsUzJwWTYtM3M4YUxkSTlUckVfcFRMUTZCLU9GenBCWFRkWi02UUU5azNsZk1aZVoyRjBrUzUxbS1JV281SHdzeVJWVDI0blVxQXpnY1VSSnpiTFVYWEZycmQ5RkFCazhqMEV1OUFjRi13SERmbjE4Rmw2SEdxS2FaSkRmU1ZuV0daQnVxLWZsbVRn?oc%3D5&gae=cb-,2025-01-22 00:01:00+00:00,6,1,Date: 22 Jan,1256,High-risk screening,"NHS to use groundbreaking AI technology to identify people at risk of cancer - The Mirror Britain is launching a population-wide project to use AI to identify people at high risk of getting cancer. The Government-backed scheme will link up population data and medical records to flag those at risk and “revolutionise how the NHS diagnoses and treats patients”. At risk people could be offered regular screening tests throughout their lives or be fast tracked to specialists if they present to their GP with symptoms. The five-year Cancer Data-Driven Detection programme will now link up health records, genomics, family history, demographics and behavioural data to train artificial intelligence models to predict who will get cancer. It comes after Prime Minister Sir Keir Starmer said last week the Government would use the power of AI and big data to better prevent and treat ill health. Image: Getty Images) Getty Images) In a speech launching the Government's new AI plan earlier this month, Sir Keir said: ""Mark my words, Britain will be one of the great AI superpowers."" Public Health Minister Andrew Gwynne said: “When it comes to fighting cancer, every second counts. This has the potential to help even more patients, including those with cancer, to help catch it earlier. Using the latest technology could revolutionise how the NHS diagnoses and treats patients.” AI will crunch vast amounts of population data to learn to calculate an individual’s risk of cancer during their lifetime. Only 54.4% of cancers in England are diagnosed early at stages one and two, where treatment is more likely to be successful. NHS England has set a target to diagnose 75% of cancers at stages one and two by 2028 but is not on track to meet it. Project director Professor Antonis Antoniou, of Cambridge University, said: “Finding people at the highest risk of developing cancer, including those with vague symptoms, is a major challenge. The UK’s strengths in population-scale data resources, comb"
AI could help diagnose dementia through eye tests - BBC,"Scottish researchers are working on a new AI tool that could be used by high-street opticians to spot the early signs of dementia.

Photographs taken of the retina at the back of the eye can give an indication of brain health, and by using AI software to analyse the information, scientists may be able to spot signs of disease before any symptoms are experienced.

The NeurEYE research team has collected almost a million eye scans from opticians across Scotland - the largest data set of its kind in the world - and with the help of AI has developed an algorithm that can assess the health of the blood vessels in the eye that could indicate neurogenerative diseases.

The database the team has built up can be applied to photographs taken during routine eye examinations and could eventually be used by clinicians to either prevent disease from occurring, or to diagnose conditions at a far earlier stage than is currently available.",AI could help diagnose dementia through eye tests - BBC,BBC,1,yes,https://www.bbc.co.uk/news/articles/cvgl8n1jpxyo,https://accounts.google.com/ServiceLogin?hl=en-US&continue=https://news.google.com/rss/articles/CBMiXEFVX3lxTE5lM3RhX0ZrdTVldUhtLXJwVVpaakZhY0NWcUJTeXJvb0hRUDZpbFc5SEpHZ2taM2FQYTZ5dlJwV0xmUmpvbnNoMTB2bWc2bUJXOWdQUW5CeWFJa1hp0gFiQVVfeXFMT1M1Smt6d0pEalc0N0pmMTdSd2tqMVdDS3VZRG5UVEdTTTIwRGREVEN0RmJhZHNlN2I3LUNNeGNIRHhiS3BVZVNjbkM5X1dJVG02cXFZaE4zLWJCVGJlVXJrUlE?oc%3D5&gae=cb-,2025-01-21 06:11:00+00:00,6,1,Date: 22 Jan,1266,Early diagnosis,"AI could help diagnose dementia through eye tests - BBC Scottish researchers are working on a new AI tool that could be used by high-street opticians to spot the early signs of dementia. Photographs taken of the retina at the back of the eye can give an indication of brain health, and by using AI software to analyse the information, scientists may be able to spot signs of disease before any symptoms are experienced. The NeurEYE research team has collected almost a million eye scans from opticians across Scotland - the largest data set of its kind in the world - and with the help of AI has developed an algorithm that can assess the health of the blood vessels in the eye that could indicate neurogenerative diseases. The database the team has built up can be applied to photographs taken during routine eye examinations and could eventually be used by clinicians to either prevent disease from occurring, or to diagnose conditions at a far earlier stage than is currently available."
'I was diagnosed with dementia at 49 after mistaking warning sign for common problem' - Yahoo News UK,"'I was diagnosed with dementia at 49 after mistaking warning sign for common problem'





A woman who was diagnosed with dementia at the age of just 49 told how she initially mistook one of the symptoms for the menopause.

School teacher Marie told the Channel 5 programme Will You Get Dementia? that she became concerned after forgetting her pupils names. Rather than fear she was suffering from dementia at a young age though, she thought the hot flashes she was experiencing were the start of the menopause.

Speaking to NHS GP Dr Claire Taylor, her husband Neil said: ""You were having hot flashes at the time weren't you. We thought it was menopause, that was what was making you forget words and things wasn't it.

ADVERTISEMENT

READ MORE: 'I'm a neurologist – forgetting these two things could be warning sign you have Alzheimer's'

READ MORE: Lesser-known warning sign of dementia can appear in the hands - what to look for

""All the symptoms we've mentioned, well we thought it might be that."" Marie added: ""Then they told me it wasn't menopause, dementia.""

NHS GP Dr Claire Taylor -Credit:Channel 5

Marie was diagnosed with semantic dementia four years ago, a rare form of the condition that causes a loss of semantic memory. It starts by affecting the comprehension of words.

Dr Taylor added: ""It's not only unusual symptoms that prevent an early diagnosis. For some people, it's their age.

""Marie isn't your typical dementia patient. Marie was diagnosed four years ago, at the age of just 49 years old. It was with her children in her class that she first noticed lapses in her memory.""

ADVERTISEMENT

A study released in September 2023 indicated that hot flashes could be an early indicator of dementia.

Marie was diagnosed at the age of just 49 -Credit:Channel 5

Rebecca Thurston, the director of Women's Biobehavioral Health at the University of Pittsburgh Department of Psychiatry, co-authored the 2022 research.

She said: ""Hot flashes, particularly those occurring during sleep, have been linked to poorer cognition and, in our prior work, indicators of poorer brain health.

""In this study, we took the next step and looked at the relationships between hot flashes and Alzheimer's disease biomarkers.""

Will You Get Dementia? is available to view on My 5 now. For more information on dementia, causes and symptoms, visit the NHS website here.",'I was diagnosed with dementia at 49 after mistaking warning sign for common problem' - Yahoo News UK,Yahoo News UK,0,yes,https://uk.news.yahoo.com/diagnosed-dementia-49-mistaking-warning-060000830.html,https://accounts.google.com/ServiceLogin?hl=en-US&continue=https://news.google.com/rss/articles/CBMihwFBVV95cUxNeXdJV1hvbjBENXQ2Vm1aVUdPRjhpUVdYUURuSWU0bm5QQl9kU1FNSWplSjcyNnUwS3lFWGdwVVdNc3hXeXhFempFNmJ4dFRHRUlzOEwxaFdLZ1gzZGdyN0xVRHotZ2VZNkdVNDdtRnExaUljNFNxX0JfNnF3Y0pGcVd4YTQzUDA?oc%3D5&gae=cb-,2025-01-19 06:00:00+00:00,6,1,Date: 22 Jan,1269,Early diagnosis,"'I was diagnosed with dementia at 49 after mistaking warning sign for common problem' - Yahoo News UK 'I was diagnosed with dementia at 49 after mistaking warning sign for common problem'  A woman who was diagnosed with dementia at the age of just 49 told how she initially mistook one of the symptoms for the menopause. School teacher Marie told the Channel 5 programme Will You Get Dementia? that she became concerned after forgetting her pupils names. Rather than fear she was suffering from dementia at a young age though, she thought the hot flashes she was experiencing were the start of the menopause. Speaking to NHS GP Dr Claire Taylor, her husband Neil said: ""You were having hot flashes at the time weren't you. We thought it was menopause, that was what was making you forget words and things wasn't it. ADVERTISEMENT READ MORE: 'I'm a neurologist – forgetting these two things could be warning sign you have Alzheimer's' READ MORE: Lesser-known warning sign of dementia can appear in the hands - what to look for ""All the symptoms we've mentioned, well we thought it might be that."" Marie added: ""Then they told me it wasn't menopause, dementia."" NHS GP Dr Claire Taylor -Credit:Channel 5 Marie was diagnosed with semantic dementia four years ago, a rare form of the condition that causes a loss of semantic memory. It starts by affecting the comprehension of words. Dr Taylor added: ""It's not only unusual symptoms that prevent an early diagnosis. For some people, it's their age. ""Marie isn't your typical dementia patient. Marie was diagnosed four years ago, at the age of just 49 years old. It was with her children in her class that she first noticed lapses in her memory."" ADVERTISEMENT A study released in September 2023 indicated that hot flashes could be an early indicator of dementia. Marie was diagnosed at the age of just 49 -Credit:Channel 5 Rebecca Thurston, the director of Women's Biobehavioral Health at the University of Pittsburgh Department of Psyc"
Kent mum warns against avoiding smear test after cancer diagnosis - BBC.com,"A mother-of-two from Kent who discovered she had cancer after avoiding cervical screening for nearly 20 years has urged those who are eligible to take up the offer of a test.

Penny declined to have a smear test for almost two decades because she said she felt ""uncomfortable"" with the idea of the procedure.

The 50-year-old was convinced to attend a screening in summer 2023 after it emerged during a visit to her GP that she had not been tested for so long.

That screening led to her being diagnosed with stage three cervical cancer, for which she has undergone a series of treatments which Penny admits are ""far worse"" than having a smear test.",Kent mum warns against avoiding smear test after cancer diagnosis - BBC.com,BBC.com,0,yes,https://www.bbc.com/news/articles/cy0pxk66y5do,https://accounts.google.com/ServiceLogin?hl=en-US&continue=https://news.google.com/rss/articles/CBMiWkFVX3lxTE9BOHFTdkNrZlRjUUdKbkRPTjRwS1BOZEZjY2lVcEFaUkhPZmxwQl9HcFRwbVQ0YUJXN011UDJJNUZPZDhVWjZfYV9JRUxUUXF5Yi0xWW1QbUVPUdIBX0FVX3lxTE5oUl9GRW5UUktEUFJRUFV2YWhheFIzOWZIcFA5VUxfcUtyaTV5WU5rWDVQZy1aTzRrY1hSbUxPM2gyOHhDa1UySjZtYmNHOVJaVC1HRkh5aktnUUJ1R2kw?oc%3D5&gae=cb-,2025-01-20 18:12:51+00:00,8,1,Date: 22 Jan,1310,Cancer screening,"Kent mum warns against avoiding smear test after cancer diagnosis - BBC.com A mother-of-two from Kent who discovered she had cancer after avoiding cervical screening for nearly 20 years has urged those who are eligible to take up the offer of a test. Penny declined to have a smear test for almost two decades because she said she felt ""uncomfortable"" with the idea of the procedure. The 50-year-old was convinced to attend a screening in summer 2023 after it emerged during a visit to her GP that she had not been tested for so long. That screening led to her being diagnosed with stage three cervical cancer, for which she has undergone a series of treatments which Penny admits are ""far worse"" than having a smear test."
"'A smear test saved my life', says Peterborough cancer survivor - BBC.com","A woman who survived cervical cancer has advocated the importance of smear tests after she said having one saved her life.

Stacey Roberts, 37, from Peterborough, has been in remission for three years after being diagnosed with the illness aged 34, and said she feels ""proud"" of her journey.

NHS England said around one in three women take up their invite to get a cervical screening, even though 75% of cervical cancers can be prevented by the test.

Ms Roberts said: ""Screenings save lives. It saved mine. It is uncomfortable, but think of the bigger picture.""","'A smear test saved my life', says Peterborough cancer survivor - BBC.com",BBC.com,0,yes,https://www.bbc.com/news/articles/cwye7dxx5d2o,https://accounts.google.com/ServiceLogin?hl=en-US&continue=https://news.google.com/rss/articles/CBMiWkFVX3lxTFBJRnlFMGtfOVhDbURTUnQtWVJ1MzZPX0YwZV9UbFMzaE5FY3RxY3hSVlQxMHJRN0RkV011VzFiMDVkbGZSLVNKMWNZdGRlRXVkaS1xa0NIQV9Rd9IBX0FVX3lxTE9KS0pKcVJxUkdsTUVxcFBBd3V1RkNNQXBPclRacUNqaWlZdW13MnNEZjJuR1RzZ3d4bEsyakNlbFA1Z2toR2laeDNWenU5d3FBVnFMYmtTRkZpSENKNWtJ?oc%3D5&gae=cb-,2025-01-21 06:17:44+00:00,9,1,Date: 22 Jan,1332,Cancer screening,"'A smear test saved my life', says Peterborough cancer survivor - BBC.com A woman who survived cervical cancer has advocated the importance of smear tests after she said having one saved her life. Stacey Roberts, 37, from Peterborough, has been in remission for three years after being diagnosed with the illness aged 34, and said she feels ""proud"" of her journey. NHS England said around one in three women take up their invite to get a cervical screening, even though 75% of cervical cancers can be prevented by the test. Ms Roberts said: ""Screenings save lives. It saved mine. It is uncomfortable, but think of the bigger picture."""
Six early Dementia symptoms to look out for as Pauline Quirke rocked by diagnosis - The Mirror,"Six early Dementia symptoms to look out for as Pauline Quirke rocked by diagnosis

The shock dementia diagnosis of Pauline Quirke has sparked a rush of traffic to the NHS website today to find out symptoms to look out for.

Web page visits to the NHS dementia advice page doubled after the Birds of a Feather star’s husband announced her diagnosis and said she was stepping away from acting. The 65-year-old star was best known for her role in the hit sitcom Birds Of A Feather, playing Sharon Theodopolopodous opposite Linda Robson, who played her sister Tracey.

Steve Sheen, who has been married to Quirke since 1996, said she had been diagnosed with the condition in 2021. One in two people will be directly affected by dementia during their lifetime - either by developing the condition themselves or caring for someone with it - according to Alzheimer's Research UK.

Image: Getty Images) Getty Images)

The NHS says there are some common early symptoms that may appear some time before a diagnosis of dementia which include:

memory loss

difficulty concentrating

finding it hard to carry out familiar daily tasks, such as getting confused over the correct change when shopping

struggling to follow a conversation or find the right word

being confused about time and place

mood changes

The NHS stresses that “dementia is not a natural part of aging” so it is important to talk to a GP if such symptoms emerge and worsen over time.

Image: Getty Images) Getty Images)

The NHS website states: “These symptoms are often mild and may get worse only very gradually. It's often termed ‘mild cognitive impairment’ as the symptoms are not severe enough to be diagnosed as dementia.

“You might not notice these symptoms if you have them, and family and friends may not notice or take them seriously for some time. In some people, these symptoms will remain the same and not worsen. But some people with MCI will go on to develop dementia.”

Emerging dementia drugs and lifestyle changes could be tried on patients suspected of having dementia. Seeking medical advice also allows coping mechanisms to be discussed and arrangements made with family members to ensure the patient is safe and supported in daily life. Currently standard NHS tests for dementia diagnosis can include cognitive tests and a lumbar puncture to test the spinal fluid.

Image: BBC) BBC)

Birds of a Feather ran for nine years on the BBC, it attracted nearly 20 million viewers at its height. Pauline Quirke and her husband Steve Sheen, who worked as an executive producer on the show, have two children together. In 1990 Quirke won a British Comedy award for her role in Birds Of A Feather and in 1996 she was nominated for a BAFTA for her performance as a convicted murderess in The Sculptress.

Visit the NHS web page on dementia to see more symptoms specific to the different forms of dementia including Alzheimer’s, vascular dementia and dementia with Lewy bodies.",Six early Dementia symptoms to look out for as Pauline Quirke rocked by diagnosis - The Mirror,The Mirror,0,yes,https://www.mirror.co.uk/news/health/dementia-symptoms-pauline-quirke-diagnosed-34523415,https://accounts.google.com/ServiceLogin?hl=en-US&continue=https://news.google.com/rss/articles/CBMikgFBVV95cUxPb2ZUck1GNWpMejYzZWNROUVvSV9PZmNRdDlScU1Lb2FOUDJIRWhiLWZTa3lnYi1CRFJwRzd6QUdsaVcwZ1pieVhhbmtuUjI0aTVjTFotODhrckNRUk5nS08zZk96c0JzWFBieE13eVcwQjFlekZmY0RSRW5INDA3T1BHWnVCbGpDOExaNHd0NUoyd9IBlwFBVV95cUxOUnluQnNkSm5PbTdtTkVOOWFxcll3SElsWkNvRlllLXpRN09FMG1JbUE5ckYyQ2RkaE5rMEhqRlFoejlXSTk1R0RFc2UweklUVEJSaWFUR0lmOFZ3N2ZUNDNMZU5OdEhhaHZDNHcyZ1VmZ0ktN1doNUl3MFNZbl9HbzEtSDZlMkt3M0FGLUhVa2hOTy1JN0ZN?oc%3D5&gae=cb-,2025-01-21 14:09:00+00:00,9,1,Date: 22 Jan,1339,Early diagnosis,"Six early Dementia symptoms to look out for as Pauline Quirke rocked by diagnosis - The Mirror Six early Dementia symptoms to look out for as Pauline Quirke rocked by diagnosis The shock dementia diagnosis of Pauline Quirke has sparked a rush of traffic to the NHS website today to find out symptoms to look out for. Web page visits to the NHS dementia advice page doubled after the Birds of a Feather star’s husband announced her diagnosis and said she was stepping away from acting. The 65-year-old star was best known for her role in the hit sitcom Birds Of A Feather, playing Sharon Theodopolopodous opposite Linda Robson, who played her sister Tracey. Steve Sheen, who has been married to Quirke since 1996, said she had been diagnosed with the condition in 2021. One in two people will be directly affected by dementia during their lifetime - either by developing the condition themselves or caring for someone with it - according to Alzheimer's Research UK. Image: Getty Images) Getty Images) The NHS says there are some common early symptoms that may appear some time before a diagnosis of dementia which include: memory loss difficulty concentrating finding it hard to carry out familiar daily tasks, such as getting confused over the correct change when shopping struggling to follow a conversation or find the right word being confused about time and place mood changes The NHS stresses that “dementia is not a natural part of aging” so it is important to talk to a GP if such symptoms emerge and worsen over time. Image: Getty Images) Getty Images) The NHS website states: “These symptoms are often mild and may get worse only very gradually. It's often termed ‘mild cognitive impairment’ as the symptoms are not severe enough to be diagnosed as dementia. “You might not notice these symptoms if you have them, and family and friends may not notice or take them seriously for some time. In some people, these symptoms will remain the same and not worsen. But some people wi"
Anne-Marie Duff discusses her brother Eddie's devastating early onset dementia diagnosis in his 40s - and admi - Daily Mail,"Anne-Marie Duff has opened up about her brother Eddie's shock diagnosis of young-onset dementia.

The Shameless star's sibling, now 56, was diagnosed with the incurable condition nine years ago while in his 40s - although she believes symptoms began as far back as 14 years ago.

Anne-Marie told The Sunday Times that she had noticed Eddie struggling to cope - turning up to work late or getting on the wrong bus, and eventually he lost his job as a researcher.

She couldn't figure out why he couldn't 'get it together', and questioned whether it was alcohol, drugs or if he needed psychiatric help.

But she never thought it would be that he had young-onset dementia, where people develop the devastating condition before the age of 65.

Anne-Marie shared her sadness as she recalled how Eddie struggled to accept or comprehend his incurable diagnosis at the time and spoke as though he would eventually recover.

Anne-Marie Duff has opened up to The Sunday Times about her brother Eddie's shock diagnosis of young-onset dementia

The Shameless star's sibling, now 56, was diagnosed with the incurable condition nine years ago while in his 40s - although she believes symptoms began as far back as 14 years ago

'It was sad, because he couldn't accept it and he couldn't fully comprehend it, it's quite aggressive when it’s very early onset,' Anne-Marie said.

Eddie had no job, no partner and no children to care for him when he received the devastating diagnosis nine years ago - so he was moved into state-funded supportive housing.

However Anne-Marie said that Eddie's condition has now progressed and he, now 56, needs hard-to-come-by specialist accommodation with round-the-clock care.

The actress said her brother needs to be in secure accommodation because he 'wanders off'. She has power of attorney over him.

But despite his worsening condition, Anne-Marie and her family still find moments of joy and manage to laugh together.

'You will get precious memories, even though the memories are cobwebs,' she said.

She also shared that it is touching to watch her parents revert back to caring for him as they would have done when he was a child, as she added: 'Just watching them still parent and shaving him, things like that are so beautiful.'

Anne-Marie opened up about Eddie's condition on BBC Woman's Hour back in December.

Anne-Marie told The Sunday Times that she had noticed Eddie struggling to cope - turning up to work late or getting on the wrong bus, and eventually he lost his job as a researcher

But she never thought it would be that he had young-onset dementia, where people develop the devastating condition before the age of 65

She told BBC's Nuala McGovern: 'We're at a point now where he's going to need much more care, so we're applying for that, so we're going through that difficult process. And my heart goes out to anyone who's going through just the admin and the logistics of all of that.

'I'd say he's been living with it for about 14 years and he's only a couple years older than me so that tells you how young he was, and he had his diagnosis about eight or nine years ago.

'So yeah it's very, very difficult because you are watching somebody slowly vanish before your eyes.'

She continued: 'But the love doesn't vanish and I'd say that is one of the gifts of all of it, is that the love is so present in the room. There's an unspoken version of your relationship that exists in another... it's almost like a completely other element. It's so beautiful.

Anne-Marie opened up about Eddie's condition on BBC Woman's Hour back in December

'He doesn't know who I am but he knows that I love him which is very interesting... but I know the effect that it has on a family.'

Going on to praise charitable organisation, Anne-Marie said: 'I mean the Alzheimer's Society and all those organisations are phenomenal.

'And again I always bang my drum and say if you're going through anything, if you're a carer or even someone who's living with Alzheimer's, please call them with any questions or worries or even just to talk. They are incredible.

'We all have someone in our lives, don't we, who's living with some version of dementia.'",Anne-Marie Duff discusses her brother Eddie's devastating early onset dementia diagnosis in his 40s - and admi - Daily Mail,Daily Mail,0,yes,https://www.dailymail.co.uk/tvshowbiz/article-14301859/Anne-Marie-Duff-opens-brother-Eddies-shock-young-onset-dementia-diagnosis-40s-emotionally-recalls-comprehend-wouldnt-recover.html,https://accounts.google.com/ServiceLogin?hl=en-US&continue=https://news.google.com/rss/articles/CBMikgJBVV95cUxNMGVJN0R2MDFXOUdXTFltbnZSZDNWWVVQZm1IZnFOTVJfVUxjWmMwTmc5QjVxSUx2OExIcGFKNXJwRHlPY2VJN3dPR252NjdJSjFVcmdLM2RIczItTmxKM1ZiQmpHdzRlWVhkVTZLR3RuRjhRMXJvalRhLVRBTkQ5Q1FtMDZabU5nMmZmaFdxZ2NzdC1VTzlZaGF4TFhTWGljeWxpTDVvNWg0aXdwdjVKS1k5RHFrY0tHdjBpWHRJUTRhck1qMlVwNDgzRms1MUhVUThwU1pTQWpnUW54WVR1SUczWUNqMlEwVmhBQjg1UFRZVVF0S1dJRGNRU0JJMXE0dFdLN3JHMXlfb3I2NkFDX1Z30gGXAkFVX3lxTE1WUzhacnZMdElqck12d3dQSkE1bEJKYnhyMTYwam16UExkSHJ5Zk1pYjlFbS1oUVZ5TWRWRk9sTFR1dm9FOEd3MkVDWlZPV1hwSGZSQzExQlV3THliX3hCN3Q4YXlucjEwOGdZaXR5QU85NklveUVTMWEtYzc2VU11OWdFOFlWSWpNRTljVU9SV2NPUDJ1YWJ2djItRVVGN2RkZ1dRQUk0WDBPMzVveElVUDJCb0xkZzRVc2RQSVpfelhXaUxCMlBka2F5eFJ0Qk1DRGE2ZkhycFFTY3p0Z2VocU4tNnhZV0FfSTllS1hhdnVPYTh0Yzc2SFJYeHF3by1EVnRQaG9ONGN3OXQtTnJXY1EwbkpKMA?oc%3D5&gae=cb-,2025-01-19 11:52:20+00:00,10,1,Date: 22 Jan,1359,Early diagnosis,"Anne-Marie Duff discusses her brother Eddie's devastating early onset dementia diagnosis in his 40s - and admi - Daily Mail Anne-Marie Duff has opened up about her brother Eddie's shock diagnosis of young-onset dementia. The Shameless star's sibling, now 56, was diagnosed with the incurable condition nine years ago while in his 40s - although she believes symptoms began as far back as 14 years ago. Anne-Marie told The Sunday Times that she had noticed Eddie struggling to cope - turning up to work late or getting on the wrong bus, and eventually he lost his job as a researcher. She couldn't figure out why he couldn't 'get it together', and questioned whether it was alcohol, drugs or if he needed psychiatric help. But she never thought it would be that he had young-onset dementia, where people develop the devastating condition before the age of 65. Anne-Marie shared her sadness as she recalled how Eddie struggled to accept or comprehend his incurable diagnosis at the time and spoke as though he would eventually recover. Anne-Marie Duff has opened up to The Sunday Times about her brother Eddie's shock diagnosis of young-onset dementia The Shameless star's sibling, now 56, was diagnosed with the incurable condition nine years ago while in his 40s - although she believes symptoms began as far back as 14 years ago 'It was sad, because he couldn't accept it and he couldn't fully comprehend it, it's quite aggressive when it’s very early onset,' Anne-Marie said. Eddie had no job, no partner and no children to care for him when he received the devastating diagnosis nine years ago - so he was moved into state-funded supportive housing. However Anne-Marie said that Eddie's condition has now progressed and he, now 56, needs hard-to-come-by specialist accommodation with round-the-clock care. The actress said her brother needs to be in secure accommodation because he 'wanders off'. She has power of attorney over him. But despite his worsening condition, Anne-Marie and "
5 early warning signs of dementia that should not be ignored - including one that happens at night - Nottinghamshire Live,"Our community members are treated to special offers, promotions and adverts from us and our partners. You can check out at any time. More info

Health experts have warned people to be vigilant of the early signs of dementia, which include inconspicuous issues like having trouble sleeping. Early detection allows families and medical services to intervene, potentially delaying severe symptoms and helping the individual lead a more fulfilling life.

The UK's Alzheimer's Society has said: ""There is currently no cure for dementia, but recognising the early signs and symptoms is still very important. With clinical trials now showing positive results, an early and accurate diagnosis will be important to find those that are eligible for disease modifying treatments when they are available.""

The society also explained: ""It's important to also remember there are lots of ways we can support people to live well with dementia, even in the absence of drugs to slow the progression.""

As reported by The New York Times, five symptoms could indicate early stages of dementia that are often missed. Memory loss is widely recognised as a symptom, particularly for Alzheimer's disease, but it is not the sole signal to be aware of.

Other critical signs are frequently neglected, yet they can be key for an early diagnosis. While some symptoms might have other reasons or occur in isolated events, if they persist or multiple symptoms appear simultaneously, professional health evaluation is advised, reports Surrey Live.

These are five signs of potential dementia that should not be overlooked:

1. Personality changes: A study led by Angelina Sutin, a professor of behavioural sciences at Florida State University, discovered that individuals with dementia often exhibit personality changes before cognitive decline becomes apparent.

Decreases in extroversion, agreeableness, and conscientiousness were noted, with these changes accelerating as the disease progresses. These shifts can be observed in daily behaviour, such as social withdrawal or a diminishing social circle, which, according to Sutin, are easier to spot than memory impairment.

2. Difficulty driving: According to Ganesh Babulal, a neurology professor at Washington University in St. Louis, difficulty driving can be one of the first indicators of cognitive decline, potentially appearing years before other symptoms. Driving involves multiple cognitive systems, and any impairment can heighten the risk of accidents.

While age-related physical issues like impaired vision or medication side effects can also contribute, it's crucial to be mindful of these changes.

3. Loss of smell.

Loss of smell is one of the initial indicators of neurodegeneration in diseases such as Alzheimer's disease, dementia with Lewy bodies and Parkinson's disease. The olfactory system, which governs this sense, is often impaired years or even decades before other symptoms manifest.

Unlike hearing or vision loss, which are risk factors for dementia but not caused by it, loss of smell is an early symptom of these diseases. Each disease impacts the sense of smell differently and in Alzheimer's, smells are detected but confused, while in Parkinson's and dementia with Lewy bodies they are not perceived, which may be key to early detection.

4. Difficulty sleeping well

Sleep disturbances are common in old age, but drastic changes, such as waking up at 3am or not being able to stay awake during the day, may be signs of dementia. Regions of the brain that regulate sleep, such as the brainstem, are among the first to be affected in Alzheimer's, causing disturbances years before memory problems.

In dementia with Lewy bodies and Parkinson's, a REM sleep behaviour disorder may arise, where the person acts out their dreams with movements or screams, due to damage to the brain cells that control paralysis during that phase.

This is not simple sleepwalking, according to neurologist Ronald Postuma, as patients often seek help after being alerted by a partner to violent or unusual behaviour in their sleep. These patterns may be early signs of neurodegenerative diseases.

5. Financial problems

While financial difficulties are common and can stem from a variety of causes, they may be an early indicator of dementia when accompanied by other cognitive or behavioural changes. These issues are not a direct cause of the disease, but their sudden or unusual onset, such as forgetting to pay bills, making impulsive purchases or trusting unreliable individuals, may suggest disturbances in judgement and brain function.

This is particularly true in cases like frontotemporal dementia, where judgement is impaired early on. Neurologist Winston Chiong explains that financial management involves multiple brain regions, making it one of the first areas where cognitive problems become apparent.",5 early warning signs of dementia that should not be ignored - including one that happens at night - Nottinghamshire Live,Nottinghamshire Live,0,yes,https://www.nottinghampost.com/news/health/5-early-warning-signs-dementia-9877857,https://accounts.google.com/ServiceLogin?hl=en-US&continue=https://news.google.com/rss/articles/CBMiiAFBVV95cUxNUk41SVRhdWRqVkFpMU15MFZkWkRrT3BZOEVKVVEwVDN2bFE5ZDgyM2JHWk5aX1dNeGtEcktfdlBZUU55c211OE9ZTnp2TnZ3eVZsWFpBUW8yMnhOSEhqSVM1SW9RSTVyeFBDSlNsc254bE9VZEVhYnZod2Q1TDZ3ZEN5dW5qZkx10gGOAUFVX3lxTE1MelhrZ1JzYXZyS1FTRGxlTTl2d3lXamx4QU5uRFZrMnRjaFZ0VFNjLTRtNV9KUGFvZEVVS245d2VCQUJOZFpTOWV6ZmdNdnIyT1pCdWxXNGdqTzFWaHE2LWVKWWQ5UWVsRUdfemRFazd3N2N0SzEwOXdVX2w5OTlVek5CYktQLVBuQkpfWVE?oc%3D5&gae=cb-,2025-01-20 14:35:04+00:00,10,1,Date: 22 Jan,1360,Early diagnosis,"5 early warning signs of dementia that should not be ignored - including one that happens at night - Nottinghamshire Live Our community members are treated to special offers, promotions and adverts from us and our partners. You can check out at any time. More info Health experts have warned people to be vigilant of the early signs of dementia, which include inconspicuous issues like having trouble sleeping. Early detection allows families and medical services to intervene, potentially delaying severe symptoms and helping the individual lead a more fulfilling life. The UK's Alzheimer's Society has said: ""There is currently no cure for dementia, but recognising the early signs and symptoms is still very important. With clinical trials now showing positive results, an early and accurate diagnosis will be important to find those that are eligible for disease modifying treatments when they are available."" The society also explained: ""It's important to also remember there are lots of ways we can support people to live well with dementia, even in the absence of drugs to slow the progression."" As reported by The New York Times, five symptoms could indicate early stages of dementia that are often missed. Memory loss is widely recognised as a symptom, particularly for Alzheimer's disease, but it is not the sole signal to be aware of. Other critical signs are frequently neglected, yet they can be key for an early diagnosis. While some symptoms might have other reasons or occur in isolated events, if they persist or multiple symptoms appear simultaneously, professional health evaluation is advised, reports Surrey Live. These are five signs of potential dementia that should not be overlooked: 1. Personality changes: A study led by Angelina Sutin, a professor of behavioural sciences at Florida State University, discovered that individuals with dementia often exhibit personality changes before cognitive decline becomes apparent. Decreases in extroversion, agreeableness, an"
Early warning signs of dementia after Pauline Quirke's heartbreaking diagnosis - Manchester Evening News,"Something went wrong, please try again later.

Invalid email Something went wrong, please try again later.

Love a bit of cheeky celeb goss? Share your email to get showbiz news, gossip and rumours from the MEN

Something went wrong, please try again later.

Love a bit of cheeky celeb goss? Share your email to get showbiz news, gossip and rumours from the MEN

Actress Pauline Quirk announced that she would be retiring at the age of 65-years-old due to a recent dementia diagnosis.

Steve Sheen, who married Pauline in 1996, recently shared that Pauline was first diagnosed with the condition in 2021 but kept it private until now. In a statement on Tuesday (21st January), Steve shared: ""It is with a heavy heart that I announce my wife Pauline’s decision to step back from all professional and commercial duties due to her diagnosis of dementia in 2021.

""Pauline has been an inspiration through her work in the film and TV industry, her charity endeavours and as the founder of the very successful Pauline Quirke Academy of Performing Arts.""

He continued: ""In drama, her BAFTA-nominated role in The Sculptress, was outstanding, as was her role as the mysterious Susan Wright in ITV's Broadchurch. Demonstrating her acting versatility, she also starred or appeared in more than 60 TV and film productions, including Carrie's War, North and South, Casualty, Cold Blood, Thieving Headmistress, My Family, You, Me and the Apocalypse, and of course Emmerdale.""

(Image: Jonathan Brady / PA)

Pauline was best known for her role as the feisty Sharon Theodopolopodous on long-running sitcom Birds Of A Feather.

Fran Vandelli, dementia lead for Bupa Care Services Richmond Villages described dementia as: ""An umbrella term that describes a set of symptoms affecting your brain, causing problems with memory, thinking, and communication, leading to the loss of the skills required for everyday living. "" She said there are more than 200 subtypes of dementia existing.

The most common types include Alzheimer’s disease, vascular dementia, Lewy body dementia, frontotemporal dementia and mixed dementia, according to Dementia UK. Lead-charity Alzheimer's society have shared the early symptoms to look out for to receive a diagnosis as soon as possible.

What are the early-stage symptoms of dementia?

Memory problems - A person may struggle to recall recent events or keep losing items such as keys and glasses around the house. It's often the first and main symptom in early Alzheimer's disease.

- A person may struggle to recall recent events or keep losing items such as keys and glasses around the house. It's often the first and main symptom in early Alzheimer's disease. Difficulties in thinking things through and planning - They may get confused more easily and struggle to plan or make complex decisions. This can largely involve dealing with financial decisions.

- They may get confused more easily and struggle to plan or make complex decisions. This can largely involve dealing with financial decisions. Language and communication - A person may find it difficult to find the right word in a conversation or struggle to follow what is being said to them. Speech can also be affected when someone who has vascular dementia has had a stroke.

- A person may find it difficult to find the right word in a conversation or struggle to follow what is being said to them. Speech can also be affected when someone who has vascular dementia has had a stroke. Poor orientation - They may no longer recognise their whereabouts and get lost even in places familiar to them.

- They may no longer recognise their whereabouts and get lost even in places familiar to them. Visual-perceptual difficulties - This refers to problems judging distances. For instance, they may struggle when it comes to using stairs.

- This refers to problems judging distances. For instance, they may struggle when it comes to using stairs. Changes in mood or emotion - They may experience more frequent feelings of anxiety, sadness, or frightened. It's also quite common for them to become more irritable, particularly in their frustration at losing their abilities. They can become quite withdrawn and lose interest.

Unfortunately, there is no current cure for dementia. According to the NHS, medicines such as acetylcholinesterase inhibitors and memantine, are sometimes prescribed to help temporarily reduce symptoms.

In 2022, Pauline was honoured with an MBE in Queen Elizabeth II's Birthday Honours list for her services to young people, the entertainment industry, and charity.

Speaking on her ITV morning show, Lorraine Kelly said: ""This is really sad news this morning. Pauline Quirke, lovely Pauline, stepping down from acting after 50 years because she's been diagnosed with dementia,

""We just send all our love. She's a brilliant woman, an absolute delight. I've met her many times and it's just really sad. But she'll be doing a lot of good, as she has in her whole life, and she'll continue to do so.""",Early warning signs of dementia after Pauline Quirke's heartbreaking diagnosis - Manchester Evening News,Manchester Evening News,0,yes,https://www.manchestereveningnews.co.uk/news/showbiz-news/early-signs-of-dementia-symptoms-30829186,https://accounts.google.com/ServiceLogin?hl=en-US&continue=https://news.google.com/rss/articles/CBMioAFBVV95cUxOY0pZX3ZzdGZrTGVENldCX0Jpa0k2QlhrU3RnQTNZMmtKdkd1RGRVRHlCblIxMFNRZVVEdkUtMzFaZENKenZKcE1xRXNQWEdRTmhwR1pBUWY4YmdtclpSeHJMOFRJTktremxkemNpV3RVS3N4WVJLRDZJajZtdkZIWDRRM2lNMEltS0NGZDk5clpuX2pBRTZzSVlqRUM2dkM30gGmAUFVX3lxTE1saDVfRENtUzNrRDBDYjlTUU9BV0pFaTF2N2V6c0ZBVFFLQ0lYYV9RNWcwUmdIdjkzSG5DaXpRd211c2RKcXF5YV8zck5DNkh1RDZIdlU3QzM5aG9udmtoR29ubHhDTGNTS2xIOVlfeF9GTV9lanpjOC15aDMwbmFTUExBTXJ4YlR5QzNTNVFIcmhwWk1UMGJZRmZ3NjNCRmh1d21FYkE?oc%3D5&gae=cb-,2025-01-21 13:24:00+00:00,10,1,Date: 22 Jan,1363,Early diagnosis,"Early warning signs of dementia after Pauline Quirke's heartbreaking diagnosis - Manchester Evening News Something went wrong, please try again later. Invalid email Something went wrong, please try again later. Love a bit of cheeky celeb goss? Share your email to get showbiz news, gossip and rumours from the MEN Something went wrong, please try again later. Love a bit of cheeky celeb goss? Share your email to get showbiz news, gossip and rumours from the MEN Actress Pauline Quirk announced that she would be retiring at the age of 65-years-old due to a recent dementia diagnosis. Steve Sheen, who married Pauline in 1996, recently shared that Pauline was first diagnosed with the condition in 2021 but kept it private until now. In a statement on Tuesday (21st January), Steve shared: ""It is with a heavy heart that I announce my wife Pauline’s decision to step back from all professional and commercial duties due to her diagnosis of dementia in 2021. ""Pauline has been an inspiration through her work in the film and TV industry, her charity endeavours and as the founder of the very successful Pauline Quirke Academy of Performing Arts."" He continued: ""In drama, her BAFTA-nominated role in The Sculptress, was outstanding, as was her role as the mysterious Susan Wright in ITV's Broadchurch. Demonstrating her acting versatility, she also starred or appeared in more than 60 TV and film productions, including Carrie's War, North and South, Casualty, Cold Blood, Thieving Headmistress, My Family, You, Me and the Apocalypse, and of course Emmerdale."" (Image: Jonathan Brady / PA) Pauline was best known for her role as the feisty Sharon Theodopolopodous on long-running sitcom Birds Of A Feather. Fran Vandelli, dementia lead for Bupa Care Services Richmond Villages described dementia as: ""An umbrella term that describes a set of symptoms affecting your brain, causing problems with memory, thinking, and communication, leading to the loss of the skills required for everyday li"
Sponsored : Managing Dementia: Is It Possible? - The Herald,Not your computer? Use Guest mode to sign in privately. Learn more about using Guest mode,Sponsored : Managing Dementia: Is It Possible? - The Herald,The Herald,0,yes,https://www.herald.co.zw/sponsored-managing-dementia-is-it-possible/,https://accounts.google.com/ServiceLogin?hl=en-US&continue=https://news.google.com/rss/articles/CBMid0FVX3lxTE1WUWF6QkJ4R3kzT0lxb2R6Ql9IY2NGcXRtblNFZmNrR1JJMG55dS1jelN2Mmxzczdublh4RHdZWUtodHE2Vm1HdllQUVJuNXFNZjMxZnE0amFNRXBTR1gwVWljLXlMRE4ybjgybDVXclQwd2RPODV30gF8QVVfeXFMT1RyM3dmYUNKM19OeGYzVHVyUVRVY1RhUUhOOVFYcGR6NTVWaTZvS2NLRHYzNV9paUFSSGNYTE00SXc5MjBhbHh1OTJGNWVXUk5nNDd2T0Y4bklKcUZnQUZPZ0RvU0x3RjJjb2NtNElzTGlNSlJYWTVzN1R3dw?oc%3D5&gae=cb-,2025-01-21 14:09:47+00:00,10,1,Date: 22 Jan,1364,Early diagnosis,Sponsored : Managing Dementia: Is It Possible? - The Herald Not your computer? Use Guest mode to sign in privately. Learn more about using Guest mode
Pauline Quirke diagnosed with dementia: Six early signs to look out for - Stoke-on-Trent Live,"Something went wrong, please try again later.

Invalid email Something went wrong, please try again later.

Want Stoke-on-Trent news emailed to you direct from our journalists? Sign up to our newsletter

Something went wrong, please try again later.

Want Stoke-on-Trent news emailed to you direct from our journalists? Sign up to our newsletter

Actress Pauline Quirke will be stepping down from all professional and commercial activities after being diagnosed with dementia. Her husband Paul Sheen made the announcement earlier today (January 21.

In his statement, he expressed: ""It is with a heavy heart that I announce my wife Pauline's decision to step back from all professional and commercial duties due to her diagnosis of dementia in 2021.""

He highlighted her remarkable contributions to the film and TV industry, her charitable work, and her role as the founder of the acclaimed Pauline Quirke Academy of Performing Arts (PQA).

He added: ""Her talent, dedication and vision have touched countless lives, and will continue to do so through the legacy of her work and through PQA where her vision and guidance has facilitated many young people's progression and interest in the arts, and enhanced their self-confidence.""

But what exactly are the symptoms of dementia, and how should you respond if you notice them?

According to the NHS website, different types of dementia can affect people differently, and everyone will experience symptoms in their own way, reports Bristol Live.

However some early signs to look out for include:

memory loss

difficulty concentrating

finding it hard to carry out familiar daily tasks

struggling to follow a conversation or find the right word

being confused about time and place

mood changes

These symptoms are usually mild to begin with, but may worsen over time. These symptoms alone are not enough for a dementia diagnosis, and is instead often termed ""mild cognitive impairment"" (MCI). However, the NHS warns that people diagnosed with MCI can go on to develop dementia.

If you've having problems with your memory, or are struggling with the other symptoms mentioned, it is advised you see a GP as soon as possible.

Dementia is most commonly caused by Alzheimer's disease, symptoms of Alzheimer's is similar to the early signs of dementia.

Common symptoms of Alzheimer's disease include:

memory problems, such as regularly forgetting recent events, names and faces

asking repetitive questions

increasing difficulties with tasks and activities that require organisation and planning

becoming confused in unfamiliar environments

difficulty finding the right words

difficulty with numbers and/or handling money in shops

becoming more withdrawn or anxious

Research shows there are more than 944,000 people in the UK who have dementia, and 1 in 11 people over the age of 65 have dementia.",Pauline Quirke diagnosed with dementia: Six early signs to look out for - Stoke-on-Trent Live,Stoke-on-Trent Live,0,yes,https://www.stokesentinel.co.uk/news/uk-world-news/pauline-quirke-diagnosed-dementia-six-9882472,https://accounts.google.com/ServiceLogin?hl=en-US&continue=https://news.google.com/rss/articles/CBMinAFBVV95cUxNRUk1V0NYNkNWbnIyam96SGlZdTlDLV9mOWJFTmRMZEpSeFFMSDc2U3ZxV3NZQWVSajZwaXhnVHUtdnhMa3Bvd19JU1g5dlhpWEs3RERWSFFvdU50M3dqZjFKQTQ4cHRUeXc5d2I4dkNLeDFxbnd3SGEybllzTWN3UUw0UkVIclA3UkFwT1pwRkh5SS1TX2RIVGYzeTjSAaIBQVVfeXFMTTJocVdnS195VnQtOTJLTkJPZS02ZjE1Q1FZZ2JVQ0stZDBUbXQzUjZnQ2JnWmZEVC1DbGticzBOb1pKYUtKMTRMbGlzQ2xnNW1zWnlER2tCSW1HN2JMc1AzWVRRNUZxV2cySmRUV2EzOW9McWhUWjMzOXBPOHprSWNyWVRTcWRuZlpvX0hfS2N6NXlSVlFiN2dzQUhBRHN3bTRR?oc%3D5&gae=cb-,2025-01-21 19:29:00+00:00,10,1,Date: 22 Jan,1366,Early diagnosis,"Pauline Quirke diagnosed with dementia: Six early signs to look out for - Stoke-on-Trent Live Something went wrong, please try again later. Invalid email Something went wrong, please try again later. Want Stoke-on-Trent news emailed to you direct from our journalists? Sign up to our newsletter Something went wrong, please try again later. Want Stoke-on-Trent news emailed to you direct from our journalists? Sign up to our newsletter Actress Pauline Quirke will be stepping down from all professional and commercial activities after being diagnosed with dementia. Her husband Paul Sheen made the announcement earlier today (January 21. In his statement, he expressed: ""It is with a heavy heart that I announce my wife Pauline's decision to step back from all professional and commercial duties due to her diagnosis of dementia in 2021."" He highlighted her remarkable contributions to the film and TV industry, her charitable work, and her role as the founder of the acclaimed Pauline Quirke Academy of Performing Arts (PQA). He added: ""Her talent, dedication and vision have touched countless lives, and will continue to do so through the legacy of her work and through PQA where her vision and guidance has facilitated many young people's progression and interest in the arts, and enhanced their self-confidence."" But what exactly are the symptoms of dementia, and how should you respond if you notice them? According to the NHS website, different types of dementia can affect people differently, and everyone will experience symptoms in their own way, reports Bristol Live. However some early signs to look out for include: memory loss difficulty concentrating finding it hard to carry out familiar daily tasks struggling to follow a conversation or find the right word being confused about time and place mood changes These symptoms are usually mild to begin with, but may worsen over time. These symptoms alone are not enough for a dementia diagnosis, and is instead often ter"
Risk prediction models for falls in hospitalized older patients: a systematic review and meta-analysis - BMC Geriatrics,"Hospital-acquired falls are serious adverse events, especially for older patients, leading to injuries, prolonged stays, and increased healthcare costs. Fall prevention is a crucial safety priority for healthcare providers, requiring individual fall risk assessments for each patient. This systematic review identified and assessed the quality of 13 studies on predictive models for falls in hospitalized older adults. The models exhibited significant performance variation in internal/external validation (AUROC: 0.630–0.851). However, the high risk of bias in all studies limits the real-world applicability of these findings.

This systematic review identified several critical methodological issues. Eight studies did not report how they handled missing data, while one study simply excluded it. This can introduce bias in effect size estimates and reduce the models’ discriminative power. Multiple imputation [29] is the preferred approach for handling missing values in both model development and validation due to its accuracy and reduced bias. However, researchers should be mindful of “data leakage” [30]when using this method. Furthermore, four studies converted continuous variables into categorical ones. This can lead to information loss and reduced analytical power, ultimately resulting in lower model performance as documented in the literature [31].

Three of the included models used logistic regression, while the remaining five employed various machine learning algorithms. Machine learning is often viewed as superior to logistic regression for real-world data [32], which can be nonlinear and have complex relationships between features. This allows machine learning to handle large, high-dimensional datasets effectively. However, it should be borne in mind that machine learning models are not always superior [33]. In some cases, logistic regression models can be simpler and more effective. First, its simple form makes it easy to understand and interpret. Second, it can efficiently converge and provide stable results even with smaller datasets. The resulting regression coefficients indicate how strongly each variable influences the outcome. This interpretability is crucial for clinicians, as it allows them to identify key factors in disease development and progression, informing preventive measures or treatment plans. Machine learning models are generally more complex than logistic regression, making them less interpretable, hence the “black box” label [34]. However, advancements are being made to enhance interpretability in these complex algorithms. SHapley Additive exPlanations (SHAP) is a popular example [35]. This game theory-based approach unveils the average contribution of each feature, enabling both global and local interpretability. Local interpretability allows clinicians to tailor rehabilitation programs to individual patients. Therefore, researchers must make trade-offs based on specific data characteristics when selecting modeling methods. To maximize the predictive performance and generalizability of the model, we recommend that researchers consider multiple modeling methods when constructing a prediction model.

Differing from static data, the construction of fall prediction models based on dynamically collected real-time or recent data holds broad prospects for development. In this study, the two studies that employed dynamic data to construct models both demonstrated favorable prediction accuracy (0.731–0.740). By segmenting the data or conducting time-series analysis to capture individual dynamic changes, it is possible to predict fall risk in real-time, which is crucial for the realization of early warnings. However, the data collection process may be plagued by issues of equipment stability and noise interference. The heterogeneity of the data further complicates data processing and increases the difficulty of model training. Consequently, it is imperative for the future to surmount the knowledge barriers between different fields through technological innovation and interdisciplinary collaboration.

Validation studies, both internal and external, can only assess a prediction model’s performance in specific contexts, highlighting the need to confirm model robustness before clinical use [36]. In addition to conducting multicenter studies, researchers can utilize publicly available databases to enhance cost-effectiveness and generalizability by leveraging comprehensive data and larger datasets. However, it is crucial to attend to the temporal sequence between the extracted predictors and the occurrence of outcomes, neglecting this aspect could undermine the stability of the model and elevate the likelihood of missteps in clinical decision processes. Accurate reporting of model results is crucial for informed decision-making, transparency, and continuous model improvement. The PROBAST assessment tool emphasizes reporting on model discrimination (AUC ranges from 0.5 for random chance to 1 for perfect accuracy [37]) and calibration metrics. Additionally, clinical applicability metrics like positive and negative predictive values can provide a more comprehensive assessment. In our study, although two studies reported calibration metrics, the provision of an Observed-to-Expected (O/E) ratio can offer more informative insights into the assessment of model calibration. For imbalanced datasets, the F1-Score and Matthews Correlation Coefficient (MCC) can be employed to comprehensively gauge model performance. Evaluating from multiple perspectives will provide a more holistic reflection of the predictive capabilities of the model, thereby ensuring the effectiveness of the chosen model in real-world applications. To improve reporting quality, researchers should strictly follow the Transparent Reporting of a Multivariate Prediction Model for Individual Prognosis or Diagnosis (TRIPOD) statement [38].

Falls in older adults are a complex issue with both intrinsic (individual characteristics) and extrinsic (environmental) risk factors. Most falls involve a combination of advanced age, health conditions, and interactions with the environment [39]. Due to this complexity, predicting fall risk is challenging. This study summarized the most commonly reported influences on falls based on the final models’ results. The top four factors identified were: mobility limitations, history of falls, medications, and mental cognition. While mobility testing is crucial for fall risk assessment, relying solely on a single test (e.g., Single Leg Stance Test, Timed Up and Go) is insufficient [40, 41]. Combining these tests with other factors improved the accuracy. Indeed, although numerous fall risk assessment tools exist, achieving both high sensitivity and specificity remains difficult [42]. Therefore, a more precise prediction model for hospitalized older adults is urgently needed for clinical application. A history of falls is a strong predictor of future falls and a major focus in clinical assessments [43]. This is likely due to both the physical consequences (functional decline) and psychological impact (fear of falling (FOF)) of falls. Notably, FOF is prevalent, affecting 40–73% of older adults with a history of falls, and even half of those without [44]. Polypharmacy and specific medications like cardiovascular and psychotropic drugs significantly increase fall risk in hospitalized older adults with high comorbidity [45]. Certain medications, including antiepileptic drugs, opioids, and those used in high quantities (polypharmacy), have been associated with an increased risk of falls in older adults. These factors should be considered during fall risk assessment. Cognitive impairment in older adults can impair their ability to cope with their environment, which can be detrimental to balance and gait [46]. However, more research is warranted to determine if there’s a link between cognitive impairment and falling [47, 48]. In addition, falls can be influenced by various characteristics, including gender, medical conditions, and vital signs. Due to the complexity of falls, accurate assessment necessitates considering multiple factors. Future studies should prioritize incorporating well-established risk factors like those discussed above (mobility limitations, fall history, medications, and cognition) into fall risk models. Expanding the model’s predictor base can address misclassification arising from variations in patient characteristics. However, it is important to avoid overfitting the model by introducing excessive complexity.

Strengths and limitations

Our study systematically reviewed multiple databases to evaluate research on fall prediction models for hospitalized older adults and conducted a critical assessment of the retrieved studies, providing comprehensive and objective evidence to support subsequent research. However, this study has several limitations that should be acknowledged. First, by only including English literature, we may have limited the diversity and generalizability of our findings. Additionally, although statistical tests indicated no significant publication bias, funnel plot and the exclusion of relevant studies from the grey literature databases may still lead to potential bias. Second, some studies lacked comprehensive reporting of results, hindering a meta-analysis on the calibration of the predictive models. Finally, the meta-analysis revealed a high degree of heterogeneity, which could be attributed to variations in study design, participant populations, and baseline fall risks. Although the current limitations preclude us from endorsing the clinical application of any specific model, our study can still provide valuable reference points for designing future high-quality studies with transparent reporting practices.

Implications

Our study aggregates and interprets the critical evidence related to fall risk factors in older adults admitted to hospitals, thereby serving as a cornerstone for the future development of precise and clinically actionable fall prediction models. Nevertheless, owing to the limitations in study design quality and the absence of robust model validation, the applied significance of the fall prediction models for hospitalized older adults as included in this research is not yet fully elucidated. The direction of future endeavors should be aimed at meticulous study design and the augmentation of external validation for established prediction models, with the objective of enhancing the broader applicability and generalizability of the research conclusions.",,BMC Geriatrics,0,yes,https://bmcgeriatr.biomedcentral.com/articles/10.1186/s12877-025-05688-0,2025-01-14 09:31:59+00:00,,1,1,Date: 15 Jan,1449,High-risk screening,"Risk prediction models for falls in hospitalized older patients: a systematic review and meta-analysis - BMC Geriatrics Hospital-acquired falls are serious adverse events, especially for older patients, leading to injuries, prolonged stays, and increased healthcare costs. Fall prevention is a crucial safety priority for healthcare providers, requiring individual fall risk assessments for each patient. This systematic review identified and assessed the quality of 13 studies on predictive models for falls in hospitalized older adults. The models exhibited significant performance variation in internal/external validation (AUROC: 0.630–0.851). However, the high risk of bias in all studies limits the real-world applicability of these findings. This systematic review identified several critical methodological issues. Eight studies did not report how they handled missing data, while one study simply excluded it. This can introduce bias in effect size estimates and reduce the models’ discriminative power. Multiple imputation [29] is the preferred approach for handling missing values in both model development and validation due to its accuracy and reduced bias. However, researchers should be mindful of “data leakage” [30]when using this method. Furthermore, four studies converted continuous variables into categorical ones. This can lead to information loss and reduced analytical power, ultimately resulting in lower model performance as documented in the literature [31]. Three of the included models used logistic regression, while the remaining five employed various machine learning algorithms. Machine learning is often viewed as superior to logistic regression for real-world data [32], which can be nonlinear and have complex relationships between features. This allows machine learning to handle large, high-dimensional datasets effectively. However, it should be borne in mind that machine learning models are not always superior [33]. In some cases, logistic regression model"
Exploring the role of moxibustion robots in teaching: a cross-sectional study - BMC Medical Education,"Background

Artificial Intelligence (AI) has gradually been used into various fields of medical education with the rapid development of technology, which brings revolutionary changes to medical education [1, 2] with its powerful data processing capabilities, accurate analysis algorithms and intelligent application scenarios. Combining medical education with artificial intelligence can not only improve the quality and efficiency of medical education, but also promote the innovation and development of it [3]. The application of artificial intelligence in medical education is gradually changing the traditional teaching ways and methods, providing medical students with a more rich, efficient and personalized learning experience [4].

On the one hand, medical education adopts intelligent assisted diagnosis system, which utilizes machine learning algorithms and big data analysis to help medical students carry out diagnosis and determine treatment plan [5]. By automatically identifying indicators such as the focal size, type and location and analyzing image features, the system can provide accurate diagnostic recommendations, which enhances students’ practical experience [6]. On the other hand, via using virtual simulation technology to re-render real medical scenarios, training opportunities to operate clinical surgery can be better offered. This technique reduces risk and stress for patients, creates a safe learning environment for students, and helps improve their judgment and decision-making skills [7,8,9].

Additionally, artificial intelligence plays a role in individualized teaching in medical education as well. By emphasizing an AI-integrated framework which enhance radiology education and take practices offered by our own institution for instance, Duong suggests that the era of AI-augmented Radiology could enable not only “precision medicine” but also “precision education”, where teaching is tailored to the students’ learning style and needs [10]. Pantic built a novel learning framework that fits the goals of the course and the expected level of computing skills of the students for programming instruction to novices through a synthesis of traditional objectivist and real-world constructivist approaches [11]. Thomaz designed an experimental platform with a simulated RL robot, analyzed real-time human teaching behavior found in a study, reported on how people manage feedback by using AI after learning from the study reinforcement classes [12]. Goh discussed a new paradigm [13] of biotechnology education involving AI coevolution to help students learn adaptively and build connections among new conception in the vast knowledge network of biotechnology. Cheng used AI to analyze the effectiveness of the realization of inverted classroom education in universities, and expanded the dimension and depth of the analysis of inverted sports behavior in the physical education teaching of inverted university classrooms [14]. Yilmaz compared the effects of learning through real-time intelligent teaching systems with that through human instructor-mediated training [15]. By using natural language processing, machine learning and other technologies, the system can comprehensively and accurately assess students’ abilities, provide real-time feedback and personalized learning suggestions by analyzing students’ learning process and level, and offer individualized learning content and plans, and recommend learning resources which are suitable for them [16, 17].

As a significant component of Traditional Chinese Medicine (TCM), acupuncture and moxibustion has profound theoretical heritage and practical requirements. In recent years, with the rapid development of artificial intelligence technology, its application in the teaching of acupuncture and moxibustion is increasingly extensive. Artificial intelligence records and evaluates students’ operations in real time. In addition, AI can not only provide accurate operational feedback and improvement suggestions through data analysis, which can help students correct errors in time and improve the accuracy and standardization of operations, but also simulate the real clinical environment [18] and allow students to practice acupuncture and moxibustion treatment in a virtual scene, which provides assistance for students in getting familiar with the clinical process in a safe environment and improving their clinical coping ability.

Moxibustion robot assisted teaching

The team offered a modular and multi-functional experimental teaching platform through self-developed and homemade Chinese intelligent moxibustion robot (Fig. 1), explained the moxibustion robot related technologies and knowledge in teaching, and gave students deep impression through on-site physical demonstration.

The project decomposed the research of moxibustion robot into multiple sub-modules such as robot ontology, multi-functional physiotherapy module, intelligent interaction and control system, acupoint recognition system and multi-dimensional perception system (Fig. 2), and designed fundamental experiment content for each module to consolidate students’ basic knowledge and improve students’ hands-on ability. With the intelligent physiotherapy robot of traditional Chinese medicine as the carrier, the new information technology, artificial intelligence, big data and the internet of things, would guide students to independently design innovative experimental content, cultivate students’ practical ability, which lead an achievement of “basic practice-comprehensive training-competition innovation” step by step. From the perspective of theoretical training, modular grading design, sub-project assessment, the brand new, whole process, multi-level and three-dimensional training system of the ability to project research and development and innovation was constructed and the theoretical connection between medical science and artificial intelligence development was established, which cultivated the innovative thinking of students.

Fig. 2 The operating principle of moxibustion robot Full size image

Theoretical frame

The relationship between artificial intelligence and assisted teaching

The application of artificial intelligence in the field of education has achieved remarkable progress. Through the application of intelligent teaching [19], individualized learning [20], interactive teaching [21], data analysis [22], content recommendation [23], intelligent assessment [19] and autonomous learning [24], artificial intelligence has brought revolutionary changes and innovative development to traditional teaching methods. With the continuous development and improvement of AI, its application in education will be more extensive and in-depth, injecting new vitality into the progress of education.

How assisted teaching makes an impression on the three stages of teaching

By using before class, during class and after class, moxibustion robot plays an important role in teaching.

In the stage of preparation before class, the introduction of moxibustion robots has brought a lot of convenience to teachers and students. The latest information and materials related to moxibustion teaching are collected and sorted out automatically through the network to provide rich teaching materials for teachers. The intelligent teaching system offers students preview materials and online tests to help them understand the content in advance. By analyzing students’ learning data and historical performance, the robot can provide teachers with personalized teaching program design suggestions.

In the stage of participation in class, the application of moxibustion robot brings a more vivid and efficient teaching process. Interacting with students in real time through speech recognition and artificial intelligence, it can simulate the real moxibustion operating environment, allow students to practice in the classroom, and reduce the risk and cost of real operation.

In the stage of consolidation after class, moxibustion robots still leaves a significant impression. The robot is able to continuously track student progress and performance, providing teachers with detailed learning reports and data analysis. By offering rich teaching resources, realizing interactive teaching, providing real-time feedback and individualized learning support and other functions, moxibustion robot can not only improve the teaching effect and efficiency, but also promote the independent learning and all-round development of students.

The importance of the three stages of teaching for learning engagement and evaluation

In the teaching process, learning engagement and evaluation are two crucial links. Learning engagement is the degree of students’ involvement in teaching activities. Evaluation is an essential means to test students’ learning results and teaching effects. Learning engagement is the starting point of teaching activities and the basis for students to acquire knowledge, skills and values. Using moxibustion robots to design interesting and challenging content and activities can enhance learning motivation and promote knowledge construction.

Preparation before class can improve students’ sense of involvement in learning. By preview in time, students can understand the course content in advance and form a preliminary cognitive structure. Preparation before class helps teachers to assess students’ learning level more accurately, understand students’ knowledge reserve and learning difficulties before class, and develop more targeted teaching programs.

Participation in class is the core link in the whole learning process. Combining moxibustion robot with vivid and interesting explanation and interactive discussion, students can be more actively involved in learning. It can not only promote the learning effect of students, but also cultivate their independent learning ability and innovative spirit, which is an important basis for teachers to evaluate the learning effect of students.

Consolidation after class refers to the phase when students consolidate what they have learned and form long-term memory. By testing and feedback on students’ learning results, the learning situation can be acquired in time, providing basis for teachers to adjust teaching strategies and methods. The addition of moxibustion robot can provide timely feedback and guidance for teaching and promote teaching reflection and improvement.

Significance of study

First of all, via automatically determining the location of acupuncture points, smoke-free moxibustion environment and other functions, the moxibustion robot assisted teaching reduces the manual operation time and error in traditional teaching, improve teaching efficiency. Secondly, the moxibustion robot provides a more intelligent and convenient learning experience so that students can understand and learn moxibustion knowledge more intuitively, and enhance the interest and motivation of learning. Thirdly, the use of moxibustion robots brings a brand new stage where moxibustion teaching can no longer limited to specific teaching places and times, which provides new possibilities for distance education and autonomous learning.

As a new teaching tool, the application of moxibustion robot in teaching not only contribute to improving the teaching effect, but also promotes the cross-integration and development of medicine, education and other related disciplines. The systematic research and analysis of the practical application of moxibustion robot in teaching can give useful reference and inspiration to future teaching improvement and industrial development.

Aim of study

The study aimed to explore the factors influencing medical students’ engagement with moxibustion robot-assisted teaching and the mediating roles involved. Through multistage cluster sampling, this study collected and analyzed data from medical students who experienced the teaching of the moxibustion robot in an attempt to understand how the different stages of instruction, such as pre-class preparation, classroom participation, and post-class consolidation, affect learning engagement and ultimately the evaluation of the teaching process. The moxibustion robot was integrated into the teaching process to assist the instructor in delivering the content and facilitating learning. This study was conducted in this specific setting to evaluate the effectiveness and impact of the robot on student learning.

In the process of moxibustion robot assisted teaching (Fig. 3), the research issues questionnaires to discuss the factors that affect the learning effect in the learning process, and further explore whether the combination of moxibustion robot with medical education and the students’ understanding level of medical theory and medical intelligent equipment technology can contribute to improving students’ practical operation ability and problem-solving capability.",,BMC Medical Education,0,yes,https://bmcmededuc.biomedcentral.com/articles/10.1186/s12909-025-06669-y,2025-01-14 04:19:03+00:00,,1,1,Date: 15 Jan,1471,Self-sampling,"Exploring the role of moxibustion robots in teaching: a cross-sectional study - BMC Medical Education Background Artificial Intelligence (AI) has gradually been used into various fields of medical education with the rapid development of technology, which brings revolutionary changes to medical education [1, 2] with its powerful data processing capabilities, accurate analysis algorithms and intelligent application scenarios. Combining medical education with artificial intelligence can not only improve the quality and efficiency of medical education, but also promote the innovation and development of it [3]. The application of artificial intelligence in medical education is gradually changing the traditional teaching ways and methods, providing medical students with a more rich, efficient and personalized learning experience [4]. On the one hand, medical education adopts intelligent assisted diagnosis system, which utilizes machine learning algorithms and big data analysis to help medical students carry out diagnosis and determine treatment plan [5]. By automatically identifying indicators such as the focal size, type and location and analyzing image features, the system can provide accurate diagnostic recommendations, which enhances students’ practical experience [6]. On the other hand, via using virtual simulation technology to re-render real medical scenarios, training opportunities to operate clinical surgery can be better offered. This technique reduces risk and stress for patients, creates a safe learning environment for students, and helps improve their judgment and decision-making skills [7,8,9]. Additionally, artificial intelligence plays a role in individualized teaching in medical education as well. By emphasizing an AI-integrated framework which enhance radiology education and take practices offered by our own institution for instance, Duong suggests that the era of AI-augmented Radiology could enable not only “precision medicine” but also “precision ed"
People are just learning that huge Happy Mondays hit is actually a cover – and original made history - Yahoo News UK,"



People are only just learning one of Happy Mondays' biggest hits is actually a cover that made history years before Bez and Shaun Ryder's version.

The song, which has since been entered into the Guinness Book of World Records, was already a hit before Happy Mondays got to it more than 20 years later. The original, which released in May 1971, made it to number four in the UK charts and is still cited as one of the first songs to use a sample.

Sampling is the act of taking existing audio recordings and incorporating them into new compositions, as has been done by artists like Daft Punk, Kanye West, and James Brown.

ADVERTISEMENT

READ MORE: Bob Dylan fans convinced there's 'tension' in one of his legendary performances

READ MORE: 'I went to 46 gigs in three countries – but one performance was unforgettable this year'

But the Happy Mondays' cover of the hit track was a surprise to some fans who believed it was an original work. The song, which featured on their third studio album, Pills 'n' Thrills and Bellyaches, was not written by the 'Mondays as first thought. Ryder and Bez actually covered a song from John Kongos, giving them one of their biggest hits to date.

He's Gonna Step on You Again, the song from Kongos' self-titled album, sampled a tape loop of African drumming and made history for the Fly Records label. Happy Mondays' Step On made it to number five in the charts and became the band's biggest-selling single.

Fans of Happy Mondays are only just realising the work is a cover, with one stunned fan saying it has ""twisted my melon man,"" referring to the song's iconic lyric. One wrote: ""Just found out Step On by the Happy Mondays is a cover. That's twisted my melon man!""

ADVERTISEMENT

Another stunned listener wrote: ""I was Today’s years old when I discovered that Happy Mondays Step On is a cover..."" A third added: ""What are songs that are covers that you didn't know were covers? I ask because I just found out that Step On by Happy Mondays is a cover and I am very surprised... Did everyone know this?""

Others were left wondering what other Manchester-based bands had covered songs from history. One X user was stunned to realise Oasis had not written Live and Let Die or Cum On Feel the Noise.

They shared: ""First time I heard Live And Let Die by Guns n Roses and Cum On Feel The Noize by Oasis I was unaware that Wings and Slade did them originally.""

It is not the first time the band covered Kongos' work either. Step On had originally been intended as a single for the Rubáiyát: Elektra's 40th Anniversary compilation album.

But the group liked their work on Step On so much they kept it for their third album, instead covering Kongos' 'Tokoloshe Man' from the same album.",,Yahoo News UK,0,yes,https://uk.news.yahoo.com/people-just-learning-huge-happy-111505708.html,2025-01-14 11:15:05+00:00,,1,1,Date: 15 Jan,1474,Self-sampling,"People are just learning that huge Happy Mondays hit is actually a cover – and original made history - Yahoo News UK  People are only just learning one of Happy Mondays' biggest hits is actually a cover that made history years before Bez and Shaun Ryder's version. The song, which has since been entered into the Guinness Book of World Records, was already a hit before Happy Mondays got to it more than 20 years later. The original, which released in May 1971, made it to number four in the UK charts and is still cited as one of the first songs to use a sample. Sampling is the act of taking existing audio recordings and incorporating them into new compositions, as has been done by artists like Daft Punk, Kanye West, and James Brown. ADVERTISEMENT READ MORE: Bob Dylan fans convinced there's 'tension' in one of his legendary performances READ MORE: 'I went to 46 gigs in three countries – but one performance was unforgettable this year' But the Happy Mondays' cover of the hit track was a surprise to some fans who believed it was an original work. The song, which featured on their third studio album, Pills 'n' Thrills and Bellyaches, was not written by the 'Mondays as first thought. Ryder and Bez actually covered a song from John Kongos, giving them one of their biggest hits to date. He's Gonna Step on You Again, the song from Kongos' self-titled album, sampled a tape loop of African drumming and made history for the Fly Records label. Happy Mondays' Step On made it to number five in the charts and became the band's biggest-selling single. Fans of Happy Mondays are only just realising the work is a cover, with one stunned fan saying it has ""twisted my melon man,"" referring to the song's iconic lyric. One wrote: ""Just found out Step On by the Happy Mondays is a cover. That's twisted my melon man!"" ADVERTISEMENT Another stunned listener wrote: ""I was Today’s years old when I discovered that Happy Mondays Step On is a cover..."" A third added: ""What are songs that "
Your guide to diabetic eye screening - GOV.UK,"You can choose if you take part in diabetic eye screening. This leaflet aims to help you decide.

1. Why the NHS offers diabetic eye screening

Diabetic eye screening is an important part of your diabetes care. We offer screening as it helps to prevent sight loss.

As someone with diabetes, your eyes are at risk of damage from a condition called diabetic retinopathy. Screening can detect retinopathy before you notice any changes to your vision.

Diabetic eye screening is not part of your normal eye examinations with an optician. Screening does not look for other eye conditions. You should continue to visit your optician for regular eye examinations as well.

Diabetic eye screening using digital photography

2. Diabetic retinopathy

Diabetic retinopathy occurs when high blood sugar levels damage the back of the eye. It can cause the blood vessels in the retina to leak or become blocked.

Untreated diabetic retinopathy can cause sight loss. When it’s found early enough, treatment can reduce or prevent damage to your sight.

Read more information on how diabetes can affect your eyes on NHS.UK.

3. How we do diabetic eye screening

Eye drops being administered prior to screening test

We’ll ask you to read some letters on a chart. We’ll put drops in your eyes. These may sting for a few seconds and may make your sight blurry. When the drops start working, we’ll ask you to look into a camera. The camera will not touch your eyes. We’ll take pictures of the back of your eyes. There will be a bright flash.

Your appointment will usually take around 30 minutes.

4. When we invite you for diabetic eye screening

We invite everyone with diabetes aged 12 and over for diabetic eye screening.

How often we invite you depends on the results from your last 2 screening appointments. We will invite you for screening every 1 or 2 years if we do not find diabetic retinopathy.

5. Possible risks of diabetic eye screening

No screening test is 100% reliable.

The eye drops may sting for a few seconds, but screening is not painful and the equipment will not touch your eyes.

For up to 6 hours after the test:

your sight may be blurry – do not drive until it goes back to normal

everything can look very bright – wearing sunglasses can help.

6. Diabetic eye screening results

A clinical expert checks the photographs of your eyes after your screening.

We aim to send your results letter to you and your GP within 3 weeks.

If we do not get a clear result, we may call you back for another assessment.

There are 3 types of result for diabetic changes to the back of your eyes:

No changes – this is called no diabetic retinopathy

Some changes to your eyes – this is called background retinopathy (stage 1)

Eye damage that could affect your sight – this is called referrable retinopathy. You may have either pre-proliferative retinopathy (stage 2) or proliferative retinopathy (stage 3). Your results letter will explain this in more detail.

Depending on your results, you may need a follow-up appointment. This is to see if you need treatment or more frequent checks. We may do a more detailed check of your eyes using a different type of camera. This is sometimes called optical coherence tomography (an OCT scan).

7. Practical hints and tips on the day

Bring all the glasses and contact lenses you wear along with lens solution for your contacts.

Bring sunglasses as your eyes can feel sensitive after having the eye drops.

You may want to bring someone with you to the appointment. You should not drive until your vision returns to normal, which can take up to 6 hours.

8. How to reduce your risk

You can help to reduce your risk if you:

control your blood glucose as effectively as possible

see your doctor regularly to check your blood pressure

attend all your diabetic eye screening appointments

get advice if you notice any changes to your sight

take your diabetes medication as prescribed

exercise regularly, following medical advice.

9. More information and support

Read your screening invitation for details of what you need to do next.

You can also:

This information is available in alternative formats, including easy read and other languages. To request another format, you can phone 0300 311 22 33 or email england.contactus@nhs.net.

We use personal information from your NHS records to invite you for screening at the right time. NHS England also uses your information to ensure you receive high quality care and to improve the screening programmes. Read more about how we use and protect your information.

Find out how to opt out of screening.",,GOV.UK,1,yes,https://www.gov.uk/government/publications/diabetic-eye-screening-description-in-brief/your-guide-to-diabetic-eye-screening,2025-01-09 08:00:00+00:00,,2,2,Date: 15 Jan,1524,"Health screening,High-risk screening","Your guide to diabetic eye screening - GOV.UK You can choose if you take part in diabetic eye screening. This leaflet aims to help you decide. 1. Why the NHS offers diabetic eye screening Diabetic eye screening is an important part of your diabetes care. We offer screening as it helps to prevent sight loss. As someone with diabetes, your eyes are at risk of damage from a condition called diabetic retinopathy. Screening can detect retinopathy before you notice any changes to your vision. Diabetic eye screening is not part of your normal eye examinations with an optician. Screening does not look for other eye conditions. You should continue to visit your optician for regular eye examinations as well. Diabetic eye screening using digital photography 2. Diabetic retinopathy Diabetic retinopathy occurs when high blood sugar levels damage the back of the eye. It can cause the blood vessels in the retina to leak or become blocked. Untreated diabetic retinopathy can cause sight loss. When it’s found early enough, treatment can reduce or prevent damage to your sight. Read more information on how diabetes can affect your eyes on NHS.UK. 3. How we do diabetic eye screening Eye drops being administered prior to screening test We’ll ask you to read some letters on a chart. We’ll put drops in your eyes. These may sting for a few seconds and may make your sight blurry. When the drops start working, we’ll ask you to look into a camera. The camera will not touch your eyes. We’ll take pictures of the back of your eyes. There will be a bright flash. Your appointment will usually take around 30 minutes. 4. When we invite you for diabetic eye screening We invite everyone with diabetes aged 12 and over for diabetic eye screening. How often we invite you depends on the results from your last 2 screening appointments. We will invite you for screening every 1 or 2 years if we do not find diabetic retinopathy. 5. Possible risks of diabetic eye screening No screening test is"
Association between the screen time spent watching short videos at bedtime and essential hypertension in young and middle-aged people: a cross-sectional study - BMC Public Health,"Participants

Data of 4318 young and middle-aged adults who underwent medical checkups in Hengshui People’s Hospital from January 2023 to September 2023 were consecutively collected for a cross-sectional study, including self-reported screen time spent watching short videos at bedtime and general information. Initially, an overall pool of 7,246 participants were screened. From this pool, 2,112 individuals were excluded based on age criteria, with 622 participants under 18 years old and 1,490 participants over 59 years old. An additional 5 participants were excluded due to a diagnosis of secondary hypertension. A further 386 individuals were excluded for heart diseases, including 373 with coronary heart disease, 4 with congenital heart disease, and 9 with dilated cardiomyopathy. Moreover, 399 participants were excluded due to other underlying conditions, comprising 71 with chronic obstructive pulmonary disease, 7 with peptic ulcers, 14 with chronic renal failure, 286 with old cerebral infarction, and 21 with old cerebral hemorrhage. Twenty-two individuals were excluded because of malignant tumors, including 18 with lung cancer, 3 with liver cancer, and 1 with prostate cancer. Lastly, 4 participants were excluded due to psychiatric disorders, including 1 with schizophrenia and 3 with bipolar disorder. This rigorous screening process resulted in a final sample size of 4,318 participants(Fig. 1).The general information collected included demographic factors (e.g., age, sex, occupation, educational background), lifestyle factors (e.g., smoking status, alcohol consumption, physical activity levels, dietary habits such as high sodium intake), and other relevant variables that may influence health. Among the 4318 participants, 2425 were male and 1893 were female, with a mean age of 32.77 ± 10.22 years. The participants included civil servants, professionals, technicians, and workers who typically undergo routine annual health checkups, as well as individuals who underwent pre-employment or pre-admission health screenings and others who voluntarily participated in health checkups. These screenings typically included basic health assessments, such as blood pressure measurements, blood tests, and other general health evaluations.The datasets were divided into training (from 3023 participants from January 2023 to July 2023) and test (from 1295 participants from July to September 2023) sets in a ratio of approximately 3:1 based on the chronological order of participation in the medical checkups. The training set was divided into hypertensive (n = 888) and non-hypertensive (n = 2135) groups depending on whether comorbid essential hypertension was present or not. Inclusion criteria were (1) 18–59 years of age; (2) hypertension diagnosis according to the diagnostic criteria of the 2018 Chinese guidelines for hypertension management [7], systolic blood pressure (BP) level ≥ 140 mmHg and/or diastolic BP level ≥ 90 mmHg; (3) no history of drug abuse; (4) habit of watching short videos at bedtime or never watching short videos both of which have lasted for > 3 months; and (5) full informed consent provided to the medical examiners. Exclusion criteria were (1) secondary hypertension; (2) heart diseases; (3) underlying diseases, such as respiratory, digestive, urinary, immune, and nervous system diseases; (4) malignant tumours; (5) severe psychiatric illnesses, including schizophrenia, bipolar disorder, and other psychiatric disorders that significantly impair an individual’s ability to perform daily activities; and (6) inability to report the time spent watching short videos at bedtime for various reasons. This work was approved by Hengshui People’s Hospital’s Ethics Committee under No: AF /SC-08/02.02.

Fig. 1 Flowchart of participant inclusion and data set division Full size image

Data collection

We collected the names, sexes, ages, and other personal information of all participants and conducted relevant medical history enquiries, physical examinations, and relevant auxiliary examinations. Using a questionnaire, we collected data on the average daily time spent watching short videos in the past 1 week, divided into 0, 0–1 (encompassing 1), 1–2 (encompassing 2), 2–3 (encompassing 3), 3–4 (encompassing 4), and > 4 h. Marital status was categorised as single, married, divorced, or widowed; literacy attainment as primary school and below, junior high school, senior high school, or university and above; and occupation as unemployed, farmer, civil servant, professional and technical personnel, employee, student, or freelancer. In addition, patients were assessed on whether they smoked cigarettes, drank alcohol, were on a high-sodium diet based on a sodium intake of ≥ 6 g/day [8], and were on a weekly 150 min of moderately intense or 75 min of highly intense physical activity for the past 1 week, or a mixture of both exercises at an equivalent time, defined as sufficient physical activity [9]. We also evaluated sleep adequacy based on whether the average daily sleep duration over the past week exceeded 7 h [10]. Additionally, weight status was evaluated using BMI, with obesity defined as a BMI ≥ 28.0 kg/m² and overweight defined as a BMI ≥ 24.0 kg/m² but < 28.0 kg/m² [11]. Anxiety degree was evaluated using the Self-rating Anxiety Scale comprising 20 entries, with a score of ≥ 50 categorised as having anxiety. The degree of depression was assessed using the Self-rating Depression Scale comprising 20 entries, with a score of ≥ 53 points indicating the presence of depression and higher scores indicating severe depression. Patients were also categorised as having comorbid dysphoric moods (anxiety and or depression) and not having comorbid dysphoric moods according to their scores.Additionally, the following data were collected: medical history and new diagnoses of diabetes or impaired glucose tolerance (IGT), dyslipidemia, hyperuricemia, and family history of hypertension. Diabetes was diagnosed based on the presence of typical symptoms (e.g., excessive thirst, polyuria, polyphagia, unexplained weight loss), with confirmation by one of the following criteria: random plasma glucose ≥ 11.1 mmol/L, fasting plasma glucose ≥ 7.0 mmol/L, 2-hour plasma glucose ≥ 11.1 mmol/L during an oral glucose tolerance test (OGTT), or HbA1c ≥ 6.5% [11, 12]. In the absence of typical symptoms, diagnosis required confirmation by repeat testing. Impaired glucose tolerance (IGT) was defined as a 2-hour plasma glucose level between 140 mg/dL (7.8 mmol/L) and 199 mg/dL (11.1 mmol/L) during an OGTT [12]. Dyslipidemia was diagnosed if at least one of the following criteria was met: serum total cholesterol ≥ 5.2 mmol/L (200 mg/dL), triglycerides ≥ 1.7 mmol/L (150 mg/dL), low-density lipoprotein cholesterol ≥ 3.4 mmol/L (130 mg/dL), or high-density lipoprotein cholesterol < 1.0 mmol/L (40 mg/dL) [11]. Hyperuricemia was defined as serum uric acid levels > 420 µmol/L (7.0 mg/dL) in men or > 360 µmol/L (6.0 mg/dL) in women [13]. Family history of hypertension was defined as having a first-degree relative (i.e., parent, sibling, or other direct relative) who had been diagnosed with hypertension.

Observation indicators

The general information from the hypertensive and non-hypertensive groups of the training dataset was compared using univariate analysis. Indicators with statistically significant differences were further analysed using Lasso regression and introduced into the multifactorial logistic regression analysis for analysing the correlation of essential hypertension in young and middle-aged people with screen time spent watching short videos at bedtime, as well as the independent predictors of hypertension in these patients. Based on the logistic multifactorial regression results, we established a nomogram prediction model, and assessed its predictive efficacy by the area under receiver operating characteristic (ROC) curve (AUC). For the plotted ROC curve, the model had a higher predictive efficacy if AUC was closer to 1.0. Curve fit was determined by drawing a calibration plot. Validation datasets were utilized for validating nomogram, ROC and calibration curves were plotted, AUC was calculated, and calibration curve fitness was observed. Clinical application value of our nomogram was analysed by plotting a decision curve.

Statistical analysis

All data were collected in duplicate and recorded in an EXCEL form. R programming language was used for statistical analysis and processing. Measurement data were reported as means ± standard deviations (± s). Comparison between data with a normal distribution and uniform variance was made by t-test. Data that were not normally distributed were expressed as M (P25, P75), and comparison between two groups was accomplished by Mann–Whitney U-test. Count data were analysed and compared via chi-square test. The training set was screened for hypertension risk factors among young and middle-aged adults using Lasso regression, and the statistically significant risk predictors were introduced into the multifactorial logistic model for further analysis. Independent risk factors were screened out, and the ‘rms’ package in R programming language was exploited for creating a nomogram-based risk predictive model for hypertension. Hosmer–Lemeshow test was employed to examine the goodness of fit of the created model. The ‘proc’, ‘car’, and ‘rada’ packages were used to plot the ROC, calibration, and decision curves, with which the validation set was analysed. All statistics were analysed using a two-tailed test, and the significance was evaluated at P < 0.05.",,BMC Public Health,0,yes,https://bmcpublichealth.biomedcentral.com/articles/10.1186/s12889-025-21360-z,2025-01-09 19:01:47+00:00,,2,1,Date: 15 Jan,1539,Health screening,"Association between the screen time spent watching short videos at bedtime and essential hypertension in young and middle-aged people: a cross-sectional study - BMC Public Health Participants Data of 4318 young and middle-aged adults who underwent medical checkups in Hengshui People’s Hospital from January 2023 to September 2023 were consecutively collected for a cross-sectional study, including self-reported screen time spent watching short videos at bedtime and general information. Initially, an overall pool of 7,246 participants were screened. From this pool, 2,112 individuals were excluded based on age criteria, with 622 participants under 18 years old and 1,490 participants over 59 years old. An additional 5 participants were excluded due to a diagnosis of secondary hypertension. A further 386 individuals were excluded for heart diseases, including 373 with coronary heart disease, 4 with congenital heart disease, and 9 with dilated cardiomyopathy. Moreover, 399 participants were excluded due to other underlying conditions, comprising 71 with chronic obstructive pulmonary disease, 7 with peptic ulcers, 14 with chronic renal failure, 286 with old cerebral infarction, and 21 with old cerebral hemorrhage. Twenty-two individuals were excluded because of malignant tumors, including 18 with lung cancer, 3 with liver cancer, and 1 with prostate cancer. Lastly, 4 participants were excluded due to psychiatric disorders, including 1 with schizophrenia and 3 with bipolar disorder. This rigorous screening process resulted in a final sample size of 4,318 participants(Fig. 1).The general information collected included demographic factors (e.g., age, sex, occupation, educational background), lifestyle factors (e.g., smoking status, alcohol consumption, physical activity levels, dietary habits such as high sodium intake), and other relevant variables that may influence health. Among the 4318 participants, 2425 were male and 1893 were female, with a mean age of 32.77 ± 10.22 ye"
Cerebral palsy in Nigeria: One woman mission to help her daughter and odas - BBC.com,"She be my life': A mother mission to help Nigerians wit cerebral palsy

Wia dis foto come from, Joyce Liu / BBC

Author, Nkechi Ogbonna

Role, BBC News, Lagos

10 January 2025

Although Babatunde Fashola, wey dem dey call Baba, dey 22 years old, im dey less dan 70cm (2ft 4in) tall.

E get cerebral palsy and require lifelong care. E no fit tok or waka and dem dey feed am with a tube wey dey attached to im stomach.

As a baby, im parents bin leave am 10 years ago, e find a home for di Cerebral Palsy Centre for Lagos.

""Baba dey weigh about 12kg [26lb]. E dey do well,"" di facility founder, Nonye Nweke, tell me wen I visit.

Ms Nweke and her staff work dey around di clock to support im and oda young pipo wey dey live with permanent brain damage.

Although lack of official data dey, cerebral palsy dey believed to be one of di most common neurological disorders in Nigeria. In 2017, a medical professor from di University of Lagos say 700,000 pipo get di condition.

For many of those wey dey live wit cerebral palsy in di kontri, dia condition dey caused by a common phenomenon among newborns - neonatal jaundice.

Wetin dey cause am na a build-up of bilirubin, a yellow substance, wey dey inside blood, meaning di baby skin get yellow tinge.

Professor Chinyere Ezeaka, a paediatrician for di Lagos University Teaching Hospital, tell di BBC say more dan 60% of all babies suffer from jaundice.

Most babies recover within days. More severe cases need further medical intervention - and even den di condition dey easily treatable.

Children dey basically exposed to ultra-violet light to dissolve di excess bilirubin in dia red blood cells. Di treatment last for few days depending on di seriousness.

However, for Nigeria dis treatment no too dey like dat, wey make di kontri dey among odas wit di most neurological disorders sake of untreated jaundice in di world, according to data from di World Health Organization (WHO).

Any treatment for neonatal jaundice ""must occur within di first 10 days of life if not, [di condition] fit cause permanent brain damage and severe cerebral palsy"", Prof Ezeaka tok.

To make matters worse, di West African kontri lack facilities to care for those wit neurological disorders. Na just three cerebral palsy centres, all privately run, dey Nigeria, wey get population of more dan 200 million.

Ms Nweke - a single mother - set up di Cerebral Palsy Centre after struggling to find support for her own daughter, Zimuzo.

""Wen I carry her go day-care [centre], dem ask me to take her back becos oda mothers go withdraw dia children. As a mum, I must say e bin make me sad,"" Ms Nweke tell di BBC.

Zimuzo now dey 17, and Ms Nweke Cerebral Palsy Centre dey provide full-time support for odas wit similar experiences.

On di day I visit, dem arrange colourful playtime mats and toys on di floor. Mickey Mouse and im friends dey tok ontop television for di lounge.

Twelve youngsters, some as young as five, dey look di TV. All of dem dey no dey move and dem no dey tok.

Wia dis foto come from, Joyce Liu / BBC Wetin we call dis foto, Di Cerebral Palsy Centre dey care for 12 children

At lunchtime, caregivers go help di youngsters chop. Some dey take liquified food through tubes attached to dia stomachs.

Carefully and slowly, di carers go support dia heads wit pillows and push di contents of dia syringes into di tubes.

Dem dey feed di youngsters evri two hours and require regular massages to prevent stiffness.

But dem be di lucky 12 wey dey receive free care from di Cerebral Palsy Centre, wey dey funded exclusively by donors.

Di facility get a long waiting list - Ms Nweke don receive more dan 100 applications.

But taking on more youngsters go require extra financial support. Di cost of caring for one pesin for di centre na at least $1,000 (£790) a month - big money for kontri wia di national minimum wage na about $540 a year.

""As a mama, I must say di responsibility plenty. You get moments of depression, e dey give you heartaches and e dey quite expensive - in fact na di most expensive congenital disorder to manage,"" Ms Nweke tok.

""And den of course, e dey keep you away from pipo becos you no dey discuss di same tins. Dem go dey tok of dia babies, dey waka, dey enjoy dos baby moments. You no dey tok. You dey sad,"" she add.

Ms Nweke explain say she adopt Zimuzo from an orphanage.

A few months afta taking her new daughter home, Ms Nweke realise say Zimuzo no dey develop in di same way as di children around her dey do. Dem assess her for hospital and diagnose her wit cerebral palsy.

Dem tell Ms Nweke say she fit take Zimuzo, wey bin dey just a few months old den, back to di orphanage and adopt anoda baby instead, but she no gree.

""I decide to keep her and I begin research wetin di disorder dey about, di treatment and type of care my child go need - she be my life.

""Doctors tell me say she no go live beyond two years. Well here we dey - 17 years later,"" na so a smiling Ms Nweke tok.

A lack of awareness and adequate medical support dey hinder diagnosis and treatment of neonatal jaundice in Nigeria.

Ms Nweke also say di common local belief be say children wit congenital disorders dey spiritually damaged or bewitched and dis dey lead to stigmatisation.

Some children wit neurological disorders - mostly for Nigeria rural areas - dey labelled as witches. In some cases, dem dey abandoned in prayer houses or cast out of dia families.

Wia dis foto come from, Joyce Liu / BBC Wetin we call dis foto, Babatunde Fashola (above) don dey di centre for 10 years

Ms Nweke no dey alone in her mission to dismiss myths and improve care.

Di Oscar Project - a charity wey dey wan improve di diagnosis and treatment of neonatal jaundice - recently begin to operate for Lagos.

Di project dey named after Vietnamese-born British disability advocate, Oscar Anderson, wey untreated jaundice cause im cerebral palsy.

""We dey equip health facilities at di primary, secondary and tertiary levels wit di equipment to treat jaundice, primarily light boxes, but also detection and screening equipment,"" Toyin Saraki, wey oversee di launch, tell di BBC.

Project Oscar, backed by consumer health firm Reckitt, dey train 300 health workers in Lagos. Di hope over di first year na to reach 10,000 mothers, screen 9,000 children and introduce new protocols to try prevent babies with jaundice from developing cerebral palsy.

In a country wia hardly any public care dey available, di goment dey back di Oscar project goals but get little to say about dia own plans.

Treatment for neonatal jaundice dey significantly cheaper dan di cost of lifelong care, doctors tok.

First launched in Vietnam in 2019, Project Oscar don help about 150,000 children for di Asian country.

Mr Anderson, 22, say im want to prevent oda children experiencing wetin im don go through.

""No underestimate pipo wit disabilities,"" e tell di BBC.

E dey work to ensure say screening dey for evri newborn infant for neonatal jaundice, and, wit di support and courage of mums, midwives and medical professionals, ensure say dem get a better understanding and quicker treatment.

However, to achieve am na a very ambitious goal for Africa most-populous kontri, wia thousands of babies dey born each year wit neonatal jaundice.

Regardless, Mr Anderson dey determined to defy di odds.

""Di work no go stop until evri baby dey protected against neonatal jaundice,"" e tok.",,BBC.com,0,yes,https://www.bbc.com/pidgin/articles/czxdxdegl4go,2025-01-10 10:03:20+00:00,,2,1,Date: 15 Jan,1545,Neonatal screening,"Cerebral palsy in Nigeria: One woman mission to help her daughter and odas - BBC.com She be my life': A mother mission to help Nigerians wit cerebral palsy Wia dis foto come from, Joyce Liu / BBC Author, Nkechi Ogbonna Role, BBC News, Lagos 10 January 2025 Although Babatunde Fashola, wey dem dey call Baba, dey 22 years old, im dey less dan 70cm (2ft 4in) tall. E get cerebral palsy and require lifelong care. E no fit tok or waka and dem dey feed am with a tube wey dey attached to im stomach. As a baby, im parents bin leave am 10 years ago, e find a home for di Cerebral Palsy Centre for Lagos. ""Baba dey weigh about 12kg [26lb]. E dey do well,"" di facility founder, Nonye Nweke, tell me wen I visit. Ms Nweke and her staff work dey around di clock to support im and oda young pipo wey dey live with permanent brain damage. Although lack of official data dey, cerebral palsy dey believed to be one of di most common neurological disorders in Nigeria. In 2017, a medical professor from di University of Lagos say 700,000 pipo get di condition. For many of those wey dey live wit cerebral palsy in di kontri, dia condition dey caused by a common phenomenon among newborns - neonatal jaundice. Wetin dey cause am na a build-up of bilirubin, a yellow substance, wey dey inside blood, meaning di baby skin get yellow tinge. Professor Chinyere Ezeaka, a paediatrician for di Lagos University Teaching Hospital, tell di BBC say more dan 60% of all babies suffer from jaundice. Most babies recover within days. More severe cases need further medical intervention - and even den di condition dey easily treatable. Children dey basically exposed to ultra-violet light to dissolve di excess bilirubin in dia red blood cells. Di treatment last for few days depending on di seriousness. However, for Nigeria dis treatment no too dey like dat, wey make di kontri dey among odas wit di most neurological disorders sake of untreated jaundice in di world, according to data from di World Health Or"
Health and care sector latest developments - NHS Confederation,"Nuffield Trust and NHS Employers argue for better planning and integration of new healthcare roles

The Nuffield Trust has published a report commissioned by NHS Employers, which highlights significant concerns surrounding the rapid expansion of new healthcare roles in the NHS, such as physician associates and nursing associates, without proper consideration of historical lessons about effective integration.

Its findings reveal a dramatic shift in NHS staffing ratios, particularly in general practice, where the ratio of other clinicians to permanent GPs has increased from 1:1 to 2.6:1 over the past decade.

It found that England's hospitals now have a significantly lower proportion of doctors and nurses compared to other OECD countries, with these roles making up just 39 per cent of hospital staff.

While the government's long-term workforce plan aims to significantly increase numbers in new roles, the report identifies several challenges, including insufficient educational capacity, regulatory issues, supervision constraints, and integration difficulties.

Nuffield Trust stresses that successful implementation requires careful planning, adequate supervision, clear role definitions, and better public understanding.

New report calls for multi-year funding for social care

The UK’s adult social care sector is nearing collapse, according to a Sector Pulse Check by Hft and Care England.

While the organisations have welcomed the new commission led by Baroness Casey, they have warned the sector cannot wait until 2028 for reform.

The organisations have two key policy asks for the government, firstly, to commit to a credible, multi-year funding settlement for adult social care in the 2025 Spending Review, and secondly, a fully funded plan to support the workforce and bring care workers’ pay and conditions in line with their NHS counterparts.

NHS vaccination record shows progress despite winter pressures

The NHS successfully delivered nearly 18 million flu vaccinations between September 2024 and January 2025, passing the previous winter by almost 240,000 doses, despite a later programme start. Hospitals faced significant challenges with over 5,400 daily flu patients in early January, alongside increased cases of COVID-19, RSV, and norovirus compared to the previous year.

The vaccination campaign saw a 27 per cent increase in recent weeks, with NHS national medical director, Professor Sir Stephen Powis praising NHS staff for “once again stepped up the vaccination programme this year, protecting almost 18 million people against flu this season"".

Government explores private sector use of NHS data for AI transformation

According to The Guardian, government officials have indicated ministers are exploring the possibility of allowing private companies to profit from NHS data as part of efforts to transform the health service through artificial intelligence.

Unveiling the AI Opportunities Plan on Monday, Starmer highlighted AI's potential to boost the UK economy by increasing productivity and transforming industries.

A report by Matt Clifford proposed creating new datasets, including anonymised NHS records, for startups and researchers. Officials are finalising data-sharing plans, considering security and ethics. Under plans, while public sector control will be maintained, commercial use of the data may still be permitted.

NHS expands bowel cancer screening to over 50s

All adults over 50 in England will now receive bowel cancer screening kits by mail as part of an expanded NHS programme to combat the rising incidence of the disease in middle-aged adults.

The at-home faecal immunochemical test (FIT) can detect cancer with 90 per cent accuracy and costs just £4-£5.

However, recent NHS figures have shown that fewer than 60 per cent of 54 to 57-year-olds return their NHS bowel cancer screening tests, prompting health leaders to urge greater participation.

Fertility apps fuel rise in unplanned pregnancies, study warns

Women in England and Wales are increasingly abandoning the pill in favour of fertility-tracking apps raising the risk of unplanned pregnancies, a study has revealed. Over the past five years, clinics have reported a significant rise in abortions among women relying on less effective fertility awareness methods.

Despite being only 76 per cent effective in preventing pregnancy compared to the pill’s 99 per cent, these apps are gaining popularity, driven by social media promotion and barriers to accessing contraceptives.

Experts have warned of the consequences of misinformation influencing contraceptive choices and increasing unintended pregnancies.",,NHS Confederation,0,yes,https://www.nhsconfed.org/articles/health-care-sector-latest-developments,2025-01-14 21:12:29+00:00,,2,1,Date: 15 Jan,1591,AI health Screening,"Health and care sector latest developments - NHS Confederation Nuffield Trust and NHS Employers argue for better planning and integration of new healthcare roles The Nuffield Trust has published a report commissioned by NHS Employers, which highlights significant concerns surrounding the rapid expansion of new healthcare roles in the NHS, such as physician associates and nursing associates, without proper consideration of historical lessons about effective integration. Its findings reveal a dramatic shift in NHS staffing ratios, particularly in general practice, where the ratio of other clinicians to permanent GPs has increased from 1:1 to 2.6:1 over the past decade. It found that England's hospitals now have a significantly lower proportion of doctors and nurses compared to other OECD countries, with these roles making up just 39 per cent of hospital staff. While the government's long-term workforce plan aims to significantly increase numbers in new roles, the report identifies several challenges, including insufficient educational capacity, regulatory issues, supervision constraints, and integration difficulties. Nuffield Trust stresses that successful implementation requires careful planning, adequate supervision, clear role definitions, and better public understanding. New report calls for multi-year funding for social care The UK’s adult social care sector is nearing collapse, according to a Sector Pulse Check by Hft and Care England. While the organisations have welcomed the new commission led by Baroness Casey, they have warned the sector cannot wait until 2028 for reform. The organisations have two key policy asks for the government, firstly, to commit to a credible, multi-year funding settlement for adult social care in the 2025 Spending Review, and secondly, a fully funded plan to support the workforce and bring care workers’ pay and conditions in line with their NHS counterparts. NHS vaccination record shows progress despite winter pressures Th"
Research helps predict which melanoma patients are most likely to respond to immunotherapy - University of Bath,"An international team of UK and US scientists has discovered that the activity of macrophages – a type of white blood cell that engulf pathogens and cancer cells – can be used to predict whether or not a melanoma patient will respond to immunotherapy. Their findings, published in a landmark paper in JCO Oncology Advances, will help clinicians select treatments that are most likely to be effective for their patients.

Immunotherapy is a powerful treatment for a range of cancers including skin and kidney cancer, but unfortunately only around half of patients respond to this type of treatment.

Therefore, selecting the best treatment is often a trial-and-error process, leaving patients who don’t respond suffering side effects whilst their cancer remains untouched and potentially their condition worsens.

Now researchers, from the Universities of Bath (UK) and Stanford University (CA, USA), have examined novel biomarkers – indicators of the body’s immune system – that may identify melanoma patients more likely to respond to an immunotherapy treatment called TVEC.

TVEC is a modified oncolytic virus that is injected into melanoma directly to stimulate an immune response. It previously has been used in advanced melanoma, however this study was the first to examine its potential to treat high-risk stage II melanoma patients upfront.

It was conventionally thought that TVEC worked by activating T cells – a type of white blood cell – causing them to attack the cancer cells and shrink the melanoma.

However, the team found that pre-existing and post-treatment T cell populations did not have association with treatment responses. Instead, they found that changes in the macrophages correlated to which patients responded to the treatment and which did not.

Additionally, previous research has monitored amounts of protein indicators such as PD-L1 and at the genes involved in T cells to assess whether immunotherapy is effective.

However, this latest study shows these techniques do not accurately predict which patients will respond to treatment.

Measuring activation, not just amount

In their study, the researchers used a method called iFRET, which monitors protein activation instead of simply measuring the amounts of protein present.

They found that T cell presence showed no consistent trends to viral stimulation or tumour response before and after the treatment, but there was a heavy infiltration of macrophages after treatment in responding patients, associated with very high activation across immune checkpoint regulators – proteins that help regulate the immune system, so that immune system does not attack healthy cells.

The researchers will use the findings to develop clinically predictive tests of which patients will respond to the therapy and enable clinicians to tailor a personalised treatment, saving time and reducing side effects for the patient, as well as reducing the use of costly treatments that do not work.

Professor Banafshé Larijani, Department of Life Sciences and Director of the Centre for Therapeutic Innovation at the University of Bath, co-led the study. She said: “We know that people respond to immunotherapy very differently – in some cases the tumours shrink, and in others, sadly the patients do not survive.

“Our findings show that it’s not enough to simply look at T cell activity, instead it’s imperative to look at the whole immune response environment in detail to predict how a patient will respond to different treatments.

“Our results suggest that, in non-responding patients, we should be targeting these macrophages to reprogramme the tumour immune environment.

“We hope our research will enable clinicians to make important decisions over which patients would be better served by surgery or immune checkpoint blockade by immunotherapy.”

Dr Amanda Kirane, Director of Cutaneous Surgical Oncology Department at Stanford University School of Medicine, who led the clinical part of the study, said:

“This study is highly informative in establishing a connection between pre-existing innate immune functions and ability to respond to immune-stimulating drugs.

“It also strongly supports emerging evidence that there may be biological differences in patients more likely to respond to this kind of immunotherapy - oncolytic viruses - versus other types that target immune checkpoint regulators.

“Lastly, it extends new and important context to the disconnect between measuring PD-L1 protein values as a clinical biomarker and protein activity in the tumour.

“The added information of iFRET-based immune activity measurements may offer the critical missing link of why current biomarkers have failed to yield a usable test to aid patients in treatment decision-making.”

Next, the team aims to characterise all cells contributing to the immune checkpoint interaction, which will further improve patient stratification and therefore tailoring of personalised medicine.",,University of Bath,0,yes,https://www.bath.ac.uk/announcements/research-helps-predict-which-melanoma-patients-are-most-likely-to-respond-to-immunotherapy/,2025-01-08 11:49:08+00:00,,2,1,Date: 15 Jan,1613,Personalised Medicine,"Research helps predict which melanoma patients are most likely to respond to immunotherapy - University of Bath An international team of UK and US scientists has discovered that the activity of macrophages – a type of white blood cell that engulf pathogens and cancer cells – can be used to predict whether or not a melanoma patient will respond to immunotherapy. Their findings, published in a landmark paper in JCO Oncology Advances, will help clinicians select treatments that are most likely to be effective for their patients. Immunotherapy is a powerful treatment for a range of cancers including skin and kidney cancer, but unfortunately only around half of patients respond to this type of treatment. Therefore, selecting the best treatment is often a trial-and-error process, leaving patients who don’t respond suffering side effects whilst their cancer remains untouched and potentially their condition worsens. Now researchers, from the Universities of Bath (UK) and Stanford University (CA, USA), have examined novel biomarkers – indicators of the body’s immune system – that may identify melanoma patients more likely to respond to an immunotherapy treatment called TVEC. TVEC is a modified oncolytic virus that is injected into melanoma directly to stimulate an immune response. It previously has been used in advanced melanoma, however this study was the first to examine its potential to treat high-risk stage II melanoma patients upfront. It was conventionally thought that TVEC worked by activating T cells – a type of white blood cell – causing them to attack the cancer cells and shrink the melanoma. However, the team found that pre-existing and post-treatment T cell populations did not have association with treatment responses. Instead, they found that changes in the macrophages correlated to which patients responded to the treatment and which did not. Additionally, previous research has monitored amounts of protein indicators such as PD-L1 and at the genes involve"
Flu and COVID-19 surveillance report published - GOV.UK,"This bulletin (formally Weekly Winter Briefing) brings together the latest surveillance data, along with the latest public health advice for flu, COVID-19, RSV and other viruses common in winter.

In week 1:

COVID-19 activity remained stable across most indicators and was at baseline activity levels

influenza (flu) activity showed a mixed picture with some indicators suggesting that activity may have reached a peak, though activity remains at high levels

Respiratory syncytial virus ( RSV ) activity decreased across most indicators and was circulating at low levels

For more information, see the flu, COVID-19 and RSV surveillance report and norovirus surveillance report.

Flu surveillance data for week 1

Flu activity showed a mixed picture with some indicators suggesting that activity may have reached a peak, though activity remains at high levels

flu positivity decreased slightly with a weekly mean positivity rate of 28.1%, compared to 29.7% in the previous week. This is based on a percentage of people who test positive among those with symptoms tested at sentinel “spotter” laboratories, reported through the Respiratory DataMart surveillance system

overall, flu hospitalisations remained stable at 13.41 per 100,000, compared with 13.90 per 100,000 in the previous week

the weekly influenza-like illnesses ( ILI ) General Practice (GP) consultation rate increased to 20.6 per 100,000 compared with 13.9 per 100,000 in the previous week

) General Practice (GP) consultation rate increased to 20.6 per 100,000 compared with 13.9 per 100,000 in the previous week up to the end of week 1, vaccine uptake stood at 38.6% of those under 65 years in a clinical risk group, 33.8% in all pregnant women and 73.8% in all those aged 65 years and over. 40.9% of children aged 2 years of age and 42.5% of children aged 3 years of age have been vaccinated

COVID-19 surveillance data for week 1

COVID-19 activity remained stable across most indicators and was circulating at baseline levels

COVID-19 positivity in hospital settings decreased with a weekly mean positivity rate of 2.2%, compared to 2.5% in the previous week

COVID-19 hospitalisations remained stable at 1.39 per 100,000 compared to 1.32 per 100,000 in the previous week

COVID-19 ICU admissions remained stable at 0.06 per 100,000 compared with 0.04 per 100,000 in the previous week

admissions remained stable at 0.06 per 100,000 compared with 0.04 per 100,000 in the previous week there were 12 COVID-19 acute respiratory incidents reported in week 1

the highest hospital admission rate was in the North-East at 2.78 per 100,000, increasing from 1.68 per 100,000 in the previous week

those aged 85 years and over had the highest hospital admission rate, which increased to 15.36 per 100,000 compared with 12.64 per 100,000 in the previous week

up to the end of week 1, 23.5% of those under 65 years in a clinical risk group and 59.1% of all people aged over 65 years old, who are living and resident in England had been vaccinated

Respiratory syncytial virus ( RSV ) surveillance data for week 1

Respiratory syncytial virus ( RSV ) activity decreased across most indicators and was circulating at low levels overall

) activity decreased across most indicators and was circulating at low levels overall emergency department attendances for acute bronchiolitis decreased

RSV positivity decreased slightly to 6.2% compared with 7.2% in the previous week

positivity decreased slightly to 6.2% compared with 7.2% in the previous week overall, hospital admissions decreased to 2.14 per 100,000 compared with 2.48 per 100,000 in the previous week

Dr Conall Watson, Consultant Epidemiologist at UKHSA , said:

We are continuing to see high levels of flu this week and ongoing admissions to hospitals and intensive care. Although activity has remained stable coming into the new year, influenza activity can be unpredictable as people return to work and school and opportunities for the virus to spread can increase. The predominant circulating flu strain continues to be A H1N1 clade 5a.2a, and the World Health Organization has so far concluded that the H1 component of the flu vaccine is well matched. If you’re still offered a vaccine through local services, it’s important that you take this up, including if you are pregnant or a health and social care worker. If you have symptoms of flu or COVID-19 such as a high temperature, cough and feeling tired and achy, try to limit your contact with others, especially those who are vulnerable. If you have symptoms and need to leave the house, our advice remains that you should consider wearing a face covering. Washing hands regularly and using and disposing tissues in bins can reduce the spread of respiratory illnesses.

Norovirus surveillance data for week 52

Norovirus activity has decreased in recent weeks, with reports in the 2-week period between 16 to 29 December 2024 12.1% lower than the previous 2-week period. The decrease over the festive period has also been seen in previous years and should be interpreted with caution as it likely reflects changes in patterns of healthcare use, social mixing and lagged reporting due to the Christmas holidays, as well as the impact of school holidays. However, the total number of reports was 63.6% higher than the 5-season average for the same 2-week period.

Rotavirus reporting has decreased in recent weeks and was within expected levels during the 2-week period of weeks 51 and 52.

The number of norovirus outbreaks reported to the Hospital Norovirus Outbreak Reporting System (HNORS) since the start of the 2024/2025 season is 11.7% higher than the 5-season average.

Norovirus reporting remained high across all regions of England and all age groups, with the highest number of reports in adults aged 65 years and over.

While some of the increased reporting may be attributable to the increased use of PCR multiplex technology (capable of detecting multiple gastrointestinal pathogens in one test), it is likely that the emergence of an unusual norovirus genotype, GII.17, as well as changes in the epidemiology following the COVID-19 pandemic and other factors are contributing to the observed high levels.

multiplex technology (capable of detecting multiple gastrointestinal pathogens in one test), it is likely that the emergence of an unusual norovirus genotype, GII.17, as well as changes in the epidemiology following the COVID-19 pandemic and other factors are contributing to the observed high levels. During the 2024/2025 season to date, the majority (89.5%) of samples characterised were norovirus genogroup 2 (GII), of which the most frequently identified genotype was GII.17 (59.7%), an increase of this genotype has also been observed in other counties during 2024 and is being closely monitored — at present there is no indication it leads to more severe illness (note: it isn’t accurate to refer to GII.17 as ‘Kawasaki’ and this term is causing confusion with Kawasaki Disease, which is an unrelated disease)

Laboratory reports represent just a small proportion of total norovirus cases and it has been estimated that for every case of norovirus reported to national surveillance in the UK there are about 288 in the community that go unreported, representing an annual burden of around 3 million cases.

Norovirus symptoms include nausea, vomiting and diarrhoea but can also include a high temperature, abdominal pain and aching limbs. Norovirus infections can cause dehydration, especially in vulnerable groups such as young children and older or immunocompromised people, so if you do get ill it is important to drink plenty of fluids during that time.

Amy Douglas, Epidemiologist at UKHSA , said:

Although there was a decrease in reports of norovirus over the festive period, cases still remain high and we expect levels to rise further with the return to school. If you have diarrhoea and vomiting, you can take steps to avoid passing the infection on. Do not return to work, school or nursery until 48 hours after your symptoms have stopped and don’t prepare food for others in that time either. If you are unwell, avoid visiting people in hospitals and care homes to prevent passing on the infection in these settings. Washing your hands with soap and warm water and using bleach-based products to clean surfaces will also help stop infections from spreading. Alcohol gels do not kill norovirus so don’t rely on these alone.

Previous

Friday 03 January 2024

This COVID-19, flu and RSV surveillance bulletin (formally Weekly Winter Briefing) brings together the latest surveillance data, along with the latest public health advice for COVID-19, flu and RSV .

In week 52:

COVID-19 activity decreased across most indicators and was at baseline activity levels

Influenza activity increased across most indicators and was at high activity levels

Respiratory Syncytial Virus ( RSV ) activity decreased across most indicators and was circulating at low levels of activity

For more information, The flu, COVID-19 and RSV surveillance report has been published.

COVID-19 surveillance data for week 52

COVID-19 activity decreased across most indicators and was circulating at baseline levels

COVID-19 positivity in hospital settings decreased with a weekly mean positivity rate of 2.5%, compared to 2.9% in the previous week

COVID-19 hospitalisations decreased to 1.33 per 100,000 compared to 1.73 per 100,000 in the previous week

COVID-19 ICU admissions remained stable at 0.05 per 100,000 compared with 0.06 per 100,000 in the previous week

admissions remained stable at 0.05 per 100,000 compared with 0.06 per 100,000 in the previous week there were 6 COVID-19 acute respiratory incidents reported in week 52

the highest hospital admission rate was in the South-West at 1.82 per 100,000, decreasing from 2.12 per 100,000 in the previous week

those aged 85 years and over had the highest hospital admission rate, which decreased to 12.98 per 100,000 compared with 18.00 per 100,000 in the previous week

up to the end of week 52, 23.5% of those under 65 years in a clinical risk group and 59.1% of all people aged over 65 years old, who are living and resident in England had been vaccinated with an Autumn 2024 booster dose

Flu surveillance data for week 52

Influenza activity increased across most indicators and was circulating at high levels

Influenza positivity increased with a weekly mean positivity rate of 29.5%, compared to 26.4% in the previous week. This is based on a percentage of people who test positive among those with symptoms tested at sentinel ‘spotter’ laboratories, reported through the Respiratory DataMart surveillance system

overall, influenza hospitalisations increased to 14.09 per 100,000, compared with 10.69 per 100,000 in the previous week

weekly influenza-like illnesses ( ILI ) General Practice (GP) consultation rate decreased to 13.9 per 100,000 compared with 18 per 100,000 in the previous week

) General Practice (GP) consultation rate decreased to 13.9 per 100,000 compared with 18 per 100,000 in the previous week due to the festive bank holidays, weekly vaccine uptake for influenza will next be reported on Thursday 9 January 2025. Up to the end of week 50, vaccine uptake stood at 37.6% of those under 65 years in a clinical risk group, 33.1% in all pregnant women and 73% in all those aged 65 years and over. 40.3% of children aged 2 years of age and 41.6% of children aged 3 years of age have been vaccinated

Respiratory Syncytial Virus ( RSV ) surveillance data for week 52

Respiratory Syncytial Virus ( RSV ) activity decreased across most indicators and was circulating at low levels overall

) activity decreased across most indicators and was circulating at low levels overall emergency department attendances for acute bronchiolitis decreased

RSV positivity decreased to 7.3% compared with 9.2% in the previous week

positivity decreased to 7.3% compared with 9.2% in the previous week overall, hospital admissions decreased to 2.47 per 100,000 compared with 2.77 per 100,000 in the previous week

Professor Susan Hopkins, Chief Medical Advisor at the UK Health Security Agency, said:

For many of us, the festive period is marked with parties and socialising with friends and family, meaning it’s not unusual to see an increase in flu at this time of year and this was anticipated. This is why we have been urging those eligible to take up a free flu vaccine. The good news if you did, is that you are less likely to be severely affected by flu. If you’re still offered a vaccine through local services, you should take it up as we could see high levels for some weeks still. This is particularly important if you’re a health and social care worker, as we know these services are under significant winter pressures right now. If you have symptoms of flu or COVID-19 such as a high temperature, cough and feeling tired and achy, try to limit your contact with others, especially those who are vulnerable. If you have symptoms and need to leave the house, our advice remains that you should wear a face covering. Washing hands regularly and using and disposing tissues in bins can reduce the spread of respiratory illnesses.

Previous

Thursday 19 December 2024

The UK Health Security Agency ( UKHSA )’s COVID-19, influenza (flu), RSV and norovirus surveillance bulletin (formally Weekly Winter Briefing) brings together the latest surveillance data, along with the latest public health advice for COVID-19, flu, RSV and Norovirus.

In week 50:

COVID-19 activity decreased across most indicators and was at baseline levels.

Influenza (flu) activity increased across all indicators and was at medium activity levels.

Respiratory Syncytial Virus ( RSV ) activity decreased across most indicators and was circulating at low levels of activity.

For more information, see the:

Please note, due to the Christmas public holidays, a report will not be published in week 52. The next report will be published on Friday 3 January 2024.

COVID-19 surveillance data for week 50

COVID-19 activity decreased across most indicators and was circulating at baseline levels

COVID-19 positivity in hospital settings decreased slightly with a weekly mean positivity rate of 3.4%, compared to 3.7% in the previous week

COVID-19 hospitalisations decreased to 1.48 per 100,000 compared to 1.71 per 100,000 in the previous week

COVID-19 ICU admissions remained stable at 0.06 per 100,000 compared with 0.06 per 100,000 in the previous week

admissions remained stable at 0.06 per 100,000 compared with 0.06 per 100,000 in the previous week There were 13 COVID-19 acute respiratory incidents reported in week 50

The highest hospital admission rate was in the South-West at 2.25 per 100,000, increasing from 1.76 per 100,000 in the previous week

Those aged 85 years and over had the highest hospital admission rate, which remained stable at 17.05 per 100,000 compared with 17.58 in the previous week

Up to the end of week 50, 23.2% of those under 65 years in a clinical risk group and 58.6% of all people aged over 65 years old, who are living and resident in England had been vaccinated with an Autumn 2024 booster dose

Flu surveillance data for week 50

Influenza activity increased across all indicators and was circulating at medium levels

Influenza positivity increased with a weekly mean positivity rate of 21.7% in week 50 compared to 17.3% in the previous week. This is based on a percentage of people who test positive among those with symptoms tested at sentinel ‘spotter’ laboratories, reported through the Respiratory DataMart surveillance system

overall, influenza hospitalisations increased to 8.72 per 100,000, compared with 5.79 per 100,000 in the previous week.

the weekly influenza-like illnesses ( ILI ) General Practice (GP) consultation rate increased to 12.1 per 100,000 compared with 8.5 per 100,000 in the previous week.

) General Practice (GP) consultation rate increased to 12.1 per 100,000 compared with 8.5 per 100,000 in the previous week. for the 2024/2025 season’s vaccination programme, children and pregnant women have been eligible since 1 September, whilst clinical risk groups, older adults (those aged 65 years and over) and frontline healthcare workers have been eligible since 3 October. Up to the end of week 50, vaccine uptake stands at 37.6% of those under 65 years in a clinical risk group, 33.1% in all pregnant women and 73% in all those aged 65 years and over. 40.3% of children aged 2 years of age and 41.6% of children aged 3 years of age have been vaccinated.

Respiratory Syncytial Virus ( RSV ) surveillance data for week 50

Respiratory Syncytial Virus ( RSV ) activity decreased across most indicators and was circulating at low levels overall

) activity decreased across most indicators and was circulating at low levels overall emergency department attendances for acute bronchiolitis decreased

RSV positivity decreased slightly to 11.8% compared with 12.6% in the previous week

positivity decreased slightly to 11.8% compared with 12.6% in the previous week overall, hospital admissions decreased to 2.81 per 100,000 compared with 3.22 per 100,000 in the previous week

Dr Mary Ramsay, Director of Public Health Programmes at the UK Health Security Agency, said:

Flu cases and hospitalisations are continuing to increase this week so it’s vital that those eligible take up this last opportunity to book your jab through the NHS national booking system. The system closes after today and then you will only be able to get the vaccine through GPs and pharmacies during their festive opening hours. There are other ways you can protect friends and family over the holiday season. If you are showing symptoms of flu or COVID-19 such as a high temperature, cough and feeling tired and achy, try to limit your contact with others, especially those who are vulnerable. Washing your hands regularly and using tissues can reduce the spread of respiratory illnesses.

Norovirus surveillance data for week 49

this season, the increase in reporting has begun earlier than usual, with norovirus activity in the 2-week period between 25 November to 8 December was 20.5% higher than the previous 2-week period. Total reports were almost double the 5-season average (95.5%) for the same 2-week period

Norovirus reporting remained high across all regions of England and all age groups, with the highest number of reports in adults aged 65 years and over

Rotavirus reporting has increased in recent weeks but was within expected levels during the 2-week period of weeks 48 and 49

The number of norovirus outbreaks reported to the Hospital Norovirus Outbreak Reporting System (HNORS) since the start of the 2024/2025 season is 23.7% higher than the 5-season average

while some of the increased reporting may be attributable to the increased use of PCR multiplex technology (capable of detecting multiple gastrointestinal pathogens in one test), it is likely that the emergence of an unusual norovirus genotype, GII.17, as well as changes in the epidemiology following the COVID-19 pandemic and other factors are contributing to the observed rise

multiplex technology (capable of detecting multiple gastrointestinal pathogens in one test), it is likely that the emergence of an unusual norovirus genotype, GII.17, as well as changes in the epidemiology following the COVID-19 pandemic and other factors are contributing to the observed rise during the 2024/2025 season to date, the majority (89.1%) of samples characterised were norovirus genogroup 2 (GII), of which the most frequently identified genotype was GII.17 (62.2%), an increase of this genotype has also been observed in other counties during 2024 and is being closely monitored - at present there is no indication it leads to more severe illness (note: it isn’t accurate to refer to GII.17 as ‘Kawasaki’ and this term is causing confusion with Kawasaki Disease, which is an unrelated disease)

lab reports represent just a small proportion of total norovirus cases and it has been estimated that for every case of norovirus reported to national surveillance in the UK there are about 288 in the community that go unreported, representing an annual burden of around 3 million cases

Norovirus symptoms include nausea, vomiting and diarrhoea but can also include a high temperature, abdominal pain and aching limbs - Norovirus infection can cause dehydration, especially in vulnerable groups such as young children and older or immunocompromised people, so if you do get ill it is important to drink plenty of fluids during that time.

Amy Douglas, Epidemiologist at the UK Health Security Agency, said:

Norovirus cases remain high, with the latest numbers remaining the highest reported at this time of year in a decade. If you’ve caught the virus, take steps to avoid passing on the infection this festive season. The very young, elderly and those with weakened immune systems are most at risk of suffering more serious illness from norovirus. If you have diarrhoea and/or vomiting, avoid visiting people in hospitals and care homes to prevent spreading the infection in these settings. If you are unwell, do not return to work, school or nursery until 48 hours after your symptoms have stopped and don’t prepare food for others in that time either. Washing your hands with soap and warm water and using bleach-based products to clean surfaces will also help stop infections from spreading. Alcohol gels do not kill norovirus so don’t rely on these alone.

Previous

Thursday 12 December 2024

The UK Health Security Agency ( UKHSA )’s COVID-19, influenza (flu), RSV and norovirus surveillance bulletin (formally Weekly Winter Briefing) brings together the latest surveillance data, along with the latest public health advice for COVID-19, flu, RSV and norovirus.

In week 49:

Influenza (flu) activity increased across most indicators, including increases in hospitalisation rates, and flu test positivity rates.

Respiratory syncytial virus ( RSV ) activity stabilised or decreased across indicators and remained at medium levels.

) activity stabilised or decreased across indicators and remained at medium levels. COVID-19 activity remained stable or decreased across indicators and was at baseline levels.

For more information, see the:

Flu surveillance data for week 49

Influenza activity increased across most indicators and was at low to medium activity levels

Influenza positivity increased with a weekly mean positivity rate of 17.1% in week 49 compared with 11.6% in the previous week - this is based on a percentage of people who test positive among those with symptoms tested through hospital laboratories

overall, influenza hospitalisations increased to 5.53 per 100,000 population, compared with 3.98 per 100,000 in the previous week

the weekly influenza-like illnesses ( ILI ) General Practice (GP) consultation rate increased to 8.5 per 100,000 compared with 6 per 100,000 in the previous week

) General Practice (GP) consultation rate increased to 8.5 per 100,000 compared with 6 per 100,000 in the previous week the number of incidents (such as care home outbreaks) due to confirmed influenza increased to 52

For the 2024-25 season’s vaccination programme, children and pregnant women have been eligible since 1 September, whilst clinical risk groups, older adults (those aged 65 years and over) and frontline healthcare workers have been eligible since 3 October.

Up to the end of week 49, vaccine uptake stands at:

36.9% of those under 65 years in a clinical risk group

32.5% in all pregnant women

72.2% in all those aged 65 years and over

39.7% of children aged 2 years of age and 41% of children aged 3 years of age have been vaccinated.

Respiratory Syncytial Virus ( RSV ) surveillance data for week 49:

Respiratory Syncytial Virus ( RSV ) activity stabilised or decreased across indicators but remained at medium levels

) activity stabilised or decreased across indicators but remained at medium levels emergency department attendances for acute bronchiolitis decreased

RSV test positivity decreased slightly to 13% compared with 15.3% in the previous week

test positivity decreased slightly to 13% compared with 15.3% in the previous week overall, hospital admissions decreased to 3.01 per 100,000 compared with 4.13 per 100,000 in the previous week

As we are still near peak levels RSV , it’s important to know how to spot the signs of bronchiolitis in infants. Some of the main symptoms of a serious infection due to RSV include a cough that gets worse, shortness of breath, wheezy breathing, and difficulty feeding. You should seek medical help if you’re worried your child is seriously unwell and further advice can be found on the NHS website.

Since 1 September 2024, pregnant women have been offered RSV vaccination around the time of their 28-week antenatal appointment. Having the vaccine in week 28 or within a few weeks of this will help build a good level of antibodies to pass on to their baby before birth. This will give the newborn baby the best protection, including if they are born early. Those who turn 75 and those age 75 to 79 are also eligible for a free NHS vaccine to protect them from RSV .

COVID-19 surveillance data for week 49

COVID-19 activity remained stable or decreased across indicators and was circulating at baseline levels

COVID-19 hospitalisations slightly decreased to 1.71 per 100,000 compared with 1.84 per 100,000 in the previous week

COVID-19 ICU admissions or remained stable at 0.05 per 100,000 compared with 0.06 per 100,000 in the previous week

admissions or remained stable at 0.05 per 100,000 compared with 0.06 per 100,000 in the previous week there were 12 COVID-19 acute respiratory incidents reported in week 48

the highest hospital admission rate for COVID-19 was in those aged 85 years and over - the rate remained stable at 16.59 per 100,000 compared with 16.38 in the previous week

the highest hospital admission rate was in the North-West, which increased to 2.49 per 100,000, compared with 1.95 in the previous week

up to the end of week 49, 22.8% of those under 65 years in a clinical risk group and 57.9% of all people aged over 65 years old, who are living and resident in England had been vaccinated with an Autumn 2024 booster dose

Norovirus surveillance data for week 48:

this season, the increase in reporting has begun earlier than usual, with norovirus activity in the 2-week period between 18 November to 01 December 2024 was 33.2% higher than the previous 2-week period. total reports were more than double the 5-season average (114.3%) for the same 2-week period

Norovirus reporting is continuing to rise across all age groups, particularly in adults aged 65 years and over

Rotavirus reporting has decreased in recent weeks and was within expected levels during the 2-week period of weeks 47 and 48

the number of norovirus outbreaks reported to the Hospital Norovirus Outbreak Reporting System (HNORS) since the start of the 2024/2025 season is 27.4% higher than the 5-season average.

while some of the increased reporting may be attributable to the increased use of PCR multiplex technology (capable of detecting multiple gastrointestinal pathogens in one test), it is likely that the emergence of an unusual norovirus genotype, GII.17, as well as changes in the epidemiology following the COVID-19 pandemic and other factors are contributing to the observed rise

multiplex technology (capable of detecting multiple gastrointestinal pathogens in one test), it is likely that the emergence of an unusual norovirus genotype, GII.17, as well as changes in the epidemiology following the COVID-19 pandemic and other factors are contributing to the observed rise during the 2024/2025 season to date, the majority (88.3%) of samples characterised were norovirus genogroup 2 (GII), of which the most frequently identified genotype was GII.17 (63.2%), an increase of this genotype has also been observed in other counties during 2024 and is being closely monitored — at present there is no indication it leads to more severe illness (note: it isn’t accurate to refer to GII.17 as ‘Kawasaki’ and this term is causing confusion with Kawasaki Disease, which is an unrelated disease)

lab reports represent just a small proportion of total norovirus cases and it has been estimated that for every case of norovirus reported to national surveillance in the UK there are about 288 in the community that go unreported, representing an annual burden of around 3 million cases

Norovirus symptoms include nausea, vomiting and diarrhoea but can also include a high temperature, abdominal pain and aching limbs — Norovirus infection can cause dehydration, especially in vulnerable groups such as young children and older or immunocompromised people, so if you do get ill it is important to drink plenty of fluids during that time

For more details on the increase in flu and norovirus cases, refer to our latest news story.

Previous

Thursday 05 December 2024

The UK Health Security Agency ( UKHSA )’s COVID-19, influenza (flu), RSV and norovirus surveillance bulletin (formally Weekly Winter Briefing) brings together the latest surveillance data, along with the latest public health advice for COVID-19, flu, RSV and norovirus.

In week 48:

Influenza (flu) activity increased across most indicators including increases in hospitalisation rates, and flu test positivity rates

Respiratory syncytial virus ( RSV ) activity increased overall and was circulating at medium levels of activity, with increases seen in most age groups, the highest activity was in under 5s — there was some sign of stabilisation in the number of infants needing seen in hospital emergency departments for bronchiolitis, the main clinical condition associated with RSV

) activity increased overall and was circulating at medium levels of activity, with increases seen in most age groups, the highest activity was i",,GOV.UK,0,yes,https://www.gov.uk/government/news/flu-and-covid-19-surveillance-report-published,2023-07-20 16:10:52+00:00,,2,1,Date: 15 Jan,1634,Active health surveillance,"Flu and COVID-19 surveillance report published - GOV.UK This bulletin (formally Weekly Winter Briefing) brings together the latest surveillance data, along with the latest public health advice for flu, COVID-19, RSV and other viruses common in winter. In week 1: COVID-19 activity remained stable across most indicators and was at baseline activity levels influenza (flu) activity showed a mixed picture with some indicators suggesting that activity may have reached a peak, though activity remains at high levels Respiratory syncytial virus ( RSV ) activity decreased across most indicators and was circulating at low levels For more information, see the flu, COVID-19 and RSV surveillance report and norovirus surveillance report. Flu surveillance data for week 1 Flu activity showed a mixed picture with some indicators suggesting that activity may have reached a peak, though activity remains at high levels flu positivity decreased slightly with a weekly mean positivity rate of 28.1%, compared to 29.7% in the previous week. This is based on a percentage of people who test positive among those with symptoms tested at sentinel “spotter” laboratories, reported through the Respiratory DataMart surveillance system overall, flu hospitalisations remained stable at 13.41 per 100,000, compared with 13.90 per 100,000 in the previous week the weekly influenza-like illnesses ( ILI ) General Practice (GP) consultation rate increased to 20.6 per 100,000 compared with 13.9 per 100,000 in the previous week ) General Practice (GP) consultation rate increased to 20.6 per 100,000 compared with 13.9 per 100,000 in the previous week up to the end of week 1, vaccine uptake stood at 38.6% of those under 65 years in a clinical risk group, 33.8% in all pregnant women and 73.8% in all those aged 65 years and over. 40.9% of children aged 2 years of age and 42.5% of children aged 3 years of age have been vaccinated COVID-19 surveillance data for week 1 COVID-19 activity remained stable acr"
Queen Charlotte's and Chelsea Hospital - Imperial College Healthcare NHS Trust,"As a Trust we are monitored against national standards and targets known as performance indicators. They provide an overview of how successful we are as an organisation at delivering healthcare. They help us monitor waiting times, safety and patient experience.

Our hospitals are also regularly inspected by the Care Quality Commission (CQC) who award ratings against five quality domains: safe, effective, caring, responsive and well-led. On 20 July 2023 Queen Charlotte's & Chelsea Hospital was given the overall CQC rating:

See the report",,Imperial College Healthcare NHS Trust,0,yes,https://www.imperial.nhs.uk/our-locations/queen-charlottes-and-chelsea-hospital,2015-12-15 16:59:43+00:00,,3,1,Date: 15 Jan,1656,Neonatal screening,"Queen Charlotte's and Chelsea Hospital - Imperial College Healthcare NHS Trust As a Trust we are monitored against national standards and targets known as performance indicators. They provide an overview of how successful we are as an organisation at delivering healthcare. They help us monitor waiting times, safety and patient experience. Our hospitals are also regularly inspected by the Care Quality Commission (CQC) who award ratings against five quality domains: safe, effective, caring, responsive and well-led. On 20 July 2023 Queen Charlotte's & Chelsea Hospital was given the overall CQC rating: See the report"
Six early dementia signs to know after 55-year-old ex-Premier League player reveals diagnosis - Yahoo Lifestyle UK,"



Brits are being urged to know the signs of dementia after a former Premier League footballer revealed last week that he had been diagnosed with a stage two form of the disease.

Retired footballer Dean Windass, who enjoyed a two-decade-long career playing for clubs including Hull City, Middlesbrough and Aberdeen, scored his last Premier League goal at age 39. He announced his retirement in October 2009, and was diagnosed with dementia last year.

The 55-year-old former striker explained that he forgets small things like names and things his partner has told him, reports Surrey Live. After turning to John Stiles (the son of England 1966 World Cup hero Nobby Stiles), he went to get the medical scans that confirmed the condition. Stiles died at age 78 in 2020, after living with dementia himself for a number of years.

READ MORE: 'My son's name is a touching tribute - but my family are urging me to change it'

READ MORE: Another UK 'dodgy' Fire Stick crackdown just made it more difficult to watch Sky TV for free

Dean Windass revealed last week that he was diagnosed with dementia 12 months ago. -Credit:Getty

Windass’ diagnosis was first revealed (with his consent) by former Manchester United defender David May on BBC Breakfast last week. He said: “I spoke to Deano [Windass] and he’s worried sick about how it is going to be in the future for him."" While Windass has struggled to come to terms with the news, he hopes to raise dementia awareness by speaking publicly about his diagnosis.

The NHS website explains that dementia is known as the collection of symptoms that result from damage to the brain, which are caused by different diseases such as Alzheimer’s. There are six common early symptoms that may appear some time before a dementia diagnosis:

Memory loss

Difficulty concentrating

Getting confused over mundane tasks, like finding the correct change when shopping

Struggling to find the right word or having difficulty following a conversation

Being confused about time and place

Mood changes

The footballer retired in 2009, 15 years before his diagnosis -Credit:Getty

These symptoms often start out as mild and get worse gradually over time. If you're experiencing these symptoms, it's important to speak to your GP as soon as possible.

Father of two, Windass scored 234 goals at club level. He has no doubt over what has caused his dementia, telling The Daily Mail : “I’ve been heading footballs for a job. Not in the games but in training. Crossing and finishing drills. They asked me how many times I’d headed the ball in 20 years. Bloody hell! Thousands and thousands of times.""

After a CT scan, the footballer received his diagnosis on Zoom. -Credit:Getty

Following his CT scan, Windass received the diagnosis over a Zoom call. He said: “The conversation I had was that there was nothing to worry about at this stage but the scan has come back as mild grade two dementia. Immediately, I was like ‘oh f***, what does that mean?’

“I don’t know how it will affect my life in the years to come. I do forget names. I don’t know what’s around the corner. I live day to day.""

Windass also told the Mirror that he chose to speak out about his diagnosis in order to help others. He said: “My phone has gone mad because everyone thinks I'm dying. I’m not dying. I’m all right.

""My son text to ask if I was okay. I don’t know what’s going to happen in five years or tomorrow. I just get on with it.""

Don't miss the latest news from around Scotland and beyond - Sign up to our daily newsletter here.",,Yahoo Lifestyle UK,0,yes,https://uk.style.yahoo.com/six-early-dementia-signs-know-105245200.html,2025-01-13 10:52:45+00:00,,4,1,Date: 15 Jan,1785,Early diagnosis,"Six early dementia signs to know after 55-year-old ex-Premier League player reveals diagnosis - Yahoo Lifestyle UK  Brits are being urged to know the signs of dementia after a former Premier League footballer revealed last week that he had been diagnosed with a stage two form of the disease. Retired footballer Dean Windass, who enjoyed a two-decade-long career playing for clubs including Hull City, Middlesbrough and Aberdeen, scored his last Premier League goal at age 39. He announced his retirement in October 2009, and was diagnosed with dementia last year. The 55-year-old former striker explained that he forgets small things like names and things his partner has told him, reports Surrey Live. After turning to John Stiles (the son of England 1966 World Cup hero Nobby Stiles), he went to get the medical scans that confirmed the condition. Stiles died at age 78 in 2020, after living with dementia himself for a number of years. READ MORE: 'My son's name is a touching tribute - but my family are urging me to change it' READ MORE: Another UK 'dodgy' Fire Stick crackdown just made it more difficult to watch Sky TV for free Dean Windass revealed last week that he was diagnosed with dementia 12 months ago. -Credit:Getty Windass’ diagnosis was first revealed (with his consent) by former Manchester United defender David May on BBC Breakfast last week. He said: “I spoke to Deano [Windass] and he’s worried sick about how it is going to be in the future for him."" While Windass has struggled to come to terms with the news, he hopes to raise dementia awareness by speaking publicly about his diagnosis. The NHS website explains that dementia is known as the collection of symptoms that result from damage to the brain, which are caused by different diseases such as Alzheimer’s. There are six common early symptoms that may appear some time before a dementia diagnosis: Memory loss Difficulty concentrating Getting confused over mundane tasks, like finding the correct change"
What you need to know about the NHS bowel cancer screening expansion - Yahoo Lifestyle UK,"What you need to know about the NHS bowel cancer screening expansion

The NHS' bowel cancer screening programme is being extended to those over 50. (Getty Images)

Thousands more over 50s will be sent a home-testing kit that can help to detect signs of bowel cancer, as the NHS expands its screening programme in England.

Around 850,000 more people will now be included in the screening programme, with those aged 50 and 52 receiving kits by the end of March.

People aged 51 and 53 will need to wait until their next birthday but will then be posted a kit.

The faecal immunochemical test (FIT) checks for blood in a stool sample, with people collecting their own sample at home before posting it back to NHS labs in a prepaid return envelope. Results are then sent out to people, along with any information about further tests, if required.

Heather James, the mother of Dame Deborah James who died of bowel cancer aged 40 in 2022, told the Sun: ""Deborah will be up there grinning from ear to ear, jumping for joy. But I know she would want to urge anyone who gets a screening invite to take the test. She was all too aware that many people ignore the invite and put off their test, a decision that can prove fatal.""

What is the current NHS bowel cancer screening programme?

The NHS bowel cancer screening programme is being extended. (Getty Images)

The FIT home testing kit is already made available through the NHS Bowel Cancer Screening Programme to everyone aged 54 to 74. People aged 75 and over can request a kit by phoning the NHS bowel cancer screening helpline on 0800 707 60 60.

Since the FIT kit was introduced into the screening programme in April 2019, national uptake has increased from 59.2% to 65.2%.

Experts say the FIT kit is more convenient to use than the previous home test as it only requires one sample which can be done at home and is then returned in a sealed bottle.

Due to the increased uptake with the FIT kit, more cancers are now being detected than when the previous test was used.

Why is bowel cancer screening so important?

People are much more likely to survive bowel cancer or have successful treatment if the disease is caught before it has spread.

Steve Russell, national director for vaccinations and screening at NHS England, said: ""Lives are saved when cancers are caught early and the expansion of the NHS bowel cancer screening programme to those aged 50 will help to spot signs of bowel cancer sooner, and potentially save thousands of lives.

""We are seeing positive uptake of the home-testing FIT kits, with over two-thirds of those eligible returning their tests, but this drops off in the lower age groups and we want to see even more people taking up the offer.

""While taking a test for bowel cancer may be the last thing you’re thinking about as you enter the new year, it could save your life, so if you’ve got a FIT kit hiding in a drawer at home, I would encourage you to return it quickly as you can.""

While most people won't have signs of cancer, if the test does detect anything people can be sent on for further tests and treatment.

Data suggests that around 2% of people who have the FIT test will need further investigation.

Dr Lisa Wilde, director of research and external affairs at Bowel Cancer UK, said: “Screening is one of the best ways to spot bowel cancer at an early stage, when it is treatable and curable.

“In fact, more than nine in 10 people survive bowel cancer when it’s diagnosed at the earliest stage.”

Cases of bowel cancer are rising in younger adults. (Getty Images)

Why are rates of bowel cancer on the rise in younger people?

Rates of bowel cancer in young people are rising more sharply in England than in many other countries around the world, a recent study found.

Early onset bowel cancer in those aged 25 to 49 is increasing globally, but England is among the countries with the biggest rise, averaging a 3.6% increase every year, researchers calculated.

Studies are ongoing to work out why more younger people are developing bowel cancer, but experts believe poor diet, more ultra-processed foods, obesity and a lack of exercise are playing a role.

Michelle Mitchell, chief executive of Cancer Research UK, said: “This flagship study reveals that increasing rates of early onset bowel cancer, affecting adults aged 25 to 49, is a global issue.""

Data provided by the charity up to 2019 suggests bowel cancer has seen a 52% increase in incidence rates for adults aged 25 to 49 since the early 1990s.

There are around 2,600 new bowel cancer cases in people aged 25-49 in the UK every year and around 44,100 new cases among all ages.

Professor Peter Johnson, national clinical director for cancer at NHS England, said: “Thousands of people in England develop bowel cancer each year, and there are concerns that it is becoming more common for people in their 50s.

“There is no need to feel embarrassed about poo – the test is quick and simple to use and can detect signs of bowel cancer, often before symptoms appear, so please do return your FIT kit if you are sent one.""

Bowel cancer signs

Signs of bowel cancer include:

stomach pain lasting three weeks or more

blood in stools

diarrhoea or constipation for no obvious reason lasting three weeks or more

a feeling of not having emptied the bowels after going to the toilet

bottom pain

loose, pale or greasy stools.

Anyone with symptoms of bowel cancer is urged to contact their GP and not wait for a test.

Leading a healthy lifestyle can help to reduce the risk of bowel cancer. (Getty Images)

Bowel cancer risk factors

While it isn't known what causes most bowel cancers, some factors increase your risk of getting the disease. Though some are factors you can’t do anything about, age and genetics, for example, there are some lifestyle changes you can make to help lower your bowel cancer risk.

According to Bowel Cancer UK you are more at risk of getting bowel cancer if you have one or more of the following risk factors:

Aged over 50

A strong family history of bowel cancer

A history of non-cancerous growths (polyps) in your bowel

Longstanding inflammatory bowel disease such as Crohn’s disease or ulcerative colitis

Type 2 diabetes

An unhealthy lifestyle

Additional reporting PA.

Read more about bowel cancer:",,Yahoo Lifestyle UK,1,yes,https://uk.style.yahoo.com/nhs-bowel-cancer-screening-programme-ages-114857561.html,2025-01-14 11:48:57+00:00,,5,1,Date: 15 Jan,1802,Cancer screening,"What you need to know about the NHS bowel cancer screening expansion - Yahoo Lifestyle UK What you need to know about the NHS bowel cancer screening expansion The NHS' bowel cancer screening programme is being extended to those over 50. (Getty Images) Thousands more over 50s will be sent a home-testing kit that can help to detect signs of bowel cancer, as the NHS expands its screening programme in England. Around 850,000 more people will now be included in the screening programme, with those aged 50 and 52 receiving kits by the end of March. People aged 51 and 53 will need to wait until their next birthday but will then be posted a kit. The faecal immunochemical test (FIT) checks for blood in a stool sample, with people collecting their own sample at home before posting it back to NHS labs in a prepaid return envelope. Results are then sent out to people, along with any information about further tests, if required. Heather James, the mother of Dame Deborah James who died of bowel cancer aged 40 in 2022, told the Sun: ""Deborah will be up there grinning from ear to ear, jumping for joy. But I know she would want to urge anyone who gets a screening invite to take the test. She was all too aware that many people ignore the invite and put off their test, a decision that can prove fatal."" What is the current NHS bowel cancer screening programme? The NHS bowel cancer screening programme is being extended. (Getty Images) The FIT home testing kit is already made available through the NHS Bowel Cancer Screening Programme to everyone aged 54 to 74. People aged 75 and over can request a kit by phoning the NHS bowel cancer screening helpline on 0800 707 60 60. Since the FIT kit was introduced into the screening programme in April 2019, national uptake has increased from 59.2% to 65.2%. Experts say the FIT kit is more convenient to use than the previous home test as it only requires one sample which can be done at home and is then returned in a sealed bottle. Due to t"
This at-home cancer test will soon be sent to all over-50s in England - Yahoo Lifestyle UK,"This at-home cancer test will soon be sent to all over-50s in England

All 50 to 74-year-olds in England will receive a home-testing kit for bowel cancer every two years, as the NHS expands its lifesaving screening programme.

The age is now being lowered from 54 to 50 after trials of a local screening test, bringing it in line with Scotland and Wales. Around 850,000 additional people in England will therefore be eligible for the screening test.

Those aged 50 and 52 will receive their tests by the end of March, while people aged 51 and 53 will be posted a kit after their next birthday. Anyone aged 75 and over can request a kit by phoning the NHS bowel cancer screening helpline.

How do I do a bowel cancer home test?

Known as the 'faecal immunochemical test' (FIT), the kit checks for blood in a small stool sample, which can be a sign of bowel cancer, with about 90% accuracy. People are sent their kit in the post. They collect their sample at home in a small tube before mailing it to the NHS in a prepaid envelope.

One out of every 50 – or 2% – of those who return samples need further testing, which can include a scan, says the NHS. But new figures show that less than 60% in the 54-57 age range return their FIT kits, compared with over 70% in the 60-74 group. The NHS is therefore calling on more people to take up the potentially life-saving offer.

Steve Russell, National Director for Vaccinations and Screening at NHS England, said: 'Lives are saved when cancers are caught early and the expansion of the NHS bowel cancer screening programme to those aged 50 will help to spot signs of bowel cancer sooner.

'We are seeing positive uptake of the home testing FIT kits, with over two thirds of those eligible returning their tests, but this drops off in the lower age groups.

'If you’ve got a FIT kit hiding in a drawer at home, I would encourage you to return it quickly as you can.'

What are bowel cancer symptoms?

Bowel cancer is the second-biggest cancer killer in the UK, with 44,000 cases and 16,000 deaths each year. It's also becoming more common in middle-aged adults, the NHS warns. The signs to watch out for include:

Stomach pain lasting three weeks or more

Change in bowel habits: going to the loo more often, tummy pain and looser, pale or greasy stools

Blood in stools without other causes, like piles

Diarrhoea or constipation lasting for three weeks or more

Abdominal pain, discomfort or bloating, usually after eating

Extreme weight loss or tiredness, with no clear cause

'There is no need to feel embarrassed about poo – the test is quick and simple to use and can detect signs of bowel cancer, often before symptoms appear, so please do return your FIT kit if you are sent one,' said Professor Peter Johnson, national clinical director for cancer at NHS England.

'If anyone experiences symptoms such as blood in their poo or severe stomach pain, no matter their age, they should speak to their GP and get it checked out as soon as possible.'

As Bowel Cancer UK's research director Dr Lisa Wilde noted, 'More than nine in 10 people survive bowel cancer when it's diagnosed at the earliest stage.'



More health stories:

Cut through the noise and get practical, expert advice, home workouts, easy nutrition and more direct to your inbox. Sign up to the WOMEN'S HEALTH NEWSLETTER

You Might Also Like",,Yahoo Lifestyle UK,1,yes,https://uk.style.yahoo.com/home-cancer-test-soon-sent-150000348.html,2025-01-14 15:00:00+00:00,,5,1,Date: 15 Jan,1803,Cancer screening,"This at-home cancer test will soon be sent to all over-50s in England - Yahoo Lifestyle UK This at-home cancer test will soon be sent to all over-50s in England All 50 to 74-year-olds in England will receive a home-testing kit for bowel cancer every two years, as the NHS expands its lifesaving screening programme. The age is now being lowered from 54 to 50 after trials of a local screening test, bringing it in line with Scotland and Wales. Around 850,000 additional people in England will therefore be eligible for the screening test. Those aged 50 and 52 will receive their tests by the end of March, while people aged 51 and 53 will be posted a kit after their next birthday. Anyone aged 75 and over can request a kit by phoning the NHS bowel cancer screening helpline. How do I do a bowel cancer home test? Known as the 'faecal immunochemical test' (FIT), the kit checks for blood in a small stool sample, which can be a sign of bowel cancer, with about 90% accuracy. People are sent their kit in the post. They collect their sample at home in a small tube before mailing it to the NHS in a prepaid envelope. One out of every 50 – or 2% – of those who return samples need further testing, which can include a scan, says the NHS. But new figures show that less than 60% in the 54-57 age range return their FIT kits, compared with over 70% in the 60-74 group. The NHS is therefore calling on more people to take up the potentially life-saving offer. Steve Russell, National Director for Vaccinations and Screening at NHS England, said: 'Lives are saved when cancers are caught early and the expansion of the NHS bowel cancer screening programme to those aged 50 will help to spot signs of bowel cancer sooner. 'We are seeing positive uptake of the home testing FIT kits, with over two thirds of those eligible returning their tests, but this drops off in the lower age groups. 'If you’ve got a FIT kit hiding in a drawer at home, I would encourage you to return it quickly as you can.' "
Osteoporosis: Eight things everyone should know about the silent disease - The Independent,"Sign up for the Independent Women email for the latest news, opinion and features Get the Independent Women email for free Get the Independent Women email for free SIGN UP I would like to be emailed about offers, events and updates from The Independent. Read our privacy policy

Osteoporosis weakens bones and increasing fracture risk, becomes a growing concern with age.

While the ticking clock is unavoidable, understanding the risks and taking proactive steps can significantly impact bone health and prevent debilitating fractures.

Here are eight important things that everyone should know about osteoporosis to help maintain strong bones and reduce the risk of fractures as we age.

1. It is often referred to as the ‘silent disease’

“It is often called the ‘silent disease’ because it progresses without symptoms until a fracture occurs,” explains Sam Bhide, physiotherapist and founder of Physiozen Ltd.

Kirsty Carne, senior osteoporosis specialist nurse at the Royal Osteoporosis Society, adds: “It doesn’t cause any general aches or pains or other symptoms.

“It’s the broken bones that can cause pain, rather than osteoporosis itself. Spinal fractures can also cause height loss and a curved spine.”

2. Osteoporosis is more common in women

“Women have smaller, thinner bones (low bone mass) compared to men,” highlights Bhide. “And oestrogen, which protects bone density, declines gradually after menopause, accelerating bone loss, making women prone to bone density issues.

open image in gallery (Alamy/PA)

“Pregnancy and breastfeeding can also temporarily deplete calcium levels.”

3. <strong>People</strong> with osteoporosis can break bones through minor activities

“Osteoporosis is a condition where the bones become weaker and break more easily, even after a minor bump or fall,” explains Carne. “Broken bones (called ‘fragility fractures’) caused by osteoporosis can commonly affect the spine, hip and wrist.

“People with osteoporosis can break bones through really minor daily activities such as moving a pot in the garden or bending to get a casserole out of the oven.”

4. There are many risk factors

Age and family history are both risk factors.

“Bone density naturally decreases with age and genetic predisposition plays a role,” says Bhide.

Lifestyle factors can also be influential.

“Poor nutrition, especially low calcium and vitamin D intake can increase the risk,” says Bhide. “Smoking and excessive alcohol consumption are also risk factors that lower bone density.”

5. Early diagnosis is important

“Early diagnosis prevents fractures and associated complications, and also allows timely interventions to slow bone loss,” says Bhide. “It also reduces healthcare costs and improves quality of life.”

Osteoporosis is usually diagnosed when someone who has risk factors, or has had a fragility fracture, is then sent for a bone density scan (DXA scan).

“This scan helps us understand if you have a raised risk of fractures and if you will benefit from being on one of the drug treatments for osteoporosis to reduce that risk,” explains Carne. “For some elderly people who have broken a hip, or had several fractures, their history of broken bones may be enough to highlight a need for treatment without having a bone density scan.”

6. A healthy lifestyle can help to maintain good bone health

open image in gallery (Alamy/PA)

“A healthy varied diet that provides all the nutrients you need, and plenty of exercise can help to keep bones stronger,” says Carne. “Make sure you have at least 700mg of calcium daily and consider using 400 international units of vitamin D a day during the winter months as these are both important for bone health.

“Also, simple things like avoiding smoking and keeping alcohol levels within recommended limits can help to reduce your risk.

“These things can’t stop all chances of osteoporosis and fractures, but they can help to reduce your risk.”

7. Resistance or weight-bearing exercise can help strengthen our bones

open image in gallery (Alamy/PA)

“Regular weight-bearing and resistance training three to five times a week can help,” says Bhide.

Bones stay strong if you give them work to do and like variety, says Carne.

“Aim for 150 minutes of weight-bearing exercise a week,” recommends Carne. “For exercise to be most effective at keeping bones strong, you need to combine weight-bearing exercise with impact such as jogging or stamping, and muscle-strengthening exercise such as lifting weights or using resistance bands.”

open image in gallery (Alamy/PA)

8. Osteoporosis cannot be cured

“We don’t have a medication or treatment that will get rid of the condition completely and make your bones healthy for the rest of your life,” says Carne. “We do, however, have medications that can help to strengthen your bones and reduce your risk of fractures, and these work really well.

“For most people with osteoporosis, this means they may be on a drug treatment for a few years, and maybe off for a year or two, and then back on again if their bones start to deteriorate again and so on.

“There is a range of drug treatments for osteoporosis including tablets, injections and intravenous infusions, but most people will use a tablet they take once a week such as alendronate.”",,The Independent,0,yes,https://www.independent.co.uk/life-style/health-and-families/osteoporosis-polymyalgia-rheumatica-cure-symptoms-b2677788.html,2025-01-11 09:20:00+00:00,,5,1,Date: 15 Jan,1827,Early diagnosis,"Osteoporosis: Eight things everyone should know about the silent disease - The Independent Sign up for the Independent Women email for the latest news, opinion and features Get the Independent Women email for free Get the Independent Women email for free SIGN UP I would like to be emailed about offers, events and updates from The Independent. Read our privacy policy Osteoporosis weakens bones and increasing fracture risk, becomes a growing concern with age. While the ticking clock is unavoidable, understanding the risks and taking proactive steps can significantly impact bone health and prevent debilitating fractures. Here are eight important things that everyone should know about osteoporosis to help maintain strong bones and reduce the risk of fractures as we age. 1. It is often referred to as the ‘silent disease’ “It is often called the ‘silent disease’ because it progresses without symptoms until a fracture occurs,” explains Sam Bhide, physiotherapist and founder of Physiozen Ltd. Kirsty Carne, senior osteoporosis specialist nurse at the Royal Osteoporosis Society, adds: “It doesn’t cause any general aches or pains or other symptoms. “It’s the broken bones that can cause pain, rather than osteoporosis itself. Spinal fractures can also cause height loss and a curved spine.” 2. Osteoporosis is more common in women “Women have smaller, thinner bones (low bone mass) compared to men,” highlights Bhide. “And oestrogen, which protects bone density, declines gradually after menopause, accelerating bone loss, making women prone to bone density issues. open image in gallery (Alamy/PA) “Pregnancy and breastfeeding can also temporarily deplete calcium levels.” 3. <strong>People</strong> with osteoporosis can break bones through minor activities “Osteoporosis is a condition where the bones become weaker and break more easily, even after a minor bump or fall,” explains Carne. “Broken bones (called ‘fragility fractures’) caused by osteoporosis can commonly affect "
"At-home ECGs will detect early heart issues and save thousands, say doctors - The Guardian","They remain some of the most complex diagnostic procedures carried out by doctors. To take an electrocardiogram, or ECG, they first have to attach 10 or more electrodes to a patient’s chest, arms and legs to measure the heart’s electrical activity. Then, once these signals have been recorded, a cardiologist has to interpret them to determine if a person has a particular heart ailment.

It is a life-saving technology – but a complicated, expensive one. However, UK scientists now believe they could soon overcome these limitations by developing devices which will allow patients to take their own detailed ECGs at home and be provided with easily interpreted diagnoses about the state of their hearts.

Results should then make it easier and quicker to make early diagnoses of potentially fatal cardiac conditions and save thousands of lives by intervening at early stages of an illness.

“There are smartwatches that will take ECGs at present, but they provide only minimal information,” said Prof Caroline Jay, of Manchester University. “We are taking this data, and working on software applications that will allow a person to get a much more detailed picture of the state of their heart, and potentially flag life-threatening conditions to them.”

An ECG records the electrical activity of a person’s heart as it beats and pumps blood round the body. These signals provide vital information that indicates if a patient is at risk of a heart attack or is suffering from thickening of cardiac blood vessels or other life-threatening conditions.

“An ECG is a window into the activity of the human heart and is used widely in clinical practice, mostly in hospitals,” said Jay. “However, readouts from an ECG are also difficult to understand and it takes a clinician many years of training to be able to accurately interpret one. Our research is aimed at reducing the time needed to take and understand the results of an ECG to a few seconds.”

To achieve this, researchers have used AI as well as knowledge of cognitive psychology and visual perception to create colour-coded versions of an ECG in a way that clearly indicates if patients have a life-threatening condition, are at risk of one or if they are free of such danger.

One of the team who led the development of the system is Dr Alaa Alahmadi, who is now a lecturer in computational medicine at Newcastle University. “Basically, we are adding a third dimension to readouts: colour. We also use AI to interpret the signals and understand what is really happening,” she said.

The end result is an output in which blue-green is used to indicate that nothing is wrong; yellow suggests the beginning of a problem; and orange-red means immediate intervention is needed, added Alahmadi. “It is as straightforward as that.”

A particular target for researchers’ attention is known as long QT syndrome. In a typical heart, the heart sends blood out to the body during each heartbeat, a process that is coordinated by electrical signals. In long QT syndrome, the heart’s electrical system takes longer than usual to recover between beats and over time this can lead to serious side-effects that include fainting, seizures and cardiac arrest.

skip past newsletter promotion Sign up to Observed Free weekly newsletter Analysis and opinion on the week's news and culture brought to you by the best Observer writers Enter your email address Sign up Privacy Notice: Newsletters may contain info about charities, online ads, and content funded by outside parties. For more information see our Newsletters may contain info about charities, online ads, and content funded by outside parties. For more information see our Privacy Policy . We use Google reCaptcha to protect our website and the Google Privacy Policy and Terms of Service apply. after newsletter promotion

“The condition occurs naturally but cancer medication, antidepressants and some antibiotics can cause it as well,” said Jay. “We want to be sure newly developed medicines do not trigger this condition, and being able to monitor ECGs easily and speedily is going to be a significant aid.”

It is envisaged the system would be used in conjunction with wearable ECGs devices – including smartwatches. “You could then take your own ECG at home and be provided, for the first time, with diagnoses that are easy to understand and which will give people a very quick indication of the state of their hearts.”

This point was backed by Alahmadi. “Even for trained clinicians it can be difficult and time-consuming to interpret ECGs. This technology will be a real help for them. And if you are making the general public actually understand their own ECGs then this would also make a big difference. It could save many people’s lives.”",,The Guardian,0,yes,https://www.theguardian.com/society/2025/jan/12/at-home-ecgs-will-detect-early-heart-issues-and-save-thousands-say-doctors,2025-01-12 08:00:00+00:00,,6,1,Date: 15 Jan,1845,Early detection,"At-home ECGs will detect early heart issues and save thousands, say doctors - The Guardian They remain some of the most complex diagnostic procedures carried out by doctors. To take an electrocardiogram, or ECG, they first have to attach 10 or more electrodes to a patient’s chest, arms and legs to measure the heart’s electrical activity. Then, once these signals have been recorded, a cardiologist has to interpret them to determine if a person has a particular heart ailment. It is a life-saving technology – but a complicated, expensive one. However, UK scientists now believe they could soon overcome these limitations by developing devices which will allow patients to take their own detailed ECGs at home and be provided with easily interpreted diagnoses about the state of their hearts. Results should then make it easier and quicker to make early diagnoses of potentially fatal cardiac conditions and save thousands of lives by intervening at early stages of an illness. “There are smartwatches that will take ECGs at present, but they provide only minimal information,” said Prof Caroline Jay, of Manchester University. “We are taking this data, and working on software applications that will allow a person to get a much more detailed picture of the state of their heart, and potentially flag life-threatening conditions to them.” An ECG records the electrical activity of a person’s heart as it beats and pumps blood round the body. These signals provide vital information that indicates if a patient is at risk of a heart attack or is suffering from thickening of cardiac blood vessels or other life-threatening conditions. “An ECG is a window into the activity of the human heart and is used widely in clinical practice, mostly in hospitals,” said Jay. “However, readouts from an ECG are also difficult to understand and it takes a clinician many years of training to be able to accurately interpret one. Our research is aimed at reducing the time needed to take and understand the"
Hammersmith Hospital - Imperial College Healthcare NHS Trust,"How we are doing

As a Trust we are monitored against national standards and targets known as performance indicators. They provide an overview of how successful we are as an organisation at delivering healthcare. They help us monitor waiting times, safety and patient experience.

Our hospitals are also regularly inspected by the Care Quality Commission (CQC) who award ratings against five quality domains: safe, effective, caring, responsive and well-led. Each of our sites is also awarded an overall rating. Hammersmith Hospital has been awarded: Requires improvement.

Learn more about our performance",,Imperial College Healthcare NHS Trust,0,yes,https://www.imperial.nhs.uk/our-locations/hammersmith-hospital,2015-12-16 01:44:43+00:00,,6,1,Date: 15 Jan,1851,AI health Screening,"Hammersmith Hospital - Imperial College Healthcare NHS Trust How we are doing As a Trust we are monitored against national standards and targets known as performance indicators. They provide an overview of how successful we are as an organisation at delivering healthcare. They help us monitor waiting times, safety and patient experience. Our hospitals are also regularly inspected by the Care Quality Commission (CQC) who award ratings against five quality domains: safe, effective, caring, responsive and well-led. Each of our sites is also awarded an overall rating. Hammersmith Hospital has been awarded: Requires improvement. Learn more about our performance"
Doctor says feeling thirsty or hungry could be 'early sign' of commonly undiagnosed condition - Yahoo News UK,"



According to Diabetes UK, 1.2 million people in the UK could be living with undiagnosed type-2 diabetes. Understanding if you suffer from the condition is essential for early detection and improving quality of life with the correct treatment.

That's according to Dr Donald Grant, GP and senior clinical advisor at The Independent Pharmacy. He said there were some common health indicators that you may be suffering from diabetes.

Early signs of diabetes

Dr Grant said: “Understanding whether you have diabetes early is crucial for preventing further health complications. It’s also important for monitoring health generally and ensuring a better quality of life for sufferers. Unfortunately, diabetes can be extremely difficult to detect and is often left untreated until a further health complication makes the condition known.

ADVERTISEMENT

READ MORE: Wimbledon tennis finalist played season after breast cancer diagnosis - vows 'I'll be OK'

READ MORE: TV doctor's 'four rules' to avoid potential air fryer health risks

“Being able to identify potential symptoms is an effective way of spotting the condition early, however, many people are unsure of what signs to look out for. Therefore, let’s take a look at the most common health indicators of diabetes.""

Frequent urination

“Going to the toilet too much, also known as polyuria, can be a sign of diabetes. This can occur when the body attempts to get rid of excess glucose through urination; being awoken multiple times throughout the evening is a common symptom that you may have developed the condition.

“However, this can also occur due to specific medications, pregnancy or high caffeine intake - therefore it’s best to seek professional advice rather than self-diagnosing the condition.""

Blurry vision

“Experiencing changes to your vision such as blurriness or distortion might not necessarily mean you need a new pair of glasses - but instead could be a sign that you’re suffering from diabetes. The condition often has significant effects on the eyes, leading to complications such as diabetic retinopathy, where high blood sugar levels damage the retina’s blood vessels.

ADVERTISEMENT

“Sadly, that’s just one of the many ways diabetes can harm eye health, with conditions such as glaucoma, cataracts and dry eye syndrome also potential consequences of diabetes.""

Sudden dramatic weight loss

Dr Grant continued: “Next, a substantial drop in weight could be a sign of either type of diabetes. For type 1 diabetes, the body attacks insulin-producing cells, leading to the body breaking down fat and muscle as an alternative energy source. For type 2 diabetes, the body becomes increasingly resistant to the effects of insulin, which, similar to type 1, leads to fat and muscle being targeted instead.

“Additionally, the increased urination leads to fluid loss which can contribute to weight loss. Overall, it’s important to seek medical advice should you experience a sudden decrease in weight for any reason as it can lead to further health issues.""

Increased appetite or thirst

“While this one is more commonly known, an increase in appetite or thirst, particularly after eating or drinking is a massive indicator of the condition. A desire to drink more frequently can be down to an increase in toilet activity - leaving the body with lost fluids to replace.

ADVERTISEMENT

“For hunger, insulin complications mean the glucose from consumed foods cannot be converted into energy. As a result, the body experiences increased levels of appetite as it needs to ingest more food to compensate for the lack of converted energy.""

Other general symptoms of diabetes

Dr Grant concluded: “Aside from the more common indicators that you may be suffering from diabetes, it can also be hidden behind other health complications such as erectile dysfunction, yeast infections or intense headaches. These common health issues make diabetes extremely hard to detect in some cases, therefore, I recommend seeking professional advice should you suffer from any symptoms of the condition.

“It’s vital to shine a light on some of the commonly experienced symptoms that can be a sign of the condition. Early detection can help prevent further health complications such as kidney failure, heart disease and loss of vision.”",,Yahoo News UK,0,yes,https://uk.news.yahoo.com/doctor-says-feeling-thirsty-hungry-040500997.html,2025-01-11 04:05:00+00:00,,6,1,Date: 15 Jan,1855,Early diagnosis,"Doctor says feeling thirsty or hungry could be 'early sign' of commonly undiagnosed condition - Yahoo News UK  According to Diabetes UK, 1.2 million people in the UK could be living with undiagnosed type-2 diabetes. Understanding if you suffer from the condition is essential for early detection and improving quality of life with the correct treatment. That's according to Dr Donald Grant, GP and senior clinical advisor at The Independent Pharmacy. He said there were some common health indicators that you may be suffering from diabetes. Early signs of diabetes Dr Grant said: “Understanding whether you have diabetes early is crucial for preventing further health complications. It’s also important for monitoring health generally and ensuring a better quality of life for sufferers. Unfortunately, diabetes can be extremely difficult to detect and is often left untreated until a further health complication makes the condition known. ADVERTISEMENT READ MORE: Wimbledon tennis finalist played season after breast cancer diagnosis - vows 'I'll be OK' READ MORE: TV doctor's 'four rules' to avoid potential air fryer health risks “Being able to identify potential symptoms is an effective way of spotting the condition early, however, many people are unsure of what signs to look out for. Therefore, let’s take a look at the most common health indicators of diabetes."" Frequent urination “Going to the toilet too much, also known as polyuria, can be a sign of diabetes. This can occur when the body attempts to get rid of excess glucose through urination; being awoken multiple times throughout the evening is a common symptom that you may have developed the condition. “However, this can also occur due to specific medications, pregnancy or high caffeine intake - therefore it’s best to seek professional advice rather than self-diagnosing the condition."" Blurry vision “Experiencing changes to your vision such as blurriness or distortion might not necessarily mean you need a new"
'I never had any symptoms': Cancer survivor encourages early testing - The Bolton News,"Joanne Vernon, 54, was diagnosed with bowel cancer thanks to an early screening at Royal Bolton Hospital.

She said: “If I hadn't done that test, I wouldn’t have known.

""I was 54 in March and received a letter saying that they had lowered the screening age.

“I took the test in April and they said they were 99 per cent sure that it’s cancer.

“I was shocked, very shocked, because I thought I was fit and healthy – I never had any symptoms whatsoever.”

Ms Vernon, from Wigan, continued to work full time in her job as a health care assistant after her diagnosis until she was due to have surgery.

Since the tumour was detected early it was possible to remove it with surgery.

Joanne was only diagnosed thanks to the age of testing eligibility being lowered (Image: Joanne Vernon) She said: “I carried on working until just a few days before the surgery, because I just wanted some time to take my mind off things.

“It was just a massive shock for me, my family and my work colleagues.

""Thankfully I did the test – if they hadn’t lowered the age it would have been a different scenario.

“The good news was that because it was detected early I didn’t have to have chemotherapy – that was amazing news.

“I would say just do the test. Make sure you do it, which a lot of people I know haven’t.”

Joanne with granddaughter Reenie (Image: Joanne Vernon) Ms Vernon said that her daughter was “absolutely devastated” by the news as they have a small family.

Ms Vernon has one daughter and they usually go to hospital appointments together so that she is always informed.

NHS England announced on January 2 that early cancer diagnosis in England has reached its highest ever level.

This follows a major drive by the NHS over the last years to encourage millions of people to come forward for potentially lifesaving checks, especially those who may be at higher risk as a result of hereditary or lifestyle factors.

Ms Vernon said: “Just do any test you get offered and stay positive.

“I’m a positive person and a happy person and I’ve tried my best.

“I have stayed positive, but I’m that sort of person anyway – but it’s hard, very hard.

“I’m here to tell the tale and I have been very lucky.”

READ MORE: Exercising in year before diagnosis can cut odds of cancer progressing – study

READ MORE: Make it easier for those with lung cancer symptoms to get tests, experts say

READ MORE: Charity calls for ‘bold action’ to tackle ‘worrying’ cancer statistics

The latest NHS data on 13 of the most common cancers, such as breast, prostate and lung cancer, shows that nearly three in five patients are now being diagnosed at stages one or two, when the cancer is easier to treat.

Rae Wheatcroft, Chief Operating Officer at Bolton NHS Foundation Trust, said: “Detecting cancer at the earliest possible stage can ultimately help save lives through access to care and treatment.

“It’s positive that more people are now being diagnosed earlier so that we’re able to treat them sooner.

“Here in Bolton we’re doing everything we can to detect cancer early, whether that’s lowering the age eligibility for bowel cancer screening kits or working with our local healthcare partners to take testing and screening directly into our communities to improve access to potentially life-saving care.

“If you’re worried about any symptoms of cancer, please come forward to be seen at the earliest opportunity; it may help save your life.”

Have a story? Get in touch at eoin.mccaul@newsquest.co.uk",,The Bolton News,1,yes,https://www.theboltonnews.co.uk/news/24849196.cancer-survivor-urges-early-testing-no-symptoms/,2025-01-15 05:00:00+00:00,,6,1,Date: 15 Jan,1856,Early diagnosis,"'I never had any symptoms': Cancer survivor encourages early testing - The Bolton News Joanne Vernon, 54, was diagnosed with bowel cancer thanks to an early screening at Royal Bolton Hospital. She said: “If I hadn't done that test, I wouldn’t have known. ""I was 54 in March and received a letter saying that they had lowered the screening age. “I took the test in April and they said they were 99 per cent sure that it’s cancer. “I was shocked, very shocked, because I thought I was fit and healthy – I never had any symptoms whatsoever.” Ms Vernon, from Wigan, continued to work full time in her job as a health care assistant after her diagnosis until she was due to have surgery. Since the tumour was detected early it was possible to remove it with surgery. Joanne was only diagnosed thanks to the age of testing eligibility being lowered (Image: Joanne Vernon) She said: “I carried on working until just a few days before the surgery, because I just wanted some time to take my mind off things. “It was just a massive shock for me, my family and my work colleagues. ""Thankfully I did the test – if they hadn’t lowered the age it would have been a different scenario. “The good news was that because it was detected early I didn’t have to have chemotherapy – that was amazing news. “I would say just do the test. Make sure you do it, which a lot of people I know haven’t.” Joanne with granddaughter Reenie (Image: Joanne Vernon) Ms Vernon said that her daughter was “absolutely devastated” by the news as they have a small family. Ms Vernon has one daughter and they usually go to hospital appointments together so that she is always informed. NHS England announced on January 2 that early cancer diagnosis in England has reached its highest ever level. This follows a major drive by the NHS over the last years to encourage millions of people to come forward for potentially lifesaving checks, especially those who may be at higher risk as a result of hereditary or lifestyle fact"
How Alzheimer's could be diagnosed a DECADE earlier following huge study of blood proteins - Daily Mail,"Alzheimer's disease could be diagnosed a decade earlier following the launch of the world's largest study of proteins in the body.

Researchers believe a simple blood test could flag people who are in the early stages of Alzheimer's, as well as spotting cancer seven years before it would otherwise be diagnosed.

This 'new era of possibilities' is within reach, experts say, because it is possible for the first time to quickly and cheaply analyse thousands of proteins in the body which change when we get ill.

Scientists are set to start investigating the proteins of half a million volunteers from the massive UK Biobank health study, which follows people from middle-age to old age.

Professor Sir Rory Collins, who is leading the study and is chief executive of UK Biobank, said: 'Proteins show us what is happening in the body for every single disease people get.

'For example, if we can identify people at high risk of heart attacks and strokes, based on proteins in their body, doctors can put them on statins at a young age - not in their fifties and sixties as happens now - so the drugs can hopefully prevent them having a heart attack or stroke.

'If proteins can tell us who is at a high risk of breast cancer or bowel cancer, they could be offered mammograms or bowel checks at a younger age so any cancer is caught early.

'Importantly, a blood test for proteins can also find dementia, cancer and other diseases at an early stage, and lead to better drugs to treat them.'

Alzheimer's disease could be diagnosed a decade earlier following the launch of the world's largest study of proteins in the body (stock photo)

Researchers believe a simple blood test could flag people who are in the early stages of Alzheimer's, as well as spotting cancer seven years before it would otherwise be diagnosed (stock photo)

A study of more than 52,000 UK Biobank volunteers last year found two proteins in the blood which flag up early signs of dementia a decade before people are diagnosed.

People in the UK Biobank study have blood taken every few years and all their illnesses are recorded.

More than 100 of these volunteers who got cancer had shown signs of the disease more than seven years earlier in their blood, analysis led by the University of Oxford reported last year.

That suggests looking at people's proteins could catch cancer seven years earlier.

Now the world's largest study of proteins is being launched, new insights are expected for many more diseases, including less common cancers.

Proteins will also play a major role in understanding illnesses better.

Early findings suggest type 2 diabetes is not really one illness for everybody - some people might have more inflammation in their body, and some are worse at regulating their blood sugar, and so people may benefit from different drugs targeting exactly what has gone wrong in their body.

Proteins also illustrate there are several types of depression, which need different treatment.

The huge database of people and their proteins could also show how much our genes, and how much our unhealthy lifestyles, contribute to various illnesses which strike in later life.

Alzheimer's disease is the most common cause of dementia. The disease can cause anxiety, confusion and short-term memory loss

If proteins linked to a type of cancer change more in people with a particular diet, for example, compared to those with a genetic risk, that shows what we eat is very important in causing that cancer.

Experts hope the new study will lead to drugs which target and reduce harmful proteins, keeping people well for longer.

Science Minister Lord Patrick Vallance said: 'UK Biobank is an extraordinary resource for medical research and has already had a big impact on diagnosis and treatments.

'The plan to study proteins in participants across the study has the potential to unlock a new era of possibilities.'

The study will measure up to 5,400 proteins in each person, starting with a quarter of a million blood samples from UK Biobank volunteers - and 50,000 from some of the volunteers who provided another blood sample 10 to 15 years later.

That will show how proteins change as people get older and are more likely to become ill.

Researchers say proteins can provide early warning for 90 per cent of diseases investigated so far which is better than existing methods.

Proteins will speed up the development of drugs for breast cancer, cardiovascular disease and Parkinson's disease, based on early findings, and 14 leading pharmaceutical companies are supporting the new study.",,Daily Mail,0,yes,https://www.dailymail.co.uk/health/article-14268883/Alzheimers-diagnosed-DECADE-earlier-study.html,2025-01-10 00:06:00+00:00,,7,1,Date: 15 Jan,1884,Early diagnosis,"How Alzheimer's could be diagnosed a DECADE earlier following huge study of blood proteins - Daily Mail Alzheimer's disease could be diagnosed a decade earlier following the launch of the world's largest study of proteins in the body. Researchers believe a simple blood test could flag people who are in the early stages of Alzheimer's, as well as spotting cancer seven years before it would otherwise be diagnosed. This 'new era of possibilities' is within reach, experts say, because it is possible for the first time to quickly and cheaply analyse thousands of proteins in the body which change when we get ill. Scientists are set to start investigating the proteins of half a million volunteers from the massive UK Biobank health study, which follows people from middle-age to old age. Professor Sir Rory Collins, who is leading the study and is chief executive of UK Biobank, said: 'Proteins show us what is happening in the body for every single disease people get. 'For example, if we can identify people at high risk of heart attacks and strokes, based on proteins in their body, doctors can put them on statins at a young age - not in their fifties and sixties as happens now - so the drugs can hopefully prevent them having a heart attack or stroke. 'If proteins can tell us who is at a high risk of breast cancer or bowel cancer, they could be offered mammograms or bowel checks at a younger age so any cancer is caught early. 'Importantly, a blood test for proteins can also find dementia, cancer and other diseases at an early stage, and lead to better drugs to treat them.' Alzheimer's disease could be diagnosed a decade earlier following the launch of the world's largest study of proteins in the body (stock photo) Researchers believe a simple blood test could flag people who are in the early stages of Alzheimer's, as well as spotting cancer seven years before it would otherwise be diagnosed (stock photo) A study of more than 52,000 UK Biobank volunteers last year foun"
The signs of early-onset dementia and ‘worrying’ footie link after Former Prem star Dean Windass’ diagn... - The Sun,"FORMER Premier League star Dean Windass has been diagnosed with dementia at the age of 55 - a condition known as early-onset dementia.

With an increasing number of studies linking repeated head injuries from heading the ball to increased risk of dementia, players say more needs to be done to support those with the neurodegenerative disease.

4 Dean Windass has early-onset dementia - which is dementia that develops in people under the age of 65 Credit: Getty

4 Former Manchester United defender David May first shared news of Windass' diagnosis on BBC Breakfast Credit: PA

4

Former Manchester United defender David May first shared news of Windass' diagnosis on BBC Breakfast - with his permission - as he discussed growing concerns around dementia and football.

He said: ""I only spoke to Dean Windass yesterday, ex-professional footballer. I asked Deano how he is. He's been diagnosed with Stage 2 dementia.

""He's the same age as me and he's worried sick of how it's going to be in the future for him.""

Speaking about his own dementia fears, May added: ""Over my career, I probably headed the football about 20,000 times in total.

""It's only coming to light now.

""I'd like to know where I'll be in ten years' time, will I have the care from the governing bodies, PFA, for funding that these families are not currently getting?

""It's worrying. I'm worried, of course I am.

""I've got a family to look after and I don't want my children looking after me day in day out.

""Care does cost a lot of money. Is there enough to care for future generations?

""One in three [footballers have the] possibility of getting dementia.

The 14 science-backed ways to prevent dementia

""The message needs to get out there.""

Dr Sheona Scales, Director of Research at Alzheimer’s Research UK, said there's still more research needed to fully understand the link between football and dementia.

She said: “Our thoughts are with Dean Windass and his family, following the devastating news he is living with dementia.

""Dean is a football hero and has given fans countless unforgettable moments on the pitch. It is incredibly courageous of Dean and his family to share this news and help raise much needed awareness of dementia, a condition affecting almost one million people in the UK today.

“Research is advancing, but there is still more to do to fully understand the link between football and dementia.""

Early on-set dementia symptoms

Early-onset dementia, also known as young onset dementia, is dementia that develops in people under the age of 65.

Although dementia is thought of as a condition that is just associated with old age, it is estimated that around 70,800 people with dementia in the UK are under 65.

But many people aren’t aware of the signs of early-onset dementia, and it isn't necessarily memory loss.

Dementia UK lists the symptoms of early onset dementia to look out for:

Behaviour and personality changes

Becoming irritable or anxious, making irrational and out of character decisions or experiencing changes in mood

Language and communication issues

Having difficulty finding words, slurring speech or noticing changes in handwriting.

Movement and coordination problems

Being clumsy, experiencing issues with balance and losing mobility.

Declining social and life skills

Struggling to complete tasks and meet deadlines at work, being unable to recall things or less willing to socialise or go out

Visual perception and spatial awareness issues

Mis-reaching for objects in clear view, experiencing hallucinations or having difficulty judging distances

For the majority of people affected, the cause of early-onset dementia is a combination of lifestyle, genetic and environmental factors and is more likely to be inherited compared to late-onset Alzheimers (the most common form of dementia).

The link between football and developing dementia

Former football players have been found to be more likely to be diagnosed with dementia than the general population.

This is due to a number of factors, including head injuries and repeated exposure to brain trauma.

Alongside Windass, several other high-profile sports players have battled dementia.

The family of footballer Nobby Stiles, part of the England’s 1966 World Cup-winning team, believe his dementia was linked to his career, particularly heading the ball. He died aged 78 in 2020.

From the same team, Sir Bobby Charlton’s diagnosis and death in 2023, aged 86, has also been part of a broader conversation about the impact of heading the ball.

And American football player Mike Webster was one of the first high-profile cases of Chronic Traumatic Encephalopathy (CTE), a condition linked to repeated head traumas.

He died aged 50, in 2002, and his struggles with dementia and other cognitive issues were chronicled in the film ""Concussion”.

Dr Scales said: ""While heading the ball could be a contributing factor, it’s still possible that other aspects of players’ lives, on or off the pitch, may be a factor too.

""And while nearly half of global dementia cases may be linked to factors we can control, it’s important to remember that there are some risk factors for dementia, like age and genetics, that we can’t change.

“Strategies to reduce head impact and head injuries in certain sports are necessary to help prevent brain damage and reduce dementia risk for players.

""Limiting heading balls or high impact collisions are just a couple of examples of ways that could be used to protect players from head injuries.

""Dean's experience underscores the need for strong guidelines from policymakers and sporting bodies, many of whom are aware of this issue and some have already begun implementing policies that are making protection from head injury a priority.

“At Alzheimer's Research UK, we are determined to change the ending for everyone affected by dementia by finding a cure and the awful news about Dean highlights that we don’t have a moment to waste.”

4 Former football players have been found to be more likely to be diagnosed with dementia than the general population Credit: GETTY

The evidence so far

A study in 2023 found ex-footballers are three and a half times more likely to be diagnosed with dementia than the general population.

The study was commissioned by the Football Association and Professional Footballers’ Association, with more than 460 ex-pros taking part.

It found 2.8 per cent were diagnosed with dementia or other neurodegenerative diseases compared with 0.9 per cent of the general population - which was a 3.46 times higher rate.

Studies have shown repeated head injuries can lead to the build-up of proteins in the brain called tau, which disrupts normal function and leads to dementia symptoms.

But a study published this week suggested this could be because blows to the head trigger previously dormant viruses to become active, triggering inflammation and the formation of tau.

Concussion in sport: What action should you take? Concussion is a common occurrence in sports like rugby and football. Concussion is a traumatic brain injury caused by a direct blow to the head, neck or body resulting in an impulsive force being transmitted to the brain. It results in a disturbance of brain function. Concussion can present with a wide range of signs and symptoms. The NHS says a person with concussion may: Lose consciousness

Be confused

Have a blank expression

Take an unusually long amount of time to answer questions

Struggle to balance

Show inappropriate emotional responses, like laughing or crying without explanation

Act out of character, like being unusually irritable

Struggle to remember events before or after the injury

Have a headache

Feel dizzy, nauseous (sick), stunned or dazed

Have problems with their sight, like “seeing stars” or having blurry vision There are guidelines for what you should do for a suspected concussion. The Football Association says: Anyone with a suspected concussion must be immediately removed from play in a safe manner Once safely removed from play they must not return to activity that day. If a neck injury is suspected, suitable guidelines regarding the management of this type of injury at pitch side should also be followed (see useful links for pitch side injury management training). If ANY of the following are reported then the player should be transported for urgent medical assessment at the nearest hospital emergency department: Severe neck pain

Deteriorating consciousness (more drowsy)

Increasing confusion or irritability

Severe or increasing headache

Repeated vomiting

Unusual behaviour change

Seizure (fit)

Double vision

Weakness or tingling

Burning in arms or legs In all cases of suspected concussion, it is recommended that the player is referred to a medical or healthcare professional for diagnosis and advice, even if the symptoms resolve

Reducing your risk of early-onset dementia

While there is no known way to prevent early-onset dementia, you can reduce your risk by making healthy lifestyle choices.

Be active - Try to get at least 150 minutes of moderate-intensity physical activity each week. This can include aerobic exercise, strength training, or daily activities like cleaning or gardening.

Keep mentally active - Keep your mind active by reading, playing games, learning new skills, or volunteering.

Stay socially connected - Stay connected with friends and family to prevent social isolation.

Eat a healthy diet - Eat a Mediterranean-style diet that's high in fruits, vegetables, whole grains, and healthy fats.

Sleep well - Get enough high-quality sleep each night.

Manage chronic health conditions - Treat high blood pressure, high cholesterol, diabetes, and other health issues.

Quit smoking - Smoking can damage blood vessels in the brain and increase your risk of dementia.

Treat hearing loss - Hearing loss can make it harder to interact with others and may increase your risk of dementia.",,The Sun,0,yes,https://www.thesun.co.uk/health/32732192/signs-early-onset-dementia-dan-windass-diagnosis/,2025-01-10 16:21:26+00:00,,9,1,Date: 15 Jan,1923,Early diagnosis,"The signs of early-onset dementia and ‘worrying’ footie link after Former Prem star Dean Windass’ diagn... - The Sun FORMER Premier League star Dean Windass has been diagnosed with dementia at the age of 55 - a condition known as early-onset dementia. With an increasing number of studies linking repeated head injuries from heading the ball to increased risk of dementia, players say more needs to be done to support those with the neurodegenerative disease. 4 Dean Windass has early-onset dementia - which is dementia that develops in people under the age of 65 Credit: Getty 4 Former Manchester United defender David May first shared news of Windass' diagnosis on BBC Breakfast Credit: PA 4 Former Manchester United defender David May first shared news of Windass' diagnosis on BBC Breakfast - with his permission - as he discussed growing concerns around dementia and football. He said: ""I only spoke to Dean Windass yesterday, ex-professional footballer. I asked Deano how he is. He's been diagnosed with Stage 2 dementia. ""He's the same age as me and he's worried sick of how it's going to be in the future for him."" Speaking about his own dementia fears, May added: ""Over my career, I probably headed the football about 20,000 times in total. ""It's only coming to light now. ""I'd like to know where I'll be in ten years' time, will I have the care from the governing bodies, PFA, for funding that these families are not currently getting? ""It's worrying. I'm worried, of course I am. ""I've got a family to look after and I don't want my children looking after me day in day out. ""Care does cost a lot of money. Is there enough to care for future generations? ""One in three [footballers have the] possibility of getting dementia. The 14 science-backed ways to prevent dementia ""The message needs to get out there."" Dr Sheona Scales, Director of Research at Alzheimer’s Research UK, said there's still more research needed to fully understand the link between football and demen"
Dad's 'horrendous' diagnosis after feeling he had 'peanut in throat' - Gloucestershire Live,"Our community members are treated to special offers, promotions and adverts from us and our partners. You can check out at any time. More info

A father who beat cancer twice in just over a year has praised a new non-invasive ultrasound treatment which most recently saved his life as a “miracle” after the “hell” of chemotherapy. Dad of four Stuart Emerson, 60, a financial adviser and later life specialist, was diagnosed with tonsil cancer in August 2022 after experiencing soreness which felt like there was a “peanut stuck in (his) throat”.

He said he underwent “horrendous” chemotherapy and radiotherapy, which left him looking like a “skeleton”, but was declared cancer-free in 2023 and went on holiday to Cyprus with his wife Saskia, 55, who works in property sales. In November 2023, however, he was diagnosed with prostate cancer and faced the prospect of having a prostatectomy, surgery to remove the prostate, which can result in urinary incontinence and erectile dysfunction.

To avoid this, Stuart, who lives near Gloucester, Gloucestershire, said he started researching alternative cancer treatments and came across the new high-intensity focused ultrasound (HIFU) unit at the Royal United Hospitals Bath NHS Foundation Trust (RUH), which opened in December 2023. There are only four full-time NHS HIFU units throughout the UK and Stuart received his HIFU treatment at RUH Bath in September 2024, which “blasted and removed about 60% of (his) prostate” without the invasive side effects of surgery or chemotherapy.

Stuart has defied the odds, overcoming two cancer diagnoses in 15 months, and is now championing early detection and HIFU, hoping to spare others from invasive and debilitating cancer treatments and long recovery periods. “I just want to have 2025 without cancer, without doctors,” Stuart said.

“I’m at a stage in my life with my four children, they’re now getting married, they’re buying houses, two of the four are talking about having children, and I don’t want to miss that. I want to be part of our children’s lives and their children’s lives… and I think when you’re in your 50s and 60s, that’s too young to die – there’s so much to live for.”

He added: “HIFU isn’t suitable for everyone, but I was excited about it, the technology and the medical advances are amazing. I was just relieved that we didn’t have to use knives and there were no side effects for me. It’s cutting-edge and I guess I’d say it’s a miracle treatment, it was fate.”

Stuart said he is a “nutter for outdoor activity” – he loves walking, running and hiking and describes it as “medicine”. When he started experiencing a sore throat in the summer of 2022, he said he “thought nothing of it” but booked a GP appointment and was prescribed tablets.

His symptoms, which felt like “a crisp or peanut stuck in (his) throat”, persisted over the following two weeks, so Stuart was referred to hospital to have his tonsils removed. Further testing then revealed Stuart had tonsil cancer in August 2022, caused by a type of human papillomavirus (HPV), the name of a common group of viruses.

His treatment involved two rounds of chemotherapy, starting in September 2022, followed by six weeks of radiotherapy. Stuart said his wife and children, Zac, 24, Ellie, 24, Max, 27 and Lloyd, 31, were incredibly supportive and helped with his “100 appointments” to Cheltenham General Hospital, but he described the treatment as “horrendous”.

“I lost loads of weight, I wasn’t eating properly, I felt sick, I had ulcers in my mouth – it was hell,” Stuart said. “There’s a photo of me ringing the bell at the end and I look like a skeleton.”

Stuart completed his treatment in November 2022 and was declared cancer-free in early 2023. After recovering, he and his wife Saskia went on holiday to Cyprus in June of that year and Stuart ran 100k in October to raise awareness and funds for the charity Breast Cancer Now.

Prior to his tonsil cancer diagnosis, Stuart had been “in the system” due to his earlier PSA tests, which measure the amount of prostate-specific antigen (PSA) in the blood. After three biopsies, he was then told that he had prostate cancer in November 2023.

“The second time around, I was shocked because I’d convinced myself that there was nothing wrong because PSA levels go up anyway as you get older,” he said. “It hit me harder than the tonsil cancer because I didn’t get the words, ‘We’re going for cure’.

“My options were to just keep an eye on it and hope that it doesn’t get any worse or have a full removal, but you probably won’t have a sex life and you’ll probably have incontinence issues. I was thinking, ‘Oh my God, what do I do?'”

(Image: PA Real Life)

Fearing that he “might not be around” to see his children get married, Stuart said he went into “massive fight mode”. He discovered the new HIFU unit at RUH Bath and managed to secure a referral there with the help of medical professionals.

The equipment, funded by Prost8 and the UK Focused Ultrasound Foundation, integrates advanced image-guided capabilities and ultrasound energy to precisely target the prostate without any incisions or radiation, therefore sparing nearby healthy structures. Stuart said he was informed by RUH Consultant Urologist Miss Lucy Simmons that he was the “perfect” candidate for HIFU, as the cancer had not spread, and he underwent the “amazing” treatment in September 2024.

Throughout the UK, there are only four full-time NHS HIFU units, although there will hopefully be two more by the second quarter of 2025, and about 10 HIFU units in the private sector. By December 2024, Stuart was told his PSA levels had dropped by more than 70% and they were “normal”and on the night he received this news, he said he “got rather drunk”.

“Basically, they zapped the prostate so that I’ve only got 40% left, but they’ve done it without cutting me,” Stuart said. “The after effects of HIFU were nothing like the treatment before, and I would say my life got back to normal probably six months before I thought it would.”

Stuart is now working alongside Prost8 to champion for the expansion of HIFU units across the UK, reducing the need for invasive treatments which often result in life-altering side effects, such as incontinence and erectile dysfunction. He has signed up for the 53k (33 miles) ultramarathon challenge on June 21 2025, from Cirencester to Wotton-under-Edge, to raise funds for Prost8 and he hopes his story helps raise awareness and save lives.

Speaking about his advice, he said: “Men need to wise up and get checked. I think men are a problem when it comes to dealing with this sort of thing, but if you can’t do it for yourself, do it for the people who love you.”

To donate to Stuart’s JustGiving page visit justgiving.com/page/stuart-emerson-6.",,Gloucestershire Live,0,yes,https://www.gloucestershirelive.co.uk/news/gloucester-news/dads-horrendous-diagnosis-after-feeling-9860508?int_source=nba,2025-01-14 07:06:00+00:00,,9,1,Date: 15 Jan,1924,Early diagnosis,"Dad's 'horrendous' diagnosis after feeling he had 'peanut in throat' - Gloucestershire Live Our community members are treated to special offers, promotions and adverts from us and our partners. You can check out at any time. More info A father who beat cancer twice in just over a year has praised a new non-invasive ultrasound treatment which most recently saved his life as a “miracle” after the “hell” of chemotherapy. Dad of four Stuart Emerson, 60, a financial adviser and later life specialist, was diagnosed with tonsil cancer in August 2022 after experiencing soreness which felt like there was a “peanut stuck in (his) throat”. He said he underwent “horrendous” chemotherapy and radiotherapy, which left him looking like a “skeleton”, but was declared cancer-free in 2023 and went on holiday to Cyprus with his wife Saskia, 55, who works in property sales. In November 2023, however, he was diagnosed with prostate cancer and faced the prospect of having a prostatectomy, surgery to remove the prostate, which can result in urinary incontinence and erectile dysfunction. To avoid this, Stuart, who lives near Gloucester, Gloucestershire, said he started researching alternative cancer treatments and came across the new high-intensity focused ultrasound (HIFU) unit at the Royal United Hospitals Bath NHS Foundation Trust (RUH), which opened in December 2023. There are only four full-time NHS HIFU units throughout the UK and Stuart received his HIFU treatment at RUH Bath in September 2024, which “blasted and removed about 60% of (his) prostate” without the invasive side effects of surgery or chemotherapy. Stuart has defied the odds, overcoming two cancer diagnoses in 15 months, and is now championing early detection and HIFU, hoping to spare others from invasive and debilitating cancer treatments and long recovery periods. “I just want to have 2025 without cancer, without doctors,” Stuart said. “I’m at a stage in my life with my four children, they’re now getting married, t"
Six early dementia signs to know after 55-year-old ex-Premier League player reveals diagnosis - Daily Record,"Our community members are treated to special offers, promotions and adverts from us and our partners. You can check out at any time. More info

Brits are being urged to know the signs of dementia after a former Premier League footballer revealed last week that he had been diagnosed with a stage two form of the disease.

Retired footballer Dean Windass, who enjoyed a two-decade-long career playing for clubs including Hull City, Middlesbrough and Aberdeen, scored his last Premier League goal at age 39. He announced his retirement in October 2009, and was diagnosed with dementia last year.

The 55-year-old former striker explained that he forgets small things like names and things his partner has told him, reports Surrey Live. After turning to John Stiles (the son of England 1966 World Cup hero Nobby Stiles), he went to get the medical scans that confirmed the condition. Stiles died at age 78 in 2020, after living with dementia himself for a number of years.

(Image: Getty)

Windass’ diagnosis was first revealed (with his consent) by former Manchester United defender David May on BBC Breakfast last week. He said: “I spoke to Deano [Windass] and he’s worried sick about how it is going to be in the future for him."" While Windass has struggled to come to terms with the news, he hopes to raise dementia awareness by speaking publicly about his diagnosis.

The NHS website explains that dementia is known as the collection of symptoms that result from damage to the brain, which are caused by different diseases such as Alzheimer’s. There are six common early symptoms that may appear some time before a dementia diagnosis:

Memory loss

Difficulty concentrating

Getting confused over mundane tasks, like finding the correct change when shopping

Struggling to find the right word or having difficulty following a conversation

Being confused about time and place

Mood changes

(Image: Getty)

These symptoms often start out as mild and get worse gradually over time. If you're experiencing these symptoms, it's important to speak to your GP as soon as possible.

Father of two, Windass scored 234 goals at club level. He has no doubt over what has caused his dementia, telling The Daily Mail : “I’ve been heading footballs for a job. Not in the games but in training. Crossing and finishing drills. They asked me how many times I’d headed the ball in 20 years. Bloody hell! Thousands and thousands of times.""

(Image: Getty)

Following his CT scan, Windass received the diagnosis over a Zoom call. He said: “The conversation I had was that there was nothing to worry about at this stage but the scan has come back as mild grade two dementia. Immediately, I was like ‘oh f***, what does that mean?’

“I don’t know how it will affect my life in the years to come. I do forget names. I don’t know what’s around the corner. I live day to day.""

Windass also told the Mirror that he chose to speak out about his diagnosis in order to help others. He said: “My phone has gone mad because everyone thinks I'm dying. I’m not dying. I’m all right.

""My son text to ask if I was okay. I don’t know what’s going to happen in five years or tomorrow. I just get on with it.""

Join the Daily Record WhatsApp community! Get the latest news sent straight to your messages by joining our WhatsApp community today. You'll receive daily updates on breaking news as well as the top headlines across Scotland. No one will be able to see who is signed up and no one can send messages except the Daily Record team. All you have to do is click here if you're on mobile, select 'Join Community' and you're in! If you're on a desktop, simply scan the QR code above with your phone and click 'Join Community'. We also treat our community members to special offers, promotions, and adverts from us and our partners. If you don’t like our community, you can check out any time you like. To leave our community click on the name at the top of your screen and choose 'exit group'. If you’re curious, you can read our Privacy Notice.

Don't miss the latest news from around Scotland and beyond - Sign up to our daily newsletter here.",,Daily Record,0,yes,https://www.dailyrecord.co.uk/lifestyle/six-early-dementia-signs-know-34468160,2025-01-13 10:52:00+00:00,,9,1,Date: 15 Jan,1926,Early diagnosis,"Six early dementia signs to know after 55-year-old ex-Premier League player reveals diagnosis - Daily Record Our community members are treated to special offers, promotions and adverts from us and our partners. You can check out at any time. More info Brits are being urged to know the signs of dementia after a former Premier League footballer revealed last week that he had been diagnosed with a stage two form of the disease. Retired footballer Dean Windass, who enjoyed a two-decade-long career playing for clubs including Hull City, Middlesbrough and Aberdeen, scored his last Premier League goal at age 39. He announced his retirement in October 2009, and was diagnosed with dementia last year. The 55-year-old former striker explained that he forgets small things like names and things his partner has told him, reports Surrey Live. After turning to John Stiles (the son of England 1966 World Cup hero Nobby Stiles), he went to get the medical scans that confirmed the condition. Stiles died at age 78 in 2020, after living with dementia himself for a number of years. (Image: Getty) Windass’ diagnosis was first revealed (with his consent) by former Manchester United defender David May on BBC Breakfast last week. He said: “I spoke to Deano [Windass] and he’s worried sick about how it is going to be in the future for him."" While Windass has struggled to come to terms with the news, he hopes to raise dementia awareness by speaking publicly about his diagnosis. The NHS website explains that dementia is known as the collection of symptoms that result from damage to the brain, which are caused by different diseases such as Alzheimer’s. There are six common early symptoms that may appear some time before a dementia diagnosis: Memory loss Difficulty concentrating Getting confused over mundane tasks, like finding the correct change when shopping Struggling to find the right word or having difficulty following a conversation Being confused about time and place Mood changes"
Six dementia early warning signs as 55-year-old ex-Premier League player diagnosed - Surrey Live,"Former Premier League footballer Dean Windass revealed this week that he has been diagnosed with Stage Two dementia.

Windass, who enjoyed a 20-year career for clubs such as Hull City, Middlesbrough and Aberdeen, scored his last Premier League goal aged 39. He announced his retirement in October 2009 - just 15 years before being diagnosed with dementia 12 months ago.

The former striker, now 55, has explained that he forgets names and things his partner tells him, and it was after he turned to John Stiles - the son of England 1966 World Cup hero Nobby Stiles - that he went to get his scans. Stiles died in 2020, aged 78, after living with dementia for a number of years, while his son has continued to fight for change in football.

Windass’ diagnosis was first relayed with his permission by former Manchester United defender David May on BBC Breakfast this week, who said: “I spoke to Deano [Windass] and he’s worried sick about how it is going to be in the future for him."" While he has struggled to process the information, he hopes that speaking publicly about his situation will help raise awareness.

According to the NHS website, dementia refers to the collection of symptoms that result from damage to the brain, caused by different diseases such as Alzheimer’s. There are six common early symptoms that may appear some time before a dementia diagnosis. They are:

Memory loss

Difficulty concentrating

Finding it hard to carry out familiar daily tasks, such as getting confused over the correct change when shopping

Struggling to follow a conversation or find the right word

Being confused about time and place

Mood changes

The above symptoms are often mild to begin with and very gradually get worse. Dementia is not a natural part of ageing and speaking to a GP as soon as possible is important if worried about memory problems.

Dad of two Windass, who scored 234 goals at club level, has no doubt over the cause of his dementia, telling The Daily Mail: “I’ve been heading footballs for a job. Not in the games but in training. Crossing and finishing drills. They asked me how many times I’d headed the ball in 20 years. Bloody hell! Thousands and thousands of times.""

(Image: Getty Images)

After having his CT scan, Windass received the results on a Zoom call. He explained: “The conversation I had was that there was nothing to worry about at this stage but the scan has come back as mild grade two dementia. Immediately, I was like ‘oh f***, what does that mean?’

“I don’t know how it will affect my life in the years to come. I do forget names. I don’t know what’s around the corner. I live day to day.""

Windass also told the Mirror that he chose to speak out about his diagnosis in order to help others. He said: “My phone has gone mad because everyone thinks I'm dying. I’m not dying. I’m all right.

""My son text to ask if I was okay. I don’t know what’s going to happen in five years or tomorrow. I just get on with it.""",,Surrey Live,0,yes,https://www.getsurrey.co.uk/news/health/dean-windass-dementia-symptoms-football-30758413,2025-01-11 11:29:00+00:00,,9,1,Date: 15 Jan,1927,Early diagnosis,"Six dementia early warning signs as 55-year-old ex-Premier League player diagnosed - Surrey Live Former Premier League footballer Dean Windass revealed this week that he has been diagnosed with Stage Two dementia. Windass, who enjoyed a 20-year career for clubs such as Hull City, Middlesbrough and Aberdeen, scored his last Premier League goal aged 39. He announced his retirement in October 2009 - just 15 years before being diagnosed with dementia 12 months ago. The former striker, now 55, has explained that he forgets names and things his partner tells him, and it was after he turned to John Stiles - the son of England 1966 World Cup hero Nobby Stiles - that he went to get his scans. Stiles died in 2020, aged 78, after living with dementia for a number of years, while his son has continued to fight for change in football. Windass’ diagnosis was first relayed with his permission by former Manchester United defender David May on BBC Breakfast this week, who said: “I spoke to Deano [Windass] and he’s worried sick about how it is going to be in the future for him."" While he has struggled to process the information, he hopes that speaking publicly about his situation will help raise awareness. According to the NHS website, dementia refers to the collection of symptoms that result from damage to the brain, caused by different diseases such as Alzheimer’s. There are six common early symptoms that may appear some time before a dementia diagnosis. They are: Memory loss Difficulty concentrating Finding it hard to carry out familiar daily tasks, such as getting confused over the correct change when shopping Struggling to follow a conversation or find the right word Being confused about time and place Mood changes The above symptoms are often mild to begin with and very gradually get worse. Dementia is not a natural part of ageing and speaking to a GP as soon as possible is important if worried about memory problems. Dad of two Windass, who scored 234 goals at club "
"Common dementia early warning signs as ex-Premier League star, 55, receives diagnosis - Bristol Live","Our community members are treated to special offers, promotions and adverts from us and our partners. You can check out at any time. More info

Former Premier League star Dean Windass revealed this week that he has been diagnosed with Stage Two dementia.

Windass, whose 20-year career included spells with Hull City, Middlesbrough and Aberdeen, scored his last top-flight goal at the age of 39. The striker hung up his boots in October 2009 - just 15 years before he received his diagnosis 12 months ago.

Now 55, the Hull City legend has noticed lapses in memory, sometimes forgetting names and conversations he’s had with his partner. It was after seeking advice from John Stiles - son of England's 1966 World Cup hero Nobby Stiles - that he decided to undergo scans. Since the death of Nobby, who battled dementia for several years, in 2020, John has actively campaigned for changes within football.

Windass' diagnosis was first shared with his consent by former Manchester United defender David May on BBC Breakfast this week, who said: ""I spoke to Deano [Windass] and he's worried sick about how it is going to be in the future for him."" Despite finding his reality difficult to process, Windass aims to use his voice to highlight the issue.

According to NHS guidelines, dementia encompasses the various symptoms stemming from brain damage, caused by different diseases including Alzheimer's. There are six common early signs that might surface in advance of a dementia diagnosis. They are:

Memory loss

Difficulty concentrating

Finding it hard to carry out familiar daily tasks, such as getting confused over the correct change when shopping

Struggling to follow a conversation or find the right word

Being confused about time and place

Mood changes

These symptoms described are usually subtle at first and worsen very gradually. It's crucial to note that dementia is not a natural part of growing older, and contacting a GP immediately if there are concerns about memory issues is vital.

Father of two Windass, who notched 234 goals during his career, has no doubt over the cause of his dementia, telling The Daily Mail: ""I've been heading footballs for a job. Not in the games but in training. Crossing and finishing drills. They asked me how many times I'd headed the ball in 20 years. Bloody hell! Thousands and thousands of times.""

(Image: Getty Images)

Following his CT scan, Windass was told his results on a Zoom call. He recalled: ""The conversation I had was that there was nothing to worry about at this stage but the scan has come back as mild grade two dementia. Immediately, I was like 'oh f***, what does that mean?'

""I don't know how it will affect my life in the years to come. I do forget names. I don't know what's around the corner. I live day to day.""

Windass also told The Mirror that he decided to speak out about his diagnosis in order to aid others. He said: ""My phone has gone mad because everyone thinks I'm dying. I'm not dying. I'm all right.

""My son text to ask if I was okay. I don't know what's going to happen in five years or tomorrow. I just get on with it.""",,Bristol Live,0,yes,https://www.bristolpost.co.uk/sport/football/dean-windass-dementia-symptoms-football-9855148,2025-01-11 13:32:00+00:00,,9,1,Date: 15 Jan,1932,Early diagnosis,"Common dementia early warning signs as ex-Premier League star, 55, receives diagnosis - Bristol Live Our community members are treated to special offers, promotions and adverts from us and our partners. You can check out at any time. More info Former Premier League star Dean Windass revealed this week that he has been diagnosed with Stage Two dementia. Windass, whose 20-year career included spells with Hull City, Middlesbrough and Aberdeen, scored his last top-flight goal at the age of 39. The striker hung up his boots in October 2009 - just 15 years before he received his diagnosis 12 months ago. Now 55, the Hull City legend has noticed lapses in memory, sometimes forgetting names and conversations he’s had with his partner. It was after seeking advice from John Stiles - son of England's 1966 World Cup hero Nobby Stiles - that he decided to undergo scans. Since the death of Nobby, who battled dementia for several years, in 2020, John has actively campaigned for changes within football. Windass' diagnosis was first shared with his consent by former Manchester United defender David May on BBC Breakfast this week, who said: ""I spoke to Deano [Windass] and he's worried sick about how it is going to be in the future for him."" Despite finding his reality difficult to process, Windass aims to use his voice to highlight the issue. According to NHS guidelines, dementia encompasses the various symptoms stemming from brain damage, caused by different diseases including Alzheimer's. There are six common early signs that might surface in advance of a dementia diagnosis. They are: Memory loss Difficulty concentrating Finding it hard to carry out familiar daily tasks, such as getting confused over the correct change when shopping Struggling to follow a conversation or find the right word Being confused about time and place Mood changes These symptoms described are usually subtle at first and worsen very gradually. It's crucial to note that dementia is not a natural pa"
NHS home bowel-cancer tests to be extended to over-50s in England - BBC,"All 50-74-year-olds in England will now receive a home-testing kit for bowel cancer every two years.

NHS England has been posting the faecal-immunochemical test (Fit) to all 54-74-year-olds since 2021 and anyone older can request one over the phone.

But after trials of local screening programmes for 50-year-olds, the age is now being lowered, bringing it in line with Scotland and Wales.

And more than 850,000 extra people in England will now be able to return a stool sample to be checked for blood.",,BBC,1,yes,https://www.bbc.co.uk/news/articles/c04nllr0znpo,2025-01-14 09:23:07+00:00,,10,1,Date: 15 Jan,1933,Cancer screening,"NHS home bowel-cancer tests to be extended to over-50s in England - BBC All 50-74-year-olds in England will now receive a home-testing kit for bowel cancer every two years. NHS England has been posting the faecal-immunochemical test (Fit) to all 54-74-year-olds since 2021 and anyone older can request one over the phone. But after trials of local screening programmes for 50-year-olds, the age is now being lowered, bringing it in line with Scotland and Wales. And more than 850,000 extra people in England will now be able to return a stool sample to be checked for blood."
The 5 subtle warning signs of early-onset dementia as Eastenders' Nigel receives heartbreaking diagnosis - The Sun,"AS there's currently no cure for dementia, experts recommend focusing on ways to reduce your risk of developing the disease.

Some of these include:

1. AVOID BINGEING BOXSETS

There is nothing better to do on a slow weekend than binge episodes of your favourite show — but don’t do it for too long

A 2018 study from biomedical database UK Biobank found people who watched more than four hours at a time were 24 per cent more likely to develop dementia, due to it being a “passive activity”.

Instead, they recommended spending an hour surfing the web, due to it being a “higher cognitive task”.

2. DO CROSSWORDS (WITH YOUR OTHER HAND)

Wordy activities like doing a crossword can help reduce your chance of dementia by up to nine per cent.

A team from Monash University, in Australia, said the words-based pastime, puzzles and card games help by “stimulating the growth of neurons and synapses”.

It may seem odd, but trying to do writing tasks, like crosswords, with your non-dominant hand could help too.

Neuroscientist Dr Rahul Jandial previously told the Sun it helps by “building brain connections”, which keeps you sharp.

3. BE A SOCIAL BUTTERFLY

In case you need an excuse to meet up with friends or family members, it turns out that staying social can support brain health.

Research from University College London found meeting new people, and increasing time spent socialising can help delay the onset of the condition, reducing risk by between 30 and 50 per cent.

Meanwhile, separate studies have found loneliness, depression, and isolation - all linked to not socialising enough - increase the chances of dementia.

4. GO MEDITERRANEAN

High salt consumption has been linked to both heart disease and dementia.

Up to 75 per cent of the salt we consume ­is found in processed food and items eaten away from the home.

The Alzheimer’s Society recommends sticking to a Mediterranean diet, which could reduce dementia risk by 23 per cent.

It consists of a high consumption of fruit, vegetables and whole grains, a moderate intake of oily fish and dairy, and a low intake of meat, sugar and saturated fats.

5. LOSE WEIGHT

Shedding the pounds can also help reduce your chances of the debilitating disease.

A UK study, published in 2020 found that being overweight between the ages of 35 and 65 has been found to increase the risk of dementia by up to 30 per cent.

If you are considered overweight or obese, losing between five and ten per cent of your excess weight can reduce your risk.

Find out if you are overweight by taking the NHS test.

Visit the NHS website for weight loss plans or talk to your GP for advice.

6. TAKE 2P VITAMIN

Multivitamins that cost as little as 2p could stave off Alzheimer's, a study shows.

Experts at Mass General Brigham in the US found people who take the tablets every day have slower brain ageing and less memory loss.

They said the improvement was similar to being two years younger.

7. HAVE MORE SEX

Getting it on in the bedroom can help protect against dementia by increasing blood flow to the brain, research shows.

The quality of sex and climax was most closely linked to mental sharpness in 62- to 74-year-olds, experts found.

Over-75s, on the other hand, benefited most from romps at least once a week.

Prof Shannon Shen, of Hope College, Michigan, said: “Sex is physical exercise and exercise is linked to better cognitive performance by increasing the blood flow in the brain.""

8. DRINK MORE COFFEE

There is arguably nothing better than a cup of old Joe first thing in the morning to help you get up and out.

And now, we have even more reason to grab a mug of the good stuff.

Scientists have found that coffee could help prevent a cause of Alzheimer’s building up.

Espresso may stop proteins that are linked to the disease from tangling in the brain, the study published in the Journal of Agricultural and Food Chemistry found.

The drink rendered the protein clumps non-toxic to brain cells, making them less likely to lead to dementia, they said.

9. DANCE

Having a boogie has also been shown to be an effective way of protecting yourself against the memory loss condition.

Not only does it offer a fun way of exercising, but remembering steps and the social element also help stimulate the brain.

One study, published in the Journal of Aging and Physical Activity, found older adults who did six months of ballroom dancing saw better outcomes than those walking on treadmills.

Dr Helena Blumen, of the Albert Einstein College of Medicine, said: “Social dancing generated greater improvements on cognitive tests than treadmill walking.”

10. USE VIAGRA

Men who take Viagra may have up to a 54 per cent lower risk of Alzheimer’s disease, a study suggests.

Scientists from University College London found men who pop sex-boosting drugs like Viagra and Cialis were 18 per cent less likely to develop the brain-eating disease compared with those who went without the drugs.

The pills work by widening blood vessels to improve blood flow to the penis – and could also boost circulation to the brain.

This is not to say people should start taking Viagra to prevent dementia.

You should speak to your doctor before taking Viagra to make sure it's safe for you.

Viagra can cause adverse reactions in people with certain health conditions or who take certain medicines.

11. WALK

Something as simple as getting out and walking more could cut your risk of developing dementia.

According to Claire Steves, a professor of ageing and health at King's College London, going for a stroll just a handful of times a week can make a big difference.

Speaking to Jonathan Wolf on an episode of the ZOE podcast, Prof Steves said exercising was ""key"" to improving your cognitive health.

""I tell all my patients to make sure they're physically active at least three times a week, and they're going out every day,"" she said.

""To improve your cognitive health, you need to do more exercise than you're doing now.""

Unless, of course, ""you're an Olympic athlete"", she added.

12. LOOK AFTER YOUR TEETH

Looking after your pearly whites is always important - especially now that oral and brain health have been closely linked.

A new Taiwanese study found that those with chronic gum disease for more than a decade were 1.7 times more likely to be at risk of developing Alzheimer’s disease.

Gum disease is caused by a buildup of plaque on the teeth and gums.

You can remove this plaque by brushing and flossing your teeth regularly.

Scientists have even found evidence of plaque lodged in the brains of people who died with Alzheimer’s.

Experts believe the toxins could travel from the blood to the brain, where they cause long-term damage over time.

13. PROTECT YOUR SENSES

It's natural for our senses, such as vision hearing and smell to decline as we age.

But now, experts have linked a decline to an increased risk of dementia.

Research published in 2023 found that dual impairment in hearing and vision was associated with a higher risk of dementia.

Be sure to stay on top of checkups, wear sunglasses when you’re out in the sunshine and take regular breaks from headphones.

Some research has found that smell training in older adults can help; try smelling various different scents every day for several weeks.

These can include cloves, lemon and cinnamon.

14. GET LOTS OF SLEEP

Sleep is vital for overall good health.

It’s not just the hours you get - to really show your brain some love and keep it sharp, you need to be getting good quality sleep for at least seven hours.

A lack of sleep can cut your ability to learn new things and take on new information by 40 per cent according to US research.

Other studies have found that even one night of sleep deprivation can increase the amount of beta-amyloid in the brain, which is associated with Alzheimer’s disease.",,The Sun,0,yes,https://www.thesun.co.uk/health/32697936/signs-early-onset-dementia-eastenders-nigel-diagnosis/,2025-01-09 13:16:15+00:00,,10,1,Date: 15 Jan,1949,Early diagnosis,"The 5 subtle warning signs of early-onset dementia as Eastenders' Nigel receives heartbreaking diagnosis - The Sun AS there's currently no cure for dementia, experts recommend focusing on ways to reduce your risk of developing the disease. Some of these include: 1. AVOID BINGEING BOXSETS There is nothing better to do on a slow weekend than binge episodes of your favourite show — but don’t do it for too long A 2018 study from biomedical database UK Biobank found people who watched more than four hours at a time were 24 per cent more likely to develop dementia, due to it being a “passive activity”. Instead, they recommended spending an hour surfing the web, due to it being a “higher cognitive task”. 2. DO CROSSWORDS (WITH YOUR OTHER HAND) Wordy activities like doing a crossword can help reduce your chance of dementia by up to nine per cent. A team from Monash University, in Australia, said the words-based pastime, puzzles and card games help by “stimulating the growth of neurons and synapses”. It may seem odd, but trying to do writing tasks, like crosswords, with your non-dominant hand could help too. Neuroscientist Dr Rahul Jandial previously told the Sun it helps by “building brain connections”, which keeps you sharp. 3. BE A SOCIAL BUTTERFLY In case you need an excuse to meet up with friends or family members, it turns out that staying social can support brain health. Research from University College London found meeting new people, and increasing time spent socialising can help delay the onset of the condition, reducing risk by between 30 and 50 per cent. Meanwhile, separate studies have found loneliness, depression, and isolation - all linked to not socialising enough - increase the chances of dementia. 4. GO MEDITERRANEAN High salt consumption has been linked to both heart disease and dementia. Up to 75 per cent of the salt we consume ­is found in processed food and items eaten away from the home. The Alzheimer’s Society recommends sticking to "
Innovative HIV Testing Expanded in Liverpool - Liverpool Express,"HIV testing is set to increase across Liverpool’s hospitals, with “Opt-Out” testing for HIV, Hepatitis B, and Hepatitis C.

This approach is being introduced in Accident and Emergency (A&E) departments at Aintree University Hospital and the Royal Liverpool University Hospital.

This innovative approach will ensure that all patients undergoing routine blood tests in A&E are screened for blood-borne viruses unless they choose to opt out.

This expansion aims to increase testing rates, identify undiagnosed cases, and address health inequalities by reaching individuals who may not realise they are at risk.

Opt-out testing will help identify those living with undiagnosed HIV, Hepatitis B, or Hepatitis C in Liverpool, supporting early diagnosis and access to life-saving treatment.

While there is no cure for HIV, early diagnosis combined with highly effective treatment allows individuals to live a normal life span. Furthermore, effective HIV treatment ensures that people cannot pass the virus to others, a concept known as U=U (Undetectable = Untransmittable).

Resources allocated through this initiative will also support vital counselling and peer support services to guide newly diagnosed individuals into appropriate care and treatment pathways.

This innovative approach normalises testing for blood-borne viruses as part of routine health care and offers an opportunity to re-engage individuals who have previously been diagnosed but are not currently in care. By including all patients, opt-out testing helps reduce inequities in access and addresses barriers for those who may not perceive themselves to be at risk.

Liverpool will be among the first cities in the UK to implement this testing in A&E, following successful pilots in London, Brighton, Birmingham, and Manchester. These pilots identified nearly 1,000 cases of HIV and over 3,000 cases of Hepatitis B and C in just 18 months.

This initiative builds on Liverpool’s track record of innovation in sexual health care. Advances in STI testing and treatment have enabled many patients in the city to receive their results and start treatment within hours. Additionally, online testing services and rapid laboratory results have expanded access to care.

Liverpool continues to make significant progress towards achieving zero new HIV transmissions by 2030. As a ‘Fast Track City,’ part of a global network committed to ending HIV and AIDS, Liverpool has reduced the number of undiagnosed cases from 115 four years ago to an estimated 45–50 today. The expansion of opt-out testing will further support efforts to locate and support those individuals.

Councillor Harry Doyle, Cabinet Member for Culture, Health, and Wellbeing, said:

“Access to testing is crucial, providing a vital opportunity for people to know their status and stay healthy. This initiative ensures those who might not see themselves as at risk can still benefit from testing and, if necessary, receive support. Alongside this, sexual health services and online testing options remain available to everyone.”

Professor Matthew Ashton, Director of Public Health at Liverpool City Council, said:

“Liverpool has a proud history of delivering bold public health interventions, and we are once again at the forefront of innovation with this initiative. Opt-out blood-borne viruses testing in A&E departments will help reduce inequalities and ensure more people know their status, receive the support they need, and stay healthy. Unique approaches like this are essential if we are to achieve zero new HIV transmissions by 2030 and empower our local population.”

Dr Jim Gardner, Group Chief Medical Officer at NHS University Hospitals of Liverpool Group, which runs both Aintree University Hospital and Royal Liverpool University Hospital, said: “Through making the screening of these blood-borne viruses a part of routine care in our emergency departments, it means that we can stop the stigma that’s often associated and reduce health inequalities for our local communities. Not only can we support patients with access to the care they need, but through this initiative we can now potentially save someone’s life who would have previously remained undiagnosed.”

Dr Paul Hine, HIV Clinical Lead at NHS University Hospitals of Liverpool Group, and Key Opinion Lead for Fast Track Cities, said:

“Introducing opt out HIV testing is a great step forward for the people of Liverpool. Earlier diagnosis of HIV saves lives. HIV is fully treatable, so having a diagnosis will help ensure people get treatment that can enable them to live healthy and happy lives. With effective treatment, people with HIV can’t pass it on. This initiative will also help us to get back in touch with people who may have previously been diagnosed with HIV but who are not being seen for care.”",,Liverpool Express,1,yes,https://liverpoolexpress.co.uk/innovative-hiv-testing-expanded-in-liverpool/,2025-01-08 10:43:02+00:00,,10,1,Date: 15 Jan,1954,Early diagnosis,"Innovative HIV Testing Expanded in Liverpool - Liverpool Express HIV testing is set to increase across Liverpool’s hospitals, with “Opt-Out” testing for HIV, Hepatitis B, and Hepatitis C. This approach is being introduced in Accident and Emergency (A&E) departments at Aintree University Hospital and the Royal Liverpool University Hospital. This innovative approach will ensure that all patients undergoing routine blood tests in A&E are screened for blood-borne viruses unless they choose to opt out. This expansion aims to increase testing rates, identify undiagnosed cases, and address health inequalities by reaching individuals who may not realise they are at risk. Opt-out testing will help identify those living with undiagnosed HIV, Hepatitis B, or Hepatitis C in Liverpool, supporting early diagnosis and access to life-saving treatment. While there is no cure for HIV, early diagnosis combined with highly effective treatment allows individuals to live a normal life span. Furthermore, effective HIV treatment ensures that people cannot pass the virus to others, a concept known as U=U (Undetectable = Untransmittable). Resources allocated through this initiative will also support vital counselling and peer support services to guide newly diagnosed individuals into appropriate care and treatment pathways. This innovative approach normalises testing for blood-borne viruses as part of routine health care and offers an opportunity to re-engage individuals who have previously been diagnosed but are not currently in care. By including all patients, opt-out testing helps reduce inequities in access and addresses barriers for those who may not perceive themselves to be at risk. Liverpool will be among the first cities in the UK to implement this testing in A&E, following successful pilots in London, Brighton, Birmingham, and Manchester. These pilots identified nearly 1,000 cases of HIV and over 3,000 cases of Hepatitis B and C in just 18 months. This initiative builds on"
Dual screening for liver fibrosis and retinopathy in type 2 diabetes - News-Medical.Net,"Combining retina scanning with liver stiffness assessment offers a promising, efficient approach to identify advanced fibrosis and MASLD in type 2 diabetes patients. Study: Screening for advanced liver fibrosis due to metabolic dysfunction-associated steatotic liver disease alongside retina scanning in people with type 2 diabetes: a cross-sectional study. Image Credit: Photoroyalty / Shutterstock.com A recent Lancer Gastroenterology and Hepatology study hypothesizes that retina scanning and examination with vibration-controlled transient elastography (VCTE) could be implemented simultaneously with a high acceptance rate in type 2 diabetes (T2D) patients. Diagnosing progressive liver fibrosis Hepatic steatosis in the presence of a metabolic risk factor like T2D is referred to as metabolic dysfunction-associated steatotic liver disease (MASLD). Current estimates indicate that about 38% of the global population is affected by MASLD, which increases the risk of hepatocellular carcinoma and end-stage liver disease. T2D patients are particularly vulnerable to MASLD, with a prevalence rate of 65%. The diagnostic accuracy of the commonly recommended non-invasive test fibrosis-4 (FIB-4) score for MASLD may be lower in T2D patients. Therefore, other methods are currently being used, some of which include VCTE, magnetic resonance elastography with two metabolic risk factors, and enhanced liver fibrosis (ELF) score. In Sweden, T2D patients are referred from primary care centers to retina scanning facilities, where screening is performed through fundus photography at regular intervals. This approach has the potential to determine whether VCTE can also be implemented simultaneously with retina scanning to identify advanced fibrosis and MASLD. About the study In the current study, data were collected between November 6, 2020, and June 20, 2023, at Capio Eye Globen, which is one of the largest retina scanning facilities in Stockholm, Sweden. In addition to the retina scan, ",,News-Medical.Net,1,yes,https://www.news-medical.net/news/20241217/Dual-screening-for-liver-fibrosis-and-retinopathy-in-type-2-diabetes.aspx,,,1,1,Initial labelled,1957,"Health screening,High-risk screening","Dual screening for liver fibrosis and retinopathy in type 2 diabetes - News-Medical.Net Combining retina scanning with liver stiffness assessment offers a promising, efficient approach to identify advanced fibrosis and MASLD in type 2 diabetes patients. Study: Screening for advanced liver fibrosis due to metabolic dysfunction-associated steatotic liver disease alongside retina scanning in people with type 2 diabetes: a cross-sectional study. Image Credit: Photoroyalty / Shutterstock.com A recent Lancer Gastroenterology and Hepatology study hypothesizes that retina scanning and examination with vibration-controlled transient elastography (VCTE) could be implemented simultaneously with a high acceptance rate in type 2 diabetes (T2D) patients. Diagnosing progressive liver fibrosis Hepatic steatosis in the presence of a metabolic risk factor like T2D is referred to as metabolic dysfunction-associated steatotic liver disease (MASLD). Current estimates indicate that about 38% of the global population is affected by MASLD, which increases the risk of hepatocellular carcinoma and end-stage liver disease. T2D patients are particularly vulnerable to MASLD, with a prevalence rate of 65%. The diagnostic accuracy of the commonly recommended non-invasive test fibrosis-4 (FIB-4) score for MASLD may be lower in T2D patients. Therefore, other methods are currently being used, some of which include VCTE, magnetic resonance elastography with two metabolic risk factors, and enhanced liver fibrosis (ELF) score. In Sweden, T2D patients are referred from primary care centers to retina scanning facilities, where screening is performed through fundus photography at regular intervals. This approach has the potential to determine whether VCTE can also be implemented simultaneously with retina scanning to identify advanced fibrosis and MASLD. About the study In the current study, data were collected between November 6, 2020, and June 20, 2023, at Capio Eye Globen, which is one of the largest r"
Early Diabetes Screening in Pregnancy: Challenges and Opportunities - AJMC.com Managed Markets Network,"Early screening for diabetes in pregnancy is gaining attention as a strategy to improve maternal and child health outcomes. In this interview with The American Journal of Managed CareÃ‚Â® (AJMCÃ‚Â®), Ellen Francis, PhD, assistant professor of biostatistics and epidemiology at Rutgers School of Public Health, explores the potential of earlier screening, the evidence supporting its benefits, and what health systems need to consider when implementing. This transcript has been lightly edited for clarity and length. AJMC: Which key factors should be prioritized when considering earlier screening for diabetes in pregnancy, and how do these markers contribute to better long-term health outcomes for the mother and possibly the child? Ellen Francis, PhD | Image credit: Rutgers School of Public Health Francis: There's been massive interest in how to treat, screen, and diagnose diabetes in pregnancy for decades. And I think one of the more important things to start off distinguishing is diabetes that was existing prior to pregnancy and then gestational diabetes (GDM), because they're 2 different scenarios. For diabetes in pregnancy, there's a lot of consensus on using HbA 1C [hemoglobin A 1C ] as a good screener in early pregnancy if women or females are presenting with risk factors, or even fasting glucose. That has been shown historically to be pretty accurate for catching the women who have diabetes but were not diagnosed prior to becoming pregnant, so they just were unaware, essentially. However, HbA 1C has really poor sensitivity for impaired fasting glucose or impaired glucose tolerance. So, it's a really efficient screener, and does really well for this higher band of diabetes, so to speak. But it's more complex when you talk about gestational diabetes, which is a lower level of hyperglycemia. Another point of context: If you don't present in the US with risk factors for diabetes, we screen for gestational diabetes for everyone at 24 to 28 weeks, so that leaves you ab",,AJMC.com Managed Markets Network,1,yes,https://www.ajmc.com/view/early-diabetes-screening-in-pregnancy-challenges-and-opportunities,,,1,2,Initial labelled,1958,"Health screening,Cancer screening","Early Diabetes Screening in Pregnancy: Challenges and Opportunities - AJMC.com Managed Markets Network Early screening for diabetes in pregnancy is gaining attention as a strategy to improve maternal and child health outcomes. In this interview with The American Journal of Managed CareÃ‚Â® (AJMCÃ‚Â®), Ellen Francis, PhD, assistant professor of biostatistics and epidemiology at Rutgers School of Public Health, explores the potential of earlier screening, the evidence supporting its benefits, and what health systems need to consider when implementing. This transcript has been lightly edited for clarity and length. AJMC: Which key factors should be prioritized when considering earlier screening for diabetes in pregnancy, and how do these markers contribute to better long-term health outcomes for the mother and possibly the child? Ellen Francis, PhD | Image credit: Rutgers School of Public Health Francis: There's been massive interest in how to treat, screen, and diagnose diabetes in pregnancy for decades. And I think one of the more important things to start off distinguishing is diabetes that was existing prior to pregnancy and then gestational diabetes (GDM), because they're 2 different scenarios. For diabetes in pregnancy, there's a lot of consensus on using HbA 1C [hemoglobin A 1C ] as a good screener in early pregnancy if women or females are presenting with risk factors, or even fasting glucose. That has been shown historically to be pretty accurate for catching the women who have diabetes but were not diagnosed prior to becoming pregnant, so they just were unaware, essentially. However, HbA 1C has really poor sensitivity for impaired fasting glucose or impaired glucose tolerance. So, it's a really efficient screener, and does really well for this higher band of diabetes, so to speak. But it's more complex when you talk about gestational diabetes, which is a lower level of hyperglycemia. Another point of context: If you don't present in the US with risk factors f"
Task Force Supports Women Over 30 Collecting Samples for Cervical Cancer Screening - HealthDay,"TUESDAY, Dec. 10, 2024 (HealthDay News) -- In guidelines that may encourage more women to get screened for cervical cancer, a leading health task force has backed giving women over 30 the option to collect their own vaginal samples for testing. Instead of needing to have a complete pelvic exam, these women can now go to a doctorÃ¢â‚¬â„¢s office and collect their own tissue to be tested for human papillomavirus (HPV), the infection that causes almost all cases of cervical cancer, say new guidelines issued on Tuesday by the U.S. Preventive Services Task Force. Women can now use a swab to collect their own HPV samples, the task force said, because studies have shown self-collection is as accurate as when the tissue sample is collected by a clinician and it is proven to increase screening. Ã¢â‚¬Å“Women who would be more comfortable collecting their HPV test sample themselves can now do so,Ã¢â‚¬Â task force member Dr. Esa Davis said in a news release announcing the new guidance. Ã¢â‚¬Å“We hope that this new, effective option helps even more women get screened regularly.Ã¢â‚¬Â Experts noted that any efforts to get more women screened would be welcomed. Ã¢â‚¬Å“What we worry about, as doctors who take care of women with cervical cancer, is that if screening becomes less routine, people kind of forget to do it,Ã¢â‚¬Â Dr. Karen Lu, physician-in-chief of Moffitt Cancer Center in Tampa, Fla., told the New York Times. The latest guidance follows the U.S. Food and Drug Administration's approval of a self-testing kit for cervical cancer last May. That test should be repeated every five years from age 30 until 65, when most women can stop screening, the task force added. For those 30 and older, other screening options include Pap tests every three years, or a combined Pap smear and HPV test every five years, the task force noted. Still, an HPV test every five years is the ideal screening regimen. The guideline change was issued amid growing concern over a drop in cancer screenings and confusion over",,HealthDay,1,yes,https://www.healthday.com/health-news/women-health/task-force-supports-women-over-30-collecting-samples-for-cervical-cancer-screening,,,1,2,Initial labelled,1959,Health screening,"Task Force Supports Women Over 30 Collecting Samples for Cervical Cancer Screening - HealthDay TUESDAY, Dec. 10, 2024 (HealthDay News) -- In guidelines that may encourage more women to get screened for cervical cancer, a leading health task force has backed giving women over 30 the option to collect their own vaginal samples for testing. Instead of needing to have a complete pelvic exam, these women can now go to a doctorÃ¢â‚¬â„¢s office and collect their own tissue to be tested for human papillomavirus (HPV), the infection that causes almost all cases of cervical cancer, say new guidelines issued on Tuesday by the U.S. Preventive Services Task Force. Women can now use a swab to collect their own HPV samples, the task force said, because studies have shown self-collection is as accurate as when the tissue sample is collected by a clinician and it is proven to increase screening. Ã¢â‚¬Å“Women who would be more comfortable collecting their HPV test sample themselves can now do so,Ã¢â‚¬Â task force member Dr. Esa Davis said in a news release announcing the new guidance. Ã¢â‚¬Å“We hope that this new, effective option helps even more women get screened regularly.Ã¢â‚¬Â Experts noted that any efforts to get more women screened would be welcomed. Ã¢â‚¬Å“What we worry about, as doctors who take care of women with cervical cancer, is that if screening becomes less routine, people kind of forget to do it,Ã¢â‚¬Â Dr. Karen Lu, physician-in-chief of Moffitt Cancer Center in Tampa, Fla., told the New York Times. The latest guidance follows the U.S. Food and Drug Administration's approval of a self-testing kit for cervical cancer last May. That test should be repeated every five years from age 30 until 65, when most women can stop screening, the task force added. For those 30 and older, other screening options include Pap tests every three years, or a combined Pap smear and HPV test every five years, the task force noted. Still, an HPV test every five years is the ideal screeni"
"OPINION: Mental health screening tools, surveys and immediate referrals can help struggling college students recover and return to class - The Hechinger Report","I work daily with students as an academic adviser. I have referred many of them to my collegeÃ¢â‚¬â„¢s counseling and psychological services office and have helped multiple students withdraw from all their classes due to immediate mental health crises. Many students struggle with mental health so much that they feel they cannot stay in school. The mental health epidemic is real, and that is why we must hold our institutions of higher learning accountable for addressing it. Higher education is plagued with massive numbers of students entering college with mental health issues: Over 60 percent suffer from at least one mental health condition, a 50 percent increase from 11 years ago, a recent survey found. One-third of students report being overwhelmed and conclude that they cannot navigate college life. It is vital that colleges find ways to identify and help students with mental health issues. Our country is also seeing a dramatic increase in college student suicides, the second-leading cause of death for college students: 10.3 percent of students report serious thoughts of suicide, and 1,100 students complete suicide each year. The state of Ohio, where I work as an academic adviser, has taken some small steps, but they are not enough. Helping these young adults with mental health issues recover and eventually join the workforce and form the foundation of our economy is important to everyone. Although too many studentsÃ¢â‚¬â„¢ mental health issues take them out of college, many do take time off and successfully return to finish their degrees. One of my students who took the spring semester off to obtain mental health treatment will graduate this December with a bachelorÃ¢â‚¬â„¢s degree. Related: Interested in innovations in the field of higher education? Subscribe to our free biweekly Higher Education newsletter. Ohio state law requires that state-sponsored colleges provide new students with mental health information, and NCAA student-athletes are required to complete an ann",,The Hechinger Report,0,yes,https://hechingerreport.org/opinion-mental-health-screening-tools-surveys-and-immediate-referrals-can-help-struggling-college-students-recover-and-return-to-class/,,,1,1,Initial labelled,1960,Health screening,"OPINION: Mental health screening tools, surveys and immediate referrals can help struggling college students recover and return to class - The Hechinger Report I work daily with students as an academic adviser. I have referred many of them to my collegeÃ¢â‚¬â„¢s counseling and psychological services office and have helped multiple students withdraw from all their classes due to immediate mental health crises. Many students struggle with mental health so much that they feel they cannot stay in school. The mental health epidemic is real, and that is why we must hold our institutions of higher learning accountable for addressing it. Higher education is plagued with massive numbers of students entering college with mental health issues: Over 60 percent suffer from at least one mental health condition, a 50 percent increase from 11 years ago, a recent survey found. One-third of students report being overwhelmed and conclude that they cannot navigate college life. It is vital that colleges find ways to identify and help students with mental health issues. Our country is also seeing a dramatic increase in college student suicides, the second-leading cause of death for college students: 10.3 percent of students report serious thoughts of suicide, and 1,100 students complete suicide each year. The state of Ohio, where I work as an academic adviser, has taken some small steps, but they are not enough. Helping these young adults with mental health issues recover and eventually join the workforce and form the foundation of our economy is important to everyone. Although too many studentsÃ¢â‚¬â„¢ mental health issues take them out of college, many do take time off and successfully return to finish their degrees. One of my students who took the spring semester off to obtain mental health treatment will graduate this December with a bachelorÃ¢â‚¬â„¢s degree. Related: Interested in innovations in the field of higher education? Subscribe to our free biweekly Higher Education newslett"
Sugar Land could receive $1M grant aimed at firefighter health - Community Impact,Sugar Land could receive $1M grant aimed at firefighter health The Sugar Land Fire Department could receive $1 million in funding for equipment and medical screening improvements. (Courtesy city of Sugar Land) The Sugar Land Fire Department could receive $1 million in funding for equipment and medical screening improvements. (Courtesy city of Sugar Land),,Community Impact,0,yes,https://communityimpact.com/houston/sugar-land-missouri-city/government/2024/12/17/sugar-land-could-receive-1m-grant-aimed-at-firefighter-health/,,,2,1,Initial labelled,1961,Health screening,Sugar Land could receive $1M grant aimed at firefighter health - Community Impact Sugar Land could receive $1M grant aimed at firefighter health The Sugar Land Fire Department could receive $1 million in funding for equipment and medical screening improvements. (Courtesy city of Sugar Land) The Sugar Land Fire Department could receive $1 million in funding for equipment and medical screening improvements. (Courtesy city of Sugar Land)
"Rates of lead screening for children low in Kitsap, health district reports - Kitsap Sun","Rates of lead screening for children low in Kitsap, health district reports Show Caption Hide Caption High levels of lead discovered in 12 cinnamon, spice products High levels of lead have been found in 12 cinnamon and spice powder brands, according to nonprofit Consumer Reports. unbranded - Newsworthy Kitsap Public Health District officials are encouraging medical providers to screen for lead more frequently, especially among infants, amid concerns about novel sources of exposure to the toxic metal and low screening rates. Worries extend beyond exposure to lead-based paints common in older buildings. These paints have long been a focal-point of historic prevention efforts, said Lynn Pittsinger, director of community health at KPHD, but health officials have sought to highlight other, less common sources of poisoning. Lead exposure has declined dramatically in the United States over the last 50 years Ã¢â‚¬â€œ after the sale of lead-based paints was outlawed in 1978 Ã¢â‚¬â€œ but the risk of exposure still lingers. At high levels, lead can severely damage the brain and central nervous system and there is evidence fewer people are being screened. Paint remains the chief source of exposure, but lead is also found naturally in the environment and has been discovered in common household products like food, toys, cosmetics and jewelry. The Food and Drug Administration asked the public to dispose of several varieties of ground cinnamon earlier this year due to high levels of lead. Pittsinger said health officials have sought to draw attention to less common sources of lead because any level of exposure could be harmful. Testing remains the only sure-fire way to identify a poisoning as most people have no immediate symptoms of excess lead. Ã¢â‚¬Å“ThereÃ¢â‚¬â„¢s no safe level of lead in the body and the developing brain is really sensitive to lead exposure,Ã¢â‚¬Â Dr. MaryKate Cardon, co-director of the Northwest Pediatric Environmental Health Speciality Unit at the University of Washington ",,Kitsap Sun,0,yes,https://www.kitsapsun.com/story/news/2024/12/13/parents-of-infants-encouraged-to-screen-for-lead-exposure/76869052007/,,,2,1,Initial labelled,1962,Health screening,"Rates of lead screening for children low in Kitsap, health district reports - Kitsap Sun Rates of lead screening for children low in Kitsap, health district reports Show Caption Hide Caption High levels of lead discovered in 12 cinnamon, spice products High levels of lead have been found in 12 cinnamon and spice powder brands, according to nonprofit Consumer Reports. unbranded - Newsworthy Kitsap Public Health District officials are encouraging medical providers to screen for lead more frequently, especially among infants, amid concerns about novel sources of exposure to the toxic metal and low screening rates. Worries extend beyond exposure to lead-based paints common in older buildings. These paints have long been a focal-point of historic prevention efforts, said Lynn Pittsinger, director of community health at KPHD, but health officials have sought to highlight other, less common sources of poisoning. Lead exposure has declined dramatically in the United States over the last 50 years Ã¢â‚¬â€œ after the sale of lead-based paints was outlawed in 1978 Ã¢â‚¬â€œ but the risk of exposure still lingers. At high levels, lead can severely damage the brain and central nervous system and there is evidence fewer people are being screened. Paint remains the chief source of exposure, but lead is also found naturally in the environment and has been discovered in common household products like food, toys, cosmetics and jewelry. The Food and Drug Administration asked the public to dispose of several varieties of ground cinnamon earlier this year due to high levels of lead. Pittsinger said health officials have sought to draw attention to less common sources of lead because any level of exposure could be harmful. Testing remains the only sure-fire way to identify a poisoning as most people have no immediate symptoms of excess lead. Ã¢â‚¬Å“ThereÃ¢â‚¬â„¢s no safe level of lead in the body and the developing brain is really sensitive to lead exposure,Ã¢â‚¬Â Dr. MaryKate Cardon, co-"
Study Supports HPV Self-Testing for Cervical Cancer Screening - Appalachian News-Express,Not your computer? Use Guest mode to sign in privately. Learn more about using Guest mode,,Appalachian News-Express,0,yes,https://www.news-expressky.com/lifestyles/health/study-supports-hpv-self-testing-for-cervical-cancer-screening/article_78e15dd5-e9d4-5661-b745-a0a4f7a62cf9.html,,,2,1,Initial labelled,1963,Health screening,Study Supports HPV Self-Testing for Cervical Cancer Screening - Appalachian News-Express Not your computer? Use Guest mode to sign in privately. Learn more about using Guest mode
Orlando Health Eases Public Health Lab Test Ordering - Healthcare Innovation,"Orlando Health and the Florida Department of Health are the first in the nation to use Detor, an Association of Public Health Laboratories-developed solution that enables electronic test orders and results to be shared seamlessly between public health laboratories and healthcare providers.  Funded by the U.S. Centers for Disease Control and Prevention, Detor links a hospitalÃ¢â‚¬â„¢s EHR system with a public health laboratoryÃ¢â‚¬â„¢s information management system. It allows test orders and results to be shared much more quickly, accurately and securely.  Orlando Health and the Florida Department of Health Bureau of Public Health Laboratories will initially use Detor for newborn screening results at hospitals within the Orlando Health healthcare system. Nearly every baby born in the U.S. is tested for serious and potentially terminal inherited disorders, and almost all newborn screening is conducted by public health laboratories. While newborn screening is a great starting point, Detor is not limited to any one test. While Orlando Health and the Florida Department of Health are the first organizations in the U.S. to use Detor, other jurisdictions are expected to launch the solution in 2025. Detor will also expand beyond newborn screenings to work with public health laboratories and their healthcare partners on the implementation of other high-volume testing such as tuberculosis, HIV, hepatitis, influenza, COVID, Lyme disease and rabies.  Detor is currently being used to share newborn screening results for patients at Orlando Health Winnie Palmer Hospital for Women and Babies, Orlando Health South Lake Hospital and Orlando Health Bayfront Hospital.  Ã¢â‚¬Å“Newborn screenings detect rare health conditions, which is vital information that needs to be communicated quickly and accurately with a babyÃ¢â‚¬â„¢s healthcare team so treatment can begin soon,Ã¢â‚¬Â said Eric Rose, senior director of enterprise quality & performance solutions for Orlando HealthÃ¢â‚¬â„¢s Information Technology/Cli",,Healthcare Innovation,0,yes,https://www.hcinnovationgroup.com/policy-value-based-care/public-health/news/55249688/orlando-health-eases-public-health-lab-test-ordering,,,2,1,Initial labelled,1964,Health screening,"Orlando Health Eases Public Health Lab Test Ordering - Healthcare Innovation Orlando Health and the Florida Department of Health are the first in the nation to use Detor, an Association of Public Health Laboratories-developed solution that enables electronic test orders and results to be shared seamlessly between public health laboratories and healthcare providers. Funded by the U.S. Centers for Disease Control and Prevention, Detor links a hospitalÃ¢â‚¬â„¢s EHR system with a public health laboratoryÃ¢â‚¬â„¢s information management system. It allows test orders and results to be shared much more quickly, accurately and securely. Orlando Health and the Florida Department of Health Bureau of Public Health Laboratories will initially use Detor for newborn screening results at hospitals within the Orlando Health healthcare system. Nearly every baby born in the U.S. is tested for serious and potentially terminal inherited disorders, and almost all newborn screening is conducted by public health laboratories. While newborn screening is a great starting point, Detor is not limited to any one test. While Orlando Health and the Florida Department of Health are the first organizations in the U.S. to use Detor, other jurisdictions are expected to launch the solution in 2025. Detor will also expand beyond newborn screenings to work with public health laboratories and their healthcare partners on the implementation of other high-volume testing such as tuberculosis, HIV, hepatitis, influenza, COVID, Lyme disease and rabies. Detor is currently being used to share newborn screening results for patients at Orlando Health Winnie Palmer Hospital for Women and Babies, Orlando Health South Lake Hospital and Orlando Health Bayfront Hospital. Ã¢â‚¬Å“Newborn screenings detect rare health conditions, which is vital information that needs to be communicated quickly and accurately with a babyÃ¢â‚¬â„¢s healthcare team so treatment can begin soon,Ã¢â‚¬Â said Eric Rose, senior director of e"
Researchers in various studies looking for participants - Purdue University,"Here is a list of research studies that currently are looking for participants. Understanding associations between rural food environments and microbial cysteine metabolism as risk factors for early onset colorectal cancer Researchers in the Department of Nutrition Science are doing a research study to learn more about bacteria and items people put in their mouths, like food and tobacco products, and how where people live impacts the food they have access to. This study may be a good fit for if you: Live in a county with less than 50,000 residents OR live over 10 miles from your nearest grocery store Are 18-80 years old Are not pregnant Are willing to complete two 24-hour dietary recalls Are willing to provide informed consent Are willing to provide five water samples and a stool sample Individuals will have the option to participate in this study in-person or virtually. Individuals who take part in the research study will: Do a phone screening to learn more about the study Have their height and weight measured Complete several surveys about health, diet and experiences Provide a stool sample Collect five water samples from their home In-person participants will come to Purdue twice: one research visit and one stool sample drop-off. Participants will receive a $25 Visa gift card as compensation for their time and reimbursement for travel. Participants will also have the option to receive information about lead content in their water. To learn more about this research, contact Patricia Wolf at 765-496-0143 or wolflab@purdue.edu. The principal researcher for this study is Patricia Wolf, assistant professor in the Department of Nutrition Science. IRB-2024-366. Altering cognition and emotion through exercise Young adults ages 18-25 are needed to participate in research studies on how exercise may influence cognitive function and emotion. Participants will be compensated up to $50 total for completing the study. Participation requires two visits on s",,Purdue University,0,yes,https://www.purdue.edu/newsroom/purduetoday/2024/Q4/researchers-in-various-studies-looking-for-participants,,,3,1,Initial labelled,1965,Health screening,"Researchers in various studies looking for participants - Purdue University Here is a list of research studies that currently are looking for participants. Understanding associations between rural food environments and microbial cysteine metabolism as risk factors for early onset colorectal cancer Researchers in the Department of Nutrition Science are doing a research study to learn more about bacteria and items people put in their mouths, like food and tobacco products, and how where people live impacts the food they have access to. This study may be a good fit for if you: Live in a county with less than 50,000 residents OR live over 10 miles from your nearest grocery store Are 18-80 years old Are not pregnant Are willing to complete two 24-hour dietary recalls Are willing to provide informed consent Are willing to provide five water samples and a stool sample Individuals will have the option to participate in this study in-person or virtually. Individuals who take part in the research study will: Do a phone screening to learn more about the study Have their height and weight measured Complete several surveys about health, diet and experiences Provide a stool sample Collect five water samples from their home In-person participants will come to Purdue twice: one research visit and one stool sample drop-off. Participants will receive a $25 Visa gift card as compensation for their time and reimbursement for travel. Participants will also have the option to receive information about lead content in their water. To learn more about this research, contact Patricia Wolf at 765-496-0143 or wolflab@purdue.edu. The principal researcher for this study is Patricia Wolf, assistant professor in the Department of Nutrition Science. IRB-2024-366. Altering cognition and emotion through exercise Young adults ages 18-25 are needed to participate in research studies on how exercise may influence cognitive function and emotion. Participants will be compensated up to $50 total for compl"
3 Best No Medical Exam Life Insurance Policies for 2025 - NerdWallet,"We believe everyone should be able to make financial decisions with confidence. And while our site doesnÃ¢â‚¬â„¢t feature every company or financial product available on the market, weÃ¢â‚¬â„¢re proud that the guidance we offer, the information we provide and the tools we create are objective, independent, straightforward Ã¢â‚¬â€ and free. So how do we make money? Our partners compensate us. This may influence which products we review and write about (and where those products appear on the site), but it in no way affects our recommendations or advice, which are grounded in thousands of hours of research. Our partners cannot pay us to guarantee favorable reviews of their products or services. Here is a list of our partners.",,NerdWallet,0,yes,https://www.nerdwallet.com/article/insurance/life-insurance-no-medical-exam,,,3,1,Initial labelled,1966,Health screening,"3 Best No Medical Exam Life Insurance Policies for 2025 - NerdWallet We believe everyone should be able to make financial decisions with confidence. And while our site doesnÃ¢â‚¬â„¢t feature every company or financial product available on the market, weÃ¢â‚¬â„¢re proud that the guidance we offer, the information we provide and the tools we create are objective, independent, straightforward Ã¢â‚¬â€ and free. So how do we make money? Our partners compensate us. This may influence which products we review and write about (and where those products appear on the site), but it in no way affects our recommendations or advice, which are grounded in thousands of hours of research. Our partners cannot pay us to guarantee favorable reviews of their products or services. Here is a list of our partners."
Study highlights efficiency in detecting infectious diseases with pooled testing - Medical Xpress,"This article has been reviewed according to Science X's editorial process and policies . Editors have highlighted the following attributes while ensuring the content's credibility: Relative efficiency results as a function of the initial pool size, k. Results are depicted for MPT (left), H2 (middle), and A2 (right). The top, middle, and bottom panels correspond to RTE, REE, and RCE, respectively. Note that, for the MPT protocol, the RTE results are identical for all four infections. For MPT, the REE values with chlamydia and SARS-CoV-2 in the left-middle subplot exceed the upper limit of the vertical axis. This is because the prevalence is high for these two infections. Credit: Journal of Agricultural, Biological and Environmental Statistics (2024). DOI: 10.1007/s13253-024-00646-6 In an effort to make large-scale disease testing faster and more affordable, researchers have developed an optimized approach to pooled testing, which could transform public health screening for infectious diseases. Researchers Dr. Md S. Warasi, Assistant Professor of Mathematics and Statistics at Radford University in Virginia and Dr. Kumer P. Das, Assistant Vice President for Research and Innovation at the University of Louisiana at Lafayette, found that by strategically grouping specimens in pools, testing costs can be slashed without compromising accuracyÃ¢â‚¬â€a breakthrough that comes as health systems grapple with high demand for screening across diseases like HIV, gonorrhea, and COVID-19. Their findings were published in a study, titled ""Optimizing Disease Surveillance Through Pooled Testing with Application to Infectious Diseases."" The study, recently published in the Journal of Agricultural, Biological, and Environmental Statistics, evaluates the advantages of using pooled testing for infectious disease detection, particularly when prevalence rates are low. Traditional individual testing methods can be resource-intensive, especially in large-scale screenings. Pooled testing, how",,Medical Xpress,0,yes,https://medicalxpress.com/news/2024-12-highlights-efficiency-infectious-diseases-pooled.html,,,3,1,Initial labelled,1967,"Health screening,Cancer screening","Study highlights efficiency in detecting infectious diseases with pooled testing - Medical Xpress This article has been reviewed according to Science X's editorial process and policies . Editors have highlighted the following attributes while ensuring the content's credibility: Relative efficiency results as a function of the initial pool size, k. Results are depicted for MPT (left), H2 (middle), and A2 (right). The top, middle, and bottom panels correspond to RTE, REE, and RCE, respectively. Note that, for the MPT protocol, the RTE results are identical for all four infections. For MPT, the REE values with chlamydia and SARS-CoV-2 in the left-middle subplot exceed the upper limit of the vertical axis. This is because the prevalence is high for these two infections. Credit: Journal of Agricultural, Biological and Environmental Statistics (2024). DOI: 10.1007/s13253-024-00646-6 In an effort to make large-scale disease testing faster and more affordable, researchers have developed an optimized approach to pooled testing, which could transform public health screening for infectious diseases. Researchers Dr. Md S. Warasi, Assistant Professor of Mathematics and Statistics at Radford University in Virginia and Dr. Kumer P. Das, Assistant Vice President for Research and Innovation at the University of Louisiana at Lafayette, found that by strategically grouping specimens in pools, testing costs can be slashed without compromising accuracyÃ¢â‚¬â€a breakthrough that comes as health systems grapple with high demand for screening across diseases like HIV, gonorrhea, and COVID-19. Their findings were published in a study, titled ""Optimizing Disease Surveillance Through Pooled Testing with Application to Infectious Diseases."" The study, recently published in the Journal of Agricultural, Biological, and Environmental Statistics, evaluates the advantages of using pooled testing for infectious disease detection, particularly when prevalence rates are low. Traditional individual te"
Health Panel Endorses New Option for Cervical Cancer Screening - The New York Times,"Doctors routinely advise that women undergoing screening for cervical cancer receive Pap smears every three years beginning at age 21. Now, beginning at 30, women have a new option. Instead of undergoing a pelvic exam, these patients may go to a doctorÃ¢â‚¬â„¢s office and collect their own vaginal sample to be tested for human papillomavirus, the infection that causes most cases of cervical cancer, according to new guidelines issued on Tuesday by a national health services panel. Self-collection of the sample was approved in May by the Food and Drug Administration. The HPV test should be repeated every five years from age 30 until 65, when most women can stop screening, the U.S. Preventive Services Task Force said. Other screening options for those 30 and older include continuing with Pap tests every three years, or a combined Pap smear and HPV test every five years, the task force said. But an HPV test every five years is the ideal screening method, providing the best balance of risks to benefits.",,The New York Times,1,yes,https://www.nytimes.com/2024/12/10/health/cervical-cancer-screening.html,,,1,2,Initial labelled,1968,"Health screening,Cancer screening,Early detection,High-risk screening","Health Panel Endorses New Option for Cervical Cancer Screening - The New York Times Doctors routinely advise that women undergoing screening for cervical cancer receive Pap smears every three years beginning at age 21. Now, beginning at 30, women have a new option. Instead of undergoing a pelvic exam, these patients may go to a doctorÃ¢â‚¬â„¢s office and collect their own vaginal sample to be tested for human papillomavirus, the infection that causes most cases of cervical cancer, according to new guidelines issued on Tuesday by a national health services panel. Self-collection of the sample was approved in May by the Food and Drug Administration. The HPV test should be repeated every five years from age 30 until 65, when most women can stop screening, the U.S. Preventive Services Task Force said. Other screening options for those 30 and older include continuing with Pap tests every three years, or a combined Pap smear and HPV test every five years, the task force said. But an HPV test every five years is the ideal screening method, providing the best balance of risks to benefits."
"HPV testing preferred over Pap for cervical cancer screening starting at age 30, task forceÃ¢â‚¬â„¢s draft recommendation says - CNN","CNN Ã¢â‚¬â€ Testing for high-risk human papillomaviruses every five years Ã¢â‚¬â€œ even with a self-collected sample Ã¢â‚¬â€œ is the Ã¢â‚¬Å“preferred screening strategyÃ¢â‚¬Â for cervical cancer starting at age 30, according to a new draft recommendation from the US Preventive Services Task Force. Traditionally, many women have been screened for cervical cancer with cervical cytology Ã¢â‚¬â€œ also known as Pap tests or Pap smears Ã¢â‚¬â€œ in which cells from the cervix are collected and checked for signs of cancer. But the draft USPSTF recommendation, released Tuesday, emphasizes testing for high-risk human papillomaviruses, or HPV, as a primary screening approach for women ages 30 to 65, as most cervical cancers are caused by the virus. The HPV test involves collecting a vaginal sample and checking cells for infection with the high-risk types of HPV that can cause cervical cancer. Ã¢â‚¬Å“We are highlighting that HPV screening, as the primary screening for women ages 30 to 65, is the best balance between the benefits and the harms in finding cervical cancer, and that should be offered first and when available,Ã¢â‚¬Â said task force member Dr. Esa Davis, professor and senior associate dean for population health and community medicine at the University of Maryland in Baltimore. And for the first time, the draft recommendation statement includes the option for women to self-collect their own vaginal samples for HPV testing. Ã¢â‚¬Å“Now we have an additional screening test that may be more appealing to those who otherwise would not come in for screening, and thatÃ¢â‚¬â„¢s with self-collection,Ã¢â‚¬Â Davis said. When HPV testing is not available, then it is recommended to perform a Pap test for screening, or co-test with both HPV testing and cervical cytology. HPV testing Ã¢â‚¬Å“has the best balance of benefits and harms, but the other two are effective screening options as well, and so therefore theyÃ¢â‚¬â„¢ll still be a choice for clinicians and for patients,Ã¢â‚¬Â Davis said. This update in the draft recommendation is no",,CNN,1,yes,https://www.cnn.com/2024/12/10/health/hpv-testing-preferred-for-cervical-cancer-screening-draft-recommendation-wellness/index.html,,,1,4,Initial labelled,1969,"Health screening,Self-sampling","HPV testing preferred over Pap for cervical cancer screening starting at age 30, task forceÃ¢â‚¬â„¢s draft recommendation says - CNN CNN Ã¢â‚¬â€ Testing for high-risk human papillomaviruses every five years Ã¢â‚¬â€œ even with a self-collected sample Ã¢â‚¬â€œ is the Ã¢â‚¬Å“preferred screening strategyÃ¢â‚¬Â for cervical cancer starting at age 30, according to a new draft recommendation from the US Preventive Services Task Force. Traditionally, many women have been screened for cervical cancer with cervical cytology Ã¢â‚¬â€œ also known as Pap tests or Pap smears Ã¢â‚¬â€œ in which cells from the cervix are collected and checked for signs of cancer. But the draft USPSTF recommendation, released Tuesday, emphasizes testing for high-risk human papillomaviruses, or HPV, as a primary screening approach for women ages 30 to 65, as most cervical cancers are caused by the virus. The HPV test involves collecting a vaginal sample and checking cells for infection with the high-risk types of HPV that can cause cervical cancer. Ã¢â‚¬Å“We are highlighting that HPV screening, as the primary screening for women ages 30 to 65, is the best balance between the benefits and the harms in finding cervical cancer, and that should be offered first and when available,Ã¢â‚¬Â said task force member Dr. Esa Davis, professor and senior associate dean for population health and community medicine at the University of Maryland in Baltimore. And for the first time, the draft recommendation statement includes the option for women to self-collect their own vaginal samples for HPV testing. Ã¢â‚¬Å“Now we have an additional screening test that may be more appealing to those who otherwise would not come in for screening, and thatÃ¢â‚¬â„¢s with self-collection,Ã¢â‚¬Â Davis said. When HPV testing is not available, then it is recommended to perform a Pap test for screening, or co-test with both HPV testing and cervical cytology. HPV testing Ã¢â‚¬Å“has the best balance of benefits and harms, but the other t"
Health Panel Endorses Self-Testing Option for Cervical Cancer Screening - Newsweek,Not your computer? Use Guest mode to sign in privately. Learn more about using Guest mode,,Newsweek,1,yes,https://www.newsweek.com/health-panel-endorses-self-testing-option-cervical-cancer-screening-1998703,,,1,2,Initial labelled,1970,Health screening,Health Panel Endorses Self-Testing Option for Cervical Cancer Screening - Newsweek Not your computer? Use Guest mode to sign in privately. Learn more about using Guest mode
Best Online Hearing Tests of 2024 - CNET,"CNETÃ¢â‚¬â„¢s expert staff reviews and rates dozens of new products and services each month, building on more than a quarter century of expertise. Why You Can Trust CNET 16 17 18 19 20 21 22 23 24 25+ Years of Experience 14 15 16 17 18 19 20 21 22 23 Hands-on Product Reviewers 6,000 7,000 8,000 9,000 10,000 11,000 12,000 13,000 14,000 15,000 Sq. Feet of Lab Space How we test CNETÃ¢â‚¬â„¢s expert staff reviews and rates dozens of new products and services each month, building on more than a quarter century of expertise. Hearing loss is a common part of aging, yet it often goes untreated despite the many available treatment options. The National Institute on Deafness and Other Communication Disorders reports that less than 30% of US adults aged 70 or older with hearing loss have ever used a hearing aid. When you look at adults in the 20 to 69 age range, that number is even lower at 16%. If you're unsure whether your hearing needs attention or are hesitant to visit a specialist, starting with an online hearing test can be a great first step. These tests are quick, convenient and informative, which means you can also share them with your doctor. Read more: 50+ Best Christmas Gifts 2024: Early Ideas for This Year's Holiday Shopping In all practicality, the only way to properly diagnose hearing loss is to go to an audiologist for a professional exam. But online hearing tests are a fairly accurate way to get an initial idea of your hearing abilities from the comfort of your home, just don't take the results as the final word. Online hearing tests can be grouped into a few common types, including a pure-tone hearing test, which measures your ability to hear sounds of different frequencies, and a speech-in-noise test, which evaluates how well you can hear spoken words above background noises. But with the endless sea of free hearing test options online, it's sometimes hard to know which is the best option for your needs. To help you choose the best home hearing test, we tried 20",,CNET,0,yes,https://www.cnet.com/health/medical/best-online-hearing-tests/,,,5,1,Initial labelled,1971,Health screening,"Best Online Hearing Tests of 2024 - CNET CNETÃ¢â‚¬â„¢s expert staff reviews and rates dozens of new products and services each month, building on more than a quarter century of expertise. Why You Can Trust CNET 16 17 18 19 20 21 22 23 24 25+ Years of Experience 14 15 16 17 18 19 20 21 22 23 Hands-on Product Reviewers 6,000 7,000 8,000 9,000 10,000 11,000 12,000 13,000 14,000 15,000 Sq. Feet of Lab Space How we test CNETÃ¢â‚¬â„¢s expert staff reviews and rates dozens of new products and services each month, building on more than a quarter century of expertise. Hearing loss is a common part of aging, yet it often goes untreated despite the many available treatment options. The National Institute on Deafness and Other Communication Disorders reports that less than 30% of US adults aged 70 or older with hearing loss have ever used a hearing aid. When you look at adults in the 20 to 69 age range, that number is even lower at 16%. If you're unsure whether your hearing needs attention or are hesitant to visit a specialist, starting with an online hearing test can be a great first step. These tests are quick, convenient and informative, which means you can also share them with your doctor. Read more: 50+ Best Christmas Gifts 2024: Early Ideas for This Year's Holiday Shopping In all practicality, the only way to properly diagnose hearing loss is to go to an audiologist for a professional exam. But online hearing tests are a fairly accurate way to get an initial idea of your hearing abilities from the comfort of your home, just don't take the results as the final word. Online hearing tests can be grouped into a few common types, including a pure-tone hearing test, which measures your ability to hear sounds of different frequencies, and a speech-in-noise test, which evaluates how well you can hear spoken words above background noises. But with the endless sea of free hearing test options online, it's sometimes hard to know which is the best option for your needs. To help you c"
Community Engagement in Free Vascular Health Screening Initiative - Il Mattino - English Edition,"After the boom of the opening day, many people attended the second day of free vascular prevention screening today, which is part of the 'Benevento in Health' project. 'Thanks to the collaboration,' explains Health Delegate Luca De Lipsis, 'of Dr. Venere De Blasio, a surgeon at the Fatebenefratelli Hospital in Benevento, more than thirty vascular surgery consultations with vessel Doppler were conducted.' De Lipsis highlights the 'active participation of the community in this innovative initiative aimed at the physical and social well-being of the citizens. All this in synergy with the ASL and the hospitals of Sannio. The next appointment is scheduled for December 29th, once again at the Pacevecchia neighborhood center.' Ã‚Â© ALL RIGHTS RESERVED This article is automatically translated",,Il Mattino - English Edition,0,yes,https://www.ilmattino.it/en/community_engagement_in_free_vascular_health_screening_initiative-8541291.html,,,5,1,Initial labelled,1972,Health screening,"Community Engagement in Free Vascular Health Screening Initiative - Il Mattino - English Edition After the boom of the opening day, many people attended the second day of free vascular prevention screening today, which is part of the 'Benevento in Health' project. 'Thanks to the collaboration,' explains Health Delegate Luca De Lipsis, 'of Dr. Venere De Blasio, a surgeon at the Fatebenefratelli Hospital in Benevento, more than thirty vascular surgery consultations with vessel Doppler were conducted.' De Lipsis highlights the 'active participation of the community in this innovative initiative aimed at the physical and social well-being of the citizens. All this in synergy with the ASL and the hospitals of Sannio. The next appointment is scheduled for December 29th, once again at the Pacevecchia neighborhood center.' Ã‚Â© ALL RIGHTS RESERVED This article is automatically translated"
Hepatitis C screenings to be expanded in Taiwan: Health Minister - ANI News,Not your computer? Use Guest mode to sign in privately. Learn more about using Guest mode,,ANI News,0,yes,https://www.aninews.in/news/world/asia/hepatitis-c-screenings-to-be-expanded-in-taiwan-health-minister20241213090022,,,6,1,Initial labelled,1973,Health screening,Hepatitis C screenings to be expanded in Taiwan: Health Minister - ANI News Not your computer? Use Guest mode to sign in privately. Learn more about using Guest mode
Aboriginal and Torres Strait Islander health - Department of Health,"The new National Aboriginal and Torres Strait Islander Health Plan sets the policy direction for Aboriginal and Torres Strait Islander health and wellbeing. It will guide the development of all Aboriginal and Torres Strait Islander health policies, programs and initiatives over the next 10 years.",,Department of Health,0,yes,https://www.health.gov.au/topics/aboriginal-and-torres-strait-islander-health,,,7,1,Initial labelled,1974,Health screening,"Aboriginal and Torres Strait Islander health - Department of Health The new National Aboriginal and Torres Strait Islander Health Plan sets the policy direction for Aboriginal and Torres Strait Islander health and wellbeing. It will guide the development of all Aboriginal and Torres Strait Islander health policies, programs and initiatives over the next 10 years."
What the MCAT Test Is Like and How to Prepare - U.S. News & World Report,"The difficulty of the Medical College Admission Test, or MCAT, means that anyone who plans to take this entrance exam should spend a significant amount of time studying for it. ""Make sure that you feel that you are completely ready to take it before you sit for the exam,"" says Timothy Malone, who is pursuing an M.D. and a Master of Public Health degree through a dual-degree program at St. George's University, which is based in Grenada, a Caribbean island nation. ""If you have any doubts, push off the exam to a later test date."" Here are the essential facts to know about the MCAT before signing up to take the test. What Is the MCAT Like and What Is Its Purpose? The MCAT is designed to assess the extent to which medical school applicants have the conceptual understanding and analytical skills necessary for success in medical education, and admissions officers often use MCAT results to gauge the level of an aspiring doctor's preparedness for med school. Ã¢â‚¬Å“We support applicants by providing a standardized test and testing experience that allows them to signal to schools their academic readiness for the rigors of the medical education curriculum,"" Javarro Russell, senior director of admissions testing service with the Association of American Medical Colleges Ã¢â‚¬â€œ the organization that creates and administers MCAT exams Ã¢â‚¬â€œ wrote in an email. Critics of the MCAT question whether and to what extent the test is an accurate measure of someone's potential to be a good medical student or doctor. Some say the MCAT impedes low-income premeds of all ethnic backgrounds, especially those whose parents did not attend college or who were raised in rural areas, and that the test particularly deters premeds from underrepresented racial groups, including Black and Hispanic students. The average MCAT score within these demographic categories is lower than the norm Ã¢â‚¬â€œ a phenomenon MCAT skeptics attribute to systemic inequalities that hinder the educational opportunities of certain p",,U.S. News & World Report,0,yes,https://www.usnews.com/education/best-graduate-schools/top-medical-schools/articles/what-is-the-mcat-test-like-and-how-do-you-prepare-for-it,,,7,1,Initial labelled,1975,Health screening,"What the MCAT Test Is Like and How to Prepare - U.S. News & World Report The difficulty of the Medical College Admission Test, or MCAT, means that anyone who plans to take this entrance exam should spend a significant amount of time studying for it. ""Make sure that you feel that you are completely ready to take it before you sit for the exam,"" says Timothy Malone, who is pursuing an M.D. and a Master of Public Health degree through a dual-degree program at St. George's University, which is based in Grenada, a Caribbean island nation. ""If you have any doubts, push off the exam to a later test date."" Here are the essential facts to know about the MCAT before signing up to take the test. What Is the MCAT Like and What Is Its Purpose? The MCAT is designed to assess the extent to which medical school applicants have the conceptual understanding and analytical skills necessary for success in medical education, and admissions officers often use MCAT results to gauge the level of an aspiring doctor's preparedness for med school. Ã¢â‚¬Å“We support applicants by providing a standardized test and testing experience that allows them to signal to schools their academic readiness for the rigors of the medical education curriculum,"" Javarro Russell, senior director of admissions testing service with the Association of American Medical Colleges Ã¢â‚¬â€œ the organization that creates and administers MCAT exams Ã¢â‚¬â€œ wrote in an email. Critics of the MCAT question whether and to what extent the test is an accurate measure of someone's potential to be a good medical student or doctor. Some say the MCAT impedes low-income premeds of all ethnic backgrounds, especially those whose parents did not attend college or who were raised in rural areas, and that the test particularly deters premeds from underrepresented racial groups, including Black and Hispanic students. The average MCAT score within these demographic categories is lower than the norm Ã¢â‚¬â€œ a phenomenon MCAT skeptics att"
Health Check-up Camp Organized for Prisoners at Ghatshila Jail - Town Post,"Joint effort of doctors ensures health services for 30 inmates Key Points: 30 inmates received health check-ups at Ghatshila sub-jail. Doctors from Ghatshila and Dhalbhumgarh hospitals participated. Legal Service Committee coordinated the health camp. GHATSHILA Ã¢â‚¬â€œ A health check-up camp was organized on Sunday at Ghatshila sub-jail under the directives of JHALSA Ranchi, facilitated by the Ghatshila Sub-Divisional Legal Services Committee. The medical camp aimed at ensuring the well-being of prisoners through thorough health screenings. A joint team of doctors from Ghatshila Sub-Divisional Hospital and Dhalbhumgarh Hospital examined 30 inmates. From Ghatshila, doctors Dr. R.N. Soren, Dr. Uday Prakash, Dr. Namita Jha, and Dr. Neelima Tigga provided their services. Meanwhile, Dr. Samay Kumar Hembram and Binay Krishna Pramanik from Dhalbhumgarh Hospital, along with ANMs Richa Kumari and Samita Kerketta, actively contributed. The camp saw the presence of Ghatshila sub-jail managers Satyendra Kumar and Sudipta Sinha, ensuring smooth coordination. The Legal Services Committee panel advocate Sunil Kumar Sheet, court staff members Salkhan Tudu and Bhushan Chandra Manki, along with para-legal volunteer Kanchan Kar, extended their support during the event. Such initiatives align with efforts to provide healthcare access to marginalized sections, including prisoners. Health check-ups of inmates are vital to identify underlying conditions and ensure timely treatment. This collaborative effort highlights the role of legal and medical authorities in safeguarding the health and rights of inmates within correctional facilities.",,Town Post,0,yes,https://townpost.in/2024/12/15/health-check-up-camp-organized-for-prisoners-at-ghatshila-jail/,,,7,1,Initial labelled,1976,Mass screening,"Health Check-up Camp Organized for Prisoners at Ghatshila Jail - Town Post Joint effort of doctors ensures health services for 30 inmates Key Points: 30 inmates received health check-ups at Ghatshila sub-jail. Doctors from Ghatshila and Dhalbhumgarh hospitals participated. Legal Service Committee coordinated the health camp. GHATSHILA Ã¢â‚¬â€œ A health check-up camp was organized on Sunday at Ghatshila sub-jail under the directives of JHALSA Ranchi, facilitated by the Ghatshila Sub-Divisional Legal Services Committee. The medical camp aimed at ensuring the well-being of prisoners through thorough health screenings. A joint team of doctors from Ghatshila Sub-Divisional Hospital and Dhalbhumgarh Hospital examined 30 inmates. From Ghatshila, doctors Dr. R.N. Soren, Dr. Uday Prakash, Dr. Namita Jha, and Dr. Neelima Tigga provided their services. Meanwhile, Dr. Samay Kumar Hembram and Binay Krishna Pramanik from Dhalbhumgarh Hospital, along with ANMs Richa Kumari and Samita Kerketta, actively contributed. The camp saw the presence of Ghatshila sub-jail managers Satyendra Kumar and Sudipta Sinha, ensuring smooth coordination. The Legal Services Committee panel advocate Sunil Kumar Sheet, court staff members Salkhan Tudu and Bhushan Chandra Manki, along with para-legal volunteer Kanchan Kar, extended their support during the event. Such initiatives align with efforts to provide healthcare access to marginalized sections, including prisoners. Health check-ups of inmates are vital to identify underlying conditions and ensure timely treatment. This collaborative effort highlights the role of legal and medical authorities in safeguarding the health and rights of inmates within correctional facilities."
Rheumatic Heart Disease: Easing the Burden in Cape Verde - Mass General Giving,"For Oyere Onuma, MD, easing the burden of heart disease around the world has always been at the forefront of her work. Ã¢â‚¬Å“The biggest driving passion for me is that heart disease is the leading cause of death globally,Ã¢â‚¬Â she says. Ã¢â‚¬Å“It disproportionately affects individuals in low-and middle-income countries, making up 75% of all heart disease related deaths worldwide.Ã¢â‚¬Â Dr. Onuma is the founding director of the Global Cardiovascular Health Program at Massachusetts General Hospital. The Program aims to collaborate with clinical partners in low- and middle- income countries around the world to support improved access to cardiovascular care and reduce the burden of heart disease. It leverages Mass GeneralÃ¢â‚¬â„¢s clinical, training and research infrastructure to offer a pathway to train more cardiologists in their home countries to deliver high-quality care, expand research opportunities and advocate for eliminating barriers to accessing healthcare. A Passion for Health Equity Dr. Onuma is building a program she would have wanted to be a part of as a resident and fellow at Mass General when she arrived with a strong interest in global cardiovascular health. She is pursuing the very work she wrote about in her personal statement when applying for residency and constructing a pipeline of physicians and other health professionals to address cardiovascular health disparities across the globe. Ã¢â‚¬Å“The Global Cardiovascular Health Program allows us to combine Mass GeneralÃ¢â‚¬â„¢s excellency and innovation in clinical care, unmatched research portfolio and education resources,Ã¢â‚¬Â Dr. Onuma says. Ã¢â‚¬Å“We can leverage these things to address and advocate for this critical gap in heart disease care around the world, which leads to so many preventable deaths in resource-constrained regions.Ã¢â‚¬Â Dr. Onuma and her team work to bring resources and expertise to communities struggling with heart disease-related public health crises. Ã¢â‚¬Å“Our approach to this work is true, equal partnershi",,Mass General Giving,0,yes,https://giving.massgeneral.org/stories/rheumatic-heart-disease-easing-the-burden-in-cape-verde,,,1,1,Initial labelled,1977,Mass screening,"Rheumatic Heart Disease: Easing the Burden in Cape Verde - Mass General Giving For Oyere Onuma, MD, easing the burden of heart disease around the world has always been at the forefront of her work. Ã¢â‚¬Å“The biggest driving passion for me is that heart disease is the leading cause of death globally,Ã¢â‚¬Â she says. Ã¢â‚¬Å“It disproportionately affects individuals in low-and middle-income countries, making up 75% of all heart disease related deaths worldwide.Ã¢â‚¬Â Dr. Onuma is the founding director of the Global Cardiovascular Health Program at Massachusetts General Hospital. The Program aims to collaborate with clinical partners in low- and middle- income countries around the world to support improved access to cardiovascular care and reduce the burden of heart disease. It leverages Mass GeneralÃ¢â‚¬â„¢s clinical, training and research infrastructure to offer a pathway to train more cardiologists in their home countries to deliver high-quality care, expand research opportunities and advocate for eliminating barriers to accessing healthcare. A Passion for Health Equity Dr. Onuma is building a program she would have wanted to be a part of as a resident and fellow at Mass General when she arrived with a strong interest in global cardiovascular health. She is pursuing the very work she wrote about in her personal statement when applying for residency and constructing a pipeline of physicians and other health professionals to address cardiovascular health disparities across the globe. Ã¢â‚¬Å“The Global Cardiovascular Health Program allows us to combine Mass GeneralÃ¢â‚¬â„¢s excellency and innovation in clinical care, unmatched research portfolio and education resources,Ã¢â‚¬Â Dr. Onuma says. Ã¢â‚¬Å“We can leverage these things to address and advocate for this critical gap in heart disease care around the world, which leads to so many preventable deaths in resource-constrained regions.Ã¢â‚¬Â Dr. Onuma and her team work to bring resources and expertise to communities"
Tunisia Country Brief - UNICEF,"Highlights Country Context Tunisia is a country in North Africa, located between Algeria and Libya. Similar to other emerging countries in the South and Eastern Mediterranean, the country is undergoing rapid demographic and epidemiological change. The Tunisian health system, managed mainly by the Ministry of Health and its 24 regional directorates, is made up of a public sector, a private sector and a para-public sector. The public health sector comprises three lines of care: the first line consists of basic health groups, basic health centres (CSB) and district hospitals; the second line comprises regional hospitals, generally located in the main towns of the governorates; and the third line involves university hospitals and specialist centres. Over the last few decades, Tunisia has achieved remarkable results in terms of public health campaigns and programmes and health system performance. More specifically, three major reforms have shaped the health system and contributed to these results: the reform of basic health care in 1979, the reform of public health establishments in 1991, and the reform of the National Health Insurance Fund in 2004. However, despite these reforms, there are still major regional imbalances in terms of the distribution of human resources as well as accessibility problems. Notable public health campaigns include mass screening campaigns to combat tuberculosis in 1956, the Bacillus Calmette-GuÃƒÂ©rin vaccination programme launched in 1979, and public health programmes to combat HIV/AIDS and malaria. Furthermore, in 2011, family medicine (FM) was defined as a strategic priority in Tunisia. This orientation resulted in the establishment of a vision aimed at promoting FM, including the integration of a dedicated sector within the framework of health coverage, the creation of a FM college, the reform of medical studies in 2011 as well as the placement of focal points at various levels of the health system.  Overview of Community Health In ",,UNICEF,0,yes,https://www.unicef.org/mena/reports/tunisia-country-brief,,,1,1,Initial labelled,1978,Mass screening,"Tunisia Country Brief - UNICEF Highlights Country Context Tunisia is a country in North Africa, located between Algeria and Libya. Similar to other emerging countries in the South and Eastern Mediterranean, the country is undergoing rapid demographic and epidemiological change. The Tunisian health system, managed mainly by the Ministry of Health and its 24 regional directorates, is made up of a public sector, a private sector and a para-public sector. The public health sector comprises three lines of care: the first line consists of basic health groups, basic health centres (CSB) and district hospitals; the second line comprises regional hospitals, generally located in the main towns of the governorates; and the third line involves university hospitals and specialist centres. Over the last few decades, Tunisia has achieved remarkable results in terms of public health campaigns and programmes and health system performance. More specifically, three major reforms have shaped the health system and contributed to these results: the reform of basic health care in 1979, the reform of public health establishments in 1991, and the reform of the National Health Insurance Fund in 2004. However, despite these reforms, there are still major regional imbalances in terms of the distribution of human resources as well as accessibility problems. Notable public health campaigns include mass screening campaigns to combat tuberculosis in 1956, the Bacillus Calmette-GuÃƒÂ©rin vaccination programme launched in 1979, and public health programmes to combat HIV/AIDS and malaria. Furthermore, in 2011, family medicine (FM) was defined as a strategic priority in Tunisia. This orientation resulted in the establishment of a vision aimed at promoting FM, including the integration of a dedicated sector within the framework of health coverage, the creation of a FM college, the reform of medical studies in 2011 as well as the placement of focal points at various levels of the health system. Overvie"
"Mass Spectrometry Market Driving, Insights and Advancing Research and Diagnostics | Exactitude Consultancy - GlobeNewswire","Luton, Bedfordshire, United Kingdom, Dec. 12, 2024 (GLOBE NEWSWIRE) -- Mass spectrometry is an essential analytical tool widely utilized for identifying and quantifying chemical compositions in various research-driven industries. Its application spans across key sectors such as biotechnology, pharmaceuticals, environmental science, materials science, and quality control testing. The technology provides detailed insights into molecular structures, electronic configurations, crystallinity, and optical properties, making it indispensable for research laboratories, environmental testing, and industrial quality assurance. Access PDF Sample Report (Including Graphs, Charts & Figures) @ https://www.exactitudeconsultancy.com/reports/28915/mass-spectrometry-market/#request-a-sample Diverse Applications Across Industries Mass spectrometry instruments cater to multiple end-user needs with their precision and versatility. Notable types include: Electrospray Ionization Mass Spectrometry (ESI-MS): Used extensively in proteomics and peptide analysis. Used extensively in proteomics and peptide analysis. Matrix-Assisted Laser Desorption/Ionization (MALDI-MS): Vital for biochemical research and testing. Vital for biochemical research and testing. Gas Chromatography-Mass Spectrometry (GC-MS) & Liquid Chromatography-Mass Spectrometry (LC-MS): Preferred in environmental analysis, drug detection, and forensic science for their ability to analyze volatile and complex organic compounds. Preferred in environmental analysis, drug detection, and forensic science for their ability to analyze volatile and complex organic compounds. Time-of-Flight Mass Spectrometry (TOF-MS), Quadrupole, and Ion Trap MS: Efficient in handling a broad molecular weight range, providing enhanced resolution and accuracy in analyzing both polar and nonpolar compounds. These instruments, combined with advanced techniques, play a pivotal role in fields such as metabolomics, pharmaceuticals, and environmental saf",,GlobeNewswire,0,yes,https://www.globenewswire.com/news-release/2024/12/12/2996169/0/en/Mass-Spectrometry-Market-Driving-Insights-and-Advancing-Research-and-Diagnostics-Exactitude-Consultancy.html,,,1,1,Initial labelled,1979,Mass screening,"Mass Spectrometry Market Driving, Insights and Advancing Research and Diagnostics | Exactitude Consultancy - GlobeNewswire Luton, Bedfordshire, United Kingdom, Dec. 12, 2024 (GLOBE NEWSWIRE) -- Mass spectrometry is an essential analytical tool widely utilized for identifying and quantifying chemical compositions in various research-driven industries. Its application spans across key sectors such as biotechnology, pharmaceuticals, environmental science, materials science, and quality control testing. The technology provides detailed insights into molecular structures, electronic configurations, crystallinity, and optical properties, making it indispensable for research laboratories, environmental testing, and industrial quality assurance. Access PDF Sample Report (Including Graphs, Charts & Figures) @ https://www.exactitudeconsultancy.com/reports/28915/mass-spectrometry-market/#request-a-sample Diverse Applications Across Industries Mass spectrometry instruments cater to multiple end-user needs with their precision and versatility. Notable types include: Electrospray Ionization Mass Spectrometry (ESI-MS): Used extensively in proteomics and peptide analysis. Used extensively in proteomics and peptide analysis. Matrix-Assisted Laser Desorption/Ionization (MALDI-MS): Vital for biochemical research and testing. Vital for biochemical research and testing. Gas Chromatography-Mass Spectrometry (GC-MS) & Liquid Chromatography-Mass Spectrometry (LC-MS): Preferred in environmental analysis, drug detection, and forensic science for their ability to analyze volatile and complex organic compounds. Preferred in environmental analysis, drug detection, and forensic science for their ability to analyze volatile and complex organic compounds. Time-of-Flight Mass Spectrometry (TOF-MS), Quadrupole, and Ion Trap MS: Efficient in handling a broad molecular weight range, providing enhanced resolution and accuracy in analyzing both polar and nonpolar compounds. These instruments, combined w"
Diagnostic Imaging's Weekly Scan: December 8 Ã¢â‚¬â€ December 14 - Diagnostic Imaging,"Diagnostic Imaging's Weekly Scan is your chance to catch up on the latest radiology content, from new research and device news to the latest conference reports. Review the slideshow below to see this week's top content:",,Diagnostic Imaging,0,yes,http://www.diagnosticimaging.com/view/diagnostic-imaging-weekly-scan-december-8-december-14,,,1,1,Initial labelled,1980,Mass screening,"Diagnostic Imaging's Weekly Scan: December 8 Ã¢â‚¬â€ December 14 - Diagnostic Imaging Diagnostic Imaging's Weekly Scan is your chance to catch up on the latest radiology content, from new research and device news to the latest conference reports. Review the slideshow below to see this week's top content:"
"Cobalt Blue progresses refinery and feedstock plans, including black mass MOU - Proactive Investors USA",Not your computer? Use Guest mode to sign in privately. Learn more about using Guest mode,,Proactive Investors USA,0,yes,https://www.proactiveinvestors.com/companies/news/1062956/cobalt-blue-progresses-refinery-and-feedstock-plans-including-black-mass-mou-1062956.html,,,1,1,Initial labelled,1981,Mass screening,"Cobalt Blue progresses refinery and feedstock plans, including black mass MOU - Proactive Investors USA Not your computer? Use Guest mode to sign in privately. Learn more about using Guest mode"
Ã¢â‚¬Å“You never see him die on screenÃ¢â‚¬Â: Mike FlanaganÃ¢â‚¬â„¢s Original Plan for Midnight Mass Was a Lot Scarier That Set up Season 2 - imdb,Not your computer? Use Guest mode to sign in privately. Learn more about using Guest mode,,imdb,0,yes,https://www.imdb.com/news/ni65007166/?ref_=nm_nwr_1,,,2,1,Initial labelled,1982,Mass screening,Ã¢â‚¬Å“You never see him die on screenÃ¢â‚¬Â: Mike FlanaganÃ¢â‚¬â„¢s Original Plan for Midnight Mass Was a Lot Scarier That Set up Season 2 - imdb Not your computer? Use Guest mode to sign in privately. Learn more about using Guest mode
Mass. movie theater shut down by city due to rodent infestation - NBC Boston,"A rodent problem has shut down a popular movie theater in Methuen, Massachusetts. The city's health department is forcing the curtain call until the issue is addressed after a woman complained that a rat ran over her feet while she was watching a movie this past week. WATCH ANYTIME FOR FREE >Stream NBC10 Boston news for free, 24/7, wherever you are. The woman, who wants to remain anonymous, said she went to see a movie at the AMC Methuen 20 at The Loop shopping center last week when a rat she said was about the size of a cat ran through her popcorn that was on the ground and also ran over her feet. And now we're finding out she's not the only customer who's given the theater a bad review. Customers have complained online about heaping piles of trash, unemptied trash barrels and soda machines that looked like they haven't been cleaned for some time. Get updates on what's happening in Boston to your inbox. Sign up for our >News Headlines newsletter. A sign on the door of the theater and its website Tuesday read, ""We apologize for the inconvenience, but this theatre is temporarily closed."" NBC10 Boston A note on the door at the AMC Methuen 20 Tuesday, Dec. 10, 2024. In a statement, AMC said it was ""reviewing this situation with the theatre team and our vendor partners to ensure this does not happen again,"" noting they were ""working fervently to ensure all issues are fully resolved"" through deep cleaning and pest remediation. The theater was forced to close after the woman NBC10 Boston spoke with filed a complaint with the city's Health Department last week. She also posted on Facebook, saying, ""I went to see 'Wicked' at the AMC theater at The Loop in Methuen yesterday. Right in the middle of the big finale, a giant RAT; not mouse, ran through my popcorn on the floor and over my feet. Giant. I quietly lost my mind and grabbed all of my stuff and left."" A trip to see the movie ""Wicked"" took a turn in Danvers, Massachusetts, where a man was arrested for allegedl",,NBC Boston,0,yes,https://www.nbcboston.com/news/local/mass-movie-theater-shut-down-by-city-due-to-rodent-infestation/3573785/,,,3,1,Initial labelled,1983,Mass screening,"Mass. movie theater shut down by city due to rodent infestation - NBC Boston A rodent problem has shut down a popular movie theater in Methuen, Massachusetts. The city's health department is forcing the curtain call until the issue is addressed after a woman complained that a rat ran over her feet while she was watching a movie this past week. WATCH ANYTIME FOR FREE >Stream NBC10 Boston news for free, 24/7, wherever you are. The woman, who wants to remain anonymous, said she went to see a movie at the AMC Methuen 20 at The Loop shopping center last week when a rat she said was about the size of a cat ran through her popcorn that was on the ground and also ran over her feet. And now we're finding out she's not the only customer who's given the theater a bad review. Customers have complained online about heaping piles of trash, unemptied trash barrels and soda machines that looked like they haven't been cleaned for some time. Get updates on what's happening in Boston to your inbox. Sign up for our >News Headlines newsletter. A sign on the door of the theater and its website Tuesday read, ""We apologize for the inconvenience, but this theatre is temporarily closed."" NBC10 Boston A note on the door at the AMC Methuen 20 Tuesday, Dec. 10, 2024. In a statement, AMC said it was ""reviewing this situation with the theatre team and our vendor partners to ensure this does not happen again,"" noting they were ""working fervently to ensure all issues are fully resolved"" through deep cleaning and pest remediation. The theater was forced to close after the woman NBC10 Boston spoke with filed a complaint with the city's Health Department last week. She also posted on Facebook, saying, ""I went to see 'Wicked' at the AMC theater at The Loop in Methuen yesterday. Right in the middle of the big finale, a giant RAT; not mouse, ran through my popcorn on the floor and over my feet. Giant. I quietly lost my mind and grabbed all of my stuff and left."" A trip to see the movie ""Wicked"" took a tu"
"MilliporeSigma to Acquire HUB Organoids Holding B.V., Advancing Next Generation Biology Portfolio - BioSpace","HUB internationally recognized pioneer in organoid development Acquisition expands MilliporeSigmaÃ¢â‚¬â„¢s 2D and 3D cell culture portfolio Organoids part of fastest growing cell culture segment; hold potential to speed up drug development, reduce animal testing BURLINGTON, Mass.--(BUSINESS WIRE)--MilliporeSigma, the U.S. and Canada Life Science business of Merck KGaA, Darmstadt, Germany, announced that the Life Science business of Merck KGaA, Darmstadt, Germany has signed a definitive agreement with the intention to acquire HUB Organoids Holding B.V. (HUB). Organoids are cell culture models that functionally resemble an organ. They have the potential to speed up drug development, improve understanding of disease treatment in diverse populations, and reduce the industryÃ¢â‚¬â„¢s reliance on animal testing. HUB is a pioneer in the field of organoids. The company is based in Utrecht, Netherlands and employs some 70 people. Terms of the deal were not disclosed. The transaction is expected to close at the end of December 2024.     Ã¢â‚¬Å“HUBÃ¢â‚¬â„¢s leadership in organoids and services strengthen our already robust portfolio, underscoring our focus on the strategic innovation area of next-generation biology,Ã¢â‚¬Â said Jean-Charles Wirth, Head of Science & Lab Solutions for the Life Science business of Merck KGaA, Darmstadt, Germany. Ã¢â‚¬Å“For researchers working on novel approaches to treat todayÃ¢â‚¬â„¢s most challenging diseases, organoids offer critical insights into biologic systems. We look forward making it faster and easier for scientists to get from samples to solutions.Ã¢â‚¬Â HUB possesses the foundational patent portfolio on organoids and has a service offering ranging from new model generation to assay development and high-throughput screening. This adds to and enhances Merck KGaA, Darmstadt, GermanyÃ‚Â´s Life Science business portfolio of cell culture reagents, tools and benchtop instruments for academia, biotech, and pharma customers. HUBÃ¢â‚¬â„¢s technology enables drug developers to ",,BioSpace,0,yes,https://www.biospace.com/press-releases/milliporesigma-to-acquire-hub-organoids-holding-b-v-advancing-next-generation-biology-portfolio,,,3,1,Initial labelled,1984,Mass screening,"MilliporeSigma to Acquire HUB Organoids Holding B.V., Advancing Next Generation Biology Portfolio - BioSpace HUB internationally recognized pioneer in organoid development Acquisition expands MilliporeSigmaÃ¢â‚¬â„¢s 2D and 3D cell culture portfolio Organoids part of fastest growing cell culture segment; hold potential to speed up drug development, reduce animal testing BURLINGTON, Mass.--(BUSINESS WIRE)--MilliporeSigma, the U.S. and Canada Life Science business of Merck KGaA, Darmstadt, Germany, announced that the Life Science business of Merck KGaA, Darmstadt, Germany has signed a definitive agreement with the intention to acquire HUB Organoids Holding B.V. (HUB). Organoids are cell culture models that functionally resemble an organ. They have the potential to speed up drug development, improve understanding of disease treatment in diverse populations, and reduce the industryÃ¢â‚¬â„¢s reliance on animal testing. HUB is a pioneer in the field of organoids. The company is based in Utrecht, Netherlands and employs some 70 people. Terms of the deal were not disclosed. The transaction is expected to close at the end of December 2024.  Ã¢â‚¬Å“HUBÃ¢â‚¬â„¢s leadership in organoids and services strengthen our already robust portfolio, underscoring our focus on the strategic innovation area of next-generation biology,Ã¢â‚¬Â said Jean-Charles Wirth, Head of Science & Lab Solutions for the Life Science business of Merck KGaA, Darmstadt, Germany. Ã¢â‚¬Å“For researchers working on novel approaches to treat todayÃ¢â‚¬â„¢s most challenging diseases, organoids offer critical insights into biologic systems. We look forward making it faster and easier for scientists to get from samples to solutions.Ã¢â‚¬Â HUB possesses the foundational patent portfolio on organoids and has a service offering ranging from new model generation to assay development and high-throughput screening. This adds to and enhances Merck KGaA, Darmstadt, GermanyÃ‚Â´s Life Science business portfolio of cell cu"
AppleÃ¢â‚¬â„¢s foldable iPad is likely a test-bed for a future MacBook - 9to5Mac,"Bloomberg this weekend reported that Apple has made prototypes of a foldable iPad, and plans to release it in 2028. The device is said to open out into a screen with a size approaching 20 inches. The report is intriguing, because it describes a product that might seem almost as niche as Vision Pro, but it may be that Apple will launch it for similar reasons Ã¢â‚¬Â¦ A foldable iPad is a niche product Mark Gurman described the device as Ã¢â‚¬Å“a giant iPad.Ã¢â‚¬Â Apple designers are developing something akin to a giant iPad that unfolds into the size of two iPad Pros side-by-side. The Cupertino, California-based company has been honing the product for a couple of years now and is aiming to bring something to market around 2028, IÃ¢â‚¬â„¢m told. He suggests it will cost well over $2,000, and I think that could be a conservative estimate. My colleague Ryan Christoffel, who actually replaced a MacBook with an iPad, thinks it might just turn out to be his dream product. I have no doubt the device will find other fans too, but with a rather specialist appeal and a high price-tag, I canÃ¢â‚¬â„¢t see it being anything other than a niche product more akin to Vision Pro than anything else in AppleÃ¢â‚¬â„¢s product line-up. But itÃ¢â‚¬â„¢s likely a test-bed for a future MacBook However, Vision Pro demonstrated that Apple isnÃ¢â‚¬â„¢t afraid to launch a niche product when itÃ¢â‚¬â„¢s a stepping stone along the way to something more mainstream. CEO Tim Cook has been upfront about this of late. Ã¢â‚¬Å“At $3,500, itÃ¢â‚¬â„¢s not a mass-market product,Ã¢â‚¬Â Cook says. Ã¢â‚¬Å“Right now, itÃ¢â‚¬â„¢s an early-adopter product.Ã¢â‚¬Â Vision Pro is intended to lead the way toward a more affordable headset, and Ã¢â‚¬â€œ eventually Ã¢â‚¬â€œ to Apple Glasses. Similarly, a foldable iPad seems to lead the way to a product which Apple has been eyeing for many years: a MacBook with a soft keyboard. The Touch Bar was a first move in this direction, albeit not a successful one. Bringing iPhone-like flexibility to a MacBook When Steve Jobs unveiled the origi",,9to5Mac,0,yes,https://9to5mac.com/2024/12/17/apples-foldable-ipad-is-likely-a-test-bed-for-a-future-macbook/,,,4,1,Initial labelled,1985,Mass screening,"AppleÃ¢â‚¬â„¢s foldable iPad is likely a test-bed for a future MacBook - 9to5Mac Bloomberg this weekend reported that Apple has made prototypes of a foldable iPad, and plans to release it in 2028. The device is said to open out into a screen with a size approaching 20 inches. The report is intriguing, because it describes a product that might seem almost as niche as Vision Pro, but it may be that Apple will launch it for similar reasons Ã¢â‚¬Â¦ A foldable iPad is a niche product Mark Gurman described the device as Ã¢â‚¬Å“a giant iPad.Ã¢â‚¬Â Apple designers are developing something akin to a giant iPad that unfolds into the size of two iPad Pros side-by-side. The Cupertino, California-based company has been honing the product for a couple of years now and is aiming to bring something to market around 2028, IÃ¢â‚¬â„¢m told. He suggests it will cost well over $2,000, and I think that could be a conservative estimate. My colleague Ryan Christoffel, who actually replaced a MacBook with an iPad, thinks it might just turn out to be his dream product. I have no doubt the device will find other fans too, but with a rather specialist appeal and a high price-tag, I canÃ¢â‚¬â„¢t see it being anything other than a niche product more akin to Vision Pro than anything else in AppleÃ¢â‚¬â„¢s product line-up. But itÃ¢â‚¬â„¢s likely a test-bed for a future MacBook However, Vision Pro demonstrated that Apple isnÃ¢â‚¬â„¢t afraid to launch a niche product when itÃ¢â‚¬â„¢s a stepping stone along the way to something more mainstream. CEO Tim Cook has been upfront about this of late. Ã¢â‚¬Å“At $3,500, itÃ¢â‚¬â„¢s not a mass-market product,Ã¢â‚¬Â Cook says. Ã¢â‚¬Å“Right now, itÃ¢â‚¬â„¢s an early-adopter product.Ã¢â‚¬Â Vision Pro is intended to lead the way toward a more affordable headset, and Ã¢â‚¬â€œ eventually Ã¢â‚¬â€œ to Apple Glasses. Similarly, a foldable iPad seems to lead the way to a product which Apple has been eyeing for many years: a MacBook with a soft keyboard. The Touch Bar"
Single screen theatres in a fix post Pushpa 2Ã¢â‚¬â„¢s success | Mint - Mint,"After the massive success of Allu Arjun-starrer Pushpa: The Rule-Part 2 , what next? ThatÃ¢â‚¬â„¢s the big worry for single-screen cinemas in the Hindi-speaking belt. The Hindi version of the Telugu action film alone has crossed the Ã¢â€šÂ¹500 crore mark, but single-screen cinema owners in north India are concerned that the box office bounty will peter out into another dry spell after a couple of weeks. Small-town theatres in the region donÃ¢â‚¬â„¢t have much to bank on after Pushpa 2, with the next mass-market commercial entertainer several months away. The big fear is that sustaining business will go back to being a challenge. Ã¢â‚¬Å“The success of Pushpa has been great news for every cinema in north India that has been struggling this year. Other than Stree 2, nothing has managed decent numbers for us, so this is like oxygen to the dying man,"" Bihar-based independent exhibitor Vishek Chauhan said. Ã¢â‚¬Å“However, after this, there is no guaranteed hit for us and the ride could go back to being dry and jumpy."" Chauhan is now placing bets on Salman Khan-starrerSikandar, which is scheduled for release on the Eid weekend in March. He added that there is a heavy appetite among small-town audiences for content at the right price, as evident in the success of films like Gadar 2, which also crossed the Ã¢â€šÂ¹500 crore mark last year. Advance bookings for the Hindi version of Pushpa 2 were stronger in single screens than in multiplexes. Ã¢â‚¬Å“There is no debate on whether single screens can still sustain business,"" Chauhan said. Ã¢â‚¬Å“People come when the right film arrives. The issue is there is a disconnect with content in single-screen theatres, just as there is a disconnect with pricing in multiplexes."" He was referring to the fact that Bollywood rarely comes up with content that resonates with small-town audiences anymore. Ã¢â‚¬ËœWorstÃ¢â‚¬â„¢ year for business Pranav Garg, managing director at Maya Palace, a two-screen cinema in Muzaffarnagar, said 2024 was one of the worst years for the film busin",,Mint,0,yes,https://www.livemint.com/industry/media/singlescreen-theatres-pushpa-2-box-office-allu-arjun-salman-khan-movies-bollywood-11734417504220.html,,,4,1,Initial labelled,1986,Mass screening,"Single screen theatres in a fix post Pushpa 2Ã¢â‚¬â„¢s success | Mint - Mint After the massive success of Allu Arjun-starrer Pushpa: The Rule-Part 2 , what next? ThatÃ¢â‚¬â„¢s the big worry for single-screen cinemas in the Hindi-speaking belt. The Hindi version of the Telugu action film alone has crossed the Ã¢â€šÂ¹500 crore mark, but single-screen cinema owners in north India are concerned that the box office bounty will peter out into another dry spell after a couple of weeks. Small-town theatres in the region donÃ¢â‚¬â„¢t have much to bank on after Pushpa 2, with the next mass-market commercial entertainer several months away. The big fear is that sustaining business will go back to being a challenge. Ã¢â‚¬Å“The success of Pushpa has been great news for every cinema in north India that has been struggling this year. Other than Stree 2, nothing has managed decent numbers for us, so this is like oxygen to the dying man,"" Bihar-based independent exhibitor Vishek Chauhan said. Ã¢â‚¬Å“However, after this, there is no guaranteed hit for us and the ride could go back to being dry and jumpy."" Chauhan is now placing bets on Salman Khan-starrerSikandar, which is scheduled for release on the Eid weekend in March. He added that there is a heavy appetite among small-town audiences for content at the right price, as evident in the success of films like Gadar 2, which also crossed the Ã¢â€šÂ¹500 crore mark last year. Advance bookings for the Hindi version of Pushpa 2 were stronger in single screens than in multiplexes. Ã¢â‚¬Å“There is no debate on whether single screens can still sustain business,"" Chauhan said. Ã¢â‚¬Å“People come when the right film arrives. The issue is there is a disconnect with content in single-screen theatres, just as there is a disconnect with pricing in multiplexes."" He was referring to the fact that Bollywood rarely comes up with content that resonates with small-town audiences anymore. Ã¢â‚¬ËœWorstÃ¢â‚¬â„¢ year for business Pranav Garg, managing direc"
RTA launches 'Travel Behaviour Survey - Screening Questionnaire' - Emirates News Agency,,,Emirates News Agency,0,yes,https://www.wam.ae/en/article/hszrg7h8-rta-launches-travel-behaviour-survey-screening,,,4,1,Initial labelled,1987,Neonatal screening,RTA launches 'Travel Behaviour Survey - Screening Questionnaire' - Emirates News Agency 
Nottingham: Neonatal unit opens after Ã‚Â£32m redevelopment - BBC.com,"Amy and Will Wood's daughter India was born 14 weeks premature at the QMC last year. They said the new facilities would make treatment more comfortable for families going through similar situations. ""It's fantastic - just the amount of space, how bright it is, [and] little things like having your own chairs,"" said Mr Wood. ""Before it would be a little bit like musical chairs first thing in the morning."" Ms Wood added: ""In the [old] bay you could hear everyone else's ward rounds, just because you were so close. ""I think it will be a lot better."" Anthony May, NUH chief executive, said the new unit was part of efforts by the trust to improve maternity services, which are currently subject of the largest inquiry of its kind in NHS history. ""We've got a lot more to do, but hopefully this new facility demonstrates what we can do when we are at our best,"" he said. ""It absolutely matters that we get the right people, with the right culture and attitudes, with the right training and facilities - it's all come together here.""",,BBC.com,0,yes,https://www.bbc.com/news/articles/cre7wll9dd4o,,,1,1,Initial labelled,1988,Neonatal screening,"Nottingham: Neonatal unit opens after Ã‚Â£32m redevelopment - BBC.com Amy and Will Wood's daughter India was born 14 weeks premature at the QMC last year. They said the new facilities would make treatment more comfortable for families going through similar situations. ""It's fantastic - just the amount of space, how bright it is, [and] little things like having your own chairs,"" said Mr Wood. ""Before it would be a little bit like musical chairs first thing in the morning."" Ms Wood added: ""In the [old] bay you could hear everyone else's ward rounds, just because you were so close. ""I think it will be a lot better."" Anthony May, NUH chief executive, said the new unit was part of efforts by the trust to improve maternity services, which are currently subject of the largest inquiry of its kind in NHS history. ""We've got a lot more to do, but hopefully this new facility demonstrates what we can do when we are at our best,"" he said. ""It absolutely matters that we get the right people, with the right culture and attitudes, with the right training and facilities - it's all come together here."""
UP work is instrumental to the world of hearing - MSN,,,MSN,1,yes,https://www.msn.com/en-za/news/other/up-work-is-instrumental-to-the-world-of-hearing/ar-AA1vZNYC,,,1,1,Initial labelled,1989,Neonatal screening,UP work is instrumental to the world of hearing - MSN 
External debt and current account deficit of Romania rises in 2024 - Business Review,Not your computer? Use Guest mode to sign in privately. Learn more about using Guest mode,,Business Review,0,yes,https://business-review.eu/money/finance/romanias-external-debt-and-current-account-deficit-rise-in-2024-277120,,,2,1,Initial labelled,1990,Prenatal screening,External debt and current account deficit of Romania rises in 2024 - Business Review Not your computer? Use Guest mode to sign in privately. Learn more about using Guest mode
Prenatal echocardiographic diagnosis of a discontinuous left pulmonary artery with TaussigÃ¢â‚¬â€œBing syndrome: a case report and literature review - Frontiers,"Conclusions: UPAD is characterized by discontinuity between the proximal and distal pulmonary arteries, along with a ductal origin of the distal pulmonary artery. A discontinuous pulmonary artery originating from the ductus can be detected on prenatal sonography using ultrasound technology. The aim is to detect malformations earlier and carry out the necessary intervention measures as soon as possible. Case presentation: A pregnant woman with a fetus with congenital heart disease (CHD) at 23 weeks gestation was referred to our center. She denied any familial history of genetic disorders in either spouse, and non-invasive prenatal testing (NIPT) also showed a low risk of CHD for the fetus. An ultrasound examination revealed a complex cardiac malformation indicative of left pulmonary artery discontinuity originating from the ductus arteriosus with TaussigÃ¢â‚¬â€œBing syndrome. The family eventually chose to terminate the pregnancy and agreed to an autopsy, which confirmed that the prenatal echocardiographic diagnosis was correct. In addition, in this report, we review and analyze 17 reported cases of prenatal echocardiographic diagnoses of UPAD. Background: Unilateral pulmonary artery discontinuity (UPAD) is a rare fetal abnormality, for which a prenatal ultrasonographic diagnosis remains challenging. We report a case of left pulmonary artery discontinuity in association with TaussigÃ¢â‚¬â€œBing syndrome, which has rarely been reported in the literature thus far. Case presentation A 31-year-old woman with a fetus with congenital heart disease (CHD) at 23 gestational weeks was referred to our hospital. She denied any history of non-steroidal anti-inflammatory drug (NSAID) use during the pregnancy, exposure to toxins or radiation, familial history of genetic disorders in either spouse, or congenital heart disease. Non-invasive prenatal testing (NIPT) also showed a low risk of CHD for the fetus. The fetal echocardiogram revealed an apparent ventricular septal defect (VSD) meas",,Frontiers,0,yes,https://www.frontiersin.org/articles/10.3389/fped.2024.1437500/full,,,1,1,Initial labelled,1991,"Prenatal screening,Non-invasive prenatal test","Prenatal echocardiographic diagnosis of a discontinuous left pulmonary artery with TaussigÃ¢â‚¬â€œBing syndrome: a case report and literature review - Frontiers Conclusions: UPAD is characterized by discontinuity between the proximal and distal pulmonary arteries, along with a ductal origin of the distal pulmonary artery. A discontinuous pulmonary artery originating from the ductus can be detected on prenatal sonography using ultrasound technology. The aim is to detect malformations earlier and carry out the necessary intervention measures as soon as possible. Case presentation: A pregnant woman with a fetus with congenital heart disease (CHD) at 23 weeks gestation was referred to our center. She denied any familial history of genetic disorders in either spouse, and non-invasive prenatal testing (NIPT) also showed a low risk of CHD for the fetus. An ultrasound examination revealed a complex cardiac malformation indicative of left pulmonary artery discontinuity originating from the ductus arteriosus with TaussigÃ¢â‚¬â€œBing syndrome. The family eventually chose to terminate the pregnancy and agreed to an autopsy, which confirmed that the prenatal echocardiographic diagnosis was correct. In addition, in this report, we review and analyze 17 reported cases of prenatal echocardiographic diagnoses of UPAD. Background: Unilateral pulmonary artery discontinuity (UPAD) is a rare fetal abnormality, for which a prenatal ultrasonographic diagnosis remains challenging. We report a case of left pulmonary artery discontinuity in association with TaussigÃ¢â‚¬â€œBing syndrome, which has rarely been reported in the literature thus far. Case presentation A 31-year-old woman with a fetus with congenital heart disease (CHD) at 23 gestational weeks was referred to our hospital. She denied any history of non-steroidal anti-inflammatory drug (NSAID) use during the pregnancy, exposure to toxins or radiation, familial history of genetic disorders in either spouse, or congenital heart diseas"
"Hereditary Testing Market Size, Growth Outlook 2025 Ã¢â‚¬â€œ 2034 - Global Market Insights","Hereditary Testing Market Size The global hereditary testing market size was valued at USD 7.6 billion in 2024 and is estimated to grow at 7.7% CAGR from 2025 to 2034. Hereditary testing, also known as genetic testing, involves analyzing an individual's DNA to identify changes or mutations in genes, chromosomes, or proteins that are inherited from parents.  To get key market trends Download Free Sample These tests are used to determine the likelihood of developing specific genetic disorders, confirm a suspected genetic condition, or understand the risk of passing a genetic disorder to offspring. The market is being propelled by a confluence of factors. The rising prevalence of genetic disorders and the growing awareness of their implications have heightened the demand for hereditary testing. For instance, according to the World Health Organization, genetic disorders and congenital abnormalities occur in approximately 2-5% of all live births. As individuals become more informed about their genetic predispositions, the need for proactive health measures has surged.  Hereditary Testing Market Report Attributes Report Attribute Details Base Year: 2024 Hereditary Testing Market Size in 2024: USD 7.6 Billion Forecast Period: 2025 - 2034 Forecast Period 2025 - 2034 CAGR: 7.7% 2034 Value Projection: USD 15.9 Billion Historical Data for: 2021 - 2023 No. of Pages: 130 Tables, Charts & Figures: 77 Segments covered: Disease Type, Technology, and Region Growth Drivers: Growing prevalence of hereditary diseases Advancements in genomic technologies Rising demand for personalized medicine Increasing adoption of non-invasive prenatal testing Pitfalls & Challenges: High cost of advanced genetic tests What are the growth opportunities in this market? Download Free Sample Additionally, advancements in genomic technologies have made testing more accessible and affordable, further fueling market growth. The integration of hereditary testing into routine healthcare, coupled with",,Global Market Insights,0,yes,https://www.gminsights.com/industry-analysis/hereditary-testing-market,,,1,2,Initial labelled,1992,Prenatal screening,"Hereditary Testing Market Size, Growth Outlook 2025 Ã¢â‚¬â€œ 2034 - Global Market Insights Hereditary Testing Market Size The global hereditary testing market size was valued at USD 7.6 billion in 2024 and is estimated to grow at 7.7% CAGR from 2025 to 2034. Hereditary testing, also known as genetic testing, involves analyzing an individual's DNA to identify changes or mutations in genes, chromosomes, or proteins that are inherited from parents. To get key market trends Download Free Sample These tests are used to determine the likelihood of developing specific genetic disorders, confirm a suspected genetic condition, or understand the risk of passing a genetic disorder to offspring. The market is being propelled by a confluence of factors. The rising prevalence of genetic disorders and the growing awareness of their implications have heightened the demand for hereditary testing. For instance, according to the World Health Organization, genetic disorders and congenital abnormalities occur in approximately 2-5% of all live births. As individuals become more informed about their genetic predispositions, the need for proactive health measures has surged. Hereditary Testing Market Report Attributes Report Attribute Details Base Year: 2024 Hereditary Testing Market Size in 2024: USD 7.6 Billion Forecast Period: 2025 - 2034 Forecast Period 2025 - 2034 CAGR: 7.7% 2034 Value Projection: USD 15.9 Billion Historical Data for: 2021 - 2023 No. of Pages: 130 Tables, Charts & Figures: 77 Segments covered: Disease Type, Technology, and Region Growth Drivers: Growing prevalence of hereditary diseases Advancements in genomic technologies Rising demand for personalized medicine Increasing adoption of non-invasive prenatal testing Pitfalls & Challenges: High cost of advanced genetic tests What are the growth opportunities in this market? Download Free Sample Additionally, advancements in genomic technologies have made testing more accessible and affordable, further fueling market gr"
Prenatal blood test can sometimes hint at cancer in moms-to-be - PinalCentral,Not your computer? Use Guest mode to sign in privately. Learn more about using Guest mode,,PinalCentral,0,yes,https://www.pinalcentral.com/trivalley_dispatch/health_and_wellness/prenatal-blood-test-can-sometimes-hint-at-cancer-in-moms-to-be/article_40244b74-e0e3-54ef-82aa-1265b5140286.html,,,1,1,Initial labelled,1993,Prenatal screening,Prenatal blood test can sometimes hint at cancer in moms-to-be - PinalCentral Not your computer? Use Guest mode to sign in privately. Learn more about using Guest mode
Expecting a Child? HereÃ¢â‚¬â„¢s How TRICARE Covers Maternity Services - TRICARE Newsroom,"Recently learned youÃ¢â‚¬â„¢re expecting a baby? Congratulations! This is an exciting time for your family. But you may also have questions about how to get care for yourself during and after your pregnancy. Ã¢â‚¬Å“Ã¢â‚¬ËœMaternity careÃ¢â‚¬â„¢ refers to the medical services related to pregnancy,Ã¢â‚¬Â said Jeannine Pickrell, RN, director of Disease Management & Population Health at the Defense Health Agency. Ã¢â‚¬Å“It includes care before and after you have your baby, treatment of complications, and breastfeeding support.Ã¢â‚¬Â TRICARE is here to help you get the care you need during pregnancy. As you get ready to welcome your child, hereÃ¢â‚¬â„¢s some information about how TRICARE covers maternity services. During your pregnancy If you think youÃ¢â‚¬â„¢re pregnant, make an appointment with your primary care doctor right away. This will help make sure you get regular prenatal care. Prenatal care is the care you receive during pregnancy, up until delivery. Prenatal checkups may include screenings and ultrasounds to monitor your babyÃ¢â‚¬â„¢s health and development. These checkups also allow you to ask questions and stay on track with your own health, since there can be many health changes during pregnancy. YouÃ¢â‚¬â„¢ll also use these visits to find out your due date and make a plan to deliver your baby. As outlined in the TRICARE Maternity Care Brochure, your rules for getting maternity care and delivering your baby are based on: Your TRICARE health plan Whether you live stateside or overseas These factors will determine the type of birthing facility you can use (military hospital, civilian hospital, birthing center, or planned home birth). You can decide if youÃ¢â‚¬â„¢ll have an obstetrician, family practice provider, or certified midwife deliver your baby. Your TRICARE plan will determine if you need referrals or pre-authorization for care. Keep in mind that you must see a TRICARE-authorized provider. There may be limitations on some services overseas. During labor and delivery TRICARE covers medically ",,TRICARE Newsroom,0,yes,https://newsroom.tricare.mil/News/TRICARE-News/Article/3751623/expecting-a-child-heres-how-tricare-covers-maternity-services,,,2,1,Initial labelled,1994,Prenatal screening,"Expecting a Child? HereÃ¢â‚¬â„¢s How TRICARE Covers Maternity Services - TRICARE Newsroom Recently learned youÃ¢â‚¬â„¢re expecting a baby? Congratulations! This is an exciting time for your family. But you may also have questions about how to get care for yourself during and after your pregnancy. Ã¢â‚¬Å“Ã¢â‚¬ËœMaternity careÃ¢â‚¬â„¢ refers to the medical services related to pregnancy,Ã¢â‚¬Â said Jeannine Pickrell, RN, director of Disease Management & Population Health at the Defense Health Agency. Ã¢â‚¬Å“It includes care before and after you have your baby, treatment of complications, and breastfeeding support.Ã¢â‚¬Â TRICARE is here to help you get the care you need during pregnancy. As you get ready to welcome your child, hereÃ¢â‚¬â„¢s some information about how TRICARE covers maternity services. During your pregnancy If you think youÃ¢â‚¬â„¢re pregnant, make an appointment with your primary care doctor right away. This will help make sure you get regular prenatal care. Prenatal care is the care you receive during pregnancy, up until delivery. Prenatal checkups may include screenings and ultrasounds to monitor your babyÃ¢â‚¬â„¢s health and development. These checkups also allow you to ask questions and stay on track with your own health, since there can be many health changes during pregnancy. YouÃ¢â‚¬â„¢ll also use these visits to find out your due date and make a plan to deliver your baby. As outlined in the TRICARE Maternity Care Brochure, your rules for getting maternity care and delivering your baby are based on: Your TRICARE health plan Whether you live stateside or overseas These factors will determine the type of birthing facility you can use (military hospital, civilian hospital, birthing center, or planned home birth). You can decide if youÃ¢â‚¬â„¢ll have an obstetrician, family practice provider, or certified midwife deliver your baby. Your TRICARE plan will determine if you need referrals or pre-authorization for care. Keep in mind that you must see a"
A Non-Baseball Reason Jake Burger Is Thrilled To Be Joining Texas Rangers - Sports Illustrated,,,Sports Illustrated,0,yes,https://www.si.com/mlb/rangers/news/a-non-baseball-reason-jake-burger-is-thrilled-to-be-joining-texas-rangers,,,3,1,Initial labelled,1995,"Prenatal screening,Early detection,Early diagnosis",A Non-Baseball Reason Jake Burger Is Thrilled To Be Joining Texas Rangers - Sports Illustrated 
Chondrodysplasia Punctata: Early Diagnosis and Multidisciplinary Management of Conradi-HÃƒÂ¼nermann-Happle Syndrome (CDPX2) - Cureus,Not your computer? Use Guest mode to sign in privately. Learn more about using Guest mode,,Cureus,0,yes,https://www.cureus.com/articles/319144-chondrodysplasia-punctata-early-diagnosis-and-multidisciplinary-management-of-conradi-hnermann-happle-syndrome-cdpx2,,,3,3,Initial labelled,1996,Prenatal screening,Chondrodysplasia Punctata: Early Diagnosis and Multidisciplinary Management of Conradi-HÃƒÂ¼nermann-Happle Syndrome (CDPX2) - Cureus Not your computer? Use Guest mode to sign in privately. Learn more about using Guest mode
Colorectal Cancer Screening Market Future Business - openPR,"Colorectal Cancer Screening Market Future Business Opportunities 2024-2031 | Polymedco Inc., Eiken Chemical Co. Ltd., Sysmex Corporation, Siemens Healthineers AG https://www.coherentmarketinsights.com/insight/request-sample/5098 https://www.coherentmarketinsights.com/insight/buy-now/5098 https://www.coherentmarketinsights.com/insight/buy-now/5098 https://www.coherentmarketinsights.com Global colorectal cancer screening market is estimated to be valued at USD 15.44 Bn in 2024 and is expected to reach USD 24.95 Bn by 2031, exhibiting a compound annual growth rate (CAGR) of 7.1% from 2024 to 2031.The Latest research report on the Colorectal Cancer Screening Market 2024 provides a comprehensive analysis of the current market landscape, with forecasts extending to 2031. This study combines qualitative and quantitative insights to highlight significant market developments, challenges, competitive dynamics, and potential opportunities and trends shaping the Colorectal Cancer Screening Market. The report covers market size, recent trends, growth projections, market share, and development status. Additionally, it examines government policies, market dynamics, cost structures, and the competitive landscape. This research also evaluates the market's current standing and growth potential over the forecast period.The primary goal of this report is to offer readers a thorough market analysis to support the development of effective business growth strategies. It enables readers to assess the competitive landscape, understand their current market position, and make informed business decisions regarding Colorectal Cancer Screening. The report includes key market forecasts for variables like market size, production, revenue, consumption, CAGR, gross margin, and pricing. Compiled using leading primary and secondary research methods, the report encompasses multiple studies, including analyses of market dynamics, pricing, production and consumption, company profiles, and manufactur",,openPR,0,yes,https://www.openpr.com/news/3780486/colorectal-cancer-screening-market-future-business,,,3,1,Initial labelled,1997,Prenatal screening,"Colorectal Cancer Screening Market Future Business - openPR Colorectal Cancer Screening Market Future Business Opportunities 2024-2031 | Polymedco Inc., Eiken Chemical Co. Ltd., Sysmex Corporation, Siemens Healthineers AG https://www.coherentmarketinsights.com/insight/request-sample/5098 https://www.coherentmarketinsights.com/insight/buy-now/5098 https://www.coherentmarketinsights.com/insight/buy-now/5098 https://www.coherentmarketinsights.com Global colorectal cancer screening market is estimated to be valued at USD 15.44 Bn in 2024 and is expected to reach USD 24.95 Bn by 2031, exhibiting a compound annual growth rate (CAGR) of 7.1% from 2024 to 2031.The Latest research report on the Colorectal Cancer Screening Market 2024 provides a comprehensive analysis of the current market landscape, with forecasts extending to 2031. This study combines qualitative and quantitative insights to highlight significant market developments, challenges, competitive dynamics, and potential opportunities and trends shaping the Colorectal Cancer Screening Market. The report covers market size, recent trends, growth projections, market share, and development status. Additionally, it examines government policies, market dynamics, cost structures, and the competitive landscape. This research also evaluates the market's current standing and growth potential over the forecast period.The primary goal of this report is to offer readers a thorough market analysis to support the development of effective business growth strategies. It enables readers to assess the competitive landscape, understand their current market position, and make informed business decisions regarding Colorectal Cancer Screening. The report includes key market forecasts for variables like market size, production, revenue, consumption, CAGR, gross margin, and pricing. Compiled using leading primary and secondary research methods, the report encompasses multiple studies, including analyses of market dynamics, pricing, produ"
HealthWatch - KDRV,Not your computer? Use Guest mode to sign in privately. Learn more about using Guest mode,,KDRV,0,yes,https://www.kdrv.com/news/healthwatch/,,,3,1,Initial labelled,1998,Cancer screening,HealthWatch - KDRV Not your computer? Use Guest mode to sign in privately. Learn more about using Guest mode
How to Prepare for a Colonoscopy (and Why ItÃ¢â‚¬â„¢s So Important) - Essentia Health,"Content medically reviewed by Dr. Kimberly Kolkhorst If you're like most people, the idea of getting a colonoscopy doesn't sound like much fun. But it's an important part of taking care of yourself, and you might be surprised to find out that the process isn't as unpleasant as you might fear. By knowing how to prepare for a colonoscopy, you can help the procedure go smoothly while protecting your health. ""Colorectal cancer is the fourth most common type of cancer for both men and women, with the exception of skin cancer, and detecting it early can save lives,"" said Dr. Kimberly Kolkhorst, gastroenterologist at Essentia Health. ""While you might have heard negative things about the process of getting a colonoscopy, the reality is that for most people, the procedure is easier than they realize and brings peace of mind. Many patients tell me, after the procedure, that it was much easier than they were expecting and they are glad they had it done!"" Why Colonoscopies Are the Gold Standard Different tools are available for colorectal cancer screening. But most providers consider a colonoscopy to be the best option because itÃ¢â‚¬â„¢s the only one that not only detects abnormalities but also helps with preventing colon cancer by removing precancerous polyps at the time of the procedure. Almost all colorectal cancers begin as precancerous polyps, which are abnormal growths that can become cancer. During a colonoscopy, a gastroenterologist uses a thin, flexible tube with an attached camera to examine your rectum and colon, which make up most of your large intestine. If the provider sees any polyps, they can remove them, stopping potential cancer cells before they have a chance to grow. At Essentia Health, new technology allows for the detection of precancerous lesions in real-time. Additionally, colonoscopies are the most accurate tool for detection, identifying approximately 95% of all colorectal cancers. ""Other colorectal cancer screening options include testing your stoo",,Essentia Health,0,yes,https://www.essentiahealth.org/about/essentia-health-newsroom/cancer-how-to-prepare-for-a-colonoscopy-and-why-its-so-important,,,2,1,Initial labelled,1999,"Cancer screening,High-risk screening","How to Prepare for a Colonoscopy (and Why ItÃ¢â‚¬â„¢s So Important) - Essentia Health Content medically reviewed by Dr. Kimberly Kolkhorst If you're like most people, the idea of getting a colonoscopy doesn't sound like much fun. But it's an important part of taking care of yourself, and you might be surprised to find out that the process isn't as unpleasant as you might fear. By knowing how to prepare for a colonoscopy, you can help the procedure go smoothly while protecting your health. ""Colorectal cancer is the fourth most common type of cancer for both men and women, with the exception of skin cancer, and detecting it early can save lives,"" said Dr. Kimberly Kolkhorst, gastroenterologist at Essentia Health. ""While you might have heard negative things about the process of getting a colonoscopy, the reality is that for most people, the procedure is easier than they realize and brings peace of mind. Many patients tell me, after the procedure, that it was much easier than they were expecting and they are glad they had it done!"" Why Colonoscopies Are the Gold Standard Different tools are available for colorectal cancer screening. But most providers consider a colonoscopy to be the best option because itÃ¢â‚¬â„¢s the only one that not only detects abnormalities but also helps with preventing colon cancer by removing precancerous polyps at the time of the procedure. Almost all colorectal cancers begin as precancerous polyps, which are abnormal growths that can become cancer. During a colonoscopy, a gastroenterologist uses a thin, flexible tube with an attached camera to examine your rectum and colon, which make up most of your large intestine. If the provider sees any polyps, they can remove them, stopping potential cancer cells before they have a chance to grow. At Essentia Health, new technology allows for the detection of precancerous lesions in real-time. Additionally, colonoscopies are the most accurate tool for detection, identifying approximately 95% of all colo"
Study Supports HPV Self-Testing for Cervical Cancer Screening - HealthDay,"TUESDAY, Dec. 17, 2024 (HealthDay News) -- A self-administered test can help empower women in identifying risks for cervical cancer. A new study published Dec. 12 in the journal PLOS Medicine shows the self-test for human papillomavirus (HPV) infection accurately identified women who either had cervical cancer or precancerous cells in their cervix. ""About 40% of women in our high-risk group had been diagnosed with the severe cervical precancer or cancer that requires treatment,Ã¢â‚¬Â said lead researcher Jiayao Lei, an assistant professor of medical epidemiology and biostatistics at the Karolinska Institute in Sweden. Ã¢â‚¬Å“Therefore, our recommendation for the future is that this group be referred directly for further investigation with colposcopy [a medical procedure typically performed following abnormal Pap smear results],"" Lei added in an institute news release. These results come roughly a week after a leading panel of preventive medicine experts decided to recommend that women 30 and older should have the option of collecting their own vaginal samples for testing, in lieu of a complete pelvic exam. Ã¢â‚¬Å“Women who would be more comfortable collecting their HPV test sample themselves can now do so,Ã¢â‚¬Â Dr. Esa Davis, a member of the U.S. Preventive Services Task Force (USPSTF), said in a release announcing the new guidance. Ã¢â‚¬Å“We hope that this new, effective option helps even more women get screened regularly.Ã¢â‚¬Â The USPSTF guidance follows the U.S. Food and Drug Administration's approval of a self-testing kit for cervical cancer last May. That test should be repeated every five years from age 30 until 65, when most women can stop screening, the task force said. For the new study, researchers analyzed data from 855 women with a positive HPV self-test. They then sorted the women into high-, medium- or low-risk groups based on the type of HPV they had and how much virus was present in their self-test. They found that a little more than 8% of these women had eithe",,HealthDay,1,yes,https://www.healthday.com/health-news/cancer/study-supports-hpv-self-testing-for-cervical-cancer-screening,,,1,2,Initial labelled,2000,Cancer screening,"Study Supports HPV Self-Testing for Cervical Cancer Screening - HealthDay TUESDAY, Dec. 17, 2024 (HealthDay News) -- A self-administered test can help empower women in identifying risks for cervical cancer. A new study published Dec. 12 in the journal PLOS Medicine shows the self-test for human papillomavirus (HPV) infection accurately identified women who either had cervical cancer or precancerous cells in their cervix. ""About 40% of women in our high-risk group had been diagnosed with the severe cervical precancer or cancer that requires treatment,Ã¢â‚¬Â said lead researcher Jiayao Lei, an assistant professor of medical epidemiology and biostatistics at the Karolinska Institute in Sweden. Ã¢â‚¬Å“Therefore, our recommendation for the future is that this group be referred directly for further investigation with colposcopy [a medical procedure typically performed following abnormal Pap smear results],"" Lei added in an institute news release. These results come roughly a week after a leading panel of preventive medicine experts decided to recommend that women 30 and older should have the option of collecting their own vaginal samples for testing, in lieu of a complete pelvic exam. Ã¢â‚¬Å“Women who would be more comfortable collecting their HPV test sample themselves can now do so,Ã¢â‚¬Â Dr. Esa Davis, a member of the U.S. Preventive Services Task Force (USPSTF), said in a release announcing the new guidance. Ã¢â‚¬Å“We hope that this new, effective option helps even more women get screened regularly.Ã¢â‚¬Â The USPSTF guidance follows the U.S. Food and Drug Administration's approval of a self-testing kit for cervical cancer last May. That test should be repeated every five years from age 30 until 65, when most women can stop screening, the task force said. For the new study, researchers analyzed data from 855 women with a positive HPV self-test. They then sorted the women into high-, medium- or low-risk groups based on the type of HPV they had and how much virus was "
Blood Test May Reduce Unnecessary Prostate Cancer Biopsies - Feinberg News Center,"Adam B. Murphy, MD, MBA, Ã¢â‚¬Ëœ14 MS, Ã¢â‚¬Ëœ10 GME, the Distinguished Professor of Health Equity Research in Urology, was a lead-author of the study published in the Journal of Clinical Oncology. A new blood test may help reduce unnecessary prostate biopsies and can detect prostate cancer with similar sensitivity to standard screening in patients across racial and ethnic groups, according to a recent multi-center trial published in the Journal of Clinical Oncology. Adam B. Murphy, MD, MBA, Ã¢â‚¬Ëœ14 MSCI, Ã¢â‚¬Ëœ10 GME, the Distinguished Professor of Health Equity Research in Urology, was a lead author of the study and the principal investigator of the U.S. clinical site. Prostate cancer is currently the second-leading cause of death in men in the U.S. and one in eight men will be diagnosed with prostate cancer during their lifetimes, according to the Centers for Disease Control and Prevention. Men who are older, who have a family history of prostate cancer and are African American also have an up to 70 percent higher risk of developing prostate cancer, according to the American Cancer Society. Prostate cancer risk is typically determined by a digital rectal exam and biomarker screening such as the prostate-specific antigen (PSA) test, which measures levels of the PSA protein in the patientÃ¢â‚¬â„¢s blood, followed by a prostate biopsy. In the current study, Murphy and colleagues aimed to determine if a new blood test that determines prostate cancer risk, the Stockholm3 test, could improve prostate cancer detection in patient from different racial and ethnic groups in the U.S. and also reduce unnecessary prostate biopsies in patients with benign or low-grade prostate cancer. More than 2,100 patients from 17 clinical sites across the U.S. who underwent prostate biopsies were enrolled. Of the participants, 16 percent were Asian, 24 percent were Black or African American, 14 percent were Hispanic white, and 46 percent were non-Hispanic white. Ã¢â‚¬Å“The study recruited patients from 1",,Feinberg News Center,1,yes,https://news.feinberg.northwestern.edu/2024/12/16/blood-test-may-reduce-unnecessary-prostate-cancer-biopsies/,,,2,1,Initial labelled,2001,"Cancer screening,Early detection","Blood Test May Reduce Unnecessary Prostate Cancer Biopsies - Feinberg News Center Adam B. Murphy, MD, MBA, Ã¢â‚¬Ëœ14 MS, Ã¢â‚¬Ëœ10 GME, the Distinguished Professor of Health Equity Research in Urology, was a lead-author of the study published in the Journal of Clinical Oncology. A new blood test may help reduce unnecessary prostate biopsies and can detect prostate cancer with similar sensitivity to standard screening in patients across racial and ethnic groups, according to a recent multi-center trial published in the Journal of Clinical Oncology. Adam B. Murphy, MD, MBA, Ã¢â‚¬Ëœ14 MSCI, Ã¢â‚¬Ëœ10 GME, the Distinguished Professor of Health Equity Research in Urology, was a lead author of the study and the principal investigator of the U.S. clinical site. Prostate cancer is currently the second-leading cause of death in men in the U.S. and one in eight men will be diagnosed with prostate cancer during their lifetimes, according to the Centers for Disease Control and Prevention. Men who are older, who have a family history of prostate cancer and are African American also have an up to 70 percent higher risk of developing prostate cancer, according to the American Cancer Society. Prostate cancer risk is typically determined by a digital rectal exam and biomarker screening such as the prostate-specific antigen (PSA) test, which measures levels of the PSA protein in the patientÃ¢â‚¬â„¢s blood, followed by a prostate biopsy. In the current study, Murphy and colleagues aimed to determine if a new blood test that determines prostate cancer risk, the Stockholm3 test, could improve prostate cancer detection in patient from different racial and ethnic groups in the U.S. and also reduce unnecessary prostate biopsies in patients with benign or low-grade prostate cancer. More than 2,100 patients from 17 clinical sites across the U.S. who underwent prostate biopsies were enrolled. Of the participants, 16 percent were Asian, 24 percent were Black or African American, 14 percent wer"
Reducing Risk for Cervical Cancer - CDC,"Steps you can take Human papillomavirus (HPV) vaccine The HPV vaccine protects against the types of HPV that most often cause cervical, vaginal, and vulvar cancers. HPV vaccination is recommended for preteens aged 11 to 12 years, but can be given starting at age 9. HPV vaccination also is recommended for everyone through age 26 years, if they are not vaccinated already. HPV vaccination is not recommended for everyone older than age 26 years. However, some adults age 27 through 45 years who are not already vaccinated may decide to get the HPV vaccine after speaking with their doctor about their risk for new HPV infections and the possible benefits of vaccination. HPV vaccination in this age range provides less benefit, as more people have already been exposed to HPV. If vaccination is started before age 15, a two-dose schedule is recommended, with the doses given 6 to 12 months apart. For people who start the series after their 15th birthday, the vaccine is given in a series of three shots. HPV vaccination prevents new HPV infections, but does not treat existing infections or diseases. This is why the HPV vaccine works best when given before any exposure to HPV. You should get screened for cervical cancer regularly, even if you received an HPV vaccine. Screening tests Two screening tests can help find changes that could become precancer or cervical cancer: The Pap test (or Pap smear) looks for precancers, cell changes on the cervix that might become cervical cancer if they are not treated appropriately. The HPV test looks for the virus (human papillomavirus) that can cause these cell changes. Are you worried about the cost?Ã¢â‚¬Å½Ã¢â‚¬Å½ CDC offers free or low-cost cervical cancer screening tests through the National Breast and Cervical Cancer Early Detection Program. Find out if you qualify. More steps to help prevent cervical cancer These things may also help lower your risk for cervical cancer: Don't smoke. Use condoms during sex.* *HPV infection can occu",,CDC,0,yes,https://www.cdc.gov/cervical-cancer/prevention/index.html,,,2,2,Initial labelled,2002,Cancer screening,"Reducing Risk for Cervical Cancer - CDC Steps you can take Human papillomavirus (HPV) vaccine The HPV vaccine protects against the types of HPV that most often cause cervical, vaginal, and vulvar cancers. HPV vaccination is recommended for preteens aged 11 to 12 years, but can be given starting at age 9. HPV vaccination also is recommended for everyone through age 26 years, if they are not vaccinated already. HPV vaccination is not recommended for everyone older than age 26 years. However, some adults age 27 through 45 years who are not already vaccinated may decide to get the HPV vaccine after speaking with their doctor about their risk for new HPV infections and the possible benefits of vaccination. HPV vaccination in this age range provides less benefit, as more people have already been exposed to HPV. If vaccination is started before age 15, a two-dose schedule is recommended, with the doses given 6 to 12 months apart. For people who start the series after their 15th birthday, the vaccine is given in a series of three shots. HPV vaccination prevents new HPV infections, but does not treat existing infections or diseases. This is why the HPV vaccine works best when given before any exposure to HPV. You should get screened for cervical cancer regularly, even if you received an HPV vaccine. Screening tests Two screening tests can help find changes that could become precancer or cervical cancer: The Pap test (or Pap smear) looks for precancers, cell changes on the cervix that might become cervical cancer if they are not treated appropriately. The HPV test looks for the virus (human papillomavirus) that can cause these cell changes. Are you worried about the cost?Ã¢â‚¬Å½Ã¢â‚¬Å½ CDC offers free or low-cost cervical cancer screening tests through the National Breast and Cervical Cancer Early Detection Program. Find out if you qualify. More steps to help prevent cervical cancer These things may also help lower your risk for cervical cancer: Don't smoke. Use condoms durin"
Cervical Cancer: US Task Force Endorses New Option for Screening - Healthline,"Share on Pinterest New cervical cancer screening guidelines from the U.S. Preventive Services Task Force include self-collection of HPV samples for females starting at age 30. Anchiy/Getty Images The U.S. Preventive Services Task Force released new draft guidelines for cervical cancer screening, including recommendations for three screening methods. For the first time, the new recommendations also include self-collection for HPV samples, which the Task Force states could help reduce barriers to care and improve screening access. Cervical cancer death rates in the U.S. are declining due to regular screening, but Black and Hispanic women still face disproportionately high risks. Cervical cancer continues to be a leading cause of disease-related death globally . In the United States, where regular screening for cervical cancer is widely available, mortality rates have fallen by 70% since the 1950s. Vaccination against HPV for children and adults is also highly encouraged. Most cervical cancer cases are caused by human papillomavirus (HPV), a sexually transmitted infection (STI). Current guidelines for cervical cancer screening recommend HPV testing every 5 years for females ages 30 to 65. For younger females ages 21 to 29, a Pap test every three years continues to be the gold standard for cervical cancer screening. On December 10, however, the U.S. Preventive Services Task Force (UPSTF) released a new draft recommendation for cervical cancer screening that includes three screening methods Ã¢â‚¬â€ HPV tests, Pap tests (cytology), and co-testing (Pap and HPV) Ã¢â‚¬â€ to help detect early signs of the disease. For the first time, UPSTF has also included self-collected HPV tests in its cervical cancer screening guidelines starting at age 30. Females can now collect their own samples using a swab, which UPSTF states yields just as accurate results as when a sample is collected by a clinician. UPSTF anticipates self-collection will increase screening rates among those who",,Healthline,1,yes,https://www.healthline.com/health-news/cervical-cancer-screening-hpv-testing-us-task-force,,,3,1,Initial labelled,2003,Cancer screening,"Cervical Cancer: US Task Force Endorses New Option for Screening - Healthline Share on Pinterest New cervical cancer screening guidelines from the U.S. Preventive Services Task Force include self-collection of HPV samples for females starting at age 30. Anchiy/Getty Images The U.S. Preventive Services Task Force released new draft guidelines for cervical cancer screening, including recommendations for three screening methods. For the first time, the new recommendations also include self-collection for HPV samples, which the Task Force states could help reduce barriers to care and improve screening access. Cervical cancer death rates in the U.S. are declining due to regular screening, but Black and Hispanic women still face disproportionately high risks. Cervical cancer continues to be a leading cause of disease-related death globally . In the United States, where regular screening for cervical cancer is widely available, mortality rates have fallen by 70% since the 1950s. Vaccination against HPV for children and adults is also highly encouraged. Most cervical cancer cases are caused by human papillomavirus (HPV), a sexually transmitted infection (STI). Current guidelines for cervical cancer screening recommend HPV testing every 5 years for females ages 30 to 65. For younger females ages 21 to 29, a Pap test every three years continues to be the gold standard for cervical cancer screening. On December 10, however, the U.S. Preventive Services Task Force (UPSTF) released a new draft recommendation for cervical cancer screening that includes three screening methods Ã¢â‚¬â€ HPV tests, Pap tests (cytology), and co-testing (Pap and HPV) Ã¢â‚¬â€ to help detect early signs of the disease. For the first time, UPSTF has also included self-collected HPV tests in its cervical cancer screening guidelines starting at age 30. Females can now collect their own samples using a swab, which UPSTF states yields just as accurate results as when a sample is collected by a clinician. UP"
Mobile mammography units are not cannibalizing facility-based breast cancer screening - Radiology Business,"Mobile mammography units are not cannibalizing facility-based breast cancer screening, according to new research from the Neiman Health Policy Institute. Such roving imaging vans have been posed as a way to reach more women in rural and underserved communities. However, their deployment could raise concern for those investing in imaging centers with higher overhead costs and potentially stricter regulatory oversight. Experts with the American College of Radiology-affiliated research outfit sought to better understand mobile mammo use, sharing their findings in the journal Clinical Breast Cancer [1]. They emphasized that these units appear to be reaching new patients, rather than stealing them away from local hospitals and imaging centers. Ã¢â‚¬Å“Our results show that mobile mammography is not cannibalizing facility-based mammography,Ã¢â‚¬Â Casey Pelzl, senior economic and health services analyst at the policy institute and lead researcher on the study, said in a statement shared Friday. Ã¢â‚¬Å“It provides additive access to breast cancer screening. WhatÃ¢â‚¬â„¢s more, it reaches women who might not otherwise get screened, and thus presents a complementary approach to facility-based mammography that may reduce access disparities and increase early detection of breast cancer."" For the study, researchers analyzed a 5% representative sample of fee-for-service Medicare claims spanning 2004 to 2021, extrapolating to represent the entire population covered by the program. Among more than 2.63 million screening eligible women, about 1.3 million (or 49.5%) had a mammogram during the study period. Of those, fewer than 5,000 (or 0.4%) did so via a mobile imaging unit. When controlling for various factors, women in low-income communities were 41% more likely to use mobile mammography versus those living in above-average economic conditions. Those in rural geographies were 210% more likely compared to urban areas, and 453% more so when comparing American Indians/native Alaskans to white wo",,Radiology Business,1,yes,https://radiologybusiness.com/topics/healthcare-management/medical-practice-management/mobile-mammography-units-are-not-cannibalizing-facility-based-breast-cancer-screening,,,3,1,Initial labelled,2004,Cancer screening,"Mobile mammography units are not cannibalizing facility-based breast cancer screening - Radiology Business Mobile mammography units are not cannibalizing facility-based breast cancer screening, according to new research from the Neiman Health Policy Institute. Such roving imaging vans have been posed as a way to reach more women in rural and underserved communities. However, their deployment could raise concern for those investing in imaging centers with higher overhead costs and potentially stricter regulatory oversight. Experts with the American College of Radiology-affiliated research outfit sought to better understand mobile mammo use, sharing their findings in the journal Clinical Breast Cancer [1]. They emphasized that these units appear to be reaching new patients, rather than stealing them away from local hospitals and imaging centers. Ã¢â‚¬Å“Our results show that mobile mammography is not cannibalizing facility-based mammography,Ã¢â‚¬Â Casey Pelzl, senior economic and health services analyst at the policy institute and lead researcher on the study, said in a statement shared Friday. Ã¢â‚¬Å“It provides additive access to breast cancer screening. WhatÃ¢â‚¬â„¢s more, it reaches women who might not otherwise get screened, and thus presents a complementary approach to facility-based mammography that may reduce access disparities and increase early detection of breast cancer."" For the study, researchers analyzed a 5% representative sample of fee-for-service Medicare claims spanning 2004 to 2021, extrapolating to represent the entire population covered by the program. Among more than 2.63 million screening eligible women, about 1.3 million (or 49.5%) had a mammogram during the study period. Of those, fewer than 5,000 (or 0.4%) did so via a mobile imaging unit. When controlling for various factors, women in low-income communities were 41% more likely to use mobile mammography versus those living in above-average economic conditions. Those in rural geographies were"
New cervical cancer screening guidelines: What practitioners needs to know - Contemporary Obgyn,"In a recent interview with Contemporary OB/GYN, Jessica Shepherd, MD, discussed the new cervical cancer screening recommendations issued by the US Preventive Services Task Force (USPSTF), explaining their implications for improving patient outcomes and addressing health disparities. The USPSTF recommendations now provide age-specific guidelines for cervical cancer screening. Women aged 21 to 29 years are advised to undergo Pap tests every 3 years. For women aged 30 to 65 years, there are 3 screening options: co-testing with Pap and HPV testing every 5 years, Pap testing alone every 3 years, or HPV testing alone every 5 years. The flexibility of these options aims to enhance the effectiveness and accessibility of screening. According to Shepherd, combining Pap and HPV testing is highly effective at reducing cervical cancer rates and mortality, as cervical cancer is one of the most preventable cancers with regular screening. Shepherd highlighted the significant progress made in cervical cancer prevention because of these screening methods. Since the introduction of Pap tests, cervical cancer mortality rates have dropped by 70%. However, she underscored ongoing challenges, particularly in addressing racial and ethnic disparities. Black women are more than twice as likely to die from cervical cancer as White women, while Hispanic women are 40% more likely to die compared to their White counterparts. These disparities highlight the need for better education, community outreach, and tailored interventions to ensure equitable access to screening and care. Health care professionals play a crucial role in mitigating these disparities. Shepherd emphasized the importance of fostering strong patient-provider relationships and advocating for regular screening, particularly in vulnerable communities. Ob-gyns and other providers must actively educate patients on the benefits of co-testing and encourage adherence to screening schedules. Furthermore, health care systems need to",,Contemporary Obgyn,1,yes,https://www.contemporaryobgyn.net/view/new-cervical-cancer-screening-guidelines-what-practitioners-needs-to-know,,,4,1,Initial labelled,2005,"Cancer screening,High-risk screening","New cervical cancer screening guidelines: What practitioners needs to know - Contemporary Obgyn In a recent interview with Contemporary OB/GYN, Jessica Shepherd, MD, discussed the new cervical cancer screening recommendations issued by the US Preventive Services Task Force (USPSTF), explaining their implications for improving patient outcomes and addressing health disparities. The USPSTF recommendations now provide age-specific guidelines for cervical cancer screening. Women aged 21 to 29 years are advised to undergo Pap tests every 3 years. For women aged 30 to 65 years, there are 3 screening options: co-testing with Pap and HPV testing every 5 years, Pap testing alone every 3 years, or HPV testing alone every 5 years. The flexibility of these options aims to enhance the effectiveness and accessibility of screening. According to Shepherd, combining Pap and HPV testing is highly effective at reducing cervical cancer rates and mortality, as cervical cancer is one of the most preventable cancers with regular screening. Shepherd highlighted the significant progress made in cervical cancer prevention because of these screening methods. Since the introduction of Pap tests, cervical cancer mortality rates have dropped by 70%. However, she underscored ongoing challenges, particularly in addressing racial and ethnic disparities. Black women are more than twice as likely to die from cervical cancer as White women, while Hispanic women are 40% more likely to die compared to their White counterparts. These disparities highlight the need for better education, community outreach, and tailored interventions to ensure equitable access to screening and care. Health care professionals play a crucial role in mitigating these disparities. Shepherd emphasized the importance of fostering strong patient-provider relationships and advocating for regular screening, particularly in vulnerable communities. Ob-gyns and other providers must actively educate patients on the benefits of co-testi"
Negative Colonoscopy Screening Results and Risk for Colorectal Cancer and Mortality - The ASCO Post,"In a study reported in JAMA Oncology, Knudsen et al found evidence supporting the consideration of extending the rescreening intervals after a negative colonoscopy screening result beyond the currently recommended 10 years, particularly among individuals with a low-risk profile. Study Details The U.S. cohort study involved data from three prospective U.S. populationÃ¢â‚¬â€œbased cohorts from the NursesÃ¢â‚¬â„¢ Health Study, NursesÃ¢â‚¬â„¢ Health Study II, and Health Professionals Follow-up Study, with follow-up from 1988 and 1991 to 2020. Data from the National Health and Nutrition Examination Survey (NHANES) from the January 1, 2017, to December 31, 2018, cycle were used to compare risk profile distribution with that of the general U.S. population. Study Details A total of 195,453 participants (median age = 44 years at baseline; 81% female) were followed for a median of 12 years (interquartile range = 6Ã¢â‚¬â€œ20 years). Among 81,151 individuals with negative colonoscopy screening results, 394 developed colorectal cancer. and 167 died of it. Among 114,302 individuals without screening colonoscopy, 2,229 developed colorectal cancer, and 637 died of it. Negative colonoscopy screening results were consistently associated with a lower colorectal cancer incidence (hazard ratio [HR] = 0.51, 95% confidence interval [CI] = 0.44Ã¢â‚¬â€œ0.58) and colorectal cancer mortality (HR = 0.56, 95% CI = 0.46Ã¢â‚¬â€œ0.70) over 20 years of follow-up. Among individuals with negative colonoscopy screening results, the 10-year cumulative colorectal cancer incidence of 0.78% among individuals with high-risk scores was not reached until 16 years among those with intermediate-risk scores and 25 years among those with low-risk scores. The investigators concluded: Ã¢â‚¬Å“These findings provide evidence for shared decision-making between patients and physicians to consider extending the rescreening intervals after a [negative colonoscopy screening] result beyond the currently recommended 10 years, particularly for indivi",,The ASCO Post,1,yes,https://ascopost.com/news/december-2024/negative-colonoscopy-screening-results-and-risk-for-colorectal-cancer-and-mortality/,,,3,2,Initial labelled,2006,Cancer screening,"Negative Colonoscopy Screening Results and Risk for Colorectal Cancer and Mortality - The ASCO Post In a study reported in JAMA Oncology, Knudsen et al found evidence supporting the consideration of extending the rescreening intervals after a negative colonoscopy screening result beyond the currently recommended 10 years, particularly among individuals with a low-risk profile. Study Details The U.S. cohort study involved data from three prospective U.S. populationÃ¢â‚¬â€œbased cohorts from the NursesÃ¢â‚¬â„¢ Health Study, NursesÃ¢â‚¬â„¢ Health Study II, and Health Professionals Follow-up Study, with follow-up from 1988 and 1991 to 2020. Data from the National Health and Nutrition Examination Survey (NHANES) from the January 1, 2017, to December 31, 2018, cycle were used to compare risk profile distribution with that of the general U.S. population. Study Details A total of 195,453 participants (median age = 44 years at baseline; 81% female) were followed for a median of 12 years (interquartile range = 6Ã¢â‚¬â€œ20 years). Among 81,151 individuals with negative colonoscopy screening results, 394 developed colorectal cancer. and 167 died of it. Among 114,302 individuals without screening colonoscopy, 2,229 developed colorectal cancer, and 637 died of it. Negative colonoscopy screening results were consistently associated with a lower colorectal cancer incidence (hazard ratio [HR] = 0.51, 95% confidence interval [CI] = 0.44Ã¢â‚¬â€œ0.58) and colorectal cancer mortality (HR = 0.56, 95% CI = 0.46Ã¢â‚¬â€œ0.70) over 20 years of follow-up. Among individuals with negative colonoscopy screening results, the 10-year cumulative colorectal cancer incidence of 0.78% among individuals with high-risk scores was not reached until 16 years among those with intermediate-risk scores and 25 years among those with low-risk scores. The investigators concluded: Ã¢â‚¬Å“These findings provide evidence for shared decision-making between patients and physicians to consider extending the rescreeni"
Blood test offers new option for colon cancer screening - WIBW,,,WIBW,1,yes,https://www.wibw.com/video/2024/12/13/blood-test-offers-new-option-colon-cancer-screening/,,,5,1,Initial labelled,2007,Cancer screening,Blood test offers new option for colon cancer screening - WIBW 
Study Supports HPV Self-Testing for Cervical Cancer Screening - Citizentribune,Not your computer? Use Guest mode to sign in privately. Learn more about using Guest mode,,Citizentribune,0,yes,https://www.citizentribune.com/lifestyles/health/study-supports-hpv-self-testing-for-cervical-cancer-screening/article_bd264b68-d998-5499-ad60-6667e50bc474.html,,,5,1,Initial labelled,2008,Cancer screening,Study Supports HPV Self-Testing for Cervical Cancer Screening - Citizentribune Not your computer? Use Guest mode to sign in privately. Learn more about using Guest mode
Elacestrant Plus CDK4/6i May Optimize ESR1+ Breast Cancer Outcomes - Cancer Network,"Although elacestrant (Orserdu) is approved for patients with ESR1Ã¢â‚¬â€œposiitve breast cancer, elacestrant may optimize outcomes when combined with CDK4/6 inhibition in patients with estrogen receptorÃ¢â‚¬â€œpositive/HER2-negative breast cancer resistant to chemotherapy, according to Hope S. Rugo, MD. CancerNetworkÃ‚Â® spoke with Rugo, professor and director of Breast Oncology and Clinical Trials Education at the Helen Diller Family Comprehensive Cancer Center at the University of California San Francisco, about whether treatment with elacestrant plus abemaciclib (Verzenio) was associated with any specific patient subgroup benefit following a poster she presented at the 2024 San Antonio Breast Cancer Symposium (SABCS). Rugo began by explaining that her team would have to wait to see if an indication for elacestrant emerged outside of its approval in the aforementioned population, given the necessity for the drug in that indication. She subsequently posed a question as to how to use the agent in a combination not approved by the FDA or outlined in treatment guidelines. She expressed that an indication may have emerged, given a need for patients who have resisted chemotherapy, have had long responses with prior CDK4/6 inhibition and endocrine therapy, and have relatively limited metastatic disease and no end organ failure. Rugo then expressed that she considers CDK inhibition for this patient population, adding that combining CDK4/6 inhibition with selective estrogen receptor degraders (SERD), such as elacestrant, in patients with ESR1 mutations may work in this patient population. Pooled results from the phase 3 EMERALD Trial (NCT03778931) and phase 1b ELEVATE trial (NCT05563220) reveal that in all efficacy-evaluable patients (n = 27), the median progression-free survival (PFS) was 8.7 months, including an 8.7-month PFS observed in patients with ESR1-positivity. Furthermore, at the recommended phase 2 dose level of 345 mg daily of elacestrant plus 150 mg of abemaciclib (Ve",,Cancer Network,0,yes,https://www.cancernetwork.com/view/elacestrant-plus-cdk4-6i-may-optimize-esr1-breast-cancer-outcomes,,,5,1,Initial labelled,2009,Cancer screening,"Elacestrant Plus CDK4/6i May Optimize ESR1+ Breast Cancer Outcomes - Cancer Network Although elacestrant (Orserdu) is approved for patients with ESR1Ã¢â‚¬â€œposiitve breast cancer, elacestrant may optimize outcomes when combined with CDK4/6 inhibition in patients with estrogen receptorÃ¢â‚¬â€œpositive/HER2-negative breast cancer resistant to chemotherapy, according to Hope S. Rugo, MD. CancerNetworkÃ‚Â® spoke with Rugo, professor and director of Breast Oncology and Clinical Trials Education at the Helen Diller Family Comprehensive Cancer Center at the University of California San Francisco, about whether treatment with elacestrant plus abemaciclib (Verzenio) was associated with any specific patient subgroup benefit following a poster she presented at the 2024 San Antonio Breast Cancer Symposium (SABCS). Rugo began by explaining that her team would have to wait to see if an indication for elacestrant emerged outside of its approval in the aforementioned population, given the necessity for the drug in that indication. She subsequently posed a question as to how to use the agent in a combination not approved by the FDA or outlined in treatment guidelines. She expressed that an indication may have emerged, given a need for patients who have resisted chemotherapy, have had long responses with prior CDK4/6 inhibition and endocrine therapy, and have relatively limited metastatic disease and no end organ failure. Rugo then expressed that she considers CDK inhibition for this patient population, adding that combining CDK4/6 inhibition with selective estrogen receptor degraders (SERD), such as elacestrant, in patients with ESR1 mutations may work in this patient population. Pooled results from the phase 3 EMERALD Trial (NCT03778931) and phase 1b ELEVATE trial (NCT05563220) reveal that in all efficacy-evaluable patients (n = 27), the median progression-free survival (PFS) was 8.7 months, including an 8.7-month PFS observed in patients with ESR1-positivity. Furthermore, at the "
ctDNA at Baseline Linked With Larger Tumor Size and Residual Cancer Burden - Cancer Network,"Ultra-sensitive ctDNA testing identified ctDNA at baseline in patients with HRÃ¢â‚¬â€œpositive breast cancer, results from the PELOPS trial showed. In a presentation at the 2024 San Antonio Breast Cancer Symposium (SABCS), data from the phase 2 PELOPS investigational trial (NCT02764541) was shared that showed, in patients with primary hormone receptor (HR)Ã¢â‚¬â€œpositive early breast cancer, ultra-sensitive circulating tumor DNA (ctDNA) testing was able to locate ctDNA at baseline. The presence of ctDNA at baseline in the patient population was linked with a larger pathological tumor size and higher residual cancer burden (RCB) scores after neoadjuvant endocrine therapy. Persistent ctDNA after neoadjuvant endocrine therapy was associated with higher rates of recurrence, Albert Grinshpun, MD, MSc and colleagues noted in the poster presentation. Ã¢â‚¬Å“This study is the first investigation into the dynamics of ctDNA during neoadjuvant endocrine therapy using the Guardant Infinity platform,Ã¢â‚¬Â Albert Grinshpun and colleagues wrote in their poster. Ã¢â‚¬Å“Our findings suggest that ctDNA has the potential to provide valuable insights into tumor burden, sensitivity to endocrine therapy and the emergence of endocrine resistance mutations.Ã¢â‚¬Â Grinshpun is the Goldfarb Advanced Breast Cancer fellow at the Breast Oncology Center at Dana-Farber Cancer Institute in Boston. PELOPS Trial Design and Baseline Patient Characteristics The phase 2 PELOPS trial included 49 patients with stages I-III HRÃ¢â‚¬â€œpositive, HER2Ã¢â‚¬â€œnegative breast cancer and were randomized to receive either neoadjuvant endocrine therapy plus palbociclib (Ibrance) or neoadjuvant endocrine therapy alone. Of note, neoadjuvant endocrine therapy with or without palbociclib was administered for 6 months until surgery. Plasma samples were also collected at baseline and presurgery. A total of 98 plasma samples from 53 patients were analyzed with successful sequencing achieved in 94.9% (93 of 98 samples) of samples. At baseline and",,Cancer Network,0,yes,https://www.cancernetwork.com/view/ctdna-at-baseline-linked-with-larger-tumor-size-and-residual-cancer-burden,,,6,1,Initial labelled,2010,"Cancer screening,High-risk screening","ctDNA at Baseline Linked With Larger Tumor Size and Residual Cancer Burden - Cancer Network Ultra-sensitive ctDNA testing identified ctDNA at baseline in patients with HRÃ¢â‚¬â€œpositive breast cancer, results from the PELOPS trial showed. In a presentation at the 2024 San Antonio Breast Cancer Symposium (SABCS), data from the phase 2 PELOPS investigational trial (NCT02764541) was shared that showed, in patients with primary hormone receptor (HR)Ã¢â‚¬â€œpositive early breast cancer, ultra-sensitive circulating tumor DNA (ctDNA) testing was able to locate ctDNA at baseline. The presence of ctDNA at baseline in the patient population was linked with a larger pathological tumor size and higher residual cancer burden (RCB) scores after neoadjuvant endocrine therapy. Persistent ctDNA after neoadjuvant endocrine therapy was associated with higher rates of recurrence, Albert Grinshpun, MD, MSc and colleagues noted in the poster presentation. Ã¢â‚¬Å“This study is the first investigation into the dynamics of ctDNA during neoadjuvant endocrine therapy using the Guardant Infinity platform,Ã¢â‚¬Â Albert Grinshpun and colleagues wrote in their poster. Ã¢â‚¬Å“Our findings suggest that ctDNA has the potential to provide valuable insights into tumor burden, sensitivity to endocrine therapy and the emergence of endocrine resistance mutations.Ã¢â‚¬Â Grinshpun is the Goldfarb Advanced Breast Cancer fellow at the Breast Oncology Center at Dana-Farber Cancer Institute in Boston. PELOPS Trial Design and Baseline Patient Characteristics The phase 2 PELOPS trial included 49 patients with stages I-III HRÃ¢â‚¬â€œpositive, HER2Ã¢â‚¬â€œnegative breast cancer and were randomized to receive either neoadjuvant endocrine therapy plus palbociclib (Ibrance) or neoadjuvant endocrine therapy alone. Of note, neoadjuvant endocrine therapy with or without palbociclib was administered for 6 months until surgery. Plasma samples were also collected at baseline and presurgery. A total of 98 plasma samples "
Radiology Partners study unearths 3 common barriers to lung cancer screening - Radiology Business,"New research from Rad Partners practice affiliate Desert Radiology has unearthed three common barriers keeping patients from undergoing lung cancer screening. Numerous studies have charted poor adherence to low-dose CT, with uptake rates as low as 0.7% in some states. The Las Vegas-based practice and Mountain View Hospital aimed to better understand the reasons why. They administered a questionnaire to 300 high-risk patients in southern Nevada during their screening visits, sharing the results in Cancer Epidemiology [1]. Absence of symptoms (38%), not wishing to know that they have cancer (30%) and lack of awareness about their eligibility for imaging (24%) were the top 3 answers, RP experts noted. Ã¢â‚¬Å“The challenge is for physicians from both radiology and nonradiology specialties to find solutions to resolve these barriers and establish screening low-dose chest CT as the cornerstone for early detection of lung cancer in high-risk populations,Ã¢â‚¬Â lead author Sameer Rehman, MD, MBA, a cardiothoracic and interventional rad with Desert Radiology, and colleagues concluded. Ã¢â‚¬Å“Parallels are drawn to the progress that other cancer screening programs have shown in the several decades with the increased rates of enrollment, yet the screening for lung cancerÃ¢â‚¬â€with its prevalence and even greater mortalityÃ¢â‚¬â€remains in its infancy and requires equal attention as such impact would be resounding.Ã¢â‚¬Â RP researchers administered the study between August and February 2023, constructing the 12-item questionnaire based on previous literature related to LDCT barriers. The study population consisted of southern Nevadans between 50 to 77 who met screening criteria in Medicare Part B. Less common barriers included concerns relating to the test (17%), cost (17%) and fear of invasive procedures (11%). In the studyÃ¢â‚¬â„¢s discussion section, Rehman et al. emphasized that efforts should be focused on educating patients to clarify that the Ã¢â‚¬Å“tenet of screening begins with asymptomatic pa",,Radiology Business,1,yes,https://radiologybusiness.com/topics/healthcare-management/medical-practice-management/radiology-partners-study-unearths-3-common-barriers-lung-cancer-screening,,,3,2,Initial labelled,2011,Cancer screening,"Radiology Partners study unearths 3 common barriers to lung cancer screening - Radiology Business New research from Rad Partners practice affiliate Desert Radiology has unearthed three common barriers keeping patients from undergoing lung cancer screening. Numerous studies have charted poor adherence to low-dose CT, with uptake rates as low as 0.7% in some states. The Las Vegas-based practice and Mountain View Hospital aimed to better understand the reasons why. They administered a questionnaire to 300 high-risk patients in southern Nevada during their screening visits, sharing the results in Cancer Epidemiology [1]. Absence of symptoms (38%), not wishing to know that they have cancer (30%) and lack of awareness about their eligibility for imaging (24%) were the top 3 answers, RP experts noted. Ã¢â‚¬Å“The challenge is for physicians from both radiology and nonradiology specialties to find solutions to resolve these barriers and establish screening low-dose chest CT as the cornerstone for early detection of lung cancer in high-risk populations,Ã¢â‚¬Â lead author Sameer Rehman, MD, MBA, a cardiothoracic and interventional rad with Desert Radiology, and colleagues concluded. Ã¢â‚¬Å“Parallels are drawn to the progress that other cancer screening programs have shown in the several decades with the increased rates of enrollment, yet the screening for lung cancerÃ¢â‚¬â€with its prevalence and even greater mortalityÃ¢â‚¬â€remains in its infancy and requires equal attention as such impact would be resounding.Ã¢â‚¬Â RP researchers administered the study between August and February 2023, constructing the 12-item questionnaire based on previous literature related to LDCT barriers. The study population consisted of southern Nevadans between 50 to 77 who met screening criteria in Medicare Part B. Less common barriers included concerns relating to the test (17%), cost (17%) and fear of invasive procedures (11%). In the studyÃ¢â‚¬â„¢s discussion section, Rehman et al. emphasize"
Mobile mammography boosts screening in underserved communities - Medical Xpress,"This article has been reviewed according to Science X's editorial process and policies . Editors have highlighted the following attributes while ensuring the content's credibility: Credit: CC0 Public Domain A study by the Harvey L. Neiman Health Policy Institute demonstrates that mobile mammography is generally used by women otherwise unlikely to be screened, and thus is complementary to facility-based mammography rather than a substitute for it. Hence, mobile mammography could feasibly increase breast cancer screening rates, especially in traditionally underserved communities. This study, published in Clinical Breast Cancer, was based on 2.6 million women with Medicare fee-for-service insurance during the 2004Ã¢â‚¬â€œ2021 period. Breast cancer is the second leading cause of cancer deaths among women in the United States, making early detection an important step in reducing preventable morbidity and mortality. However, women can face significant hurdles when trying to access facilities that offer mammograms. ""We know that non-white women living in rural and underserved communities face the greatest barriers in accessing breast cancer screening facilities. Mobile mammography gives providers an avenue to reach those women who may benefit the most from annual breast cancer screening and early detection,"" explained Dr. Bhavika Patel, Professor of Radiology, Chair of Research and clinical breast radiologist at the Mayo Clinic Arizona. ""In fact, our past work examining trends in screening adherence among indigenous women in the western U.S. showed that rurality and community income play a significant role in declining rates of mammography utilization. We wanted to understand how mobile mammography might offer a way to increase screening rates among those who may not otherwise get breast cancer screening."" The researchers found that less than half (49.5%) of the women in the study had a mammogram at some point during the 17-year study period. Among those with a mammogra",,Medical Xpress,1,yes,https://medicalxpress.com/news/2024-12-mobile-mammography-boosts-screening-underserved.html,,,7,1,Initial labelled,2012,Cancer screening,"Mobile mammography boosts screening in underserved communities - Medical Xpress This article has been reviewed according to Science X's editorial process and policies . Editors have highlighted the following attributes while ensuring the content's credibility: Credit: CC0 Public Domain A study by the Harvey L. Neiman Health Policy Institute demonstrates that mobile mammography is generally used by women otherwise unlikely to be screened, and thus is complementary to facility-based mammography rather than a substitute for it. Hence, mobile mammography could feasibly increase breast cancer screening rates, especially in traditionally underserved communities. This study, published in Clinical Breast Cancer, was based on 2.6 million women with Medicare fee-for-service insurance during the 2004Ã¢â‚¬â€œ2021 period. Breast cancer is the second leading cause of cancer deaths among women in the United States, making early detection an important step in reducing preventable morbidity and mortality. However, women can face significant hurdles when trying to access facilities that offer mammograms. ""We know that non-white women living in rural and underserved communities face the greatest barriers in accessing breast cancer screening facilities. Mobile mammography gives providers an avenue to reach those women who may benefit the most from annual breast cancer screening and early detection,"" explained Dr. Bhavika Patel, Professor of Radiology, Chair of Research and clinical breast radiologist at the Mayo Clinic Arizona. ""In fact, our past work examining trends in screening adherence among indigenous women in the western U.S. showed that rurality and community income play a significant role in declining rates of mammography utilization. We wanted to understand how mobile mammography might offer a way to increase screening rates among those who may not otherwise get breast cancer screening."" The researchers found that less than half (49.5%) of the women in the study had a mammogr"
Study Supports HPV Self-Testing for Cervical Cancer Screening - KeysNews.com,"State Alabama Alaska Arizona Arkansas California Colorado Connecticut Delaware Florida Georgia Hawaii Idaho Illinois Indiana Iowa Kansas Kentucky Louisiana Maine Maryland Massachusetts Michigan Minnesota Mississippi Missouri Montana Nebraska Nevada New Hampshire New Jersey New Mexico New York North Carolina North Dakota Ohio Oklahoma Oregon Pennsylvania Rhode Island South Carolina South Dakota Tennessee Texas Utah Vermont Virginia Washington Washington D.C. West Virginia Wisconsin Wyoming Puerto Rico US Virgin Islands Armed Forces Americas Armed Forces Pacific Armed Forces Europe Northern Mariana Islands Marshall Islands American Samoa Federated States of Micronesia Guam Palau Alberta, Canada British Columbia, Canada Manitoba, Canada New Brunswick, Canada Newfoundland, Canada Nova Scotia, Canada Northwest Territories, Canada Nunavut, Canada Ontario, Canada Prince Edward Island, Canada Quebec, Canada Saskatchewan, Canada Yukon Territory, Canada Zip Code",,KeysNews.com,1,yes,https://www.keysnews.com/lifestyles/health/study-supports-hpv-self-testing-for-cervical-cancer-screening/article_58ad7347-0078-5436-9829-a06a963171e9.html,,,7,1,Initial labelled,2013,Cancer screening,"Study Supports HPV Self-Testing for Cervical Cancer Screening - KeysNews.com State Alabama Alaska Arizona Arkansas California Colorado Connecticut Delaware Florida Georgia Hawaii Idaho Illinois Indiana Iowa Kansas Kentucky Louisiana Maine Maryland Massachusetts Michigan Minnesota Mississippi Missouri Montana Nebraska Nevada New Hampshire New Jersey New Mexico New York North Carolina North Dakota Ohio Oklahoma Oregon Pennsylvania Rhode Island South Carolina South Dakota Tennessee Texas Utah Vermont Virginia Washington Washington D.C. West Virginia Wisconsin Wyoming Puerto Rico US Virgin Islands Armed Forces Americas Armed Forces Pacific Armed Forces Europe Northern Mariana Islands Marshall Islands American Samoa Federated States of Micronesia Guam Palau Alberta, Canada British Columbia, Canada Manitoba, Canada New Brunswick, Canada Newfoundland, Canada Nova Scotia, Canada Northwest Territories, Canada Nunavut, Canada Ontario, Canada Prince Edward Island, Canada Quebec, Canada Saskatchewan, Canada Yukon Territory, Canada Zip Code"
AHNÃ¢â‚¬â„¢s roster of free cancer screenings for 2025 sees options throughout Western Pa. - Pittsburgh Post-Gazette,Not your computer? Use Guest mode to sign in privately. Learn more about using Guest mode,,Pittsburgh Post-Gazette,0,yes,https://www.post-gazette.com/news/health/2024/12/11/ahn-free-cancer-screenings-2025/stories/202412110103,,,7,1,Initial labelled,2014,Cancer screening,AHNÃ¢â‚¬â„¢s roster of free cancer screenings for 2025 sees options throughout Western Pa. - Pittsburgh Post-Gazette Not your computer? Use Guest mode to sign in privately. Learn more about using Guest mode
Hologic Statement on USPSTF Draft Cervical Cancer Screening Guidelines - Business Wire,"MARLBOROUGH, Mass.--(BUSINESS WIRE)--Hologic, Inc., (Nasdaq: HOLX) a global leader in womenÃ¢â‚¬â„¢s health focused on developing innovative medical technologies that effectively detect, diagnose and treat health conditions, today issued the following statement regarding the United States Preventive Services Task Force draft guidelines for cervical cancer screening: Ã¢â‚¬Å“TodayÃ¢â‚¬â„¢s recommendations are an important acknowledgement of the role of Pap testing combined with HPV testing, which is the gold standard of care and the most effective method of identifying cervical cancer,Ã¢â‚¬Â said Jennifer Schneiders, PhD, President, Diagnostic Solutions at Hologic. Ã¢â‚¬Å“Eliminating cervical cancer is within our reach and history has shown us that safeguarding the most comprehensive screening available is critical to that effort.Ã¢â‚¬Â Once the leading cause of cancer death in women, cervical cancer mortality rates have plummeted by 70% mainly due to cervical cancer screening.1 Despite this progress, cervical cancer incidence is no longer declining and cases continue to disproportionately impact Black and Hispanic women, making a focus on routine screening and vaccination imperative.2-4 Multiple studies and other research representative of real-world screening practices in the US demonstrate that screening women ages 30-65 with the Pap test combined with HPV test identifies more cervical pre-cancer and cancer than either test used alone.5-8 The draft recommendations reinforce the value of all three cervical cancer screening strategies for women including Pap testing for women ages 21-29 years old.9 The draft recommendations also continue to allow for shared decision-making between healthcare providers and patients and help ensure that women can continue to access the preventive care they need and deserve. Hologic is committed to working with USPSTF and others within the cervical cancer community in support of final screening guidelines that preserve all screening options, improving our ",,Business Wire,1,yes,https://www.businesswire.com/news/home/20241210733407/en/Hologic-Statement-on-USPSTF-Draft-Cervical-Cancer-Screening-Guidelines,,,7,1,Initial labelled,2015,Cancer screening,"Hologic Statement on USPSTF Draft Cervical Cancer Screening Guidelines - Business Wire MARLBOROUGH, Mass.--(BUSINESS WIRE)--Hologic, Inc., (Nasdaq: HOLX) a global leader in womenÃ¢â‚¬â„¢s health focused on developing innovative medical technologies that effectively detect, diagnose and treat health conditions, today issued the following statement regarding the United States Preventive Services Task Force draft guidelines for cervical cancer screening: Ã¢â‚¬Å“TodayÃ¢â‚¬â„¢s recommendations are an important acknowledgement of the role of Pap testing combined with HPV testing, which is the gold standard of care and the most effective method of identifying cervical cancer,Ã¢â‚¬Â said Jennifer Schneiders, PhD, President, Diagnostic Solutions at Hologic. Ã¢â‚¬Å“Eliminating cervical cancer is within our reach and history has shown us that safeguarding the most comprehensive screening available is critical to that effort.Ã¢â‚¬Â Once the leading cause of cancer death in women, cervical cancer mortality rates have plummeted by 70% mainly due to cervical cancer screening.1 Despite this progress, cervical cancer incidence is no longer declining and cases continue to disproportionately impact Black and Hispanic women, making a focus on routine screening and vaccination imperative.2-4 Multiple studies and other research representative of real-world screening practices in the US demonstrate that screening women ages 30-65 with the Pap test combined with HPV test identifies more cervical pre-cancer and cancer than either test used alone.5-8 The draft recommendations reinforce the value of all three cervical cancer screening strategies for women including Pap testing for women ages 21-29 years old.9 The draft recommendations also continue to allow for shared decision-making between healthcare providers and patients and help ensure that women can continue to access the preventive care they need and deserve. Hologic is committed to working with USPSTF and others within the cervical "
Study Supports HPV Self-Testing for Cervical Cancer Screening - Black Hills Pioneer,Not your computer? Use Guest mode to sign in privately. Learn more about using Guest mode,,Black Hills Pioneer,0,yes,https://www.bhpioneer.com/lifestyles/health/study-supports-hpv-self-testing-for-cervical-cancer-screening/article_c9800c68-1da8-5569-a00a-f629f1d7dd03.html,,,8,1,Initial labelled,2016,Cancer screening,Study Supports HPV Self-Testing for Cervical Cancer Screening - Black Hills Pioneer Not your computer? Use Guest mode to sign in privately. Learn more about using Guest mode
Confused about Mammogram Guidelines? Breast Cancer Surgeon Dr. Monique Gary Shares Her Best Advice - HealthDay,"I'm Doctor Monique Gary, breast surgical oncologist in Bucks County, Pennsylvania. There are many different recommendations for when breast cancer screening should start. Early detection should start, according to the National Comprehensive Cancer Network (NCCN), or the cancer bible that most cancer doctors use, recommends starting annual early detection for people at average risk at age 40. And we recommend they start at age 40 and get imaging every single year. There are other guidelines that your doctors may know of. The U.S. Preventive Services Task Force, for example, says women of average risk should start at age 40 and get screened every other year. Unfortunately, there's a lot of controversy around screening, so it's really important for you to talk to your doctor about it and make sure you take that family history with you because family history trumps everything. How many of us have ever had a risk assessment to know if you're average risk? There are calculators that you can use, and what you should do is talk to your doctor and go to your primary care or your gynecologist. Bring your family history and ask for a risk assessment. They're able to do some math and put in that family history and figure out, 'Are you at average risk or are you at elevated risk?' If you're an elevated risk, you might meet criteria for screening twice a year. And so, it's super important to know that history. Unfortunately for young women, there are no guidelines for women under the age of 40 unless you have that family history. And that's why it's so important to know. But for young women who are concerned about their breast health, the most important thing you can do is practice breast self-awareness Ã¢â‚¬â€ know thyself, know your body, know your family history Ã¢â‚¬â€ and do everything you can Ã¢â‚¬â€ whether it's your meals, your movement, your mindfulness Ã¢â‚¬â€ to reduce your risk for development of breast cancer. And if you feel something and if you're not sure what you're feel",,HealthDay,0,yes,https://www.healthday.com/healthday-tv/cancer/confused-about-mammogram-guidelines-breast-cancer-surgeon-dr-monique-gary-shares-her-best-advice,,,8,1,Initial labelled,2017,"Cancer screening,High-risk screening","Confused about Mammogram Guidelines? Breast Cancer Surgeon Dr. Monique Gary Shares Her Best Advice - HealthDay I'm Doctor Monique Gary, breast surgical oncologist in Bucks County, Pennsylvania. There are many different recommendations for when breast cancer screening should start. Early detection should start, according to the National Comprehensive Cancer Network (NCCN), or the cancer bible that most cancer doctors use, recommends starting annual early detection for people at average risk at age 40. And we recommend they start at age 40 and get imaging every single year. There are other guidelines that your doctors may know of. The U.S. Preventive Services Task Force, for example, says women of average risk should start at age 40 and get screened every other year. Unfortunately, there's a lot of controversy around screening, so it's really important for you to talk to your doctor about it and make sure you take that family history with you because family history trumps everything. How many of us have ever had a risk assessment to know if you're average risk? There are calculators that you can use, and what you should do is talk to your doctor and go to your primary care or your gynecologist. Bring your family history and ask for a risk assessment. They're able to do some math and put in that family history and figure out, 'Are you at average risk or are you at elevated risk?' If you're an elevated risk, you might meet criteria for screening twice a year. And so, it's super important to know that history. Unfortunately for young women, there are no guidelines for women under the age of 40 unless you have that family history. And that's why it's so important to know. But for young women who are concerned about their breast health, the most important thing you can do is practice breast self-awareness Ã¢â‚¬â€ know thyself, know your body, know your family history Ã¢â‚¬â€ and do everything you can Ã¢â‚¬â€ whether it's your meals, your movement, your mindfulness Ã¢â‚¬"
USPSTF Plans Changes to Cervical Cancer Screening Recommendations - Medpage Today,"The U.S. Preventive Services Task Force (USPSTF) plans to add self-collected human papillomavirus (HPV) testing to its recommendations for cervical cancer screening, among other changes. Task Force Chair Wanda Nicholson, MD, MPH, MBA, of the Milken Institute School of Public Health and George Washington University School of Medicine in Washington D.C., said evidence shows that patient self-collection and clinician collection yields similar results. ""There's no difference in accuracy, and in fact, the self-collection can promote higher screening rates among women who are either under-screened or [have] never been screened,"" Nicholson told MedPage Today. While self-collection was on the Task Force's radar for many years, it has not previously been part of the USPSTF cervical screening recommendations. In May, the FDA approved swab-based self-collection for HPV testing in healthcare settings, though ob/gyns told MedPage Today this option does not entirely replace the utility of Pap smears and the U.S. still lags behind other nations in self-collection outside healthcare facilities. Nicholson also noted that most women with cervical cancer are either under-screened or had never been screened, and that African American, Hispanic, American Indian, and Alaska Native women -- as well as women living in rural areas -- die from cervical cancer at higher rates. The Task Force hopes that adding self-collection will improve screening among these at-risk populations. Jessica Kingston, MD, of UC San Diego Health, who was not part of the Task Force, told MedPage Today that self-collection makes screening more inclusive to people wary of the speculum or who have had traumatic experiences. ""Most healthcare professionals think [getting a Pap test] should be just part of someone's routine of staying healthy, but many people find that a big hurdle to come over,"" Kingston noted. ""With self-collection, we're really kind of combining what we know about what causes cervical cancer and",,Medpage Today,1,yes,https://www.medpagetoday.com/obgyn/cervicalcancer/113333,,,2,2,Initial labelled,2018,Cancer screening,"USPSTF Plans Changes to Cervical Cancer Screening Recommendations - Medpage Today The U.S. Preventive Services Task Force (USPSTF) plans to add self-collected human papillomavirus (HPV) testing to its recommendations for cervical cancer screening, among other changes. Task Force Chair Wanda Nicholson, MD, MPH, MBA, of the Milken Institute School of Public Health and George Washington University School of Medicine in Washington D.C., said evidence shows that patient self-collection and clinician collection yields similar results. ""There's no difference in accuracy, and in fact, the self-collection can promote higher screening rates among women who are either under-screened or [have] never been screened,"" Nicholson told MedPage Today. While self-collection was on the Task Force's radar for many years, it has not previously been part of the USPSTF cervical screening recommendations. In May, the FDA approved swab-based self-collection for HPV testing in healthcare settings, though ob/gyns told MedPage Today this option does not entirely replace the utility of Pap smears and the U.S. still lags behind other nations in self-collection outside healthcare facilities. Nicholson also noted that most women with cervical cancer are either under-screened or had never been screened, and that African American, Hispanic, American Indian, and Alaska Native women -- as well as women living in rural areas -- die from cervical cancer at higher rates. The Task Force hopes that adding self-collection will improve screening among these at-risk populations. Jessica Kingston, MD, of UC San Diego Health, who was not part of the Task Force, told MedPage Today that self-collection makes screening more inclusive to people wary of the speculum or who have had traumatic experiences. ""Most healthcare professionals think [getting a Pap test] should be just part of someone's routine of staying healthy, but many people find that a big hurdle to come over,"" Kingston noted. ""With self-collection, we're"
Study Supports HPV Self-Testing for Cervical Cancer Screening - Advocateanddemocrat,Not your computer? Use Guest mode to sign in privately. Learn more about using Guest mode,,Advocateanddemocrat,0,yes,https://www.advocateanddemocrat.com/lifestyles/health/article_15732dd0-d6d1-5a3d-ba4f-cd670fce8c92.html,,,9,1,Initial labelled,2019,Cancer screening,Study Supports HPV Self-Testing for Cervical Cancer Screening - Advocateanddemocrat Not your computer? Use Guest mode to sign in privately. Learn more about using Guest mode
Study Supports HPV Self-Testing for Cervical Cancer Screening - Therogersvillereview,Not your computer? Use Guest mode to sign in privately. Learn more about using Guest mode,,Therogersvillereview,0,yes,https://www.therogersvillereview.com/lifestyles/health/article_8801c4e2-f836-5c8c-96fe-2a210738a44f.html,,,10,1,Initial labelled,2020,"Cancer screening,Early detection",Study Supports HPV Self-Testing for Cervical Cancer Screening - Therogersvillereview Not your computer? Use Guest mode to sign in privately. Learn more about using Guest mode
Early Detection Saves Lives: 7 Essential Cancer Screenings You Shouldn't Ignore According To Expert - News18,"Early Detection Saves Lives: 7 Essential Cancer Screenings You Shouldn't Ignore According To Expert Published By : Trending Desk Last Updated: December 17, 2024, 17:55 IST Each year, over 20 million people worldwide are diagnosed with cancer, with nearly 9.5 million fatalities. Raising awareness about healthy lifestyle choices, such as avoiding tobacco, plays a vital role in reducing cancer risks. Early detection can improve cancer survival rates. Every year, over 20 million people worldwide are diagnosed with cancer, and approximately 9.5 million succumb to the disease. Preventive efforts, such as increasing awareness about lifestyle choices like tobacco consumption, are key to reducing cancer risks. In an interview with Hindustan Times, Dr. Ashok Gopinath, Head of Partner Development at Strand Life Sciences, emphasized the importance of early detection in improving survival rates. For instance, breast cancer detected in stages 0 or 1 has near 100 percent survival, while survival drops dramatically if found in later stages. Similarly, early detection of bowel, lung, and other cancers significantly improves survival chances. Unfortunately, cancer is often detected when symptoms have already significantly affected a personÃ¢â‚¬â„¢s daily life, making treatment less effective. related stories Dr. Gopinath notes that screening helps detect risks in healthy individuals before symptoms appear. However, challenges like time, cost, and invasive procedures hinder the widespread adoption of screening. Age is a critical risk factor for cancer, and screening tests are recommended based on age and other risk factors. Dr. Gopinath highlights several essential screening methods. top videos View all Swipe Left For Next Video View all Annual Physician Visits: A basic yet crucial screening, requiring an annual check-up with your family doctor. This includes a review of family history, symptoms like pain or discomfort, and a physical exam for specific cancers such as breast an",,News18,0,yes,https://www.news18.com/lifestyle/health-and-fitness-early-detection-saves-lives-7-essential-cancer-screenings-you-shouldnt-ignore-according-to-expert-9155209.html,,,4,2,Initial labelled,2021,Early detection,"Early Detection Saves Lives: 7 Essential Cancer Screenings You Shouldn't Ignore According To Expert - News18 Early Detection Saves Lives: 7 Essential Cancer Screenings You Shouldn't Ignore According To Expert Published By : Trending Desk Last Updated: December 17, 2024, 17:55 IST Each year, over 20 million people worldwide are diagnosed with cancer, with nearly 9.5 million fatalities. Raising awareness about healthy lifestyle choices, such as avoiding tobacco, plays a vital role in reducing cancer risks. Early detection can improve cancer survival rates. Every year, over 20 million people worldwide are diagnosed with cancer, and approximately 9.5 million succumb to the disease. Preventive efforts, such as increasing awareness about lifestyle choices like tobacco consumption, are key to reducing cancer risks. In an interview with Hindustan Times, Dr. Ashok Gopinath, Head of Partner Development at Strand Life Sciences, emphasized the importance of early detection in improving survival rates. For instance, breast cancer detected in stages 0 or 1 has near 100 percent survival, while survival drops dramatically if found in later stages. Similarly, early detection of bowel, lung, and other cancers significantly improves survival chances. Unfortunately, cancer is often detected when symptoms have already significantly affected a personÃ¢â‚¬â„¢s daily life, making treatment less effective. related stories Dr. Gopinath notes that screening helps detect risks in healthy individuals before symptoms appear. However, challenges like time, cost, and invasive procedures hinder the widespread adoption of screening. Age is a critical risk factor for cancer, and screening tests are recommended based on age and other risk factors. Dr. Gopinath highlights several essential screening methods. top videos View all Swipe Left For Next Video View all Annual Physician Visits: A basic yet crucial screening, requiring an annual check-up with your family doctor. This includes a review of family"
Early Detection of Testicular Sertoli Cell Tumor Through Physical Examination: A Case Report - Cureus,Not your computer? Use Guest mode to sign in privately. Learn more about using Guest mode,,Cureus,0,yes,https://www.cureus.com/articles/322986-early-detection-of-testicular-sertoli-cell-tumor-through-physical-examination-a-case-report,,,1,1,Initial labelled,2022,"Early detection,Early diagnosis",Early Detection of Testicular Sertoli Cell Tumor Through Physical Examination: A Case Report - Cureus Not your computer? Use Guest mode to sign in privately. Learn more about using Guest mode
Post-Pause Speech Patterns Help Detect Mild Cognitive Impairment - University of Miami,"Post-Pause Speech Patterns Help Detect Mild Cognitive Impairment December 16, 2024 | 10 min. read | Share By: Rochelle Broder-Singer | Article Summary Pauses and post-pause speech patterns can help detect mild cognitive impairment. In a Miller School study, individuals with mild cognitive impairment had longer latencies after pauses during demanding tasks, while simpler tasks revealed a tendency to use more-common words. Post-pause metrics of latency and use of common language are useful additions to machine learning models that aim to screen out individuals who do not have impairment. In individuals with mild cognitive impairment, speech behavior following pauses is different than in healthy individuals. Machine learning algorithms can use this behavior to screen for cognitive impairment. University of Miami Miller School of Medicine researchers have published the first research showing how post-pause speech in certain tasks can play an important role in identifying mild cognitive impairment. Ã¢â‚¬Å“Speech is an easy-to-collect behavior, and computer analysis of specific speech tasks offers a minimally invasive way to help identify those with mild cognitive impairment (MCI),Ã¢â‚¬Â said Michael Kleiman, Ph.D., research assistant professor of neurology at Miller School, member of the University of Miami Comprehensive Center for Brain Health and the articleÃ¢â‚¬â„¢s first author. Ã¢â‚¬Å“These findings suggest that tracking how people talk in specific tasks could become a simple way to spot early signs of AlzheimerÃ¢â‚¬â„¢s or other cognitive problems.Ã¢â‚¬Â Around 80% of patients who have MCI are not diagnosed until after theyÃ¢â‚¬â„¢ve progressed to clinical dementia. Ã¢â‚¬Å“Early detection of cognitive impairment offers patients the possibility of opportunities for early intervention with medication, participation in clinical trials and advanced care planning, but most patients in the U.S. are not diagnosed until the moderate stage,Ã¢â‚¬Â explained the articleÃ¢â‚¬â„¢s senior author, James Galvin, ",,University of Miami,1,yes,https://news.med.miami.edu/post-pause-speech-patterns-detect-mild-cognitive-impairment/,,,1,2,Initial labelled,2023,"Early detection,AI disease Detection","Post-Pause Speech Patterns Help Detect Mild Cognitive Impairment - University of Miami Post-Pause Speech Patterns Help Detect Mild Cognitive Impairment December 16, 2024 | 10 min. read | Share By: Rochelle Broder-Singer | Article Summary Pauses and post-pause speech patterns can help detect mild cognitive impairment. In a Miller School study, individuals with mild cognitive impairment had longer latencies after pauses during demanding tasks, while simpler tasks revealed a tendency to use more-common words. Post-pause metrics of latency and use of common language are useful additions to machine learning models that aim to screen out individuals who do not have impairment. In individuals with mild cognitive impairment, speech behavior following pauses is different than in healthy individuals. Machine learning algorithms can use this behavior to screen for cognitive impairment. University of Miami Miller School of Medicine researchers have published the first research showing how post-pause speech in certain tasks can play an important role in identifying mild cognitive impairment. Ã¢â‚¬Å“Speech is an easy-to-collect behavior, and computer analysis of specific speech tasks offers a minimally invasive way to help identify those with mild cognitive impairment (MCI),Ã¢â‚¬Â said Michael Kleiman, Ph.D., research assistant professor of neurology at Miller School, member of the University of Miami Comprehensive Center for Brain Health and the articleÃ¢â‚¬â„¢s first author. Ã¢â‚¬Å“These findings suggest that tracking how people talk in specific tasks could become a simple way to spot early signs of AlzheimerÃ¢â‚¬â„¢s or other cognitive problems.Ã¢â‚¬Â Around 80% of patients who have MCI are not diagnosed until after theyÃ¢â‚¬â„¢ve progressed to clinical dementia. Ã¢â‚¬Å“Early detection of cognitive impairment offers patients the possibility of opportunities for early intervention with medication, participation in clinical trials and advanced care planning, but most patients "
Avant Technologies Secures Game-Changing AI Disease Detection Algorithms with 90%+ Accuracy - StockTitan,"Avant Technologies and Ainnova Secure Advanced AI Algorithms for Early Detection of Four Additional Diseases in the U.S. 12/17/2024 - 08:00 AM LAS VEGAS, Dec. 17, 2024 (GLOBE NEWSWIRE) -- Avant Technologies Inc. (OTCQB: AVAI) (Ã¢â‚¬Å“AvantÃ¢â‚¬Â or the Ã¢â‚¬Å“CompanyÃ¢â‚¬Â), and its partner, Ainnova Tech, Inc. (Ainnova), a leading healthcare technology company focused on revolutionizing early disease detection using artificial intelligence (AI), today announced AinnovaÃ¢â‚¬â„¢s acquisition of an exclusive license for 4 groundbreaking, AI-driven algorithms from one of AsiaÃ¢â‚¬â„¢s most respected and largest healthcare institutions. These solutions, validated across diverse geographies, ethnicities, and socioeconomic populations with data from over 2 million patients, will join AinnovaÃ¢â‚¬â„¢s existing diabetic retinopathy and retinal disease detection solutions. The 4 algorithms include early detection for cardiovascular risk, prediabetes and Type 2 diabetes, fatty liver disease, and chronic kidney disease. Combined with AinnovaÃ¢â‚¬â„¢s existing retinal disease detection tools, these new algorithms will be used with AinnovaÃ¢â‚¬â„¢s powerful cutting-edge AI platform, VisionAI, to detect the early markers of these diseases quickly and accurately by applying AI. The acquisition of an exclusive license to use 4 advanced algorithms in the Americas offers Ainnova Acquisition Corp. (AAC), the company formed by the partnership between Avant and Ainnova, a robust platform for primary care providers to streamline early risk screening and improving patient care in the United States. Ainnova will introduce these cutting-edge solutions in Latin America with strategic partners in primary healthcare services across key markets like Mexico and Brazil. AAC expects to build on AinnovaÃ¢â‚¬â„¢s regional expansion by securing clearance from the U.S. Food and Drug Administration in 2025 to then introduce these solutions in the U.S. market. While explaining that these efforts aim to transform the current approach to preve",,StockTitan,1,yes,https://www.stocktitan.net/news/AVAI/avant-technologies-and-ainnova-secure-advanced-ai-algorithms-for-e2daxylofil8.html,,,1,2,Initial labelled,2024,"Early detection,Early diagnosis","Avant Technologies Secures Game-Changing AI Disease Detection Algorithms with 90%+ Accuracy - StockTitan Avant Technologies and Ainnova Secure Advanced AI Algorithms for Early Detection of Four Additional Diseases in the U.S. 12/17/2024 - 08:00 AM LAS VEGAS, Dec. 17, 2024 (GLOBE NEWSWIRE) -- Avant Technologies Inc. (OTCQB: AVAI) (Ã¢â‚¬Å“AvantÃ¢â‚¬Â or the Ã¢â‚¬Å“CompanyÃ¢â‚¬Â), and its partner, Ainnova Tech, Inc. (Ainnova), a leading healthcare technology company focused on revolutionizing early disease detection using artificial intelligence (AI), today announced AinnovaÃ¢â‚¬â„¢s acquisition of an exclusive license for 4 groundbreaking, AI-driven algorithms from one of AsiaÃ¢â‚¬â„¢s most respected and largest healthcare institutions. These solutions, validated across diverse geographies, ethnicities, and socioeconomic populations with data from over 2 million patients, will join AinnovaÃ¢â‚¬â„¢s existing diabetic retinopathy and retinal disease detection solutions. The 4 algorithms include early detection for cardiovascular risk, prediabetes and Type 2 diabetes, fatty liver disease, and chronic kidney disease. Combined with AinnovaÃ¢â‚¬â„¢s existing retinal disease detection tools, these new algorithms will be used with AinnovaÃ¢â‚¬â„¢s powerful cutting-edge AI platform, VisionAI, to detect the early markers of these diseases quickly and accurately by applying AI. The acquisition of an exclusive license to use 4 advanced algorithms in the Americas offers Ainnova Acquisition Corp. (AAC), the company formed by the partnership between Avant and Ainnova, a robust platform for primary care providers to streamline early risk screening and improving patient care in the United States. Ainnova will introduce these cutting-edge solutions in Latin America with strategic partners in primary healthcare services across key markets like Mexico and Brazil. AAC expects to build on AinnovaÃ¢â‚¬â„¢s regional expansion by securing clearance from the U.S. Food and Drug Administration"
Talking Health: How early cancer detection can increase chances of survival - WJXT News4JAX,"HEALTH Talking Health: How early cancer detection can increase chances of survival Published: December 17, 2024 at 11:43 AM Updated: December 17, 2024 at 11:52 AM This year, more than 2 million people in the U.S. will get a cancer diagnosis. That's roughly 5,500 every day. Over the last 30 years, chances of surviving dramatically increased because of new technology that allows early diagnosis In this edition of Talking Health, Oncologist Scot Ackerman talks about the importance of early cancer detection.",,WJXT News4JAX,0,yes,https://www.news4jax.com/video/health/2024/12/17/talking-health-how-early-cancer-detection-can-increase-chances-of-survival/,,,1,2,Initial labelled,2025,Early detection,"Talking Health: How early cancer detection can increase chances of survival - WJXT News4JAX HEALTH Talking Health: How early cancer detection can increase chances of survival Published: December 17, 2024 at 11:43 AM Updated: December 17, 2024 at 11:52 AM This year, more than 2 million people in the U.S. will get a cancer diagnosis. That's roughly 5,500 every day. Over the last 30 years, chances of surviving dramatically increased because of new technology that allows early diagnosis In this edition of Talking Health, Oncologist Scot Ackerman talks about the importance of early cancer detection."
Dr Grinshpun on Ultra-Sensitive ctDNA Detection in HR+ Early Breast Cancer - OncLive,"Commentary Video December 13, 2024 Dr Grinshpun on Ultra-Sensitive ctDNA Detection in HR+ Early Breast Cancer Albert Grinshpun, MD, MSc, discusses the utility of ctDNA as a predictive biomarker of endocrine therapy sensitivity in patients with HR+ breast cancer. Albert Grinshpun, MD, MSc, head, Breast Oncology Service, Shaare Zedek Medical Center, discusses a study evaluating the potential utility of circulating tumor DNA (ctDNA) as a predictive biomarker of endocrine therapy sensitivity in patients with hormone receptor (HR)Ã¢â‚¬â€œpositive early breast cancer.",,OncLive,1,yes,https://www.onclive.com/view/dr-grinshpun-on-ultra-sensitive-ctdna-detection-in-hr-early-breast-cancer,,,3,1,Initial labelled,2026,"Early detection,Early diagnosis","Dr Grinshpun on Ultra-Sensitive ctDNA Detection in HR+ Early Breast Cancer - OncLive Commentary Video December 13, 2024 Dr Grinshpun on Ultra-Sensitive ctDNA Detection in HR+ Early Breast Cancer Albert Grinshpun, MD, MSc, discusses the utility of ctDNA as a predictive biomarker of endocrine therapy sensitivity in patients with HR+ breast cancer. Albert Grinshpun, MD, MSc, head, Breast Oncology Service, Shaare Zedek Medical Center, discusses a study evaluating the potential utility of circulating tumor DNA (ctDNA) as a predictive biomarker of endocrine therapy sensitivity in patients with hormone receptor (HR)Ã¢â‚¬â€œpositive early breast cancer."
Blood testing for AlzheimerÃ¢â‚¬â„¢s could be game changer in early diagnosis - WSOC Charlotte,"WeÃ¢â‚¬â„¢re Sorry! This website is unavailable in your location. Error 451 It appears you are attempting to access this website from a country outside of the United States, therefore access cannot be granted at this time.",,WSOC Charlotte,0,yes,https://www.wsoctv.com/news/local/blood-testing-alzheimers-could-be-game-changer-early-diagnosis/WPU7C3DPAZBBJI4NAEAJHHURIA/,,,1,2,Initial labelled,2027,Early detection,"Blood testing for AlzheimerÃ¢â‚¬â„¢s could be game changer in early diagnosis - WSOC Charlotte WeÃ¢â‚¬â„¢re Sorry! This website is unavailable in your location. Error 451 It appears you are attempting to access this website from a country outside of the United States, therefore access cannot be granted at this time."
Startup Supported by Cedars-Sinai Awarded Federal Grant to Develop Home-Based Preeclampsia Test - Cedars-Sinai,"Cedars-Sinai Technology Ventures-led startup Gravidas Diagnostics Inc. has been awarded a $3 million federal grant from the Advanced Research Projects Agency for Health (ARPA-H) to develop a first-of-its-kind, affordable, home-based fingerstick test for early detection of preeclampsia, a serious pregnancy complication. The Advanced Research Projects Agency for Health, part of the United States Department of Health and Human Services, is an investment agency that was created by the U.S. Congress in 2022. The goal: to invest in and support high-impact medical research that could potentially create sustainable and equitable health solutions for critical areas of need, such as womenÃ¢â‚¬â„¢s and maternal-fetal health. ""This award is a significant milestone for Gravidas,Ã¢â‚¬Â said Nirdesh K. Gupta, PhD, chief executive officer of Gravidas and managing partner of the Cedars-Sinai Intellectual Property Company. Ã¢â‚¬Å“It will enable us to develop a rapid, accurate test that can be easily administered at home, reassuring patients and allowing clinicians to identify high-risk pregnancies and proactively provide lifesaving care before the onset of symptoms.Ã¢â‚¬Â Preeclampsia is a serious pregnancy complication that is typically diagnosed after 20 weeks of pregnancy, with most cases occurring near the due date. The usual signs of preeclampsia are high blood pressure, excess protein in urine, and swelling. If left untreated, preeclampsia can lead to organ damage and, rarely, death. In the U.S., preeclampsia is estimated to occur in up to 7% of all pregnancies and is one of the leading causes of maternal death and severe morbidity, with Black women being 60% more likely to develop preeclampsia compared with white women. Ã¢â‚¬Å“Pregnant women with risk factors and limited access to routine obstetric care will be the largest beneficiaries of this home-based test. This innovative solution has the potential to reduce racial disparities in adverse pregnancy outcomes, particularly among Black wome",,Cedars-Sinai,1,yes,https://www.cedars-sinai.org/newsroom/startup-supported-by-cedars-sinai-awarded-federal-grant-to-develop-home-based-preeclampsia-test/,,,4,1,Initial labelled,2028,Early detection,"Startup Supported by Cedars-Sinai Awarded Federal Grant to Develop Home-Based Preeclampsia Test - Cedars-Sinai Cedars-Sinai Technology Ventures-led startup Gravidas Diagnostics Inc. has been awarded a $3 million federal grant from the Advanced Research Projects Agency for Health (ARPA-H) to develop a first-of-its-kind, affordable, home-based fingerstick test for early detection of preeclampsia, a serious pregnancy complication. The Advanced Research Projects Agency for Health, part of the United States Department of Health and Human Services, is an investment agency that was created by the U.S. Congress in 2022. The goal: to invest in and support high-impact medical research that could potentially create sustainable and equitable health solutions for critical areas of need, such as womenÃ¢â‚¬â„¢s and maternal-fetal health. ""This award is a significant milestone for Gravidas,Ã¢â‚¬Â said Nirdesh K. Gupta, PhD, chief executive officer of Gravidas and managing partner of the Cedars-Sinai Intellectual Property Company. Ã¢â‚¬Å“It will enable us to develop a rapid, accurate test that can be easily administered at home, reassuring patients and allowing clinicians to identify high-risk pregnancies and proactively provide lifesaving care before the onset of symptoms.Ã¢â‚¬Â Preeclampsia is a serious pregnancy complication that is typically diagnosed after 20 weeks of pregnancy, with most cases occurring near the due date. The usual signs of preeclampsia are high blood pressure, excess protein in urine, and swelling. If left untreated, preeclampsia can lead to organ damage and, rarely, death. In the U.S., preeclampsia is estimated to occur in up to 7% of all pregnancies and is one of the leading causes of maternal death and severe morbidity, with Black women being 60% more likely to develop preeclampsia compared with white women. Ã¢â‚¬Å“Pregnant women with risk factors and limited access to routine obstetric care will be the largest beneficiaries of this home-based test. This"
SABCS24: ctDNA testing could enable early detection of breast cancer recurrence - FirstWord Pharma,,,FirstWord Pharma,1,yes,https://firstwordpharma.com/story/5921533,,,4,1,Initial labelled,2029,"Early detection,Early diagnosis",SABCS24: ctDNA testing could enable early detection of breast cancer recurrence - FirstWord Pharma 
Duke Eye Center emphasizes early detection in fight against glaucoma - The Business Journals,Not your computer? Use Guest mode to sign in privately. Learn more about using Guest mode,,The Business Journals,0,yes,https://www.bizjournals.com/triangle/news/2024/12/13/duke-health-eyes-glaucoma-vision-loss-treatment.html,,,4,2,Initial labelled,2030,Early detection,Duke Eye Center emphasizes early detection in fight against glaucoma - The Business Journals Not your computer? Use Guest mode to sign in privately. Learn more about using Guest mode
"New blood test offers early detection for multiple deadly cancers, says Dr. Westgate - WTVC","There is a simple blood test to screen for cancer: GRAILÃ¢â‚¬â„¢s Galleri Test, a multi-cancer early detection test (MCED) that screens for many of the deadliest cancers before they become symptomatic, including those with no recommended screening tests today. Cancers growing in the body shed DNA into the bloodstream, and the DNA fragments can act like a unique ""fingerprint"" of cancer. If a Galleri test result identifies a unique Ã¢â‚¬Å“fingerprintÃ¢â‚¬Â, this provides direction to doctors with information on the cancerÃ¢â‚¬â„¢s origin to help guide the next steps in diagnosis.6* If a cancer signal is detected, results from the test can predict the tissue type or organ associated with the cancer signal. Dr. Candace Westgate, OBGYN, was on the show today to discuss more. For more information about Galleri, visit  ",,WTVC,1,yes,https://newschannel9.com/the-daily-refresh/new-blood-test-offers-early-detection-for-multiple-deadly-cancers-says-dr-westgate,,,5,1,Initial labelled,2031,Early detection,"New blood test offers early detection for multiple deadly cancers, says Dr. Westgate - WTVC There is a simple blood test to screen for cancer: GRAILÃ¢â‚¬â„¢s Galleri Test, a multi-cancer early detection test (MCED) that screens for many of the deadliest cancers before they become symptomatic, including those with no recommended screening tests today. Cancers growing in the body shed DNA into the bloodstream, and the DNA fragments can act like a unique ""fingerprint"" of cancer. If a Galleri test result identifies a unique Ã¢â‚¬Å“fingerprintÃ¢â‚¬Â, this provides direction to doctors with information on the cancerÃ¢â‚¬â„¢s origin to help guide the next steps in diagnosis.6* If a cancer signal is detected, results from the test can predict the tissue type or organ associated with the cancer signal. Dr. Candace Westgate, OBGYN, was on the show today to discuss more. For more information about Galleri, visit "
"Harnessing Artificial Intelligence in Sepsis Care: Advances in Early Detection, Personalized Treatment, and Real-Time Monitoring - Frontiers","Harnessing Artificial Intelligence in Sepsis Care: Advances in Early Detection, Personalized Treatment, and Real-Time Monitoring Provisionally accepted The final, formatted version of the article will be published soon. Notify me Sepsis remains a leading cause of morbidity and mortality worldwide due to its rapid progression and heterogeneous nature. This review explores the potential of Artificial Intelligence (AI) to transform sepsis management, from early detection to personalized treatment and real-time monitoring. AI, particularly through machine learning (ML) techniques such as random forest models and deep learning algorithms, has shown promise in analyzing electronic health record (EHR) data to identify patterns that enable early sepsis detection. For instance, random forest models have demonstrated high accuracy in predicting sepsis onset in intensive care unit (ICU) patients, while deep learning approaches have been applied to recognize complications such as sepsis-associated acute respiratory distress syndrome (ARDS).Personalized treatment plans developed through AI algorithms predict patient-specific responses to therapies, optimizing therapeutic efficacy and minimizing adverse effects. AI-driven continuous monitoring systems, including wearable devices, provide real-time predictions of sepsis-related complications, enabling timely interventions. Beyond these advancements, AI enhances diagnostic accuracy, predicts long-term outcomes, and supports dynamic risk assessment in clinical settings. However, ethical challenges, including data privacy concerns and algorithmic biases, must be addressed to ensure fair and effective implementation.The significance of this review lies in addressing the current limitations in sepsis management and highlighting how AI can overcome these hurdles. By leveraging AI, healthcare providers can significantly enhance diagnostic accuracy, optimize treatment protocols, and improve overall patient outcomes. Future research shou",,Frontiers,0,yes,https://www.frontiersin.org/journals/medicine/articles/10.3389/fmed.2024.1510792/abstract,,,5,1,Initial labelled,2032,Early detection,"Harnessing Artificial Intelligence in Sepsis Care: Advances in Early Detection, Personalized Treatment, and Real-Time Monitoring - Frontiers Harnessing Artificial Intelligence in Sepsis Care: Advances in Early Detection, Personalized Treatment, and Real-Time Monitoring Provisionally accepted The final, formatted version of the article will be published soon. Notify me Sepsis remains a leading cause of morbidity and mortality worldwide due to its rapid progression and heterogeneous nature. This review explores the potential of Artificial Intelligence (AI) to transform sepsis management, from early detection to personalized treatment and real-time monitoring. AI, particularly through machine learning (ML) techniques such as random forest models and deep learning algorithms, has shown promise in analyzing electronic health record (EHR) data to identify patterns that enable early sepsis detection. For instance, random forest models have demonstrated high accuracy in predicting sepsis onset in intensive care unit (ICU) patients, while deep learning approaches have been applied to recognize complications such as sepsis-associated acute respiratory distress syndrome (ARDS).Personalized treatment plans developed through AI algorithms predict patient-specific responses to therapies, optimizing therapeutic efficacy and minimizing adverse effects. AI-driven continuous monitoring systems, including wearable devices, provide real-time predictions of sepsis-related complications, enabling timely interventions. Beyond these advancements, AI enhances diagnostic accuracy, predicts long-term outcomes, and supports dynamic risk assessment in clinical settings. However, ethical challenges, including data privacy concerns and algorithmic biases, must be addressed to ensure fair and effective implementation.The significance of this review lies in addressing the current limitations in sepsis management and highlighting how AI can overcome these hurdles. By leveraging AI, healthcare provid"
Why the genetic-testing revolution left some people behind Ã¢â‚¬â€ and what to do about it - Nature.com,"Thirty years after the sequencing of the BRCA1 cancer-associated gene, access to genetic tests and awareness about its risks are still too limited. Evolutionary geneticist Mary-Claire King did not anticipate the impact of her discovery.Credit: Rina Castelnuovo/New York Times/Redux/eyevine When Mary-Claire King embarked on a painstaking 17-year-long hunt for a gene linked to breast cancer, she had no inkling that its discovery would be saving lives some three decades later. King, an evolutionary geneticist, was trying to solve the mystery of why breast cancer was common in some families. This was during the 1970s, decades before the first human genome was sequenced. In the absence of modern tools such as PCR tests, sequencing and mapping genes took a heroic effort. Cancer researchers at the time were mostly studying tumour-causing viruses, but several individuals having the disease across generations of the same family suggested that considerable danger could lurk in the human genome, too. What is the best time of the month to treat breast cancer? Ã¢â‚¬Å“The worldwide impact of something like this just never crossed my mind,Ã¢â‚¬Â says King, who is at the University of Washington in Seattle. Ã¢â‚¬Å“I was absolutely gobsmacked.Ã¢â‚¬Â King named the gene BRCA1. Since then, it has become clear that mutations in BRCA1 are responsible for about 35% of hereditary breast cancers, and that genetic variants of it and a related gene called BRCA2 are also linked to ovarian, prostate and pancreatic cancers. Drugs have been developed that target cancers with these variants, and genetic tests are available to identify people who are at risk. But looking back on the impact of BRCA1Ã¢â‚¬â„¢s discovery also highlights how far there still is to go. Too few people have access to genetic tests and, even when they do, they have few options to reduce their risk of cancer. Researchers must advocate for and study ways to improve access and to expand the cancer-prevention options available to people who ",,Nature.com,1,yes,https://www.nature.com/articles/d41586-024-04046-1,,,5,1,Initial labelled,2033,Early detection,"Why the genetic-testing revolution left some people behind Ã¢â‚¬â€ and what to do about it - Nature.com Thirty years after the sequencing of the BRCA1 cancer-associated gene, access to genetic tests and awareness about its risks are still too limited. Evolutionary geneticist Mary-Claire King did not anticipate the impact of her discovery.Credit: Rina Castelnuovo/New York Times/Redux/eyevine When Mary-Claire King embarked on a painstaking 17-year-long hunt for a gene linked to breast cancer, she had no inkling that its discovery would be saving lives some three decades later. King, an evolutionary geneticist, was trying to solve the mystery of why breast cancer was common in some families. This was during the 1970s, decades before the first human genome was sequenced. In the absence of modern tools such as PCR tests, sequencing and mapping genes took a heroic effort. Cancer researchers at the time were mostly studying tumour-causing viruses, but several individuals having the disease across generations of the same family suggested that considerable danger could lurk in the human genome, too. What is the best time of the month to treat breast cancer? Ã¢â‚¬Å“The worldwide impact of something like this just never crossed my mind,Ã¢â‚¬Â says King, who is at the University of Washington in Seattle. Ã¢â‚¬Å“I was absolutely gobsmacked.Ã¢â‚¬Â King named the gene BRCA1. Since then, it has become clear that mutations in BRCA1 are responsible for about 35% of hereditary breast cancers, and that genetic variants of it and a related gene called BRCA2 are also linked to ovarian, prostate and pancreatic cancers. Drugs have been developed that target cancers with these variants, and genetic tests are available to identify people who are at risk. But looking back on the impact of BRCA1Ã¢â‚¬â„¢s discovery also highlights how far there still is to go. Too few people have access to genetic tests and, even when they do, they have few options to reduce their risk of cancer. Researchers"
bioAffinity Technologies Set for Continued Expansion in 2025 - Business Wire,"SAN ANTONIO--(BUSINESS WIRE)--bioAffinity Technologies, Inc. (Nasdaq: BIAF; BIAFW), a biotechnology company focused on the need for noninvasive tests for the detection of early-stage cancer, today reported that the successful execution of its pilot marketing program and steady growth in sales of the CyPathÃ‚Â® Lung test for early detection of lung cancers have set the stage for expansion and record revenues in 2025. The CompanyÃ¢â‚¬â„¢s wholly owned subsidiary Precision Pathology Laboratory Services (PPLS) is on track to report upwards of $9.4 million in 2024 revenues, more than 20% growth in annualized revenues over 2023 after accounting for the acquisition of PPLS in September 2023. The increase in revenues reflects a 1,750% increase in sales of CyPathÃ‚Â® Lung through Nov. 30, compared to the same period last year. Ã¢â‚¬Å“The seamless integration of Precision Pathology into bioAffinity Technologies since the acquisition is going to result in a record revenue year for the laboratory, due in part to the broader market adoption of CyPathÃ‚Â® Lung,Ã¢â‚¬Â bioAffinity President and CEO Maria Zannes said. Ã¢â‚¬Å“We count many successes in 2024, including obtaining reimbursement for CyPathÃ‚Â® Lung, expanding our sales team, obtaining access to the federal healthcare system, and streamlining operations. We have the capability and the experience to expand operations exponentially to meet the growing demand for CyPathÃ‚Â® Lung as we move to the national stage in 2025.Ã¢â‚¬Â CyPathÃ‚Â® Lung revenues are expected to continue growing in 2025 with expanded sales into strategic national markets and inclusion in the U.S. Federal Supply Schedule. This key procurement system provides streamlined access to state-of-the-art healthcare solutions for the Veterans Health Administration (VHA) and the Military Health System. CyPathÃ‚Â® Lung fills an important need for a noninvasive test to improve the early detection of lung cancer in patients at high risk. CyPathÃ‚Â® Lung can be used alone or in combination with other",,Business Wire,1,yes,https://www.businesswire.com/news/home/20241212813114/en/bioAffinity-Technologies-Set-for-Continued-Expansion-in-2025,,,5,1,Initial labelled,2034,Early detection,"bioAffinity Technologies Set for Continued Expansion in 2025 - Business Wire SAN ANTONIO--(BUSINESS WIRE)--bioAffinity Technologies, Inc. (Nasdaq: BIAF; BIAFW), a biotechnology company focused on the need for noninvasive tests for the detection of early-stage cancer, today reported that the successful execution of its pilot marketing program and steady growth in sales of the CyPathÃ‚Â® Lung test for early detection of lung cancers have set the stage for expansion and record revenues in 2025. The CompanyÃ¢â‚¬â„¢s wholly owned subsidiary Precision Pathology Laboratory Services (PPLS) is on track to report upwards of $9.4 million in 2024 revenues, more than 20% growth in annualized revenues over 2023 after accounting for the acquisition of PPLS in September 2023. The increase in revenues reflects a 1,750% increase in sales of CyPathÃ‚Â® Lung through Nov. 30, compared to the same period last year. Ã¢â‚¬Å“The seamless integration of Precision Pathology into bioAffinity Technologies since the acquisition is going to result in a record revenue year for the laboratory, due in part to the broader market adoption of CyPathÃ‚Â® Lung,Ã¢â‚¬Â bioAffinity President and CEO Maria Zannes said. Ã¢â‚¬Å“We count many successes in 2024, including obtaining reimbursement for CyPathÃ‚Â® Lung, expanding our sales team, obtaining access to the federal healthcare system, and streamlining operations. We have the capability and the experience to expand operations exponentially to meet the growing demand for CyPathÃ‚Â® Lung as we move to the national stage in 2025.Ã¢â‚¬Â CyPathÃ‚Â® Lung revenues are expected to continue growing in 2025 with expanded sales into strategic national markets and inclusion in the U.S. Federal Supply Schedule. This key procurement system provides streamlined access to state-of-the-art healthcare solutions for the Veterans Health Administration (VHA) and the Military Health System. CyPathÃ‚Â® Lung fills an important need for a noninvasive test to improve the early de"
Biological Age as a Tool to Predict Early-Onset Colorectal Cancer Risk - University of Miami,"Biological Age as a Tool to Predict Early-Onset Colorectal Cancer Risk December 10, 2024 | 5 min. read | Share By: Jennifer Welsh | A personÃ¢â‚¬â„¢s Ã¢â‚¬Å“biological ageÃ¢â‚¬Â may be a hidden factor in their risk of colorectal cancer before the age of 50. Recent research has established a connection between a personÃ¢â‚¬â„¢s Ã¢â‚¬Å“biological ageÃ¢â‚¬Â and their risk of developing colon polyps, which are known to be a risk factor for colorectal cancer. Biological age can be measured through various tests and reflects the impacts of lifestyle choices, genetics and environmental factors on an individualÃ¢â‚¬â„¢s body. Unlike chronological age, which simply counts the years a person has lived, biological age is based on physiological markers. Ã¢â‚¬Å“Biological age is an interesting concept, and it leads to the idea of accelerated aging when your biological age exceeds your chronological age,Ã¢â‚¬Â said Shria Kumar, M.D., a colorectal cancer researcher at Sylvester Comprehensive Cancer Center, part of the University of Miami Miller School of Medicine. So, if someone is 50, but their biological age is 55, they have five years of accelerated aging. Ã¢â‚¬Å“You can imagine how that might reflect their bodyÃ¢â‚¬â„¢s overall functioning,Ã¢â‚¬Â said Dr. Kumar, an assistant professor in the Miller SchoolÃ¢â‚¬â„¢s Digestive Health and Liver Diseases. Ã¢â‚¬Å“It sounds pretty theoretical, but actually accelerated aging has been shown to be predictive of time to death and even of multiple cancers.Ã¢â‚¬Â This line of research adds to a growing area of study within epigenetics, which examines the mechanisms behind deteriorating cell functions. A new study published in Cancer Prevention Research, a journal of the American Association for Cancer Research, links accelerated aging to raised colorectal cancer risk. If a person has accelerated aging, it might make sense to get screened for colorectal cancer early. Early detection can improve a personÃ¢â‚¬â„¢s treatment options and outcomes. Increased Colorectal Cancer Risk in Those Under 50 ",,University of Miami,1,yes,https://news.med.miami.edu/biological-age-as-a-tool-to-predict-early-onset-colorectal-cancer-risk/,,,6,1,Initial labelled,2035,"Early detection,Early diagnosis","Biological Age as a Tool to Predict Early-Onset Colorectal Cancer Risk - University of Miami Biological Age as a Tool to Predict Early-Onset Colorectal Cancer Risk December 10, 2024 | 5 min. read | Share By: Jennifer Welsh | A personÃ¢â‚¬â„¢s Ã¢â‚¬Å“biological ageÃ¢â‚¬Â may be a hidden factor in their risk of colorectal cancer before the age of 50. Recent research has established a connection between a personÃ¢â‚¬â„¢s Ã¢â‚¬Å“biological ageÃ¢â‚¬Â and their risk of developing colon polyps, which are known to be a risk factor for colorectal cancer. Biological age can be measured through various tests and reflects the impacts of lifestyle choices, genetics and environmental factors on an individualÃ¢â‚¬â„¢s body. Unlike chronological age, which simply counts the years a person has lived, biological age is based on physiological markers. Ã¢â‚¬Å“Biological age is an interesting concept, and it leads to the idea of accelerated aging when your biological age exceeds your chronological age,Ã¢â‚¬Â said Shria Kumar, M.D., a colorectal cancer researcher at Sylvester Comprehensive Cancer Center, part of the University of Miami Miller School of Medicine. So, if someone is 50, but their biological age is 55, they have five years of accelerated aging. Ã¢â‚¬Å“You can imagine how that might reflect their bodyÃ¢â‚¬â„¢s overall functioning,Ã¢â‚¬Â said Dr. Kumar, an assistant professor in the Miller SchoolÃ¢â‚¬â„¢s Digestive Health and Liver Diseases. Ã¢â‚¬Å“It sounds pretty theoretical, but actually accelerated aging has been shown to be predictive of time to death and even of multiple cancers.Ã¢â‚¬Â This line of research adds to a growing area of study within epigenetics, which examines the mechanisms behind deteriorating cell functions. A new study published in Cancer Prevention Research, a journal of the American Association for Cancer Research, links accelerated aging to raised colorectal cancer risk. If a person has accelerated aging, it might make sense to get screened for c"
"Autism rates in Tennessee rise, highlighting the need for early detection - MSN",,,MSN,0,yes,https://www.msn.com/en-us/health/other/autism-rates-in-tennessee-rise-highlighting-the-need-for-early-detection/ar-AA1sfXrp,,,4,2,Initial labelled,2036,Early detection,"Autism rates in Tennessee rise, highlighting the need for early detection - MSN "
The best gift is the gift of life with early detection - WFLA,Not your computer? Use Guest mode to sign in privately. Learn more about using Guest mode,,WFLA,0,yes,https://www.wfla.com/bloom-tampa-bay/the-best-gift-is-the-gift-of-life-with-early-detection/,,,7,1,Initial labelled,2037,Early detection,The best gift is the gift of life with early detection - WFLA Not your computer? Use Guest mode to sign in privately. Learn more about using Guest mode
Legislation aims to improve seniorsÃ¢â‚¬â„¢ access to multi-cancer early detection screening tests - ActionNewsJax.com,"WeÃ¢â‚¬â„¢re Sorry! This website is unavailable in your location. Error 451 It appears you are attempting to access this website from a country outside of the United States, therefore access cannot be granted at this time.",,ActionNewsJax.com,0,yes,https://www.actionnewsjax.com/news/local/legislation-aims-improve-seniors-access-multi-cancer-early-detection-screening-tests/b6ce845f-9e13-4a5f-b63f-dabfe3615a2e/,,,7,1,Initial labelled,2038,"Early detection,Point of care testing,Early diagnosis","Legislation aims to improve seniorsÃ¢â‚¬â„¢ access to multi-cancer early detection screening tests - ActionNewsJax.com WeÃ¢â‚¬â„¢re Sorry! This website is unavailable in your location. Error 451 It appears you are attempting to access this website from a country outside of the United States, therefore access cannot be granted at this time."
The future of cancer diagnosis: How point-of-care testing is transforming early detection - The Times of India,"H.E. Prof. Sir Manuel Freire-Garabal y NÃƒÂºÃƒÂ±ez is a lawyer and journalist. He is a professor, contributor and advisor at different universities, particularly at the IVY League. He serves in diplomacy as advisor to United Nations higher officials and as a member of the diplomatic staff of several governments. He has received high honours from Russian Federation, United States or Peru. LESS ... MORE Cancer is still among the leading causes of morbidity and mortality worldwide; in 2020, there were more than 19.3 million new cancer cases, and about 10 million people died from cancer, based on IARC data. Screening is acknowledged as one of the best approaches towards raising mortality rates as well as decreasing the consequences of disease in the population. While evolving healthcare systems continue looking for innovative ways to make diagnosis easy and affordable, point of care diagnostics have served as a revolution to the war against cancer. The problem of decentralizing cancer diagnosis Cancer diagnostic methods have many shortcomings: They are often based on the results of tests conducted in central laboratories, invasions into the body and relatively long time of examination. These delays are not conducive to early treatment especially where facilities for treatment are scarce. POC diagnostics fill this void since they offer quick and precise results at or near the location of patient care that deploys a decentralized diagnostic strategy. Currently, the worldwide POC diagnose market is assumed to be more than $44 billion in 2023, and cancer diagnose becomes one of the essential segment in this market. Noninvasive diagnostic tools such as liquid biopsy, biomarkers, and immunoassays detection is helping out in early diagnosis of various types of cancer including colon, breast and lung cancer. New products that have emerged about in the recent past reveal the possibilities that are held by POC diagnostics. For instance, Guardant HealthÃ¢â‚¬â„¢s FDA approved in 2024 t",,The Times of India,1,yes,https://timesofindia.indiatimes.com/blogs/disruption-in-higher-education/the-future-of-cancer-diagnosis-how-point-of-care-testing-is-transforming-early-detection/,,,1,3,Initial labelled,2039,Early detection,"The future of cancer diagnosis: How point-of-care testing is transforming early detection - The Times of India H.E. Prof. Sir Manuel Freire-Garabal y NÃƒÂºÃƒÂ±ez is a lawyer and journalist. He is a professor, contributor and advisor at different universities, particularly at the IVY League. He serves in diplomacy as advisor to United Nations higher officials and as a member of the diplomatic staff of several governments. He has received high honours from Russian Federation, United States or Peru. LESS ... MORE Cancer is still among the leading causes of morbidity and mortality worldwide; in 2020, there were more than 19.3 million new cancer cases, and about 10 million people died from cancer, based on IARC data. Screening is acknowledged as one of the best approaches towards raising mortality rates as well as decreasing the consequences of disease in the population. While evolving healthcare systems continue looking for innovative ways to make diagnosis easy and affordable, point of care diagnostics have served as a revolution to the war against cancer. The problem of decentralizing cancer diagnosis Cancer diagnostic methods have many shortcomings: They are often based on the results of tests conducted in central laboratories, invasions into the body and relatively long time of examination. These delays are not conducive to early treatment especially where facilities for treatment are scarce. POC diagnostics fill this void since they offer quick and precise results at or near the location of patient care that deploys a decentralized diagnostic strategy. Currently, the worldwide POC diagnose market is assumed to be more than $44 billion in 2023, and cancer diagnose becomes one of the essential segment in this market. Noninvasive diagnostic tools such as liquid biopsy, biomarkers, and immunoassays detection is helping out in early diagnosis of various types of cancer including colon, breast and lung cancer. New products that have emerged about in the recent past revea"
Montell Jordan Advocates Prostate Cancer Awareness After Personal Battle - MSN,,,MSN,0,yes,http://www.msn.com/en-us/health/other/montell-jordan-advocates-prostate-cancer-awareness-after-personal-battle/ar-AA1vCkE9?apiversion=v2&noservercache=1&domshim=1&renderwebcomponents=1&wcseo=1&batchservertelemetry=1&noservertelemetry=1,,,8,1,Initial labelled,2040,Early detection,Montell Jordan Advocates Prostate Cancer Awareness After Personal Battle - MSN 
Health Spotlight | Detecting pancreatic cancer earlier - MSN,,,MSN,1,yes,http://www.msn.com/en-us/health/other/health-spotlight-detecting-pancreatic-cancer-earlier/ar-AA1vH0Z8?apiversion=v2&noservercache=1&domshim=1&renderwebcomponents=1&wcseo=1&batchservertelemetry=1&noservertelemetry=1,,,9,1,Initial labelled,2041,"Early detection,Early diagnosis",Health Spotlight | Detecting pancreatic cancer earlier - MSN 
#NAME?,"Laser-AI hybrid blood test can detect breast cancer as early as possible Combining laser analysis with artificial intelligence, a first-of-its-kind screening method is able to identify the earliest signs of breast cancer.   Image courtesy of Edinburgh University The fast, non-invasive technique reveals subtle changes in the bloodstream that occur during the initial phases of the disease, known as stage 1a, which are not detectable with existing tests, the team says.  Edinburgh researchers say their new method could improve early detection and monitoring of the disease and pave the way for a screening test for multiple forms of cancer.  Disease testing Standard tests for breast cancer can include a physical examination, x-ray or ultrasound scans or analysis of a sample of breast tissue, known as a biopsy. Existing early detection strategies rely upon screening people based on their age or if they are in at-risk groups.  Using the new method, researchers were able to spot breast cancer at the earliest stage by optimising a laser analysis technique Ã¢â‚¬â€œ known as Raman spectroscopy Ã¢â‚¬â€œ and combining it with machine learning, a form of AI.  Similar approaches have been trialled to screen for other types of cancer, but the earliest they could detect disease was at stage two, the team says.  Blood samples The new technique works by first shining a laser beam into blood plasma taken from patients.  The properties of the light after it interacts with the blood are then analysed using a device called a spectrometer to reveal tiny changes in the chemical make-up of cells and tissues, which are early indicators of disease.  A machine learning algorithm is then used to interpret the results, identifying similar features and helping to classify samples.  Early diagnosis In the pilot study involving 12 samples from breast cancer patients and 12 healthy controls, the technique was 98 per cent effective at identifying breast cancer at stage 1a.  The test cou",,Design Products & Applications,1,yes,https://www.dpaonthenet.net/article/211871/Laser-AI-hybrid-blood-test-can-detect-breast-cancer-as-early-as-possible.aspx,,,7,2,Initial labelled,2042,Early detection,"#NAME? Laser-AI hybrid blood test can detect breast cancer as early as possible Combining laser analysis with artificial intelligence, a first-of-its-kind screening method is able to identify the earliest signs of breast cancer. Image courtesy of Edinburgh University The fast, non-invasive technique reveals subtle changes in the bloodstream that occur during the initial phases of the disease, known as stage 1a, which are not detectable with existing tests, the team says. Edinburgh researchers say their new method could improve early detection and monitoring of the disease and pave the way for a screening test for multiple forms of cancer. Disease testing Standard tests for breast cancer can include a physical examination, x-ray or ultrasound scans or analysis of a sample of breast tissue, known as a biopsy. Existing early detection strategies rely upon screening people based on their age or if they are in at-risk groups. Using the new method, researchers were able to spot breast cancer at the earliest stage by optimising a laser analysis technique Ã¢â‚¬â€œ known as Raman spectroscopy Ã¢â‚¬â€œ and combining it with machine learning, a form of AI. Similar approaches have been trialled to screen for other types of cancer, but the earliest they could detect disease was at stage two, the team says. Blood samples The new technique works by first shining a laser beam into blood plasma taken from patients. The properties of the light after it interacts with the blood are then analysed using a device called a spectrometer to reveal tiny changes in the chemical make-up of cells and tissues, which are early indicators of disease. A machine learning algorithm is then used to interpret the results, identifying similar features and helping to classify samples. Early diagnosis In the pilot study involving 12 samples from breast cancer patients and 12 healthy controls, the technique was 98 per cent effective at identifying breast cancer at stage 1a. The test cou"
Black Women Are Seeing an Alarming Spike in Late-Stage Breast Cancer - BET,"A new study reveals a rise in late-stage breast cancer diagnoses, with Black women facing considerable increases. Published in the journal Ã¢â‚¬Å“Radiology,Ã¢â‚¬Â the study analyzed data from 2004 to 2021 and found that advanced breast cancer rates climbed across all racial and ethnic groups. However, Black women were reported to experience late-stage diagnoses 55% more often than white women and faced higher mortality rates from the disease. The study highlighted that women aged 20 to 39 and those over 75 experienced the sharpest increases in late-stage diagnoses. It also noted that fewer than 70% of eligible women are up to date on mammograms, a key tool for early detection. Ã¢â‚¬Å“Black women tend to have more aggressive breast cancers, including a higher rate of triple-negative breast cancers,Ã¢â‚¬Â Dr. Edward Hendrick, clinical professor of radiology at the University of Colorado, told ABC News . Ã¢â‚¬Å“There may also be differences in how findings are acted upon, reflecting barriers to high-quality care.Ã¢â‚¬Â The 2020 COVID-19 pandemic only exacerbated the issue. Dr. Hendrick explained, ""Volumes at screening sites for the year 2020 were down as much as 90% from 2019 levels,Ã¢â‚¬Â noting that Ã¢â‚¬Å“these missed screenings contributed to higher rates of advanced breast cancers in 2021 and likely subsequent years.Ã¢â‚¬Â Experts say increased screening, expanded healthcare access, and better follow-up care could reverse this alarming trend. Dr. Debra L. Monticciolo, a professor of radiology at Texas A&M University, emphasized the need for early risk assessments starting at age 25. Ã¢â‚¬Å“Improving equity in care is critical to saving lives,Ã¢â‚¬Â she stated, calling for better access to early detection and treatment.",,BET,0,yes,https://www.bet.com/article/2yav6v/new-study-black-women-rise-late-stage-breast-cancer,,,9,1,Initial labelled,2043,Early detection,"Black Women Are Seeing an Alarming Spike in Late-Stage Breast Cancer - BET A new study reveals a rise in late-stage breast cancer diagnoses, with Black women facing considerable increases. Published in the journal Ã¢â‚¬Å“Radiology,Ã¢â‚¬Â the study analyzed data from 2004 to 2021 and found that advanced breast cancer rates climbed across all racial and ethnic groups. However, Black women were reported to experience late-stage diagnoses 55% more often than white women and faced higher mortality rates from the disease. The study highlighted that women aged 20 to 39 and those over 75 experienced the sharpest increases in late-stage diagnoses. It also noted that fewer than 70% of eligible women are up to date on mammograms, a key tool for early detection. Ã¢â‚¬Å“Black women tend to have more aggressive breast cancers, including a higher rate of triple-negative breast cancers,Ã¢â‚¬Â Dr. Edward Hendrick, clinical professor of radiology at the University of Colorado, told ABC News . Ã¢â‚¬Å“There may also be differences in how findings are acted upon, reflecting barriers to high-quality care.Ã¢â‚¬Â The 2020 COVID-19 pandemic only exacerbated the issue. Dr. Hendrick explained, ""Volumes at screening sites for the year 2020 were down as much as 90% from 2019 levels,Ã¢â‚¬Â noting that Ã¢â‚¬Å“these missed screenings contributed to higher rates of advanced breast cancers in 2021 and likely subsequent years.Ã¢â‚¬Â Experts say increased screening, expanded healthcare access, and better follow-up care could reverse this alarming trend. Dr. Debra L. Monticciolo, a professor of radiology at Texas A&M University, emphasized the need for early risk assessments starting at age 25. Ã¢â‚¬Å“Improving equity in care is critical to saving lives,Ã¢â‚¬Â she stated, calling for better access to early detection and treatment."
Understanding Cognitive Health: Dr. Heidi Schwarzwald Shares Insights on Early Detection and Support - Yahoo! Voices,"18,131 people played the daily Crossword recently. Can you solve it faster than others? 18,131 people played the daily Crossword recently. Can you solve it faster than others?",,Yahoo! Voices,0,yes,https://www.yahoo.com/news/understanding-cognitive-health-dr-heidi-235550580.html,,,10,1,Initial labelled,2044,Early detection,"Understanding Cognitive Health: Dr. Heidi Schwarzwald Shares Insights on Early Detection and Support - Yahoo! Voices 18,131 people played the daily Crossword recently. Can you solve it faster than others? 18,131 people played the daily Crossword recently. Can you solve it faster than others?"
Study shows new ML-based tool helps early detection of breast cancer - Madhyamam,"New Delhi: A new machine learning-based screening tool is 98% efficient in detecting the first signs of breast cancer, according to a research. The rapid, non-invasive technique was developed by University of Edinburgh researchers and combines laser analysis and machine learning. It is the first of its kind to detect patients in the early stages of breast cancer, scientists added, and it could open the way for a screening test for different types of cancer. The technique can pick up subtle changes that occur in the bloodstream during the initial phases of the disease -- known as stage 1a -- which goes undetected by existing tests, IANS reported. Physical examination, X-ray or ultrasound scans, or analysis of a sample of breast tissue, known as a biopsy are standard tests currently available for breast cancer. These rely upon screening people based on their age or if they are in at-risk groups. The pilot study, published in the Journal of Biophotonics, involved 12 samples from breast cancer patients and 12 healthy controls. In the study, the team optimised a laser analysis technique -- known as Raman spectroscopy -- and combined it with machine learning. The team could spot breast cancer at stage 1a with 98 per cent effectiveness. It first shines a laser beam into blood plasma taken from patients. Using a spectrometer device, the team analysed the properties of the light after it interacted with the blood. The spectrometer then revealed tiny changes in the chemical makeup of cells and tissues -- early indicators of disease. Using the machine learning algorithm, physicians can interpret the results. Using the novel approach, the team could also distinguish between each of the four main breast cancer subtypes with an accuracy of more than 90 per cent. The team said this enabled patients to receive more effective, personalised treatment.",,Madhyamam,1,yes,https://madhyamamonline.com/science/new-ml-based-tool-helps-early-detection-of-breast-cancer-1360429,,,10,1,Initial labelled,2045,Cascade testing,"Study shows new ML-based tool helps early detection of breast cancer - Madhyamam New Delhi: A new machine learning-based screening tool is 98% efficient in detecting the first signs of breast cancer, according to a research. The rapid, non-invasive technique was developed by University of Edinburgh researchers and combines laser analysis and machine learning. It is the first of its kind to detect patients in the early stages of breast cancer, scientists added, and it could open the way for a screening test for different types of cancer. The technique can pick up subtle changes that occur in the bloodstream during the initial phases of the disease -- known as stage 1a -- which goes undetected by existing tests, IANS reported. Physical examination, X-ray or ultrasound scans, or analysis of a sample of breast tissue, known as a biopsy are standard tests currently available for breast cancer. These rely upon screening people based on their age or if they are in at-risk groups. The pilot study, published in the Journal of Biophotonics, involved 12 samples from breast cancer patients and 12 healthy controls. In the study, the team optimised a laser analysis technique -- known as Raman spectroscopy -- and combined it with machine learning. The team could spot breast cancer at stage 1a with 98 per cent effectiveness. It first shines a laser beam into blood plasma taken from patients. Using a spectrometer device, the team analysed the properties of the light after it interacted with the blood. The spectrometer then revealed tiny changes in the chemical makeup of cells and tissues -- early indicators of disease. Using the machine learning algorithm, physicians can interpret the results. Using the novel approach, the team could also distinguish between each of the four main breast cancer subtypes with an accuracy of more than 90 per cent. The team said this enabled patients to receive more effective, personalised treatment."
PatientsÃ¢â‚¬â„¢ perspectives regarding health professionals contacting their relatives about genetic risk directly (with patient consent) - Nature.com,"Genetic testing of blood relatives of individuals at high risk of dominant conditions has significant preventive health benefits. However, cascade testing uptake is <50%. Research shows increased testing uptake when health professionals (HPs) contact at-risk relatives directly, with patient consent. Despite international support, this is not standard practice in Australia. We aimed to gather perspectives of genetic testing patients about direct-contact methods. Using an online survey, we surveyed Australian adults with genetic results of relevance for relatives, including patients who (i) self-categorised as being directly contacted by a clinical service, (ii) self-categorised as being referred by a HP, and (iii) received genetic results through a research study. Overall, 442 patients responded (clinical n = 363; research n = 79). Clinical patients self-categorised as 49.0% directly-contacted and 51.0% referred. Overall, the majority of patients had no privacy concerns about direct-contact methods (direct-contact 97%; referred 77%; research 76%). Less than 5% of the combined cohort (n = 19/442) reported significant concerns. The most prevalent concerns were the need for consent to provide HPs with relativesÃ¢â‚¬â„¢ contact details, and a patient preference to notify relatives before HP contact. Other key findings include preferences about contact methods, including that most patients who received a letter from a genetics service preferred a letter with specific information about the familial genetic condition (n = 141/149; 94.6%) than one with general information about genetic risk. Our findings indicate Australian patients support HPs using direct-contact methods to assist with risk communication to relatives. Findings also identify concerns to be addressed in the design of direct-contact programs.",,Nature.com,1,yes,https://www.nature.com/articles/s41431-024-01764-y,,,1,1,Initial labelled,2046,Cascade testing,"PatientsÃ¢â‚¬â„¢ perspectives regarding health professionals contacting their relatives about genetic risk directly (with patient consent) - Nature.com Genetic testing of blood relatives of individuals at high risk of dominant conditions has significant preventive health benefits. However, cascade testing uptake is <50%. Research shows increased testing uptake when health professionals (HPs) contact at-risk relatives directly, with patient consent. Despite international support, this is not standard practice in Australia. We aimed to gather perspectives of genetic testing patients about direct-contact methods. Using an online survey, we surveyed Australian adults with genetic results of relevance for relatives, including patients who (i) self-categorised as being directly contacted by a clinical service, (ii) self-categorised as being referred by a HP, and (iii) received genetic results through a research study. Overall, 442 patients responded (clinical n = 363; research n = 79). Clinical patients self-categorised as 49.0% directly-contacted and 51.0% referred. Overall, the majority of patients had no privacy concerns about direct-contact methods (direct-contact 97%; referred 77%; research 76%). Less than 5% of the combined cohort (n = 19/442) reported significant concerns. The most prevalent concerns were the need for consent to provide HPs with relativesÃ¢â‚¬â„¢ contact details, and a patient preference to notify relatives before HP contact. Other key findings include preferences about contact methods, including that most patients who received a letter from a genetics service preferred a letter with specific information about the familial genetic condition (n = 141/149; 94.6%) than one with general information about genetic risk. Our findings indicate Australian patients support HPs using direct-contact methods to assist with risk communication to relatives. Findings also identify concerns to be addressed in the design of direct-contact programs."
Bird flu is spreading at PNW farms Ã¢â‚¬â€ among animals and workers - cascadepbs.org,"Strater told InvestigateWest that she hasnÃ¢â‚¬â„¢t heard of any states doing surveillance. Instead, she said, they are doing more passive monitoring, by relying on employers to report workers who show symptoms of avian flu. Ã¢â‚¬Å“Some employers will, some wonÃ¢â‚¬â„¢t,Ã¢â‚¬Â she said. Clinicians cite Colorado as a state that has effectively responded to outbreaks of avian flu by testing workers. The state has tested 137 people who were exposed, according to the Colorado of Public Health and Environment. Public health workers in Colorado and Michigan also tested blood samples of over 100 workers who were known to have been working with infected cows and found 7% had avian flu antibodies, meaning they had unknowingly contracted the virus. But Liebman said that even workers who were exposed to positive animals but not showing symptoms should be tested. By testing all exposed workers, Liebman said, local health authorities would have Ã¢â‚¬Å“a much better understanding of transmission, of what protects the worker and the likelihood of workers actually even having it while being asymptomatic.Ã¢â‚¬Â When asked why they werenÃ¢â‚¬â„¢t testing more workers, Dillon from the South Central Public Health District said that workers in Idaho were given equipment to protect themselves while working and feels that is sufficient enough not to warrant testing people without symptoms. Jonathan Modie, spokesperson for the Oregon Health Authority, said they reserve testing for people with symptoms or asymptomatic people who had a high-risk exposure, meaning a breach or misuse of PPE. Lang said the Washington Department of Health is clarifying the new CDC guidelines before it implements more testing.  A high mortality rate So far, human cases of avian flu have been mild. Dr. JÃƒÂ¼rgen Richt, a professor and director of the Center of Excellence for Emerging and Zoonotic Animal Diseases at Kansas State University, told InvestigateWest that so far people who have tested positive for avian flu have had mild resp",,cascadepbs.org,0,yes,https://www.cascadepbs.org/environment/2024/12/bird-flu-spreading-pnw-farms-among-animals-and-workers,,,1,1,Initial labelled,2047,Cascade testing,"Bird flu is spreading at PNW farms Ã¢â‚¬â€ among animals and workers - cascadepbs.org Strater told InvestigateWest that she hasnÃ¢â‚¬â„¢t heard of any states doing surveillance. Instead, she said, they are doing more passive monitoring, by relying on employers to report workers who show symptoms of avian flu. Ã¢â‚¬Å“Some employers will, some wonÃ¢â‚¬â„¢t,Ã¢â‚¬Â she said. Clinicians cite Colorado as a state that has effectively responded to outbreaks of avian flu by testing workers. The state has tested 137 people who were exposed, according to the Colorado of Public Health and Environment. Public health workers in Colorado and Michigan also tested blood samples of over 100 workers who were known to have been working with infected cows and found 7% had avian flu antibodies, meaning they had unknowingly contracted the virus. But Liebman said that even workers who were exposed to positive animals but not showing symptoms should be tested. By testing all exposed workers, Liebman said, local health authorities would have Ã¢â‚¬Å“a much better understanding of transmission, of what protects the worker and the likelihood of workers actually even having it while being asymptomatic.Ã¢â‚¬Â When asked why they werenÃ¢â‚¬â„¢t testing more workers, Dillon from the South Central Public Health District said that workers in Idaho were given equipment to protect themselves while working and feels that is sufficient enough not to warrant testing people without symptoms. Jonathan Modie, spokesperson for the Oregon Health Authority, said they reserve testing for people with symptoms or asymptomatic people who had a high-risk exposure, meaning a breach or misuse of PPE. Lang said the Washington Department of Health is clarifying the new CDC guidelines before it implements more testing. A high mortality rate So far, human cases of avian flu have been mild. Dr. JÃƒÂ¼rgen Richt, a professor and director of the Center of Excellence for Emerging and Zoonotic Animal Diseases at Kansas Stat"
"Cascade County warns of scam asking for money to find missing person, Alicia Wood - NonStop Local Billings",Not your computer? Use Guest mode to sign in privately. Learn more about using Guest mode,,NonStop Local Billings,0,yes,https://www.kulr8.com/news/state/cascade-county-warns-of-scam-asking-for-money-to-find-missing-person-alicia-wood/article_8bd003f9-ef0c-56aa-93c9-3a14837e9139.html,,,1,1,Initial labelled,2048,Cascade testing,"Cascade County warns of scam asking for money to find missing person, Alicia Wood - NonStop Local Billings Not your computer? Use Guest mode to sign in privately. Learn more about using Guest mode"
The Best Fleece Jackets of 2024-2025 - GearJunkie,"We tested the best fleece jackets from Patagonia, REI, Black Diamond, Rab, and more to help you find the best option for your needs and budget. A solid fleece jacket is an integral part of your layering system on any adventure; (photo/Chris Carter) Support us! GearJunkie may earn a small commission from affiliate links in this article. Learn More Functional year-round in cool or cold weather, the best fleece jackets simultaneously retain the heat our bodies give off while providing airflow and stellar next-to-skin comfort. Conventional designs are extremely fine-tuned, offering a spectrum of warmth, breathability, wicking capability, and integrated weather protection. ThereÃ¢â‚¬â„¢s also a range of features like thumbholes, pockets, and hoods that boost their useability for different activities. Our team has collectively tested hundreds of fleece jackets over the history of this guide, with current authors Chris Carter, Ryan Kempfer and Andrew Potter putting over 35 different models through grueling tests. We clung to tiny crimps thousands of feet in the air, trudged along endless miles of trail, and curled up next to countless campfires wearing these fuzzy layers to bring you the streamlined selection you see today. Included are jackets for every mission like our top pick, the Patagonia R1 Air Full-Zip Hoody, which is ideal for thru-hikes of long trails to budget-minded fleece jackets like the REI Co-op Trailmade Fleece Jacket , which is perfect for errands and casual walks. EditorÃ¢â‚¬â„¢s Note: We updated this guide on December 13 2024, by adding our new favorite fleece for everyday style, the Cotopaxi Teca Fleece Hooded Full-Zip Jacket. The Best Fleece Jackets of 2024-2025 Best Weather-Resistant Fleece Jacket Patagonia R1 TechFace Hoody Check Price at Patagonia$170 at evo Specs Weight: 391 g (menÃ¢â‚¬â„¢s size M) 391 g (menÃ¢â‚¬â„¢s size M) Fit: Athletic Athletic Fabric: 69% recycled nylon, 23% polyester, 8% spandex double-weave 69% recycled nylon, 23% polyester, 8% span",,GearJunkie,0,yes,https://gearjunkie.com/apparel/best-fleece-jackets,,,1,1,Initial labelled,2049,Cascade testing,"The Best Fleece Jackets of 2024-2025 - GearJunkie We tested the best fleece jackets from Patagonia, REI, Black Diamond, Rab, and more to help you find the best option for your needs and budget. A solid fleece jacket is an integral part of your layering system on any adventure; (photo/Chris Carter) Support us! GearJunkie may earn a small commission from affiliate links in this article. Learn More Functional year-round in cool or cold weather, the best fleece jackets simultaneously retain the heat our bodies give off while providing airflow and stellar next-to-skin comfort. Conventional designs are extremely fine-tuned, offering a spectrum of warmth, breathability, wicking capability, and integrated weather protection. ThereÃ¢â‚¬â„¢s also a range of features like thumbholes, pockets, and hoods that boost their useability for different activities. Our team has collectively tested hundreds of fleece jackets over the history of this guide, with current authors Chris Carter, Ryan Kempfer and Andrew Potter putting over 35 different models through grueling tests. We clung to tiny crimps thousands of feet in the air, trudged along endless miles of trail, and curled up next to countless campfires wearing these fuzzy layers to bring you the streamlined selection you see today. Included are jackets for every mission like our top pick, the Patagonia R1 Air Full-Zip Hoody, which is ideal for thru-hikes of long trails to budget-minded fleece jackets like the REI Co-op Trailmade Fleece Jacket , which is perfect for errands and casual walks. EditorÃ¢â‚¬â„¢s Note: We updated this guide on December 13 2024, by adding our new favorite fleece for everyday style, the Cotopaxi Teca Fleece Hooded Full-Zip Jacket. The Best Fleece Jackets of 2024-2025 Best Weather-Resistant Fleece Jacket Patagonia R1 TechFace Hoody Check Price at Patagonia$170 at evo Specs Weight: 391 g (menÃ¢â‚¬â„¢s size M) 391 g (menÃ¢â‚¬â„¢s size M) Fit: Athletic Athletic Fabric: 69% recycled nylon, 23% polyester, 8% span"
TAC Security gets global certification for cyber risk assessment of IoT devices - ETCISO.in,"Chandigarh, Cybersecurity firm TAC Security on Friday said it has received certification from global body ioXT to conduct testing and risk assessment of Internet of Thing (IoT) devices for enterprises. TAC Security is now empowered to conduct IoT security assessments under the esteemed ioXt certification programme, guaranteeing that connected devices meet the highest global security, transparency, and upgradability standards, the company said in a statement.  With this, TAC Security joins an exclusive league of eight companies worldwide, further cementing its leadership in driving advanced evaluations for a safer digital future, it said.   Advt Join the community of 2M+ industry professionals Subscribe to our newsletter to get latest insights & analysis. Download ETCISO App Get Realtime updates Save your favourite articles Scan to download App TAC Security said it will foray into the IoT security market, offering security assessments through its ESOF vulnerability management platform. The company intends to roll out the services from February 2025.""Being approved as an ioXt authorized lab empowers us to ensure manufacturers and enterprises meet global security benchmarks. This milestone is a significant leap in our mission to become the world's largest vulnerability management company,"" said Saransh Rawat, Chief Technology Officer, TAC Security.TAC Security will incorporate IoT security assessments into its ESOF Vulnerability Management Portfolio, offering organisations a comprehensive platform to manage IT (Information Technology), OT (Operation Technology), and IoT risks seamlessly, he said.Trishneet Arora, Founder and CEO, TAC Security, said, ""Becoming an ioXt authorized lab is a testament to TAC Security's unmatched expertise, cutting-edge infrastructure, and commitment to global security benchmarks.With an estimated 25.4 billion IoT devices expected by 2030, IoT security is critical for safeguarding smart cities, healthcare systems, industrial automatio",,ETCISO.in,0,yes,https://ciso.economictimes.indiatimes.com/news/next-gen-tech/tac-security-gets-global-certification-for-cyber-risk-assessment-of-iot-devices/116288791,,,1,1,Initial labelled,2050,High-risk screening,"TAC Security gets global certification for cyber risk assessment of IoT devices - ETCISO.in Chandigarh, Cybersecurity firm TAC Security on Friday said it has received certification from global body ioXT to conduct testing and risk assessment of Internet of Thing (IoT) devices for enterprises. TAC Security is now empowered to conduct IoT security assessments under the esteemed ioXt certification programme, guaranteeing that connected devices meet the highest global security, transparency, and upgradability standards, the company said in a statement. With this, TAC Security joins an exclusive league of eight companies worldwide, further cementing its leadership in driving advanced evaluations for a safer digital future, it said. Advt Join the community of 2M+ industry professionals Subscribe to our newsletter to get latest insights & analysis. Download ETCISO App Get Realtime updates Save your favourite articles Scan to download App TAC Security said it will foray into the IoT security market, offering security assessments through its ESOF vulnerability management platform. The company intends to roll out the services from February 2025.""Being approved as an ioXt authorized lab empowers us to ensure manufacturers and enterprises meet global security benchmarks. This milestone is a significant leap in our mission to become the world's largest vulnerability management company,"" said Saransh Rawat, Chief Technology Officer, TAC Security.TAC Security will incorporate IoT security assessments into its ESOF Vulnerability Management Portfolio, offering organisations a comprehensive platform to manage IT (Information Technology), OT (Operation Technology), and IoT risks seamlessly, he said.Trishneet Arora, Founder and CEO, TAC Security, said, ""Becoming an ioXt authorized lab is a testament to TAC Security's unmatched expertise, cutting-edge infrastructure, and commitment to global security benchmarks.With an estimated 25.4 billion IoT devices expected by 2030, IoT security"
Navigating Challenges in Brain Metastasis Screening in MBC - Medscape,"Michelle E. Melisko, MD Decisions around screening for brain metastases in patients with metastatic breast cancer (MBC) can be challenging. To shed some light on the latest screening guidelines and their implications for clinical practice, Alissa Hershberger, MSN, RN, CCRN, CNE, for Medscape, spoke with Michelle E. Melisko, MD, clinical professor, Department of Medicine, Division of Hematology-Oncology, University of San Francisco School of Medicine, and breast cancer specialist at UCSF Medical Center. Read on for her insights. At what point is it recommended to screen patients with MBC for brain metastasis? Right now, the current guidelines from the National Comprehensive Cancer Network are not to screen. However, most clinical trials Ã¢â‚¬â€ I don't want to say 100%, but many clinical trials Ã¢â‚¬â€ do mandate that patients be screened with an MRI of the brain to allow enrollment. More and more clinical trials are allowing patients with MBC and brain metastasis to participate, but most often, brain metastases must be treated and stable. I don't know the exact percentage because I think it is a moving target, but I would say more than 50% of studies for MBC do involve screening. Through that, we've identified very high rates, probably in the 15%-25% range, of asymptomatic brain metastasis. Are there any specific high-risk populations of breast cancer patients in whom you would recommend earlier screening for brain metastasis? We know that patients with HER2+ breast cancer and triple-negative breast cancer have a much higher rate of developing central nervous system (CNS) metastasis. Some studies suggest that across the course of a lifetime of someone diagnosed with HER2+ MBC, thereÃ¢â‚¬â„¢s about a 50% chance that theyÃ¢â‚¬â„¢ll develop brain metastasis. In fact, there was one study that was published by the group at Dana-Farber where they looked at patients who had been diagnosed with de novo metastatic disease. These are patients that had never had early-stage breast cancer d",,Medscape,0,yes,https://www.medscape.com/viewarticle/brain-metastasis-screening-mbc-navigating-challenges-2024a1000mto,,,1,1,Initial labelled,2051,High-risk screening,"Navigating Challenges in Brain Metastasis Screening in MBC - Medscape Michelle E. Melisko, MD Decisions around screening for brain metastases in patients with metastatic breast cancer (MBC) can be challenging. To shed some light on the latest screening guidelines and their implications for clinical practice, Alissa Hershberger, MSN, RN, CCRN, CNE, for Medscape, spoke with Michelle E. Melisko, MD, clinical professor, Department of Medicine, Division of Hematology-Oncology, University of San Francisco School of Medicine, and breast cancer specialist at UCSF Medical Center. Read on for her insights. At what point is it recommended to screen patients with MBC for brain metastasis? Right now, the current guidelines from the National Comprehensive Cancer Network are not to screen. However, most clinical trials Ã¢â‚¬â€ I don't want to say 100%, but many clinical trials Ã¢â‚¬â€ do mandate that patients be screened with an MRI of the brain to allow enrollment. More and more clinical trials are allowing patients with MBC and brain metastasis to participate, but most often, brain metastases must be treated and stable. I don't know the exact percentage because I think it is a moving target, but I would say more than 50% of studies for MBC do involve screening. Through that, we've identified very high rates, probably in the 15%-25% range, of asymptomatic brain metastasis. Are there any specific high-risk populations of breast cancer patients in whom you would recommend earlier screening for brain metastasis? We know that patients with HER2+ breast cancer and triple-negative breast cancer have a much higher rate of developing central nervous system (CNS) metastasis. Some studies suggest that across the course of a lifetime of someone diagnosed with HER2+ MBC, thereÃ¢â‚¬â„¢s about a 50% chance that theyÃ¢â‚¬â„¢ll develop brain metastasis. In fact, there was one study that was published by the group at Dana-Farber where they looked at patients who had been diagnosed with de novo "
AI enhances mammography for better breast cancer risk prediction - MSN,,,MSN,1,yes,http://www.msn.com/en-us/health/other/ai-enhances-mammography-for-better-breast-cancer-risk-prediction/ar-AA1vKx4g?apiversion=v2&noservercache=1&domshim=1&renderwebcomponents=1&wcseo=1&batchservertelemetry=1&noservertelemetry=1,,,1,1,Initial labelled,2052,High-risk screening,AI enhances mammography for better breast cancer risk prediction - MSN 
Cervical cancer: improved screening through HPV risk groups - European Hospital,"Image source: Karolinska Institutet; photo: private The study is based on British women who were offered a self-test for HPV in a trial because they were overdue for their cervical cancer screening. ""Self-testing for HPV has become an important component in cervical screening. It reaches women who would not otherwise participate,"" says Jiayao Lei, assistant professor at the Department of Medical Epidemiology and Biostatistics and Department of Clinical Science, Intervention and Technology, who is the lead author of the study. The study, conducted in primary care centres in England, included 855 women with a positive HPV self-test, i.e. indicative of HPV infections, and had a subsequent clinician-sample. It was found that 71 of these women (8.3%) had the severe cervical precancer or cancer. The researchers looked at the details of the HPV test results on self-sample and used a new method to assess the risk of severe cellular changes. The risk stratification is based on the variant of the HPV virus and the amount of virus (measured as the cycle threshold, Ct value) present in the self-test. Using this, they divided the women into three risk groups: high, medium and low risk. Women with HPV type 16 and a low Ct value (<30) had the highest risk of severe cervical precancer or cancer. ""About 40% of women in our high-risk group had been diagnosed with the severe cervical precancer or cancer that requires treatment. Therefore, our recommendation for the future is that this group be referred directly for further investigation with colposcopy,"" says Jiayao Lei.",,European Hospital,1,yes,http://www.european-hospital.com/en/news/cervical-cancer-screening-hpv-risk.html,,,2,1,Initial labelled,2053,High-risk screening,"Cervical cancer: improved screening through HPV risk groups - European Hospital Image source: Karolinska Institutet; photo: private The study is based on British women who were offered a self-test for HPV in a trial because they were overdue for their cervical cancer screening. ""Self-testing for HPV has become an important component in cervical screening. It reaches women who would not otherwise participate,"" says Jiayao Lei, assistant professor at the Department of Medical Epidemiology and Biostatistics and Department of Clinical Science, Intervention and Technology, who is the lead author of the study. The study, conducted in primary care centres in England, included 855 women with a positive HPV self-test, i.e. indicative of HPV infections, and had a subsequent clinician-sample. It was found that 71 of these women (8.3%) had the severe cervical precancer or cancer. The researchers looked at the details of the HPV test results on self-sample and used a new method to assess the risk of severe cellular changes. The risk stratification is based on the variant of the HPV virus and the amount of virus (measured as the cycle threshold, Ct value) present in the self-test. Using this, they divided the women into three risk groups: high, medium and low risk. Women with HPV type 16 and a low Ct value (<30) had the highest risk of severe cervical precancer or cancer. ""About 40% of women in our high-risk group had been diagnosed with the severe cervical precancer or cancer that requires treatment. Therefore, our recommendation for the future is that this group be referred directly for further investigation with colposcopy,"" says Jiayao Lei."
"Diabetic Retinopathy: Screening, Prevention and Treatment - Consult QD","By David D. Chong, BA; Nikhil Das, MD; and Rishi P. Singh, MD Advertisement Cleveland Clinic is a non-profit academic medical center. Advertising on our site helps support our mission. We do not endorse non-Cleveland Clinic products or services. Policy This article is reprinted from the August 2024 issue of Cleveland Clinic Journal of Medicine (2024 Aug 1;91(8):503-510). Diabetic retinopathy is the leading cause of new cases of blindness in patients with diabetes mellitus.1Ã¢â‚¬â€œ4 In 2020, more than 103 million individuals with diabetes mellitus worldwide were affected by diabetic retinopathy, and estimates suggest this number will increase to 160 million by 2045.5 Compared with all other leading causes of blindness, diabetic retinopathy is the only condition that has not experienced a decrease in age-standardized prevalence between 1990 and 2020.6 Without proper prevention and management, the burden of diabetic retinopathy will continue to grow, placing more patients at risk for complications that can cause severe vision loss, such as diabetic macular edema (DME) and proliferative diabetic retinopathy. This article reviews the principles of screening for diabetic retinopathy, measures for preventing its development and progression, and current treatment options. Diabetic retinopathy classifications Diabetic retinopathy is classified as nonproliferative diabetic retinopathy (NPDR) and proliferative diabetic retinopathy based on the absence or presence of abnormal new blood vessels growing in the retina. The nonproliferative and proliferative stages are sequential. NPDR is further classified by severity as mild, moderate or severe, and proliferative diabetic retinopathy as early or high-risk.7 DME, defined as thickening of the retina, can occur in any stage of diabetic retinopathy and is the most common complication of diabetic retinopathy that causes vision loss.7,8 DME can be divided into center-involved DME, which is thickening in the center of the macula and",,Consult QD,0,yes,https://consultqd.clevelandclinic.org/diabetic-retinopathy-screening-prevention-and-treatment,,,2,1,Initial labelled,2054,High-risk screening,"Diabetic Retinopathy: Screening, Prevention and Treatment - Consult QD By David D. Chong, BA; Nikhil Das, MD; and Rishi P. Singh, MD Advertisement Cleveland Clinic is a non-profit academic medical center. Advertising on our site helps support our mission. We do not endorse non-Cleveland Clinic products or services. Policy This article is reprinted from the August 2024 issue of Cleveland Clinic Journal of Medicine (2024 Aug 1;91(8):503-510). Diabetic retinopathy is the leading cause of new cases of blindness in patients with diabetes mellitus.1Ã¢â‚¬â€œ4 In 2020, more than 103 million individuals with diabetes mellitus worldwide were affected by diabetic retinopathy, and estimates suggest this number will increase to 160 million by 2045.5 Compared with all other leading causes of blindness, diabetic retinopathy is the only condition that has not experienced a decrease in age-standardized prevalence between 1990 and 2020.6 Without proper prevention and management, the burden of diabetic retinopathy will continue to grow, placing more patients at risk for complications that can cause severe vision loss, such as diabetic macular edema (DME) and proliferative diabetic retinopathy. This article reviews the principles of screening for diabetic retinopathy, measures for preventing its development and progression, and current treatment options. Diabetic retinopathy classifications Diabetic retinopathy is classified as nonproliferative diabetic retinopathy (NPDR) and proliferative diabetic retinopathy based on the absence or presence of abnormal new blood vessels growing in the retina. The nonproliferative and proliferative stages are sequential. NPDR is further classified by severity as mild, moderate or severe, and proliferative diabetic retinopathy as early or high-risk.7 DME, defined as thickening of the retina, can occur in any stage of diabetic retinopathy and is the most common complication of diabetic retinopathy that causes vision loss.7,8 DME can be divided into cent"
She advocated for better breast cancer screening. Her friends continue the fight - Global News Toronto,"Send this page to someone via email Friends of a Nova Scotia woman who died this month from stage IV breast cancer are urging the province to update its screening policy for women with dense breast tissue. They believe if such a policy had been in place, Tanja Harrison may have caught her cancer earlier. Ã¢â‚¬Å“We really need to see the government step up. They know the evidence is there,Ã¢â‚¬Â said Jennie Dale, the executive director of Dense Breasts Canada, and a friend of HarrisonÃ¢â‚¬â„¢s. Dense breasts can make it more difficult for mammograms to detect tumors. Harrison, 53, was diagnosed with breast cancer in 2023, despite the fact her most recent mammogram came back Ã¢â‚¬Å“clear.Ã¢â‚¬Â She shared her story on her profile page for the annual CIBC Run for the Cure fundraiser, organized by the Canadian Cancer Society. Story continues below advertisement Ã¢â‚¬Å“My last Ã¢â‚¬ËœclearÃ¢â‚¬â„¢ regular mammogram in late 2021 missed my cancer, and my request for supplemental screening was denied, just like other NS women with dense breasts at higher risk,Ã¢â‚¬Â she wrote in part. She said she later felt sick, as pain spread from her back to her hip and lower rib. But her pain was dismissed by her doctor as symptoms of menopause. Ã¢â‚¬Å“I fractured my hip in early 2023 around the same time I found my own tumor. Even with a biopsy scheduled, I still had to demand an xray/CT scan from my doctor. I was eventually diagnosed with stage IV breast cancer, extensive bone metastases,Ã¢â‚¬Â she wrote. On Dec. 2, Harrison passed away. Her obituary describes the accomplished librarian as a wonderful daughter, sister, wife, mother, aunt, niece, friend, and colleague. Get weekly health news Receive the latest medical news and health information delivered to you every Sunday. Sign up for weekly health newsletter Sign Up By providing your email address, you have read and agree to Global News' Terms and Conditions and Privacy Policy Ã¢â‚¬ËœWe are missing many womenÃ¢â‚¬â„¢s cancersÃ¢â‚¬â„¢ After her diagnosis, Harrison had take",,Global News Toronto,0,yes,https://globalnews.ca/news/10908747/friends-ns-woman-breast-cancer-screening/,,,2,1,Initial labelled,2055,High-risk screening,"She advocated for better breast cancer screening. Her friends continue the fight - Global News Toronto Send this page to someone via email Friends of a Nova Scotia woman who died this month from stage IV breast cancer are urging the province to update its screening policy for women with dense breast tissue. They believe if such a policy had been in place, Tanja Harrison may have caught her cancer earlier. Ã¢â‚¬Å“We really need to see the government step up. They know the evidence is there,Ã¢â‚¬Â said Jennie Dale, the executive director of Dense Breasts Canada, and a friend of HarrisonÃ¢â‚¬â„¢s. Dense breasts can make it more difficult for mammograms to detect tumors. Harrison, 53, was diagnosed with breast cancer in 2023, despite the fact her most recent mammogram came back Ã¢â‚¬Å“clear.Ã¢â‚¬Â She shared her story on her profile page for the annual CIBC Run for the Cure fundraiser, organized by the Canadian Cancer Society. Story continues below advertisement Ã¢â‚¬Å“My last Ã¢â‚¬ËœclearÃ¢â‚¬â„¢ regular mammogram in late 2021 missed my cancer, and my request for supplemental screening was denied, just like other NS women with dense breasts at higher risk,Ã¢â‚¬Â she wrote in part. She said she later felt sick, as pain spread from her back to her hip and lower rib. But her pain was dismissed by her doctor as symptoms of menopause. Ã¢â‚¬Å“I fractured my hip in early 2023 around the same time I found my own tumor. Even with a biopsy scheduled, I still had to demand an xray/CT scan from my doctor. I was eventually diagnosed with stage IV breast cancer, extensive bone metastases,Ã¢â‚¬Â she wrote. On Dec. 2, Harrison passed away. Her obituary describes the accomplished librarian as a wonderful daughter, sister, wife, mother, aunt, niece, friend, and colleague. Get weekly health news Receive the latest medical news and health information delivered to you every Sunday. Sign up for weekly health newsletter Sign Up By providing your email address, you have read and agree to "
China to intensify TB screenings for at-risk categories - China Daily,"China is ramping up efforts to combat tuberculosis by increasing screenings for high-risk populations and promoting the use of novel technologies to speed up detection, according to a recent policy document and experts. TB, an ancient disease caused by an airborne bacterium that primarily affects the lungs, caused an estimated 741,000 new cases in China last year, with an incidence rate of about 52 cases per 100,000 people. In an action plan released last week by the National Administration of Disease Control and Prevention and eight other government departments, China aims to reduce the TB incidence rate to below 50 cases per 100,000 by next year and to fewer than 43 per 100,000 by 2030. Zhao Yanlin, director of the National Center for Tuberculosis Control and Prevention at the Chinese Center for Disease Control and Prevention, highlighted several challenges to achieving these goals, including the country's aging population, high infection rates in certain regions, and a growing number of drug-resistant TB cases. ""The TB epidemic in western China is more severe, with about 10 percent of districts or counties classified as high-prevalence areas, as noted in the action plan,"" Zhao said at an event hosted by Peking University's Center for Social Media Research on Sunday. Of the 700,000-plus new TB cases reported annually in China, approximately 29,000 involve drug-resistant strains. ""Drug-resistant cases are more difficult, time-consuming and costly to treat, and also it's crucial to address the side effects of medications for these patients and their adherence,"" Zhao added. Despite the hurdles, China has made significant progress. Since 2012, TB incidence and mortality rates have decreased by 30 percent, with around 7.85 million patients identified and receiving standard treatment. To further curb the epidemic, the action plan outlines several measures, including strengthening proactive screening among high-risk groups such as people in close contact with con",,China Daily,0,yes,https://www.chinadaily.com.cn/a/202412/11/WS6758e2dca310f1265a1d22f6.html,,,2,1,Initial labelled,2056,High-risk screening,"China to intensify TB screenings for at-risk categories - China Daily China is ramping up efforts to combat tuberculosis by increasing screenings for high-risk populations and promoting the use of novel technologies to speed up detection, according to a recent policy document and experts. TB, an ancient disease caused by an airborne bacterium that primarily affects the lungs, caused an estimated 741,000 new cases in China last year, with an incidence rate of about 52 cases per 100,000 people. In an action plan released last week by the National Administration of Disease Control and Prevention and eight other government departments, China aims to reduce the TB incidence rate to below 50 cases per 100,000 by next year and to fewer than 43 per 100,000 by 2030. Zhao Yanlin, director of the National Center for Tuberculosis Control and Prevention at the Chinese Center for Disease Control and Prevention, highlighted several challenges to achieving these goals, including the country's aging population, high infection rates in certain regions, and a growing number of drug-resistant TB cases. ""The TB epidemic in western China is more severe, with about 10 percent of districts or counties classified as high-prevalence areas, as noted in the action plan,"" Zhao said at an event hosted by Peking University's Center for Social Media Research on Sunday. Of the 700,000-plus new TB cases reported annually in China, approximately 29,000 involve drug-resistant strains. ""Drug-resistant cases are more difficult, time-consuming and costly to treat, and also it's crucial to address the side effects of medications for these patients and their adherence,"" Zhao added. Despite the hurdles, China has made significant progress. Since 2012, TB incidence and mortality rates have decreased by 30 percent, with around 7.85 million patients identified and receiving standard treatment. To further curb the epidemic, the action plan outlines several measures, including strengthening proactive screening a"
Computed Tomography Study Shows Emergence of Silicosis in Engineered Stone Countertop Workers - Diagnostic Imaging,"Preliminary computed tomography (CT) findings from a 21-patient cohort of engineered stone countertop workers (with a median exposure of 18 years) revealed that all of the workers had the lung disease silicosis, which was missed by 81 percent of primary care clinicians and 67 percent of radiologists at the initial presentation.1 In a recent interview at the Radiological Society of North America (RSNA) conference, lead study author Sundus Lateef, M.D., said high exposure to silica dust in engineered stone countertops can lead to devastating lung disease. In addition to seeing classical features of pervasive lung nodules representing silicosis on CT scans, Dr. Lateef says advanced presentations included pneumothorax as well as large lung lesions with cavitations that mimic infection. Ã¢â‚¬Å“When a provider sees these features, they may think that the person has an atypical infection, like a fungal infection, when in fact, they have an underlying disease, silicosis, which is making them more vulnerable to things like infection and even lung cancer,Ã¢â‚¬Â noted Dr. Lateef, a second-year diagnostic radiology resident at the University of California-Los Angeles (UCLA). However, Dr. Lateef noted that 48 percent of the cohort had atypical features on CT, including diffuse, small nodules throughout the lung, large opacities not only in the upper lung zones, but in the lower lung zones, and ground glass attenuation. (EditorÃ¢â‚¬â„¢s note: For additional coverage from the RSNA conference, click here.) While Dr. Lateef noted the early stage of this research, she emphasized the importance of timely detection and appropriate ventilation and masking for workers to prevent worsening of silicosis. Ã¢â‚¬Å“It is really important that the general clinician and the general radiologist be aware of silicosis and the ways that it can present so we can protect more people, especially vulnerable patients like the ones in our study,Ã¢â‚¬Â said Dr. Lateef. (EditorÃ¢â‚¬â„¢s note: For related content, see Ã¢â‚¬Å“New",,Diagnostic Imaging,0,yes,https://www.diagnosticimaging.com/view/computed-tomography-study-silicosis-engineered-stone-countertop-workers,,,2,1,Initial labelled,2057,High-risk screening,"Computed Tomography Study Shows Emergence of Silicosis in Engineered Stone Countertop Workers - Diagnostic Imaging Preliminary computed tomography (CT) findings from a 21-patient cohort of engineered stone countertop workers (with a median exposure of 18 years) revealed that all of the workers had the lung disease silicosis, which was missed by 81 percent of primary care clinicians and 67 percent of radiologists at the initial presentation.1 In a recent interview at the Radiological Society of North America (RSNA) conference, lead study author Sundus Lateef, M.D., said high exposure to silica dust in engineered stone countertops can lead to devastating lung disease. In addition to seeing classical features of pervasive lung nodules representing silicosis on CT scans, Dr. Lateef says advanced presentations included pneumothorax as well as large lung lesions with cavitations that mimic infection. Ã¢â‚¬Å“When a provider sees these features, they may think that the person has an atypical infection, like a fungal infection, when in fact, they have an underlying disease, silicosis, which is making them more vulnerable to things like infection and even lung cancer,Ã¢â‚¬Â noted Dr. Lateef, a second-year diagnostic radiology resident at the University of California-Los Angeles (UCLA). However, Dr. Lateef noted that 48 percent of the cohort had atypical features on CT, including diffuse, small nodules throughout the lung, large opacities not only in the upper lung zones, but in the lower lung zones, and ground glass attenuation. (EditorÃ¢â‚¬â„¢s note: For additional coverage from the RSNA conference, click here.) While Dr. Lateef noted the early stage of this research, she emphasized the importance of timely detection and appropriate ventilation and masking for workers to prevent worsening of silicosis. Ã¢â‚¬Å“It is really important that the general clinician and the general radiologist be aware of silicosis and the ways that it can present so we can protect more people, esp"
HBV Screening Oncolytic Patients - Specialty Pharmacy Continuum,,,Specialty Pharmacy Continuum,0,yes,https://www.specialtypharmacycontinuum.com/Clinical/Article/12-24/HBV-Screening-Oncolytic-Patients/75555,,,3,1,Initial labelled,2058,Stratified screening,HBV Screening Oncolytic Patients - Specialty Pharmacy Continuum 
Prevalence and Postpartum Screening Practice for Type 2 Diabetes Following Gestational Diabetes (GDM) in a Tertiary Care Center in Western Saudi Arabia: A Three-Year Retrospective Cohort Study - Cureus,Not your computer? Use Guest mode to sign in privately. Learn more about using Guest mode,,Cureus,0,yes,https://www.cureus.com/articles/319098-prevalence-and-postpartum-screening-practice-for-type-2-diabetes-following-gestational-diabetes-gdm-in-a-tertiary-care-center-in-western-saudi-arabia-a-three-year-retrospective-cohort-study,,,1,1,Initial labelled,2059,Stratified screening,Prevalence and Postpartum Screening Practice for Type 2 Diabetes Following Gestational Diabetes (GDM) in a Tertiary Care Center in Western Saudi Arabia: A Three-Year Retrospective Cohort Study - Cureus Not your computer? Use Guest mode to sign in privately. Learn more about using Guest mode
WeÃ¢â‚¬â„¢re being left behind on cancer genomics - The Medical Republic,"Australian experts are urging action on precision oncology, and they want to hear from GPs. Personalised cancer medicine is here, but access isnÃ¢â‚¬â„¢t uniform or equitable Ã¢â‚¬â€œ yet. Two recent developments have brought that reality closer. Cancer Australia has launched the Draft National Framework for Genomics in Cancer Control, which covers everything from prevention, screening and early detection, to treatment, follow-up and end-of-life care. GP input into the framework is essential, and you have until Christmas Eve to submit yours. Ã¢â‚¬Å“Quite a few of the actions are specifically about primary care,Ã¢â‚¬Â Professor Vivienne Milch, medical director of Cancer Australia, told TMR. Ã¢â‚¬Å“We would love to have input from GPs. Ã¢â‚¬Å“Precision oncology is rapidly evolving and has this huge potential to transform the outcomes for all Australians with cancer. Ã¢â‚¬Å“But the reason we felt that we needed to develop a framework is to make sure that the advances will help everybody, and that there will be equitable access.Ã¢â‚¬Â Secondly, the federal government has announced a new body, Genomics Australia, to begin work in July 2025 to drive advancement and access. This coincided with genomics experts and cancer patient organisations signing an open letter published in The Australian warning that if we donÃ¢â‚¬â„¢t get a move on, weÃ¢â‚¬â„¢ll fall behind. Ã¢â‚¬Å“This is not simply an academic matter: this is an opportunity for public leadership, to ensure the advances of genomics do not leave behind our most disadvantaged citizens or exacerbate existing health inequities. We believe that all Australians, including those outside major cities, Aboriginal and Torres Strait Islander peoples and multicultural communities, should be able to benefit from the fundamental advances of genomic medicine,Ã¢â‚¬Â the letter said. The ban on insurance companies using genetic data and the federal Genomics Australia body was a start, the letter said, but Ã¢â‚¬Å“large-scale, dedicated, and sustained fundingÃ¢â‚¬Â were needed t",,The Medical Republic,0,yes,https://www.medicalrepublic.com.au/were-being-left-behind-on-cancer-genomics/113356,,,1,1,Initial labelled,2060,Point of care testing,"WeÃ¢â‚¬â„¢re being left behind on cancer genomics - The Medical Republic Australian experts are urging action on precision oncology, and they want to hear from GPs. Personalised cancer medicine is here, but access isnÃ¢â‚¬â„¢t uniform or equitable Ã¢â‚¬â€œ yet. Two recent developments have brought that reality closer. Cancer Australia has launched the Draft National Framework for Genomics in Cancer Control, which covers everything from prevention, screening and early detection, to treatment, follow-up and end-of-life care. GP input into the framework is essential, and you have until Christmas Eve to submit yours. Ã¢â‚¬Å“Quite a few of the actions are specifically about primary care,Ã¢â‚¬Â Professor Vivienne Milch, medical director of Cancer Australia, told TMR. Ã¢â‚¬Å“We would love to have input from GPs. Ã¢â‚¬Å“Precision oncology is rapidly evolving and has this huge potential to transform the outcomes for all Australians with cancer. Ã¢â‚¬Å“But the reason we felt that we needed to develop a framework is to make sure that the advances will help everybody, and that there will be equitable access.Ã¢â‚¬Â Secondly, the federal government has announced a new body, Genomics Australia, to begin work in July 2025 to drive advancement and access. This coincided with genomics experts and cancer patient organisations signing an open letter published in The Australian warning that if we donÃ¢â‚¬â„¢t get a move on, weÃ¢â‚¬â„¢ll fall behind. Ã¢â‚¬Å“This is not simply an academic matter: this is an opportunity for public leadership, to ensure the advances of genomics do not leave behind our most disadvantaged citizens or exacerbate existing health inequities. We believe that all Australians, including those outside major cities, Aboriginal and Torres Strait Islander peoples and multicultural communities, should be able to benefit from the fundamental advances of genomic medicine,Ã¢â‚¬Â the letter said. The ban on insurance companies using genetic data and the federal Genomics "
Novel bioluminescent immunosensor shows promise for quantitative point-of-care testing - Phys.org,"This article has been reviewed according to Science X's editorial process and policies . Editors have highlighted the following attributes while ensuring the content's credibility: This bioluminescent immunosensor is expected to revolutionize in situ detection for clinical diagnosis, food safety monitoring, and environmental assessment. Credit: Institute of Science Tokyo A novel nanobody-based immunosensor, designed to function stably in undiluted biological fluids and harsh conditions, has been developed, report researchers from Science Tokyo. Their innovative design leverages BRETÃ¢â‚¬â€bioluminescence resonance energy transferÃ¢â‚¬â€and exhibits great potential for point-of-care testing, therapeutic drug monitoring, and environmental applications using paper-based devices. Immunosensors have become indispensable tools in the fields of biochemistry and medical science, providing reliable methods for detecting specific biomolecules. They work by exploiting the interactions between antibodies and their target antigens, making them crucial in applications like clinical diagnostics, food safety monitoring, and environmental assessments. As demand grows for more effective and cost-efficient testing methods, researchers continue to innovate in immunosensor technology. Notably, the pursuit of homogeneous immunosensors that eliminate time-consuming washing steps has become a key focus. A particularly promising class of homogeneous immunosensors, known as Quenchbodies (Q-bodies), work by emitting fluorescence in response to antigen binding. In their ""quenched"" state, Q-bodies remain inactive, but upon antigen binding, they undergo structural changes, leading to the emission of light through canceling of quenched state. Despite their potential, Q-bodies face significant limitations: they cannot function effectively in undiluted biological fluids such as blood or milk, and their storage and application in paper-based devices for point-of-care testing (POCT) on undiluted bioflu",,Phys.org,0,yes,https://phys.org/news/2024-12-bioluminescent-immunosensor-quantitative.html,,,1,1,Initial labelled,2061,Point of care testing,"Novel bioluminescent immunosensor shows promise for quantitative point-of-care testing - Phys.org This article has been reviewed according to Science X's editorial process and policies . Editors have highlighted the following attributes while ensuring the content's credibility: This bioluminescent immunosensor is expected to revolutionize in situ detection for clinical diagnosis, food safety monitoring, and environmental assessment. Credit: Institute of Science Tokyo A novel nanobody-based immunosensor, designed to function stably in undiluted biological fluids and harsh conditions, has been developed, report researchers from Science Tokyo. Their innovative design leverages BRETÃ¢â‚¬â€bioluminescence resonance energy transferÃ¢â‚¬â€and exhibits great potential for point-of-care testing, therapeutic drug monitoring, and environmental applications using paper-based devices. Immunosensors have become indispensable tools in the fields of biochemistry and medical science, providing reliable methods for detecting specific biomolecules. They work by exploiting the interactions between antibodies and their target antigens, making them crucial in applications like clinical diagnostics, food safety monitoring, and environmental assessments. As demand grows for more effective and cost-efficient testing methods, researchers continue to innovate in immunosensor technology. Notably, the pursuit of homogeneous immunosensors that eliminate time-consuming washing steps has become a key focus. A particularly promising class of homogeneous immunosensors, known as Quenchbodies (Q-bodies), work by emitting fluorescence in response to antigen binding. In their ""quenched"" state, Q-bodies remain inactive, but upon antigen binding, they undergo structural changes, leading to the emission of light through canceling of quenched state. Despite their potential, Q-bodies face significant limitations: they cannot function effectively in undiluted biological fluids such as blood or milk, and the"
In Vitro Diagnostics Market Size to Attain USD 132.18 Bn by 2034 - BioSpace,"In terms of revenue, the global in vitro diagnostics market size surpassed USD 102.05 billion in 2024 and is expected to attain around USD 132.18 billion by 2034, with a CAGR of 2.62% from 2024 to 2034. The North America in vitro diagnostics market size was estimated at USD 45.48 billion in 2023. The report is Readily Available for Immediate Delivery | Download the Sample Pages of this Report@ https://www.precedenceresearch.com/sample/1130 Market Overview and Industry Potential In vitro diagnostics is the transformative method in biomedical research and diagnostic laboratories. The in vitro diagnostics market revolutionized the traditional approaches with advanced tools and techniques to diagnose, treat, and cure a vast range of diseases. These diagnostic tests are performed in well-equipped scientific laboratories and are immunoassays like ELISA, RIA, CLIA, FPIA, FIA, etc. Additionally, slide agglutination tests, optical methods, dipstick methods, and point-of-care tests are performed for blood group typing, ABO blood group and Rh factor typing, ALP enzyme detection, blood screening, antibody detection, etc. The leading industrial players such as Siemens Healthineers, Abbott, BioMerieux, Roche, Mindray, Sysmex, etc. experienced strategic market positioning through their innovations. According to the World Health Organization (WHO), above 1.2 million rapid diagnostic tests against cholera shipped to 14 countries stating the largest global deployment in April 2024. The global cholera diagnostics program was funded and coordinated by the Vaccine Alliance (Gavi), and delivery was led by UNICEF, and undertaken in collaboration with WHO and the Global Task Force on Cholera Control (GTFCC). In Vitro Diagnostics Market Highlights: Ã¢â‚¬Â¢ North America dominated the global in vitro diagnostics (IVD) market with the largest market share of 42% in 2023. Ã¢â‚¬Â¢ By product, the reagents segment contributed the biggest market share of 66% in 2023. Ã¢â‚¬Â¢ By application, the infec",,BioSpace,0,yes,https://www.biospace.com/press-releases/in-vitro-diagnostics-market-size-to-attain-usd-132-18-bn-by-2034,,,1,1,Initial labelled,2062,Point of care testing,"In Vitro Diagnostics Market Size to Attain USD 132.18 Bn by 2034 - BioSpace In terms of revenue, the global in vitro diagnostics market size surpassed USD 102.05 billion in 2024 and is expected to attain around USD 132.18 billion by 2034, with a CAGR of 2.62% from 2024 to 2034. The North America in vitro diagnostics market size was estimated at USD 45.48 billion in 2023. The report is Readily Available for Immediate Delivery | Download the Sample Pages of this Report@ https://www.precedenceresearch.com/sample/1130 Market Overview and Industry Potential In vitro diagnostics is the transformative method in biomedical research and diagnostic laboratories. The in vitro diagnostics market revolutionized the traditional approaches with advanced tools and techniques to diagnose, treat, and cure a vast range of diseases. These diagnostic tests are performed in well-equipped scientific laboratories and are immunoassays like ELISA, RIA, CLIA, FPIA, FIA, etc. Additionally, slide agglutination tests, optical methods, dipstick methods, and point-of-care tests are performed for blood group typing, ABO blood group and Rh factor typing, ALP enzyme detection, blood screening, antibody detection, etc. The leading industrial players such as Siemens Healthineers, Abbott, BioMerieux, Roche, Mindray, Sysmex, etc. experienced strategic market positioning through their innovations. According to the World Health Organization (WHO), above 1.2 million rapid diagnostic tests against cholera shipped to 14 countries stating the largest global deployment in April 2024. The global cholera diagnostics program was funded and coordinated by the Vaccine Alliance (Gavi), and delivery was led by UNICEF, and undertaken in collaboration with WHO and the Global Task Force on Cholera Control (GTFCC). In Vitro Diagnostics Market Highlights: Ã¢â‚¬Â¢ North America dominated the global in vitro diagnostics (IVD) market with the largest market share of 42% in 2023. Ã¢â‚¬Â¢ By product, the reagents segment contri"
Greener diagnostics: The sustainable revolution - Lab News,,,Lab News,0,yes,https://www.labnews.co.uk/article/2096629/greener-diagnostics-the-sustainable-revolution,,,1,1,Initial labelled,2063,Point of care testing,Greener diagnostics: The sustainable revolution - Lab News 
Diagnostics' looming leap - Axios,Not your computer? Use Guest mode to sign in privately. Learn more about using Guest mode,,Axios,0,yes,https://amp.axios.com/diagnostics-tests-cancer-oncology-vc-pe-ma-deals-future-83426d3f-7771-49ef-8915-e81fab95578a.html,,,1,1,Initial labelled,2064,Point of care testing,Diagnostics' looming leap - Axios Not your computer? Use Guest mode to sign in privately. Learn more about using Guest mode
Researchers Develop Non-Invasive Saliva Test for Acetaminophen Overdose - SciTechDaily,Not your computer? Use Guest mode to sign in privately. Learn more about using Guest mode,,SciTechDaily,0,yes,https://scitechdaily.com/researchers-develop-non-invasive-saliva-test-for-acetaminophen-overdose/,,,1,1,Initial labelled,2065,Point of care testing,Researchers Develop Non-Invasive Saliva Test for Acetaminophen Overdose - SciTechDaily Not your computer? Use Guest mode to sign in privately. Learn more about using Guest mode
Rapid Test Market Projected for Robust Growth: $28.51 Billion to $62.34 Billion by 2031 - PharmiWeb.com,"The Global Rapid Test Market was valued at US$ 28.51 billion in 2021 and is projected to advance at a robust CAGR of 8.0% during the forecast period from 2022 to 2031. By 2031, the market is anticipated to surpass a valuation of US$ 62.34 billion, driven by a rising prevalence of infectious diseases, advancements in diagnostic technologies, and increased awareness of early disease detection. The growing need for quick, accurate, and low-cost diagnostic tools continues to fuel the adoption of rapid test kits across healthcare facilities globally. These kits offer numerous benefits, including high stability at elevated temperatures and expedited results, which are critical for point-of-care testing. Furthermore, the COVID-19 pandemic significantly boosted the demand for rapid diagnostic tests as healthcare systems worldwide sought to curb the spread of the virus. Despite these growth opportunities, challenges such as product recalls due to false positives may hinder market expansion. Leading manufacturers are focusing on innovative diagnostic solutions, such as COVID-19-specific rapid test kits, while adopting direct-to-consumer distribution models to strengthen their revenue streams. Get a concise overview of key insights from our Report in this sample Ã¢â‚¬â€œ https://www.transparencymarketresearch.com/sample/sample.php?flag=S&rep_id=53202 Rapid Test Market: Introduction Rapid tests are diagnostic tools that deliver results within 15Ã¢â‚¬â€œ30 minutes, enabling effective disease screening and timely medical intervention. These non-automated procedures rely on in vitro diagnostic equipment and are particularly valuable in healthcare settings with limited resources. Rapid tests are utilized across various domains, including point-of-care testing, veterinary applications, and laboratory diagnostics. Popular technologies in rapid testing include immunoassays, chromatography, spectroscopy, and polymerase chain reaction (PCR). Immunoassay techniques dominate the market due to",,PharmiWeb.com,0,yes,https://www.pharmiweb.com/press-release/2024-12-13/rapid-test-market-projected-for-robust-growth-2851-billion-to-6234-billion-by-2031,,,1,1,Initial labelled,2066,Point of care testing,"Rapid Test Market Projected for Robust Growth: $28.51 Billion to $62.34 Billion by 2031 - PharmiWeb.com The Global Rapid Test Market was valued at US$ 28.51 billion in 2021 and is projected to advance at a robust CAGR of 8.0% during the forecast period from 2022 to 2031. By 2031, the market is anticipated to surpass a valuation of US$ 62.34 billion, driven by a rising prevalence of infectious diseases, advancements in diagnostic technologies, and increased awareness of early disease detection. The growing need for quick, accurate, and low-cost diagnostic tools continues to fuel the adoption of rapid test kits across healthcare facilities globally. These kits offer numerous benefits, including high stability at elevated temperatures and expedited results, which are critical for point-of-care testing. Furthermore, the COVID-19 pandemic significantly boosted the demand for rapid diagnostic tests as healthcare systems worldwide sought to curb the spread of the virus. Despite these growth opportunities, challenges such as product recalls due to false positives may hinder market expansion. Leading manufacturers are focusing on innovative diagnostic solutions, such as COVID-19-specific rapid test kits, while adopting direct-to-consumer distribution models to strengthen their revenue streams. Get a concise overview of key insights from our Report in this sample Ã¢â‚¬â€œ https://www.transparencymarketresearch.com/sample/sample.php?flag=S&rep_id=53202 Rapid Test Market: Introduction Rapid tests are diagnostic tools that deliver results within 15Ã¢â‚¬â€œ30 minutes, enabling effective disease screening and timely medical intervention. These non-automated procedures rely on in vitro diagnostic equipment and are particularly valuable in healthcare settings with limited resources. Rapid tests are utilized across various domains, including point-of-care testing, veterinary applications, and laboratory diagnostics. Popular technologies in rapid testing include immunoassays, chromato"
Specialty Pharmacy Set To Meet the Challenges Of PGx Clinical Integration - Pharmacy Practice News,,,Pharmacy Practice News,0,yes,https://www.pharmacypracticenews.com/Operations-and-Management/Pharmacogenomics/Article/12-24/Specialty-Pharmacy-Set-To-Meet-the-Challenges-Of-PGx-Clinical-Integration/75672,,,2,1,Initial labelled,2067,Point of care testing,Specialty Pharmacy Set To Meet the Challenges Of PGx Clinical Integration - Pharmacy Practice News 
"Co-Diagnostics, Inc. and CoSara Diagnostics to Inaugurate New Oligo Facility Ã¢â‚¬â€œ Company Announcement - Financial Times","New oligonucleotide facility is designed to support ""Make in India "" initiative by synthesizing Co-PrimersÃ‚Â® in-house. Attendees of new ribbon-cutting event expected to include representatives from NGOs and government leaders SALT LAKE CITY , Dec. 10, 2024 /PRNewswire/ -- Co-Diagnostics , Inc. (Nasdaq: CODX) (the ""Company"" or ""Co-Dx""), a molecular diagnostics company with a unique, patented platform for the development of molecular diagnostic tests, today announced that the inauguration of CoSara Diagnostics Pvt. Ltd.'s oligonucleotide synthesis facility will take place December 11, 2024 , in Ranoli, India . In support of the ""Make in India "" initiative, the new facility is designed to manufacture the Company's patented Co-PrimersÃ‚Â® chemistry, which underpins Co-Dx's and CoSara's lab-based PCR diagnostic tests and which powers the test cups for the new Co-Dx PCR at-home and point-of-care testing platform*. Qualifying under this initiative is anticipated to facilitate access to India's large and robust healthcare marketplace. ""We are greatly pleased with the results of this growth stage as we look towards the future, which is expected to include additional facility expansion for manufacturing the Co-Dx PCR Pro instrument and the test cups for illnesses like TB, HPV and more, as we scale to meet the needs of the most populous country in the world,"" remarked Mohal Sarabhai , CEO of CoSara, the joint venture between Ambalal Sarabhai Enterprises Limited (ASE group) and Co-Diagnostics, Inc. "" India is home to some of the world's best and brightest scientists, researchers and medical professionals who we believe will recognize the value of the Co-Primers PCR technology and of the forthcoming testing platform."" The WHO reported that 10.8 million people fell ill from tuberculosis, or TB, in 2023, causing an estimated 1.25 million deaths. These numbers indicate that TB has likely replaced COVID-19 as the world's leading cause of death from a single infectious agent. Co-D",,Financial Times,0,yes,https://markets.ft.com/data/announce/full?dockey=600-202412100930PR_NEWS_USPRX____LA75353-1,,,2,1,Initial labelled,2068,Point of care testing,"Co-Diagnostics, Inc. and CoSara Diagnostics to Inaugurate New Oligo Facility Ã¢â‚¬â€œ Company Announcement - Financial Times New oligonucleotide facility is designed to support ""Make in India "" initiative by synthesizing Co-PrimersÃ‚Â® in-house. Attendees of new ribbon-cutting event expected to include representatives from NGOs and government leaders SALT LAKE CITY , Dec. 10, 2024 /PRNewswire/ -- Co-Diagnostics , Inc. (Nasdaq: CODX) (the ""Company"" or ""Co-Dx""), a molecular diagnostics company with a unique, patented platform for the development of molecular diagnostic tests, today announced that the inauguration of CoSara Diagnostics Pvt. Ltd.'s oligonucleotide synthesis facility will take place December 11, 2024 , in Ranoli, India . In support of the ""Make in India "" initiative, the new facility is designed to manufacture the Company's patented Co-PrimersÃ‚Â® chemistry, which underpins Co-Dx's and CoSara's lab-based PCR diagnostic tests and which powers the test cups for the new Co-Dx PCR at-home and point-of-care testing platform*. Qualifying under this initiative is anticipated to facilitate access to India's large and robust healthcare marketplace. ""We are greatly pleased with the results of this growth stage as we look towards the future, which is expected to include additional facility expansion for manufacturing the Co-Dx PCR Pro instrument and the test cups for illnesses like TB, HPV and more, as we scale to meet the needs of the most populous country in the world,"" remarked Mohal Sarabhai , CEO of CoSara, the joint venture between Ambalal Sarabhai Enterprises Limited (ASE group) and Co-Diagnostics, Inc. "" India is home to some of the world's best and brightest scientists, researchers and medical professionals who we believe will recognize the value of the Co-Primers PCR technology and of the forthcoming testing platform."" The WHO reported that 10.8 million people fell ill from tuberculosis, or TB, in 2023, causing an estimated 1.25 million deaths. These numb"
"U.S. Point-of-Care Ultrasound Market Size, Trends, Growth, - openPR","U.S. Point-of-Care Ultrasound Market Size, Trends, Growth, Opportunities (2024-2032) | GE Healthcare and Koninklijke Philips N.V. U.S. Point-of-Care Ultrasound Market https://www.fortunebusinessinsights.com/enquiry/sample/u-s-point-of-care-ultrasound-market-107913 https://www.fortunebusinessinsights.com/u-s-point-of-care-ultrasound-market-107913 https://www.fortunebusinessinsights.com/enquiry/ask-for-customization/u-s-point-of-care-ultrasound-market-107913 The U.S. point-of-care ultrasound market size was worth USD 444.7 million in 2023 and is projected to grow at a CAGR of 14.4% during the forecast period (2024-2032).The U.S. Point-of-Care Ultrasound Market is rapidly expanding, driven by advancements in portable imaging technologies and increasing demand for real-time diagnostics. As healthcare shifts toward faster, more accessible solutions, point-of-care ultrasound (POCUS) devices are becoming integral in emergency care, primary care, and remote settings.Ã°Ââ€”â€”Ã°Ââ€”Â¶Ã°ÂËœâ‚¬Ã°Ââ€”Â°Ã°Ââ€”Â¼Ã°ÂËœÆ’Ã°Ââ€”Â²Ã°Ââ€”Â¿ Ã°Ââ€”ÂªÃ°Ââ€”ÂµÃ°Ââ€”Â®Ã°ÂËœÂ Ã°Ââ€”Â¬Ã°Ââ€”Â¼Ã°ÂËœâ€š'Ã°Ââ€”Â¿Ã°Ââ€”Â² Ã°Ââ€”Â Ã°Ââ€”Â¶Ã°ÂËœâ‚¬Ã°ÂËœâ‚¬Ã°Ââ€”Â¶Ã°Ââ€”Â»Ã°Ââ€”Â´: Ã°Ââ€”Å¡Ã°Ââ€”Â²Ã°ÂËœÂ Ã°Ââ€”Â® Ã°Ââ€”â„¢Ã°Ââ€”Â¿Ã°Ââ€”Â²Ã°Ââ€”Â² Ã°Ââ€”Â¥Ã°Ââ€”Â²Ã°Ââ€”Â½Ã°Ââ€”Â¼Ã°Ââ€”Â¿Ã°ÂËœÂ (Ã°Ââ€”Â£Ã°Ââ€”â€”Ã°Ââ€”â„¢) Ã°Ââ€”Â¦Ã°Ââ€”Â®Ã°Ââ€”ÂºÃ°Ââ€”Â½Ã°Ââ€”Â¹Ã°Ââ€”Â²:Ã°Ââ€”Å¾Ã°Ââ€”Â²Ã°ÂËœâ€  Ã°Ââ€”Å“Ã°Ââ€”Â»Ã°Ââ€”Â±Ã°ÂËœâ€šÃ°ÂËœâ‚¬Ã°ÂËœÂÃ°Ââ€”Â¿Ã°ÂËœâ€  Ã°Ââ€”â€”Ã°Ââ€”Â²Ã°ÂËœÆ’Ã°Ââ€”Â²Ã°Ââ€”Â¹Ã°Ââ€”Â¼Ã°Ââ€”Â½Ã°Ââ€”ÂºÃ°Ââ€”Â²Ã°Ââ€”Â»Ã°ÂËœÂIn July 2022, GE HealthCare enhanced its women's health portfolio with the launch of the ultra-premium *Voluson Expert 2022*. This next-generation ultrasound system brings advanced imaging capabilities to women's health diagnostics, demonstrating the ongoing innovation within the market.Ã°Ââ€”Â§Ã°Ââ€”Â¼Ã°Ââ€”Â½ Ã°Ââ€”â€“Ã°Ââ€”Â¼Ã°Ââ€”ÂºÃ°Ââ€”Â½Ã°Ââ€”Â®Ã°Ââ€”Â»Ã°Ââ€”Â¶Ã°Ââ€”Â²Ã°ÂËœâ‚¬ Ã°Ââ€”Â¶Ã°Ââ€”Â» Ã°ÂËœÂÃ°Ââ€”ÂµÃ°Ââ€”Â² Ã°Ââ€”Â¨.Ã°Ââ€”Â¦. Ã°Ââ€”Â£Ã°Ââ€”Â¼Ã°Ââ€”Â¶Ã°Ââ€”Â»Ã°ÂËœÂ-Ã°Ââ€”Â¼Ã°Ââ€”Â³-Ã°Ââ€”â€“Ã°Ââ€”Â®Ã°Ââ€”Â¿Ã°Ââ€”Â² Ã°Ââ€”Â¨Ã°Ââ€”Â¹Ã°ÂËœÂÃ°Ââ€”Â¿Ã°Ââ€”Â®Ã°ÂËœâ‚¬Ã°Ââ€”Â¼Ã°ÂËœâ€šÃ°Ââ€”Â»Ã°Ââ€”Â± Ã°Ââ€”Â Ã°Ââ€”Â®Ã°Ââ€”Â¿Ã°Ââ€”Â¸Ã°Ââ€”Â²Ã°ÂËœÂÃ¢â‚¬Â¢ GE HealthCare (U.S.)Ã¢â‚¬Â¢ Koninklijke Philips N.V. (Netherlands)Ã¢â‚¬Â¢ FUJIFILM Sonosite, Inc. (U.S.)Ã¢â‚¬Â¢ ALPINION MEDICAL SYSTEMS Co., Ltd. (South Korea)Ã¢â‚¬Â¢ Hitachi Ltd. (Japan)Ã¢â‚¬Â¢ Shenzhen Mindray Bio-Medical Electronics Co., Ltd. (China)Ã¢â‚¬Â¢ EDAN ",,openPR,0,yes,https://www.openpr.com/news/3782129/u-s-point-of-care-ultrasound-market-size-trends-growth,,,2,1,Initial labelled,2069,Point of care testing,"U.S. Point-of-Care Ultrasound Market Size, Trends, Growth, - openPR U.S. Point-of-Care Ultrasound Market Size, Trends, Growth, Opportunities (2024-2032) | GE Healthcare and Koninklijke Philips N.V. U.S. Point-of-Care Ultrasound Market https://www.fortunebusinessinsights.com/enquiry/sample/u-s-point-of-care-ultrasound-market-107913 https://www.fortunebusinessinsights.com/u-s-point-of-care-ultrasound-market-107913 https://www.fortunebusinessinsights.com/enquiry/ask-for-customization/u-s-point-of-care-ultrasound-market-107913 The U.S. point-of-care ultrasound market size was worth USD 444.7 million in 2023 and is projected to grow at a CAGR of 14.4% during the forecast period (2024-2032).The U.S. Point-of-Care Ultrasound Market is rapidly expanding, driven by advancements in portable imaging technologies and increasing demand for real-time diagnostics. As healthcare shifts toward faster, more accessible solutions, point-of-care ultrasound (POCUS) devices are becoming integral in emergency care, primary care, and remote settings.Ã°Ââ€”â€”Ã°Ââ€”Â¶Ã°ÂËœâ‚¬Ã°Ââ€”Â°Ã°Ââ€”Â¼Ã°ÂËœÆ’Ã°Ââ€”Â²Ã°Ââ€”Â¿ Ã°Ââ€”ÂªÃ°Ââ€”ÂµÃ°Ââ€”Â®Ã°ÂËœÂ Ã°Ââ€”Â¬Ã°Ââ€”Â¼Ã°ÂËœâ€š'Ã°Ââ€”Â¿Ã°Ââ€”Â² Ã°Ââ€”Â Ã°Ââ€”Â¶Ã°ÂËœâ‚¬Ã°ÂËœâ‚¬Ã°Ââ€”Â¶Ã°Ââ€”Â»Ã°Ââ€”Â´: Ã°Ââ€”Å¡Ã°Ââ€”Â²Ã°ÂËœÂ Ã°Ââ€”Â® Ã°Ââ€”â„¢Ã°Ââ€”Â¿Ã°Ââ€”Â²Ã°Ââ€”Â² Ã°Ââ€”Â¥Ã°Ââ€”Â²Ã°Ââ€”Â½Ã°Ââ€”Â¼Ã°Ââ€”Â¿Ã°ÂËœÂ (Ã°Ââ€”Â£Ã°Ââ€”â€”Ã°Ââ€”â„¢) Ã°Ââ€”Â¦Ã°Ââ€”Â®Ã°Ââ€”ÂºÃ°Ââ€”Â½Ã°Ââ€”Â¹Ã°Ââ€”Â²:Ã°Ââ€”Å¾Ã°Ââ€”Â²Ã°ÂËœâ€  Ã°Ââ€”Å“Ã°Ââ€”Â»Ã°Ââ€”Â±Ã°ÂËœâ€šÃ°ÂËœâ‚¬Ã°ÂËœÂÃ°Ââ€”Â¿Ã°ÂËœâ€  Ã°Ââ€”â€”Ã°Ââ€”Â²Ã°ÂËœÆ’Ã°Ââ€”Â²Ã°Ââ€”Â¹Ã°Ââ€”Â¼Ã°Ââ€”Â½Ã°Ââ€”ÂºÃ°Ââ€”Â²Ã°Ââ€”Â»Ã°ÂËœÂIn July 2022, GE HealthCare enhanced its women's health portfolio with the launch of the ultra-premium *Voluson Expert 2022*. This next-generation ultrasound system brings advanced imaging capabilities to women's health diagnostics, demonstrating the ongoing innovation within the market.Ã°Ââ€”Â§Ã°Ââ€”Â¼Ã°Ââ€”Â½ Ã°Ââ€”â"
TB diagnosis: Molbio Diagnostics of India deploys 333 Truenat devices to Nigeria - Vanguard,Not your computer? Use Guest mode to sign in privately. Learn more about using Guest mode,,Vanguard,0,yes,https://www.vanguardngr.com/2024/12/tb-diagnosis-molbio-diagnostics-of-india-deploys-333-truenat-devices-to-nigeria/,,,2,1,Initial labelled,2070,Point of care testing,TB diagnosis: Molbio Diagnostics of India deploys 333 Truenat devices to Nigeria - Vanguard Not your computer? Use Guest mode to sign in privately. Learn more about using Guest mode
FG deploys 333 Truenat devices to strengthen tuberculosis diagnostics in Nigeria - Nairametrics,"The Federal Government, with support from the Global Fund, has deployed 333 Truenat devices nationwide to enhance and transform tuberculosis diagnostics across the country. Mrs. Rita Akpakpan, Head of Laboratory Services at the National Tuberculosis and Leprosy Control Program (NTBLCP), revealed the initiative during the 2024 National Tuberculosis Conference held in Abuja on Thursday. According to Akpakpan, the deployment of these devices is expected to revolutionize tuberculosis diagnostics, particularly in peripheral and underserved regions, by enhancing case detection rates and improving access to timely care. RelatedStories No Content Available Ã¢â‚¬Å“Nigeria accounts for 75% of the worldÃ¢â‚¬â„¢s Ã¢â‚¬Ëœmissing tuberculosis casesÃ¢â‚¬â„¢ and 70% of missed drug-resistant tuberculosis cases, primarily due to limited access to rapid molecular testing in rural and remote areas,Ã¢â‚¬Â Akpakpan explained. Developed by Molbio Diagnostics, an India-based company, the Truenat system offers a portable, battery-operated, and solar-compatible solution tailored for point-of-care testing. Akpakpan highlighted that Truenat has been proven to reduce diagnostic turnaround times significantly while increasing TB case detection rates. She added, Ã¢â‚¬Å“This deployment will allow NTBLCP to test an additional 8,000 individuals daily, or two million more annually, helping reduce community transmission and ensuring early treatment.Ã¢â‚¬Â The Truenat device is particularly suited for resource-limited settings. Akpakpan explained that the device is compact, rugged, and dust-tolerant. Ã¢â‚¬Å“It can operate efficiently in temperatures up to 40Ã‚Â°C without air conditioning and has minimal biosafety concerns, making it ideal for NigeriaÃ¢â‚¬â„¢s remote, high-temperature regions.Ã¢â‚¬Â The system detects tuberculosis and Rifampicin resistance by extracting, amplifying, and identifying specific genomic DNA, providing rapid and accurate results at the point of care. Empowering healthcare with advanced diagnostic tools Dr",,Nairametrics,0,yes,https://nairametrics.com/2024/12/12/fg-deploys-333-truenat-devices-to-strengthen-tuberculosis-diagnostics-in-nigeria/,,,3,1,Initial labelled,2071,Point of care testing,"FG deploys 333 Truenat devices to strengthen tuberculosis diagnostics in Nigeria - Nairametrics The Federal Government, with support from the Global Fund, has deployed 333 Truenat devices nationwide to enhance and transform tuberculosis diagnostics across the country. Mrs. Rita Akpakpan, Head of Laboratory Services at the National Tuberculosis and Leprosy Control Program (NTBLCP), revealed the initiative during the 2024 National Tuberculosis Conference held in Abuja on Thursday. According to Akpakpan, the deployment of these devices is expected to revolutionize tuberculosis diagnostics, particularly in peripheral and underserved regions, by enhancing case detection rates and improving access to timely care. RelatedStories No Content Available Ã¢â‚¬Å“Nigeria accounts for 75% of the worldÃ¢â‚¬â„¢s Ã¢â‚¬Ëœmissing tuberculosis casesÃ¢â‚¬â„¢ and 70% of missed drug-resistant tuberculosis cases, primarily due to limited access to rapid molecular testing in rural and remote areas,Ã¢â‚¬Â Akpakpan explained. Developed by Molbio Diagnostics, an India-based company, the Truenat system offers a portable, battery-operated, and solar-compatible solution tailored for point-of-care testing. Akpakpan highlighted that Truenat has been proven to reduce diagnostic turnaround times significantly while increasing TB case detection rates. She added, Ã¢â‚¬Å“This deployment will allow NTBLCP to test an additional 8,000 individuals daily, or two million more annually, helping reduce community transmission and ensuring early treatment.Ã¢â‚¬Â The Truenat device is particularly suited for resource-limited settings. Akpakpan explained that the device is compact, rugged, and dust-tolerant. Ã¢â‚¬Å“It can operate efficiently in temperatures up to 40Ã‚Â°C without air conditioning and has minimal biosafety concerns, making it ideal for NigeriaÃ¢â‚¬â„¢s remote, high-temperature regions.Ã¢â‚¬Â The system detects tuberculosis and Rifampicin resistance by extracting, amplifying, and identifying specifi"
IVD Reagents Market to Hit USD 87.41 Million by 2029 with 7.7% CAGR | MarketsandMarketsÃ¢â€žÂ¢. - GlobeNewswire,"Delray Beach, FL, Dec. 13, 2024 (GLOBE NEWSWIRE) -- The global IVD reagents market growth is primed to transition from USD 60.4 million in 2024 to USD 87.4 million by 2029, showcasing a strong CAGR of 7.7%. Growth in the IVD reagents market is primarily driven by innovations in molecular diagnostics aimed at improving diagnostic accuracy. Increasing awareness of preventive healthcare for early detection is also contributing to market growth. Additionally, the rising prevalence of chronic conditions is a significant factor driving the market's expansion. The growing adoption of next-generation sequencing (NGS) for genetic testing and the rising demand for advanced point-of-care testing are key factors propelling market growth. Furthermore, the growth of companion diagnostics is emerging as an important trend in the IVD reagents market. The increasing number of patients with chronic disorders such as cancer and cardiovascular diseases, along with a rise in research and development funding within the pharmaceutical industry, is expected to further boost the demand for IVD reagents. Download PDF Brochure: https://www.marketsandmarkets.com/pdfdownloadNew.asp?id=131261429 Browse in-depth TOC on Ã¢â‚¬Å“IVD Reagents MarketÃ¢â‚¬Â 536 - Tables 59 - Figures 423 - Pages The IVD reagents market is divided into antibodies, antigen, purified proteins, and peptides, oligonucleotides, nucleic acid probes and other IVD reagents based on type. In the year 2023, the IVD reagents market was dominated by the antibodies. The large share of the antibodies is attributed to its wide range of applications in diagnostics specifically in immunoassays. The IVD reagents market is divided into immunoassays, clinical chemistry, molecular diagnostics, hematology, microbiology, coagulation & hemostasis, urinalysis, chromatography & mass spectrometry, immunohistochemistry based on technology. In the year 2023, the IVD reagents market was dominated by the immunoassays. The large share of the immunoassa",,GlobeNewswire,0,yes,https://www.globenewswire.com/news-release/2024/12/13/2996737/0/en/IVD-Reagents-Market-to-Hit-USD-87-41-Million-by-2029-with-7-7-CAGR-MarketsandMarkets.html,,,3,1,Initial labelled,2072,Point of care testing,"IVD Reagents Market to Hit USD 87.41 Million by 2029 with 7.7% CAGR | MarketsandMarketsÃ¢â€žÂ¢. - GlobeNewswire Delray Beach, FL, Dec. 13, 2024 (GLOBE NEWSWIRE) -- The global IVD reagents market growth is primed to transition from USD 60.4 million in 2024 to USD 87.4 million by 2029, showcasing a strong CAGR of 7.7%. Growth in the IVD reagents market is primarily driven by innovations in molecular diagnostics aimed at improving diagnostic accuracy. Increasing awareness of preventive healthcare for early detection is also contributing to market growth. Additionally, the rising prevalence of chronic conditions is a significant factor driving the market's expansion. The growing adoption of next-generation sequencing (NGS) for genetic testing and the rising demand for advanced point-of-care testing are key factors propelling market growth. Furthermore, the growth of companion diagnostics is emerging as an important trend in the IVD reagents market. The increasing number of patients with chronic disorders such as cancer and cardiovascular diseases, along with a rise in research and development funding within the pharmaceutical industry, is expected to further boost the demand for IVD reagents. Download PDF Brochure: https://www.marketsandmarkets.com/pdfdownloadNew.asp?id=131261429 Browse in-depth TOC on Ã¢â‚¬Å“IVD Reagents MarketÃ¢â‚¬Â 536 - Tables 59 - Figures 423 - Pages The IVD reagents market is divided into antibodies, antigen, purified proteins, and peptides, oligonucleotides, nucleic acid probes and other IVD reagents based on type. In the year 2023, the IVD reagents market was dominated by the antibodies. The large share of the antibodies is attributed to its wide range of applications in diagnostics specifically in immunoassays. The IVD reagents market is divided into immunoassays, clinical chemistry, molecular diagnostics, hematology, microbiology, coagulation & hemostasis, urinalysis, chromatography & mass spectrometry, immunohistochemistry based on technolog"
Advancements of paper-based sensors for antibiotic-resistant bacterial species identification | npj Biosensing - Nature.com,"Colorimetric detection Colorimetric sensors exhibit visible color changes in response to a positive interaction with the analyte. In this case, the transducer is typically a molecule or a molecular fragment capable of changing its spectral properties, such as absorbance maximum and/or intensity, when the recognition element interacts with the analyte. Bacterial sensing using colorimetric detection, chromogenic substrates as pH indicators, enzyme-catalyzed reactions, or nanoparticle aggregation/accumulation is widely used87. These chromogenic substrates change colors depending on changes in pH, metabolic and/or enzymatic activities, or due to the interaction of nanoparticles with the target site87. The development of AMR in bacterial species is manifested by phenotypical changes that alter the targeting site for antibiotic susceptibility, metabolic activity, and the presence of inactivating enzymes in the bacterial species88. Taking advantage of these changes, colorimetric detection using whole bacterial cells, enzymes, and nucleic acids has been developed for sensing AMR bacteria. Whole cells Bacterial species show diversity in terms of their size, shape, and morphology89. They typically range from 0.5 Ã‚Âµm to 5 Ã‚Âµm in size, and can exist in various forms such as spherical, rod-like, spiral, and comma shapes90. They are commonly classified as Gram-positive and Gram-negative based on their Gram-staining properties. Gram-positive bacteria possess a thick peptidoglycan layer and lack an outer membrane, whereas Gram-negative bacteria have a thin peptidoglycan layer surrounded by an outer membrane containing lipopolysaccharides91. These structural differences influence the composition of the surface proteins in the bacterial species, thereby providing distinctive targets for sensing. In addition, AMR bacterial species might exhibit altered morphological features compared to susceptible ones18,25. For instance, the development of resistance to methicillin and/or vancomy",,Nature.com,0,yes,https://www.nature.com/articles/s44328-024-00016-9,,,3,1,Initial labelled,2073,Point of care testing,"Advancements of paper-based sensors for antibiotic-resistant bacterial species identification | npj Biosensing - Nature.com Colorimetric detection Colorimetric sensors exhibit visible color changes in response to a positive interaction with the analyte. In this case, the transducer is typically a molecule or a molecular fragment capable of changing its spectral properties, such as absorbance maximum and/or intensity, when the recognition element interacts with the analyte. Bacterial sensing using colorimetric detection, chromogenic substrates as pH indicators, enzyme-catalyzed reactions, or nanoparticle aggregation/accumulation is widely used87. These chromogenic substrates change colors depending on changes in pH, metabolic and/or enzymatic activities, or due to the interaction of nanoparticles with the target site87. The development of AMR in bacterial species is manifested by phenotypical changes that alter the targeting site for antibiotic susceptibility, metabolic activity, and the presence of inactivating enzymes in the bacterial species88. Taking advantage of these changes, colorimetric detection using whole bacterial cells, enzymes, and nucleic acids has been developed for sensing AMR bacteria. Whole cells Bacterial species show diversity in terms of their size, shape, and morphology89. They typically range from 0.5 Ã‚Âµm to 5 Ã‚Âµm in size, and can exist in various forms such as spherical, rod-like, spiral, and comma shapes90. They are commonly classified as Gram-positive and Gram-negative based on their Gram-staining properties. Gram-positive bacteria possess a thick peptidoglycan layer and lack an outer membrane, whereas Gram-negative bacteria have a thin peptidoglycan layer surrounded by an outer membrane containing lipopolysaccharides91. These structural differences influence the composition of the surface proteins in the bacterial species, thereby providing distinctive targets for sensing. In addition, AMR bacterial species might exhibit altered morpho"
"Diagnostic Reagents Market: An In-Depth Analysis of Trends, Size, Share, Growth, and Demand by 2030 - openPR","Diagnostic Reagents Market: An In-Depth Analysis of Trends, Size, Share, Growth, and Demand by 2030 Diagnostic Reagents Market https://www.databridgemarketresearch.com/reports/global-diagnostic-reagents-market https://aimarketresearch2024.blogspot.com/2024/12/extruded-snacks-market-size-share.html https://aimarketresearch2024.blogspot.com/2024/12/specialty-oilfield-chemicals-market.html https://aimarketresearch2024.blogspot.com/2024/12/frozen-drinks-market-size-share-trends.html https://aimarketresearch2024.blogspot.com/2024/12/colored-gemstones-market-size-share.html The diagnostic reagents market has become a cornerstone in modern healthcare, playing an essential role in diagnosing and monitoring a wide range of diseases. From clinical laboratories to point-of-care testing, these reagents enable accurate, reliable, and efficient diagnostic processes. As the prevalence of chronic diseases rises and technological advancements redefine medical testing, the market is poised for remarkable growth. By 2030, the diagnostic reagents market is expected to experience significant expansion, driven by increasing demand for early disease detection and personalized medicine.Access Full 350 Pages PDF Report @Trends Shaping the Diagnostic Reagents MarketSeveral key trends are influencing the diagnostic reagents market:Rising Adoption of Point-of-Care TestingPoint-of-care testing (POCT) has gained traction due to its ability to provide rapid results without the need for centralized laboratory facilities. Diagnostic reagents designed for POCT applications are seeing increased demand, especially in resource-limited settings and remote areas.Growth in Molecular DiagnosticsMolecular diagnostics is revolutionizing disease detection, enabling precise identification of genetic and infectious diseases. Diagnostic reagents tailored for polymerase chain reaction (PCR), next-generation sequencing (NGS), and CRISPR-based technologies are becoming more prevalent.Advancements in Automati",,openPR,0,yes,https://www.openpr.com/news/3785829/diagnostic-reagents-market-an-in-depth-analysis-of-trends,,,4,1,Initial labelled,2074,Point of care testing,"Diagnostic Reagents Market: An In-Depth Analysis of Trends, Size, Share, Growth, and Demand by 2030 - openPR Diagnostic Reagents Market: An In-Depth Analysis of Trends, Size, Share, Growth, and Demand by 2030 Diagnostic Reagents Market https://www.databridgemarketresearch.com/reports/global-diagnostic-reagents-market https://aimarketresearch2024.blogspot.com/2024/12/extruded-snacks-market-size-share.html https://aimarketresearch2024.blogspot.com/2024/12/specialty-oilfield-chemicals-market.html https://aimarketresearch2024.blogspot.com/2024/12/frozen-drinks-market-size-share-trends.html https://aimarketresearch2024.blogspot.com/2024/12/colored-gemstones-market-size-share.html The diagnostic reagents market has become a cornerstone in modern healthcare, playing an essential role in diagnosing and monitoring a wide range of diseases. From clinical laboratories to point-of-care testing, these reagents enable accurate, reliable, and efficient diagnostic processes. As the prevalence of chronic diseases rises and technological advancements redefine medical testing, the market is poised for remarkable growth. By 2030, the diagnostic reagents market is expected to experience significant expansion, driven by increasing demand for early disease detection and personalized medicine.Access Full 350 Pages PDF Report @Trends Shaping the Diagnostic Reagents MarketSeveral key trends are influencing the diagnostic reagents market:Rising Adoption of Point-of-Care TestingPoint-of-care testing (POCT) has gained traction due to its ability to provide rapid results without the need for centralized laboratory facilities. Diagnostic reagents designed for POCT applications are seeing increased demand, especially in resource-limited settings and remote areas.Growth in Molecular DiagnosticsMolecular diagnostics is revolutionizing disease detection, enabling precise identification of genetic and infectious diseases. Diagnostic reagents tailored for polymerase chain reaction (PCR), next-generatio"
"Rubella Diagnostic Testing Market Report 2024 - Rubella Diagnostic Testing Market Trends, Opportunities And... - WhaTech",Not your computer? Use Guest mode to sign in privately. Learn more about using Guest mode,,WhaTech,0,yes,https://www.whatech.com/og/markets-research/medical/919030-rubella-diagnostic-testing-market-report-2024-rubella-diagnostic-testing-market-trends-opportunities-and-growth.html,,,5,1,Initial labelled,2075,Point of care testing,"Rubella Diagnostic Testing Market Report 2024 - Rubella Diagnostic Testing Market Trends, Opportunities And... - WhaTech Not your computer? Use Guest mode to sign in privately. Learn more about using Guest mode"
WHO approves new TB diagnostic machine for Nigeria - The Sun Nigeria,Not your computer? Use Guest mode to sign in privately. Learn more about using Guest mode,,The Sun Nigeria,0,yes,https://thesun.ng/who-approves-new-tb-diagnostic-machine-for-nigeria/,,,5,1,Initial labelled,2076,Point of care testing,WHO approves new TB diagnostic machine for Nigeria - The Sun Nigeria Not your computer? Use Guest mode to sign in privately. Learn more about using Guest mode
"Thyroid Function Test Market Value Growth to Reach USD 2.64 Billion by 2033, Growing at a CAGR of 4.2% - openPR","Thyroid Function Test Market Value Growth to Reach USD 2.64 Billion by 2033, Growing at a CAGR of 4.2% Thyroid Function Test Market https://www.futuremarketinsights.com/reports/sample/rep-gb-454 https://www.futuremarketinsights.com/reports/external-fixators-market https://www.futuremarketinsights.com/reports/weight-loss-and-obesity-management-market https://www.futuremarketinsights.com/reports/tattoo-removal-lasers-market https://www.futuremarketinsights.com The global thyroid function test market is set for steady expansion, with its valuation expected to increase from USD 1.75 billion in 2023 to an estimated USD 2.64 billion by 2033, driven by a compound annual growth rate (CAGR) of 4.2% over the forecast period. The rise in the prevalence of thyroid disorders, advancements in diagnostic technologies, and growing awareness of preventive healthcare are some of the critical factors propelling market growth.Market Drivers1. Rising Prevalence of Thyroid DisordersThe increasing occurrence of hypothyroidism, hyperthyroidism, and thyroid nodules is a major driver of demand for thyroid function tests. Changes in lifestyle, environmental factors, and hormonal imbalances have contributed to the rising incidence of thyroid diseases. According to the World Obesity Atlas 2023, the growing rates of obesity are linked to the increased risk of thyroid-related metabolic disorders, further fueling demand for thyroid function testing.2. Technological Advancements in Diagnostic MethodsNew technological developments have improved the sensitivity, specificity, and accuracy of thyroid function tests. Advanced diagnostic techniques like immunoassay-based testing, molecular diagnostics, and fine needle aspiration (FNA) have made it possible to detect thyroid disorders at an early stage. These methods help in distinguishing between benign and malignant thyroid nodules, allowing for prompt medical intervention.3. Growing Demand for Point-of-Care TestingThe demand for portable, user-f",,openPR,0,yes,https://www.openpr.com/news/3789225/thyroid-function-test-market-value-growth-to-reach-usd-2-64,,,5,1,Initial labelled,2077,Point of care testing,"Thyroid Function Test Market Value Growth to Reach USD 2.64 Billion by 2033, Growing at a CAGR of 4.2% - openPR Thyroid Function Test Market Value Growth to Reach USD 2.64 Billion by 2033, Growing at a CAGR of 4.2% Thyroid Function Test Market https://www.futuremarketinsights.com/reports/sample/rep-gb-454 https://www.futuremarketinsights.com/reports/external-fixators-market https://www.futuremarketinsights.com/reports/weight-loss-and-obesity-management-market https://www.futuremarketinsights.com/reports/tattoo-removal-lasers-market https://www.futuremarketinsights.com The global thyroid function test market is set for steady expansion, with its valuation expected to increase from USD 1.75 billion in 2023 to an estimated USD 2.64 billion by 2033, driven by a compound annual growth rate (CAGR) of 4.2% over the forecast period. The rise in the prevalence of thyroid disorders, advancements in diagnostic technologies, and growing awareness of preventive healthcare are some of the critical factors propelling market growth.Market Drivers1. Rising Prevalence of Thyroid DisordersThe increasing occurrence of hypothyroidism, hyperthyroidism, and thyroid nodules is a major driver of demand for thyroid function tests. Changes in lifestyle, environmental factors, and hormonal imbalances have contributed to the rising incidence of thyroid diseases. According to the World Obesity Atlas 2023, the growing rates of obesity are linked to the increased risk of thyroid-related metabolic disorders, further fueling demand for thyroid function testing.2. Technological Advancements in Diagnostic MethodsNew technological developments have improved the sensitivity, specificity, and accuracy of thyroid function tests. Advanced diagnostic techniques like immunoassay-based testing, molecular diagnostics, and fine needle aspiration (FNA) have made it possible to detect thyroid disorders at an early stage. These methods help in distinguishing between benign and malignant thyroid nodules, allowing f"
"LumiraDx (LMDX) Stock Price, News & Analysis - MarketBeat","Ad Behind the Markets We recommended Palantir in 2021, now weÃ¢â‚¬â„¢re recommending this... My research indicates there is only one investment that can meet AI's unprecedented demand for energy. Click to get the name and ticker symbol",,MarketBeat,0,yes,https://www.marketbeat.com/stocks/NASDAQ/LMDX/,,,6,1,Initial labelled,2078,AI Screening,"LumiraDx (LMDX) Stock Price, News & Analysis - MarketBeat Ad Behind the Markets We recommended Palantir in 2021, now weÃ¢â‚¬â„¢re recommending this... My research indicates there is only one investment that can meet AI's unprecedented demand for energy. Click to get the name and ticker symbol"
She didnÃ¢â‚¬â„¢t get an apartment because of an AI-generated score Ã¢â‚¬â€œ and sued to help others avoid the same fate - The Guardian,"Three hundred twenty-four. That was the score Mary Louis was given by an AI-powered tenant screening tool. The software, SafeRent, didnÃ¢â‚¬â„¢t explain in its 11-page report how the score was calculated or how it weighed various factors. It didnÃ¢â‚¬â„¢t say what the score actually signified. It just displayed LouisÃ¢â‚¬â„¢s number and determined it was too low. In a box next to the result, the report read: Ã¢â‚¬Å“Score recommendation: DECLINEÃ¢â‚¬Â. Louis, who works as a security guard, had applied for an apartment in an eastern Massachusetts suburb. At the time she toured the unit, the management company said she shouldnÃ¢â‚¬â„¢t have a problem having her application accepted. Though she had a low credit score and some credit card debt, she had a stellar reference from her landlord of 17 years, who said she consistently paid her rent on time. She would also be using a voucher for low-income renters, guaranteeing the management company would receive at least some portion of the monthly rent in government payments. Her son, also named on the voucher, had a high credit score, indicating he could serve as a backstop against missed payments. But in May 2021, more than two months after she applied for the apartment, the management company emailed Louis to let her know that a computer program had rejected her application. She needed to have a score of at least 443 for her application to be accepted. There was no further explanation and no way to appeal the decision. Ã¢â‚¬Å“Mary, we regret to inform you that the third party service we utilize to screen all prospective tenants has denied your tenancy,Ã¢â‚¬Â the email read. Ã¢â‚¬Å“Unfortunately, the serviceÃ¢â‚¬â„¢s SafeRent tenancy score was lower than is permissible under our tenancy standards.Ã¢â‚¬Â A tenant sues Louis was left to rent a more expensive apartment. Management there didnÃ¢â‚¬â„¢t score her algorithmically. But, she learned, her experience with SafeRent wasnÃ¢â‚¬â„¢t unique. She was one of a class of more than 400 Black and Hispanic tenants in Massachusetts",,The Guardian,0,yes,https://www.theguardian.com/technology/2024/dec/14/saferent-ai-tenant-screening-lawsuit,,,1,1,Initial labelled,2079,AI Screening,"She didnÃ¢â‚¬â„¢t get an apartment because of an AI-generated score Ã¢â‚¬â€œ and sued to help others avoid the same fate - The Guardian Three hundred twenty-four. That was the score Mary Louis was given by an AI-powered tenant screening tool. The software, SafeRent, didnÃ¢â‚¬â„¢t explain in its 11-page report how the score was calculated or how it weighed various factors. It didnÃ¢â‚¬â„¢t say what the score actually signified. It just displayed LouisÃ¢â‚¬â„¢s number and determined it was too low. In a box next to the result, the report read: Ã¢â‚¬Å“Score recommendation: DECLINEÃ¢â‚¬Â. Louis, who works as a security guard, had applied for an apartment in an eastern Massachusetts suburb. At the time she toured the unit, the management company said she shouldnÃ¢â‚¬â„¢t have a problem having her application accepted. Though she had a low credit score and some credit card debt, she had a stellar reference from her landlord of 17 years, who said she consistently paid her rent on time. She would also be using a voucher for low-income renters, guaranteeing the management company would receive at least some portion of the monthly rent in government payments. Her son, also named on the voucher, had a high credit score, indicating he could serve as a backstop against missed payments. But in May 2021, more than two months after she applied for the apartment, the management company emailed Louis to let her know that a computer program had rejected her application. She needed to have a score of at least 443 for her application to be accepted. There was no further explanation and no way to appeal the decision. Ã¢â‚¬Å“Mary, we regret to inform you that the third party service we utilize to screen all prospective tenants has denied your tenancy,Ã¢â‚¬Â the email read. Ã¢â‚¬Å“Unfortunately, the serviceÃ¢â‚¬â„¢s SafeRent tenancy score was lower than is permissible under our tenancy standards.Ã¢â‚¬Â A tenant sues Louis was left to rent a more expensive apartment. Management there did"
"You have to enable Pixel Recorder Clear voice, Call Screen AI replies in Phone app - 9to5Google","In addition to Pixel Screenshots and Studio, Google is rolling out Clear voice in Recorder and the Phone appÃ¢â‚¬â„¢s Call Screen AI replies as part of the December 2024 Feature Drop. Version 4.2.20241001.x of Pixel Recorder adds a Ã¢â‚¬Å“Clear voiceÃ¢â‚¬Â toggle in Settings. This will Ã¢â‚¬Å“Reduce background noise while recording for clearer speech playback.Ã¢â‚¬Â You must use the internal microphone on the Pixel 9, 9 Pro, 9 Pro XL, and 9 Pro. External mics are not supported, while you must use the Mono audio channel (no Stereo). Clear voice will then be enabled for all future recordings to Ã¢â‚¬Å“Keep human speech and remove background noise.Ã¢â‚¬Â Upon playback, a toggle lets you disable the background reduction to hear the original audio. Meanwhile, weÃ¢â‚¬â„¢re seeing the Ã¢â‚¬Å“Respond with AI repliesÃ¢â‚¬Â in Pixel Phone app Settings > Call Screen: Ã¢â‚¬Å“Call Assist suggests new Al-powered replies based on the callerÃ¢â‚¬â„¢s Call Screen responses.Ã¢â‚¬Â WeÃ¢â‚¬â„¢re seeing this as of version 157 (beta) of Phone by Google. This is powered by Gemini Nano with Multimodality on the Pixel 9 series. However, the ability to see live transcripts of automatically screened conversations is available for Pixel 6+ (US English).",,9to5Google,0,yes,https://9to5google.com/2024/12/12/pixel-recorder-clear-voice-call-screen-ai-replies/,,,2,1,Initial labelled,2080,AI Screening,"You have to enable Pixel Recorder Clear voice, Call Screen AI replies in Phone app - 9to5Google In addition to Pixel Screenshots and Studio, Google is rolling out Clear voice in Recorder and the Phone appÃ¢â‚¬â„¢s Call Screen AI replies as part of the December 2024 Feature Drop. Version 4.2.20241001.x of Pixel Recorder adds a Ã¢â‚¬Å“Clear voiceÃ¢â‚¬Â toggle in Settings. This will Ã¢â‚¬Å“Reduce background noise while recording for clearer speech playback.Ã¢â‚¬Â You must use the internal microphone on the Pixel 9, 9 Pro, 9 Pro XL, and 9 Pro. External mics are not supported, while you must use the Mono audio channel (no Stereo). Clear voice will then be enabled for all future recordings to Ã¢â‚¬Å“Keep human speech and remove background noise.Ã¢â‚¬Â Upon playback, a toggle lets you disable the background reduction to hear the original audio. Meanwhile, weÃ¢â‚¬â„¢re seeing the Ã¢â‚¬Å“Respond with AI repliesÃ¢â‚¬Â in Pixel Phone app Settings > Call Screen: Ã¢â‚¬Å“Call Assist suggests new Al-powered replies based on the callerÃ¢â‚¬â„¢s Call Screen responses.Ã¢â‚¬Â WeÃ¢â‚¬â„¢re seeing this as of version 157 (beta) of Phone by Google. This is powered by Gemini Nano with Multimodality on the Pixel 9 series. However, the ability to see live transcripts of automatically screened conversations is available for Pixel 6+ (US English)."
Google could add AI replies to its handy call-screening feature - MSN,,,MSN,0,yes,http://www.msn.com/en-us/news/technology/google-could-add-ai-replies-to-its-handy-call-screening-feature/ar-AA1tGDq1?apiversion=v2&noservercache=1&domshim=1&renderwebcomponents=1&wcseo=1&batchservertelemetry=1&noservertelemetry=1,,,2,1,Initial labelled,2081,"AI Screening,AI Detection",Google could add AI replies to its handy call-screening feature - MSN 
New test uses AI to detect breast cancer at earliest stage yet - MSN,,,MSN,1,yes,https://www.msn.com/en-gb/health/other/new-test-uses-ai-to-detect-breast-cancer-at-earliest-stage-yet/ar-AA1vF5sv,,,2,2,Initial labelled,2082,AI Screening,New test uses AI to detect breast cancer at earliest stage yet - MSN 
AI in Hiring Pre-Screening and Assessing Candidates Effectively - Tata Consultancy Services (TCS),"Leveraging AI for effective pre-screening and assessment in hiring In today's fast-paced world, the traditional methods of pre-screening and assessing candidates while recruiting are often time-consuming and prone to bias. However, with the advent of artificial intelligence (AI), organizations can streamline these processes to identify the best-fit candidates efficiently and fairly. AI-powered pre-screening and assessment tools utilize advanced algorithms to analyze large volumes of data, including resumes, job descriptions, and candidate profiles. By doing so, they can identify relevant skills, experience, and qualifications, enabling recruiters to focus their attention on candidates who are most likely to succeed in the role. One of the key advantages of AI in pre-screening is its ability to eliminate human bias. Traditional screening methods may inadvertently favor candidates based on factors such as gender, ethnicity, or educational background. AI algorithms, on the other hand, are designed to evaluate candidates objectively, solely based on their qualifications and experience. Moreover, AI can facilitate more personalized assessments by tailoring questions and challenges to each candidate's skill level and experience. This not only provides a better candidate experience but also ensures that assessments accurately reflect candidates' abilities and potential for success in the role. Furthermore, AI-powered assessment tools can predict candidates' performance and job fit based on historical data and performance metrics. By analyzing past hiring outcomes and correlating them with various candidate attributes, these tools can provide valuable insights into which candidates are most likely to excel in specific roles. Benefits of leveraging technology for pre-screening and assessment Overall, leveraging AI for pre-screening and assessment offers numerous benefits, including:",,Tata Consultancy Services (TCS),0,yes,https://www.tcs.com/insights/blogs/ai-hiring-prescreening-assessing-candidates-effectively,,,3,1,Initial labelled,2083,AI health Screening,"AI in Hiring Pre-Screening and Assessing Candidates Effectively - Tata Consultancy Services (TCS) Leveraging AI for effective pre-screening and assessment in hiring In today's fast-paced world, the traditional methods of pre-screening and assessing candidates while recruiting are often time-consuming and prone to bias. However, with the advent of artificial intelligence (AI), organizations can streamline these processes to identify the best-fit candidates efficiently and fairly. AI-powered pre-screening and assessment tools utilize advanced algorithms to analyze large volumes of data, including resumes, job descriptions, and candidate profiles. By doing so, they can identify relevant skills, experience, and qualifications, enabling recruiters to focus their attention on candidates who are most likely to succeed in the role. One of the key advantages of AI in pre-screening is its ability to eliminate human bias. Traditional screening methods may inadvertently favor candidates based on factors such as gender, ethnicity, or educational background. AI algorithms, on the other hand, are designed to evaluate candidates objectively, solely based on their qualifications and experience. Moreover, AI can facilitate more personalized assessments by tailoring questions and challenges to each candidate's skill level and experience. This not only provides a better candidate experience but also ensures that assessments accurately reflect candidates' abilities and potential for success in the role. Furthermore, AI-powered assessment tools can predict candidates' performance and job fit based on historical data and performance metrics. By analyzing past hiring outcomes and correlating them with various candidate attributes, these tools can provide valuable insights into which candidates are most likely to excel in specific roles. Benefits of leveraging technology for pre-screening and assessment Overall, leveraging AI for pre-screening and assessment offers numerous benefits, includ"
SABCS 2024: New Research Assesses iCADÃ¢â‚¬â„¢s Image Based - GlobeNewswire,"NASHUA, N.H., Dec. 11, 2024 (GLOBE NEWSWIRE) -- iCAD, Inc. (NASDAQ: ICAD) (Ã¢â‚¬Å“iCADÃ¢â‚¬Â or the Ã¢â‚¬Å“CompanyÃ¢â‚¬Â) a global leader in clinically proven AI-powered cancer detection solutions, announced today that four novel AI-driven breast cancer research abstracts have been accepted for presentation at the 2024 San Antonio Breast Cancer Symposium (SABCS), taking place from December 10-13, 2024. These clinical abstracts highlight the latest research in breast health AI, focusing on improving detection and risk prediction accuracy and assessing disparities across diverse populations. Presenting Author Chirag R. Parghi, MD, MBA, Chief Medical Officer at Solis Mammography, will showcase three research abstracts during Poster Session 2, scheduled for Wednesday, December 11, 2024, from 5:30 to 7:00 p.m. CST. Additional contributing authors include Jennifer Pantleo, R.N., BSN; Julie Shisler, BS; Jeff Hoffmeister, M.D., MSEE; Zi Zhang, M.D., M.P.H; Avi Sharma, M.D.; and, Wei Zhang, PhD. Additionally, presenting Author Mikael Eriksson, PhD, epidemiologist at Karolinska Institute, Sweden, will present research during general session 2, scheduled for Thursday, December 12, 2024 from 9:00 a.m. to 12:30 p.m. CST. demonstrating a 10-year image-derived AI-risk model, based on iCADÃ¢â‚¬â„¢s ProFound Risk solution, for primary prevention of breast cancer showed higher discriminatory performance than the clinical Tyrer-Cuzick v8 risk model. Advancing Breast Health with AI Ã¢â‚¬Å“These studies exemplify the critical role the ProFound AI Breast Health Suite can play in not only improving early breast cancer detection and risk prediction but also in addressing health disparities in diverse populations,Ã¢â‚¬Â said Dana Brown, President and CEO of iCAD. Ã¢â‚¬Å“We are proud to collaborate with Solis Mammography and Karolinska Institute contributing to groundbreaking research that can elevate the standard of care in breast health worldwide. These partnerships demonstrate the potential of our technology to im",,GlobeNewswire,0,yes,https://www.globenewswire.com/news-release/2024/12/11/2995521/0/en/SABCS-2024-New-Research-Assesses-iCAD-s-Image-Based-AI-Risk-Detection-and-Breast-Arterial-Calcifications-BAC-Assessment-Across-Diverse-Populations.html,,,2,1,Initial labelled,2084,AI health Screening,"SABCS 2024: New Research Assesses iCADÃ¢â‚¬â„¢s Image Based - GlobeNewswire NASHUA, N.H., Dec. 11, 2024 (GLOBE NEWSWIRE) -- iCAD, Inc. (NASDAQ: ICAD) (Ã¢â‚¬Å“iCADÃ¢â‚¬Â or the Ã¢â‚¬Å“CompanyÃ¢â‚¬Â) a global leader in clinically proven AI-powered cancer detection solutions, announced today that four novel AI-driven breast cancer research abstracts have been accepted for presentation at the 2024 San Antonio Breast Cancer Symposium (SABCS), taking place from December 10-13, 2024. These clinical abstracts highlight the latest research in breast health AI, focusing on improving detection and risk prediction accuracy and assessing disparities across diverse populations. Presenting Author Chirag R. Parghi, MD, MBA, Chief Medical Officer at Solis Mammography, will showcase three research abstracts during Poster Session 2, scheduled for Wednesday, December 11, 2024, from 5:30 to 7:00 p.m. CST. Additional contributing authors include Jennifer Pantleo, R.N., BSN; Julie Shisler, BS; Jeff Hoffmeister, M.D., MSEE; Zi Zhang, M.D., M.P.H; Avi Sharma, M.D.; and, Wei Zhang, PhD. Additionally, presenting Author Mikael Eriksson, PhD, epidemiologist at Karolinska Institute, Sweden, will present research during general session 2, scheduled for Thursday, December 12, 2024 from 9:00 a.m. to 12:30 p.m. CST. demonstrating a 10-year image-derived AI-risk model, based on iCADÃ¢â‚¬â„¢s ProFound Risk solution, for primary prevention of breast cancer showed higher discriminatory performance than the clinical Tyrer-Cuzick v8 risk model. Advancing Breast Health with AI Ã¢â‚¬Å“These studies exemplify the critical role the ProFound AI Breast Health Suite can play in not only improving early breast cancer detection and risk prediction but also in addressing health disparities in diverse populations,Ã¢â‚¬Â said Dana Brown, President and CEO of iCAD. Ã¢â‚¬Å“We are proud to collaborate with Solis Mammography and Karolinska Institute contributing to groundbreaking research that can elevate the standard"
UMMH integrates AEYE HealthÃ¢â‚¬â„¢s diagnostic tool into EMR system for eye care - MSN,,,MSN,0,yes,http://www.msn.com/en-us/health/other/ummh-integrates-aeye-health-s-diagnostic-tool-into-emr-system-for-eye-care/ar-AA1vGnJ5?apiversion=v2&noservercache=1&domshim=1&renderwebcomponents=1&wcseo=1&batchservertelemetry=1&noservertelemetry=1,,,2,1,Initial labelled,2085,Self-sampling,UMMH integrates AEYE HealthÃ¢â‚¬â„¢s diagnostic tool into EMR system for eye care - MSN 
Cervical cancer: improved screening through HPV risk groups - healthcare-in-europe.com,"Image source: Karolinska Institutet; photo: private The study is based on British women who were offered a self-test for HPV in a trial because they were overdue for their cervical cancer screening. ""Self-testing for HPV has become an important component in cervical screening. It reaches women who would not otherwise participate,"" says Jiayao Lei, assistant professor at the Department of Medical Epidemiology and Biostatistics and Department of Clinical Science, Intervention and Technology, who is the lead author of the study. The study, conducted in primary care centres in England, included 855 women with a positive HPV self-test, i.e. indicative of HPV infections, and had a subsequent clinician-sample. It was found that 71 of these women (8.3%) had the severe cervical precancer or cancer. The researchers looked at the details of the HPV test results on self-sample and used a new method to assess the risk of severe cellular changes. The risk stratification is based on the variant of the HPV virus and the amount of virus (measured as the cycle threshold, Ct value) present in the self-test. Using this, they divided the women into three risk groups: high, medium and low risk. Women with HPV type 16 and a low Ct value (<30) had the highest risk of severe cervical precancer or cancer. ""About 40% of women in our high-risk group had been diagnosed with the severe cervical precancer or cancer that requires treatment. Therefore, our recommendation for the future is that this group be referred directly for further investigation with colposcopy,"" says Jiayao Lei.",,healthcare-in-europe.com,1,yes,https://healthcare-in-europe.com/en/news/cervical-cancer-screening-hpv-risk.html,,,1,1,Initial labelled,2086,Self-sampling,"Cervical cancer: improved screening through HPV risk groups - healthcare-in-europe.com Image source: Karolinska Institutet; photo: private The study is based on British women who were offered a self-test for HPV in a trial because they were overdue for their cervical cancer screening. ""Self-testing for HPV has become an important component in cervical screening. It reaches women who would not otherwise participate,"" says Jiayao Lei, assistant professor at the Department of Medical Epidemiology and Biostatistics and Department of Clinical Science, Intervention and Technology, who is the lead author of the study. The study, conducted in primary care centres in England, included 855 women with a positive HPV self-test, i.e. indicative of HPV infections, and had a subsequent clinician-sample. It was found that 71 of these women (8.3%) had the severe cervical precancer or cancer. The researchers looked at the details of the HPV test results on self-sample and used a new method to assess the risk of severe cellular changes. The risk stratification is based on the variant of the HPV virus and the amount of virus (measured as the cycle threshold, Ct value) present in the self-test. Using this, they divided the women into three risk groups: high, medium and low risk. Women with HPV type 16 and a low Ct value (<30) had the highest risk of severe cervical precancer or cancer. ""About 40% of women in our high-risk group had been diagnosed with the severe cervical precancer or cancer that requires treatment. Therefore, our recommendation for the future is that this group be referred directly for further investigation with colposcopy,"" says Jiayao Lei."
Government collaboration to boost HPV vaccination rates in schools - Inquirer.net,"Congresswoman Natasha Co, Representative of the BHW Partylist, emphasized the importance of strengthening collaboration between the Department of Health (DOH) and the Department of Education (DepEd) to increase HPV vaccination rates in schools. Ã¢â‚¬Å“Starting next year, this collaboration will enable us to ensure that we reach more young Filipinas who need protection,Ã¢â‚¬Â Co said. She highlighted that schools are ideal venues for health programs due to their wide reach and accessibility to students, parents, and communities. This statement was shared during the recent health forum, Together for Health: The Progress Made and What More Needs to Be Done for Cervical Cancer Elimination, held in line with the Cervical Cancer Elimination Day of Action. The forum brought together stakeholders to highlight efforts in combating cervical cancer, a preventable disease that claims the lives of 12 Filipino women daily. Despite being the second most common cancer among women in the Philippines, cervical cancer is both preventable and treatable through vaccination, screening, and timely care. The World Health Organization (WHO) has outlined a roadmap for eliminating cervical cancer globally, aiming to reduce its incidence rate to fewer than 4 cases per 100,000 women. The strategy focuses on achieving the 90Ã¢â‚¬â€œ70Ã¢â‚¬â€œ90 benchmarks by 2030: 90% of girls fully vaccinated against HPV by age 15. 70% of women undergoing high-performance screening by ages 35 and 45. 90% of women with pre-cancer or invasive cancer receiving timely and effective treatment. DepEdÃ¢â‚¬â„¢s Role in HPV VaccinationDepEd Assistant Secretary Dexter Galban reaffirmed the education departmentÃ¢â‚¬â„¢s commitment to student well-being through its school-based immunization programs. Ã¢â‚¬Å“Through our vaccination program, we aim to protect learners and their families, regardless of their locationÃ¢â‚¬â€be it in the city or the province,Ã¢â‚¬Â Galban said. As part of its efforts, DepEd launched the Bakuna Eskwela campaign to promote awa",,Inquirer.net,0,yes,https://globalnation.inquirer.net/258481/government-collaboration-to-boost-hpv-vaccination-rates-in-schools,,,1,1,Initial labelled,2087,AI Detection,"Government collaboration to boost HPV vaccination rates in schools - Inquirer.net Congresswoman Natasha Co, Representative of the BHW Partylist, emphasized the importance of strengthening collaboration between the Department of Health (DOH) and the Department of Education (DepEd) to increase HPV vaccination rates in schools. Ã¢â‚¬Å“Starting next year, this collaboration will enable us to ensure that we reach more young Filipinas who need protection,Ã¢â‚¬Â Co said. She highlighted that schools are ideal venues for health programs due to their wide reach and accessibility to students, parents, and communities. This statement was shared during the recent health forum, Together for Health: The Progress Made and What More Needs to Be Done for Cervical Cancer Elimination, held in line with the Cervical Cancer Elimination Day of Action. The forum brought together stakeholders to highlight efforts in combating cervical cancer, a preventable disease that claims the lives of 12 Filipino women daily. Despite being the second most common cancer among women in the Philippines, cervical cancer is both preventable and treatable through vaccination, screening, and timely care. The World Health Organization (WHO) has outlined a roadmap for eliminating cervical cancer globally, aiming to reduce its incidence rate to fewer than 4 cases per 100,000 women. The strategy focuses on achieving the 90Ã¢â‚¬â€œ70Ã¢â‚¬â€œ90 benchmarks by 2030: 90% of girls fully vaccinated against HPV by age 15. 70% of women undergoing high-performance screening by ages 35 and 45. 90% of women with pre-cancer or invasive cancer receiving timely and effective treatment. DepEdÃ¢â‚¬â„¢s Role in HPV VaccinationDepEd Assistant Secretary Dexter Galban reaffirmed the education departmentÃ¢â‚¬â„¢s commitment to student well-being through its school-based immunization programs. Ã¢â‚¬Å“Through our vaccination program, we aim to protect learners and their families, regardless of their locationÃ¢â‚¬â€be it in the city or"
StealthGPT AI Review: Can It Truly Make Your Content Undetectable? - AutoGPT,"AI writing tools have come a long way, but theyÃ¢â‚¬â„¢ve also introduced a significant challenge: how to make AI-generated content feel and appear human. Hence tools like StealthGPT, promising to bridge the gap. Since tools like ChatGPT became mainstream, the excitement has been dampened by a key limitation: their content often lacked the natural flow and imperfections of human writing. This posed problems for students, bloggers, and professionals trying to use AI responsibly without triggering detection tools like GPTZero or Originality.ai. This is where StealthGPT steps in, claiming to deliver undetectable AI-generated content. But does it live up to the hype? In this StealthGPT AI review, weÃ¢â‚¬â„¢ll dive into how it works, its strategies to bypass AI detection, and whether itÃ¢â‚¬â„¢s worth your time. What Is StealthGPT and Who Is It For? At its core, StealthGPT positions itself as an AI tool designed to outsmart AI detection software. But it doesnÃ¢â‚¬â„¢t stop there Ã¢â‚¬â€œ it also offers standard writing assistant features similar to other AI tools. StealthGPT is ideal for: Students submitting essays who want to avoid being flagged by AI-detection tools. submitting essays who want to avoid being flagged by AI-detection tools. Bloggers and marketers looking to create undetectable content for their websites or campaigns. looking to create undetectable content for their websites or campaigns. Content creators who rely on AI for speed but need results that mimic human imperfection. While its primary selling point is evading detection, it also markets itself as a general-purpose writing assistant. How Does StealthGPT Work? StealthGPT doesnÃ¢â‚¬â„¢t claim to reinvent content generation; it builds on existing AI models, likely similar to ChatGPT. What sets it apart is its focus on Ã¢â‚¬Å“humanizingÃ¢â‚¬Â AI content to evade detection. HereÃ¢â‚¬â„¢s a breakdown of how it works: 1. Introducing Imperfections AI content is often too polished, which makes it a dead giveaway for detection tools.",,AutoGPT,0,yes,https://autogpt.net/stealthgpt-ai-review-can-it-truly-make-your-content-undetectable/,,,2,1,Initial labelled,2088,AI Detection,"StealthGPT AI Review: Can It Truly Make Your Content Undetectable? - AutoGPT AI writing tools have come a long way, but theyÃ¢â‚¬â„¢ve also introduced a significant challenge: how to make AI-generated content feel and appear human. Hence tools like StealthGPT, promising to bridge the gap. Since tools like ChatGPT became mainstream, the excitement has been dampened by a key limitation: their content often lacked the natural flow and imperfections of human writing. This posed problems for students, bloggers, and professionals trying to use AI responsibly without triggering detection tools like GPTZero or Originality.ai. This is where StealthGPT steps in, claiming to deliver undetectable AI-generated content. But does it live up to the hype? In this StealthGPT AI review, weÃ¢â‚¬â„¢ll dive into how it works, its strategies to bypass AI detection, and whether itÃ¢â‚¬â„¢s worth your time. What Is StealthGPT and Who Is It For? At its core, StealthGPT positions itself as an AI tool designed to outsmart AI detection software. But it doesnÃ¢â‚¬â„¢t stop there Ã¢â‚¬â€œ it also offers standard writing assistant features similar to other AI tools. StealthGPT is ideal for: Students submitting essays who want to avoid being flagged by AI-detection tools. submitting essays who want to avoid being flagged by AI-detection tools. Bloggers and marketers looking to create undetectable content for their websites or campaigns. looking to create undetectable content for their websites or campaigns. Content creators who rely on AI for speed but need results that mimic human imperfection. While its primary selling point is evading detection, it also markets itself as a general-purpose writing assistant. How Does StealthGPT Work? StealthGPT doesnÃ¢â‚¬â„¢t claim to reinvent content generation; it builds on existing AI models, likely similar to ChatGPT. What sets it apart is its focus on Ã¢â‚¬Å“humanizingÃ¢â‚¬Â AI content to evade detection. HereÃ¢â‚¬â„¢s a breakdown of how it works: 1. Introd"
Researchers Find Highly Accurate AI Algorithm for Coffee Defect Detection - Daily Coffee News,"A research team focused on potential real-world AI solutions for agricultural producers says it has created a highly accurate computational model for identifying defects in green coffees. The group of scientists from Bangladesh and Japan compared multiple versions of customized YOLO (You Only Look Once) models. YOLO is a type of deep learning algorithm for real-time object detection that is already in use in applications such as medical imaging, security cameras and self-driving cars. The research team said employing YOLO modeling in green coffee production might ultimately benefit green coffee producers and other industry actors who have relied on hand sorting for various quality control tasks. Ã¢â‚¬Å“Detecting defective beans is vital for improving coffee production processes,Ã¢â‚¬Â the researchers wrote, adding, Ã¢â‚¬Å“especially in developing countries like Bangladesh, where it could significantly boost the economy and improve the livelihoods of farmers.Ã¢â‚¬Â As of this writing, there was at least one machine already in use in the coffee industry employing AI algorithms for real-time defect detection, the Avercasso CS1 from Taiwan. Its algorithms and hardware remain proprietary. For the new open-access study, the researchers collected more than 5,000 high-resolution images of green coffee beans, while identifying for defects listed as: black beans, broken beans, faded beans and sour beans. Those images were used to train six different YOLO models, each of which was then tested for accuracy. One custom-modified model, called YOLOv8n, stood above the rest of the field in terms of defect identification accuracy. The model also bested other models in minimizing false positives and negatives. Ã¢â‚¬Å“The proposed custom-YOLOv8n model exhibited superior performance across all key metrics when compared to previous versions, suggesting its strong potential for practical applications in coffee bean defect detection,Ã¢â‚¬Â the study states. However, the researchers also noted several",,Daily Coffee News,0,yes,https://dailycoffeenews.com/2024/12/16/researchers-find-highly-accurate-ai-algorithm-for-coffee-defect-detection/,,,2,1,Initial labelled,2089,AI Detection,"Researchers Find Highly Accurate AI Algorithm for Coffee Defect Detection - Daily Coffee News A research team focused on potential real-world AI solutions for agricultural producers says it has created a highly accurate computational model for identifying defects in green coffees. The group of scientists from Bangladesh and Japan compared multiple versions of customized YOLO (You Only Look Once) models. YOLO is a type of deep learning algorithm for real-time object detection that is already in use in applications such as medical imaging, security cameras and self-driving cars. The research team said employing YOLO modeling in green coffee production might ultimately benefit green coffee producers and other industry actors who have relied on hand sorting for various quality control tasks. Ã¢â‚¬Å“Detecting defective beans is vital for improving coffee production processes,Ã¢â‚¬Â the researchers wrote, adding, Ã¢â‚¬Å“especially in developing countries like Bangladesh, where it could significantly boost the economy and improve the livelihoods of farmers.Ã¢â‚¬Â As of this writing, there was at least one machine already in use in the coffee industry employing AI algorithms for real-time defect detection, the Avercasso CS1 from Taiwan. Its algorithms and hardware remain proprietary. For the new open-access study, the researchers collected more than 5,000 high-resolution images of green coffee beans, while identifying for defects listed as: black beans, broken beans, faded beans and sour beans. Those images were used to train six different YOLO models, each of which was then tested for accuracy. One custom-modified model, called YOLOv8n, stood above the rest of the field in terms of defect identification accuracy. The model also bested other models in minimizing false positives and negatives. Ã¢â‚¬Å“The proposed custom-YOLOv8n model exhibited superior performance across all key metrics when compared to previous versions, suggesting its strong potential for practical appli"
Aiarty Image Matting Removes Any Background Precisely with AI - Fstoppers,"In today's fast-paced world of AI and digital photography, tools like Aiarty Image Matting are transforming workflows for photographers. Designed for creators and businesses, it uses advanced AI to deliver precise background removal, even for challenging images. As a professional photographer, I find background removal essential in most of my commercial work, and sometimes dealing with a complex subject can be frustrating. This is where Aiarty Image Matting comes in to assist us with a one-click background removal solution powered by four specialized AI models. Built with features like batch processing of up to 3,000 images at once and replacing backgrounds naturally and creatively, this software is an invaluable asset for e-commerce, designers, and anyone looking to streamline their creative process. If you're on the hunt for a tool that simplifies your workflow and delivers exceptional results, Aiarty Image Matting is offering a chance you won't want to miss. You can now take advantage of the limited-time holiday giveaway to claim a free license worth $49 to explore its cutting-edge precise AI background removal capabilities and follow along with the article. For those who may find Aiarty indispensable, you could also take the opportunity to upgrade to the full version of Aiarty Image Matting with an exclusive discount to unlock the advanced features tailored to creative professionals. LetÃ¢â‚¬â„¢s dive into the standout features that make Aiarty a game-changer in the industry. Main Features of Aiarty Image Matting 1. Accurate AI Detection Model Aiarty Image Matting Ã¢â‚¬â„¢s four advanced AI models (SolidMat V2, EdgeClear V2, AlphaStandard V2, AlphaEdge V2) stand out for their precision and versatility. Trained on over 320,000 high-resolution images and optimized for NVIDIA, AMD, and Intel GPUs and CPUs, these models are designed to handle even the most complex scenes with ease. From tricky edges and multiple subjects to intricate details like hair, fur, lace, and se",,Fstoppers,0,yes,https://fstoppers.com/post-production/aiarty-image-matting-removes-any-background-precisely-ai-687103,,,2,1,Initial labelled,2090,AI Detection,"Aiarty Image Matting Removes Any Background Precisely with AI - Fstoppers In today's fast-paced world of AI and digital photography, tools like Aiarty Image Matting are transforming workflows for photographers. Designed for creators and businesses, it uses advanced AI to deliver precise background removal, even for challenging images. As a professional photographer, I find background removal essential in most of my commercial work, and sometimes dealing with a complex subject can be frustrating. This is where Aiarty Image Matting comes in to assist us with a one-click background removal solution powered by four specialized AI models. Built with features like batch processing of up to 3,000 images at once and replacing backgrounds naturally and creatively, this software is an invaluable asset for e-commerce, designers, and anyone looking to streamline their creative process. If you're on the hunt for a tool that simplifies your workflow and delivers exceptional results, Aiarty Image Matting is offering a chance you won't want to miss. You can now take advantage of the limited-time holiday giveaway to claim a free license worth $49 to explore its cutting-edge precise AI background removal capabilities and follow along with the article. For those who may find Aiarty indispensable, you could also take the opportunity to upgrade to the full version of Aiarty Image Matting with an exclusive discount to unlock the advanced features tailored to creative professionals. LetÃ¢â‚¬â„¢s dive into the standout features that make Aiarty a game-changer in the industry. Main Features of Aiarty Image Matting 1. Accurate AI Detection Model Aiarty Image Matting Ã¢â‚¬â„¢s four advanced AI models (SolidMat V2, EdgeClear V2, AlphaStandard V2, AlphaEdge V2) stand out for their precision and versatility. Trained on over 320,000 high-resolution images and optimized for NVIDIA, AMD, and Intel GPUs and CPUs, these models are designed to handle even the most complex scenes with ease. From tricky"
"MeitY Invites Projects for AI Risk Management, Deepfake Detection - MediaNama.com","We missed this earlier: The Ministry of Electronics and Information Technology (MeitY) has invited proposals from various individuals and organisations to undertake projects under the Ã¢â‚¬Å“Safe & Trusted AIÃ¢â‚¬Â pillar of the governmentÃ¢â‚¬â„¢s IndiaAI mission. The projects would help mitigate AI-related risks, foster accountability, and promote fairness in AI practices, claims the ministry. What does the EoI say? THEMES The Expressions of Interest (EoI) must be aligned around the following themes: Watermarking and Labelling: Develop tools to identify AI-generated content and embed unique, imperceptible markers for its authentication. Techniques enabling the detection and prevention of harmful and illegal materials can also be incorporated within this. Develop tools to identify AI-generated content and embed unique, imperceptible markers for its authentication. Techniques enabling the detection and prevention of harmful and illegal materials can also be incorporated within this. Ethical AI Frameworks: Establish frameworks to ensure AI complies with international standards and ethical principles, like the IEEE Global Initiative on Ethics of Autonomous and Intelligent Systems and the Ethics Guidelines for Trustworthy AI by the European Commission, as prominent ethical AI frameworks. Establish frameworks to ensure AI complies with international standards and ethical principles, like the IEEE Global Initiative on Ethics of Autonomous and Intelligent Systems and the Ethics Guidelines for Trustworthy AI by the European Commission, as prominent ethical AI frameworks. AI Risk Assessment and Management: Develop risk-management tools that evaluate threats and vulnerabilities of AI-specific risks. The proposed tool must comply with national policies and laws, enhancing transparency and accountability. Develop risk-management tools that evaluate threats and vulnerabilities of AI-specific risks. The proposed tool must comply with national policies and laws, enhancing transparency",,MediaNama.com,0,yes,https://www.medianama.com/2024/12/223-meity-invites-projects-ai-risk-management-deepfake-detection/,,,3,1,Initial labelled,2091,AI Detection,"MeitY Invites Projects for AI Risk Management, Deepfake Detection - MediaNama.com We missed this earlier: The Ministry of Electronics and Information Technology (MeitY) has invited proposals from various individuals and organisations to undertake projects under the Ã¢â‚¬Å“Safe & Trusted AIÃ¢â‚¬Â pillar of the governmentÃ¢â‚¬â„¢s IndiaAI mission. The projects would help mitigate AI-related risks, foster accountability, and promote fairness in AI practices, claims the ministry. What does the EoI say? THEMES The Expressions of Interest (EoI) must be aligned around the following themes: Watermarking and Labelling: Develop tools to identify AI-generated content and embed unique, imperceptible markers for its authentication. Techniques enabling the detection and prevention of harmful and illegal materials can also be incorporated within this. Develop tools to identify AI-generated content and embed unique, imperceptible markers for its authentication. Techniques enabling the detection and prevention of harmful and illegal materials can also be incorporated within this. Ethical AI Frameworks: Establish frameworks to ensure AI complies with international standards and ethical principles, like the IEEE Global Initiative on Ethics of Autonomous and Intelligent Systems and the Ethics Guidelines for Trustworthy AI by the European Commission, as prominent ethical AI frameworks. Establish frameworks to ensure AI complies with international standards and ethical principles, like the IEEE Global Initiative on Ethics of Autonomous and Intelligent Systems and the Ethics Guidelines for Trustworthy AI by the European Commission, as prominent ethical AI frameworks. AI Risk Assessment and Management: Develop risk-management tools that evaluate threats and vulnerabilities of AI-specific risks. The proposed tool must comply with national policies and laws, enhancing transparency and accountability. Develop risk-management tools that evaluate threats and vulnerabilities of AI-specific risk"
8 common AI myths busted - Android Police,Not your computer? Use Guest mode to sign in privately. Learn more about using Guest mode,,Android Police,0,yes,https://www.androidpolice.com/common-ai-myths-busted/,,,3,1,Initial labelled,2092,AI Detection,8 common AI myths busted - Android Police Not your computer? Use Guest mode to sign in privately. Learn more about using Guest mode
Issue | December 2024 | Detection or Deception: The Double-Edged Sword of AI in Research Misconduct - The Scientist,How to Get Away from the Immune System How to Get Away from the Immune System,,The Scientist,0,yes,https://www.the-scientist.com/magazine/issue/detection-or-deception-the-double-edged-sword-of-ai-in-research-misconduct-38-4,,,3,1,Initial labelled,2093,AI Detection,Issue | December 2024 | Detection or Deception: The Double-Edged Sword of AI in Research Misconduct - The Scientist How to Get Away from the Immune System How to Get Away from the Immune System
Avant Technologies and Ainnova Secure Advanced AI Algorithms for Early Detection of Four Additional Diseases in the U.S. - The Manila Times,"LAS VEGAS, Dec. 17, 2024 (GLOBE NEWSWIRE) -- Avant Technologies Inc. (OTCQB: AVAI) (""AvantÃ¢â‚¬Â or the ""CompanyÃ¢â‚¬Â), and its partner, Ainnova Tech, Inc. (Ainnova), a leading healthcare technology company focused on revolutionizing early disease detection using artificial intelligence (AI), today announced Ainnova's acquisition of an exclusive license for 4 groundbreaking, AI-driven algorithms from one of Asia's most respected and largest healthcare institutions. These solutions, validated across diverse geographies, ethnicities, and socioeconomic populations with data from over 2 million patients, will join Ainnova's existing diabetic retinopathy and retinal disease detection solutions. The 4 algorithms include early detection for cardiovascular risk, prediabetes and Type 2 diabetes, fatty liver disease, and chronic kidney disease. Combined with Ainnova's existing retinal disease detection tools, these new algorithms will be used with Ainnova's powerful cutting-edge AI platform, VisionAI, to detect the early markers of these diseases quickly and accurately by applying AI. The acquisition of an exclusive license to use 4 advanced algorithms in the Americas offers Ainnova Acquisition Corp. (AAC), the company formed by the partnership between Avant and Ainnova, a robust platform for primary care providers to streamline early risk screening and improving patient care in the United States. Ainnova will introduce these cutting-edge solutions in Latin America with strategic partners in primary healthcare services across key markets like Mexico and Brazil. AAC expects to build on Ainnova's regional expansion by securing clearance from the U.S. Food and Drug Administration in 2025 to then introduce these solutions in the U.S. market. While explaining that these efforts aim to transform the current approach to preventive care by providing accessible, efficient, and impactful health screening solutions, Ainnova's Chief Executive Officer, Vinicio Vargas, said, ""This license r",,The Manila Times,0,yes,https://www.manilatimes.net/2024/12/17/tmt-newswire/globenewswire/avant-technologies-and-ainnova-secure-advanced-ai-algorithms-for-early-detection-of-four-additional-diseases-in-the-us/2023200,,,4,1,Initial labelled,2094,AI Detection,"Avant Technologies and Ainnova Secure Advanced AI Algorithms for Early Detection of Four Additional Diseases in the U.S. - The Manila Times LAS VEGAS, Dec. 17, 2024 (GLOBE NEWSWIRE) -- Avant Technologies Inc. (OTCQB: AVAI) (""AvantÃ¢â‚¬Â or the ""CompanyÃ¢â‚¬Â), and its partner, Ainnova Tech, Inc. (Ainnova), a leading healthcare technology company focused on revolutionizing early disease detection using artificial intelligence (AI), today announced Ainnova's acquisition of an exclusive license for 4 groundbreaking, AI-driven algorithms from one of Asia's most respected and largest healthcare institutions. These solutions, validated across diverse geographies, ethnicities, and socioeconomic populations with data from over 2 million patients, will join Ainnova's existing diabetic retinopathy and retinal disease detection solutions. The 4 algorithms include early detection for cardiovascular risk, prediabetes and Type 2 diabetes, fatty liver disease, and chronic kidney disease. Combined with Ainnova's existing retinal disease detection tools, these new algorithms will be used with Ainnova's powerful cutting-edge AI platform, VisionAI, to detect the early markers of these diseases quickly and accurately by applying AI. The acquisition of an exclusive license to use 4 advanced algorithms in the Americas offers Ainnova Acquisition Corp. (AAC), the company formed by the partnership between Avant and Ainnova, a robust platform for primary care providers to streamline early risk screening and improving patient care in the United States. Ainnova will introduce these cutting-edge solutions in Latin America with strategic partners in primary healthcare services across key markets like Mexico and Brazil. AAC expects to build on Ainnova's regional expansion by securing clearance from the U.S. Food and Drug Administration in 2025 to then introduce these solutions in the U.S. market. While explaining that these efforts aim to transform the current approach to preventive care by pro"
Good News: Health and Wellness Product Reviews Are Still Mostly Human-Written - Benzinga,"COLLINGWOOD, ONTARIO, CANADA, December 12, 2024 / EINPresswire.com / -- As artificial intelligence (AI) continues to reshape the digital landscape, concerns about its ethical implications have grown, particularly in online consumer reviews.According to a new study by Originality.ai , the leading AI content detection software on the market, reviews within the health and wellness product sectors are still largely human written.This study comes amidst an uptick in AI-generated content infiltrating platforms ranging from healthcare clinics to airline and travel review platforms, as well as influencing holiday shopping decisions.The research focused on health and wellness product reviews across three key industries: baby formula, skincare, and health supplements. Utilizing the advanced Originality.ai AI Detection tools, the study analyzed a robust dataset of 11,263 product reviews to uncover trends.Key findings: Good News!- 95.6% of health and wellness product reviews were classified as Likely human-written.- 4.4% were identified as Likely AI-generated, aligning with the false positive rates in AI detection.- AI-generated reviews were more prevalent in health supplements (6.66%) compared to skincare (5.27%) and baby formula (2.83%).- AI-generated reviews tended to have slightly higher star ratings than human-written ones, though the difference was minimal.A Comparative Look at AI Reviews Across IndustriesTo provide better context as to the presence of AI reviews across industries, let's take a comparative look at how health and wellness product reviews stack up with the other studies we've conducted at Originality.ai.Healthcare Clinic Reviews:- 7% of U.S. hospital reviews are Likely AI- 13.1% of U.S. dental clinic reviews are Likely AI- 28.9% of U.S. plastic surgery clinic reviews are Likely AI- 12.1% of Canadian hospital reviews are Likely AI- 20.7% of Canadian dental clinic reviews are Likely AI- 17% of Canadian plastic surgery clinic reviews are Likely AIThe notable p",,Benzinga,0,yes,https://www.benzinga.com/content/42453018/good-news-health-and-wellness-product-reviews-are-still-mostly-human-written,,,5,1,Initial labelled,2095,AI Detection,"Good News: Health and Wellness Product Reviews Are Still Mostly Human-Written - Benzinga COLLINGWOOD, ONTARIO, CANADA, December 12, 2024 / EINPresswire.com / -- As artificial intelligence (AI) continues to reshape the digital landscape, concerns about its ethical implications have grown, particularly in online consumer reviews.According to a new study by Originality.ai , the leading AI content detection software on the market, reviews within the health and wellness product sectors are still largely human written.This study comes amidst an uptick in AI-generated content infiltrating platforms ranging from healthcare clinics to airline and travel review platforms, as well as influencing holiday shopping decisions.The research focused on health and wellness product reviews across three key industries: baby formula, skincare, and health supplements. Utilizing the advanced Originality.ai AI Detection tools, the study analyzed a robust dataset of 11,263 product reviews to uncover trends.Key findings: Good News!- 95.6% of health and wellness product reviews were classified as Likely human-written.- 4.4% were identified as Likely AI-generated, aligning with the false positive rates in AI detection.- AI-generated reviews were more prevalent in health supplements (6.66%) compared to skincare (5.27%) and baby formula (2.83%).- AI-generated reviews tended to have slightly higher star ratings than human-written ones, though the difference was minimal.A Comparative Look at AI Reviews Across IndustriesTo provide better context as to the presence of AI reviews across industries, let's take a comparative look at how health and wellness product reviews stack up with the other studies we've conducted at Originality.ai.Healthcare Clinic Reviews:- 7% of U.S. hospital reviews are Likely AI- 13.1% of U.S. dental clinic reviews are Likely AI- 28.9% of U.S. plastic surgery clinic reviews are Likely AI- 12.1% of Canadian hospital reviews are Likely AI- 20.7% of Canadian dental clinic reviews"
AI tool helps detect lung cancer - Dig Watch Updates,"12 Dec 2024 AI tool helps detect lung cancer Dianne Covey, a 69-year-old retired hospital worker from Farncombe, credits an AI tool with helping to save her life after it helped diagnose her lung cancer in a few hours. She visited her GP with a persistent cough, and her chest X-ray was analysed by Annalise.ai, a technology that flags abnormalities for urgent review. The swift diagnosis caught her cancer at Stage 1, offering a positive prognosis. Ã¢â‚¬ËœI never really understood artificial intelligence, but now I think it might have saved my life,Ã¢â‚¬â„¢ said Ms. Covey. Ã¢â‚¬ËœThe early diagnosis has given me a second chance at life.Ã¢â‚¬â„¢ She is the first patient at the Royal Surrey NHS Foundation Trust to benefit from the AI system, which prioritises X-rays needing immediate attention and enhances accuracy by identifying tiny anomalies often missed in manual reviews. The Annalise.ai tool is currently being used across five UK NHS trusts in Surrey, Sussex, and Frimley, enabling radiographers to streamline cancer diagnoses. By accelerating and refining the diagnostic process, this technology has the potential to revolutionise early detection, giving countless patients a fighting chance against life-threatening diseases.",,Dig Watch Updates,1,yes,https://dig.watch/updates/ai-tool-helps-detect-lung-cancer,,,5,1,Initial labelled,2096,AI Detection,"AI tool helps detect lung cancer - Dig Watch Updates 12 Dec 2024 AI tool helps detect lung cancer Dianne Covey, a 69-year-old retired hospital worker from Farncombe, credits an AI tool with helping to save her life after it helped diagnose her lung cancer in a few hours. She visited her GP with a persistent cough, and her chest X-ray was analysed by Annalise.ai, a technology that flags abnormalities for urgent review. The swift diagnosis caught her cancer at Stage 1, offering a positive prognosis. Ã¢â‚¬ËœI never really understood artificial intelligence, but now I think it might have saved my life,Ã¢â‚¬â„¢ said Ms. Covey. Ã¢â‚¬ËœThe early diagnosis has given me a second chance at life.Ã¢â‚¬â„¢ She is the first patient at the Royal Surrey NHS Foundation Trust to benefit from the AI system, which prioritises X-rays needing immediate attention and enhances accuracy by identifying tiny anomalies often missed in manual reviews. The Annalise.ai tool is currently being used across five UK NHS trusts in Surrey, Sussex, and Frimley, enabling radiographers to streamline cancer diagnoses. By accelerating and refining the diagnostic process, this technology has the potential to revolutionise early detection, giving countless patients a fighting chance against life-threatening diseases."
Focusing on GenAI detection is a no-win approach for instructors - University Affairs,"The use of GenAI in university classrooms and coursework is an evolving and sometimes contentious issue. Some instructors ban its use outright, considering any use of GenAI to be a form of academic dishonesty. Other instructors embrace its use fully, requiring students to engage with GenAI in their class assignments. Still others avoid the matter entirely by returning to exclusively in-class exams and assessments. Instructors who want to retain out-of-class assignments while prohibiting students from using AI in their courses face the challenge of correctly identifying and penalizing AI usage. While detection tools and techniques are available, they present instructors with important practical, ethical and workload challenges that must be considered. The practical limitations of GenAI detection tools After testing several detection software programs, Australian researchers Daniel Lee and Edward Palmer concluded, Ã¢â‚¬Å“we should assume students will be able to break any AI-detection tools, regardless of their sophistication.Ã¢â‚¬Â Similarly, business professor Ethan Mollick writes in Co-Intelligence: Living and Working with AI, Ã¢â‚¬Å“there is no way to detect whether or not a piece of text is AI-generated. A couple of rounds of prompting remove the ability of any detection system to identify AI writing. Ã¢â‚¬Â¦ Unless you are doing in-class assignments, there is no accurate way of detecting whether work is human-createdÃ¢â‚¬Â (emphasis in original). To be sure, AI detection will catch some students. The students most likely to be caught are those with the least knowledge and/or resources to outsmart detection, meaning some students get away with AI use while others are penalized. Leon Furze writes, Ã¢â‚¬Å“GenAI detection tools privilege students who are English first language, have access to paid large language models/applications, and are more digitally literateÃ¢â‚¬Â (emphasis in original). The result is potential equity issues with respect to which students are and are not penalized",,University Affairs,0,yes,https://universityaffairs.ca/career-advice/focusing-on-genai-detection-is-a-no-win-approach-for-instructors/,,,5,1,Initial labelled,2097,AI Detection,"Focusing on GenAI detection is a no-win approach for instructors - University Affairs The use of GenAI in university classrooms and coursework is an evolving and sometimes contentious issue. Some instructors ban its use outright, considering any use of GenAI to be a form of academic dishonesty. Other instructors embrace its use fully, requiring students to engage with GenAI in their class assignments. Still others avoid the matter entirely by returning to exclusively in-class exams and assessments. Instructors who want to retain out-of-class assignments while prohibiting students from using AI in their courses face the challenge of correctly identifying and penalizing AI usage. While detection tools and techniques are available, they present instructors with important practical, ethical and workload challenges that must be considered. The practical limitations of GenAI detection tools After testing several detection software programs, Australian researchers Daniel Lee and Edward Palmer concluded, Ã¢â‚¬Å“we should assume students will be able to break any AI-detection tools, regardless of their sophistication.Ã¢â‚¬Â Similarly, business professor Ethan Mollick writes in Co-Intelligence: Living and Working with AI, Ã¢â‚¬Å“there is no way to detect whether or not a piece of text is AI-generated. A couple of rounds of prompting remove the ability of any detection system to identify AI writing. Ã¢â‚¬Â¦ Unless you are doing in-class assignments, there is no accurate way of detecting whether work is human-createdÃ¢â‚¬Â (emphasis in original). To be sure, AI detection will catch some students. The students most likely to be caught are those with the least knowledge and/or resources to outsmart detection, meaning some students get away with AI use while others are penalized. Leon Furze writes, Ã¢â‚¬Å“GenAI detection tools privilege students who are English first language, have access to paid large language models/applications, and are more digitally literateÃ¢â‚¬Â (emphasi"
LangBiTe Revolutionizes AI Bias Detection with Customizable Ethical Frameworks - MSN,,,MSN,0,yes,http://www.msn.com/en-gb/news/techandscience/langbite-revolutionizes-ai-bias-detection-with-customizable-ethical-frameworks/ar-AA1vLmtW?apiversion=v2&noservercache=1&domshim=1&renderwebcomponents=1&wcseo=1&batchservertelemetry=1&noservertelemetry=1,,,6,1,Initial labelled,2098,AI Detection,LangBiTe Revolutionizes AI Bias Detection with Customizable Ethical Frameworks - MSN 
AI Now Uses Scent To Authenticate SneakersÃ¢â‚¬â€ HereÃ¢â‚¬â„¢s How It Works - stylerave.com,"In an age where artificial intelligence (AI) is capable of creating art, conversing like humans, and even driving cars, a new, unexpected application has emerged: using AI to detect scents. This cutting-edge technology, created by Osmo AI, is being introduced in an intriguing industryÃ¢â‚¬â€the world of sneakers. For sneakerheads, counterfeit shoes have long been a persistent problem, with fake products flooding the market. Now, thanks to AI, brands are finding a novel solution to identify knockoffsÃ¢â‚¬â€by literally Ã¢â‚¬Å“smellingÃ¢â‚¬Â them. But how exactly does this work? Why is it so crucial for the sneaker industry? Could this innovative approach revolutionize the way we authenticate products? LetÃ¢â‚¬â„¢s dive deeper into this groundbreaking technology and explore how itÃ¢â‚¬â„¢s poised to reshape the sneaker game. Why Use AI to Smell Sneakers? For many, sneakers are more than just footwearÃ¢â‚¬â€theyÃ¢â‚¬â„¢re collectibles, fashion statements, and even investments. High-end sneaker brands like Nike, Adidas, and Yeezy hold immense value, making them prime targets for counterfeiters. Experts estimate the global counterfeit sneaker market is worth billions, with fake products often mirroring the look of authentic sneakers but falling short in terms of quality, craftsmanship, and value. Traditionally, authentication methods have relied on visual inspection, scrutinizing details like stitching, logo placement, and materials. However, as counterfeiters improve at replicating these features, experts have been forced to seek out new tools to stay ahead. Enter AI-powered scent detection. Every material used in sneaker productionÃ¢â‚¬â€from leather to glue to rubberÃ¢â‚¬â€emits a unique scent. Authentic sneakers carry a specific blend of these scents, influenced by the high-quality materials sourced by brands. Counterfeit sneakers, on the other hand, are often made with cheaper substitutes that produce a noticeably different smell. AI-powered scent detection systems are capable of Ã¢â‚¬Å“learningÃ¢â‚¬Â these d",,stylerave.com,0,yes,https://www.stylerave.com/ai-scent-authenticate-sneakers-detection/,,,6,1,Initial labelled,2099,AI Detection,"AI Now Uses Scent To Authenticate SneakersÃ¢â‚¬â€ HereÃ¢â‚¬â„¢s How It Works - stylerave.com In an age where artificial intelligence (AI) is capable of creating art, conversing like humans, and even driving cars, a new, unexpected application has emerged: using AI to detect scents. This cutting-edge technology, created by Osmo AI, is being introduced in an intriguing industryÃ¢â‚¬â€the world of sneakers. For sneakerheads, counterfeit shoes have long been a persistent problem, with fake products flooding the market. Now, thanks to AI, brands are finding a novel solution to identify knockoffsÃ¢â‚¬â€by literally Ã¢â‚¬Å“smellingÃ¢â‚¬Â them. But how exactly does this work? Why is it so crucial for the sneaker industry? Could this innovative approach revolutionize the way we authenticate products? LetÃ¢â‚¬â„¢s dive deeper into this groundbreaking technology and explore how itÃ¢â‚¬â„¢s poised to reshape the sneaker game. Why Use AI to Smell Sneakers? For many, sneakers are more than just footwearÃ¢â‚¬â€theyÃ¢â‚¬â„¢re collectibles, fashion statements, and even investments. High-end sneaker brands like Nike, Adidas, and Yeezy hold immense value, making them prime targets for counterfeiters. Experts estimate the global counterfeit sneaker market is worth billions, with fake products often mirroring the look of authentic sneakers but falling short in terms of quality, craftsmanship, and value. Traditionally, authentication methods have relied on visual inspection, scrutinizing details like stitching, logo placement, and materials. However, as counterfeiters improve at replicating these features, experts have been forced to seek out new tools to stay ahead. Enter AI-powered scent detection. Every material used in sneaker productionÃ¢â‚¬â€from leather to glue to rubberÃ¢â‚¬â€emits a unique scent. Authentic sneakers carry a specific blend of these scents, influenced by the high-quality materials sourced by brands. Counterfeit sneakers, on the other hand, are often made wit"
Upstream unveils AI-powered proactive vehicle quality detection solution cutting warranty and recall costs - Telematics Wire,"Press Release, 12 December 2024 Upstream, the leading provider of cloud-based cybersecurity and data management platform purpose-built for automotive, smart mobility, and IoT ecosystem, announced a new Proactive Quality Detection solution to address the costly, industry-wide challenge of vehicle recalls and warranty. UpstreamÃ¢â‚¬â„¢s solution helps after-sales quality engineers effectively estimate the scale and severity of quality issues and improve customer satisfaction. Furthermore, the solution enables fleet operators to ensure optimal uptime and availability. The Upstream platform currently monitors and secures over 30 million vehicles worldwide, and this new solution expands the platformÃ¢â‚¬â„¢s reach to additional analytics-driven use cases. Vehicle warranty claims and recalls pose a significant challenge for OEMs, costing billionsÃ¢â‚¬â€œin 2023, global automotive manufacturers paid $51 billion in warranty claims and $140 billion in warranty reserves. As vehicles become increasingly connected and software-defined, the volume and complexity of data generated make it challenging to isolate component failures. However, improving quality issues with over-the-air updates can dramatically reduce long-term warranty and recall costs and incentivize OEMs to detect failures as early as possible. Ã¢â‚¬Å“Vehicle quality issues have reached a critical juncture, becoming not only a significant safety concern but also a growing financial burden, costing automakers billions annually,Ã¢â‚¬Â said Yoav Levy, CEO and co-founder of Upstream Security. Ã¢â‚¬Å“UpstreamÃ¢â‚¬â„¢s Proactive Quality Detection solution represents a leap forward by harnessing the power of connected vehicle data and AI, allowing OEMÃ¢â‚¬â„¢s after-sales quality teams and fleet operators to proactively detect and investigate automotive component failures. Leveraging our deep expertise in connected vehicle data and cybersecurity, we are committed to transforming the industryÃ¢â‚¬â„¢s approach to warranty and recalls Ã¢â‚¬â€from reactive responses",,Telematics Wire,0,yes,https://www.telematicswire.net/upstream-unveils-ai-powered-proactive-vehicle-quality-detection-solution-cutting-warranty-and-recall-costs/,,,6,1,Initial labelled,2100,AI Detection,"Upstream unveils AI-powered proactive vehicle quality detection solution cutting warranty and recall costs - Telematics Wire Press Release, 12 December 2024 Upstream, the leading provider of cloud-based cybersecurity and data management platform purpose-built for automotive, smart mobility, and IoT ecosystem, announced a new Proactive Quality Detection solution to address the costly, industry-wide challenge of vehicle recalls and warranty. UpstreamÃ¢â‚¬â„¢s solution helps after-sales quality engineers effectively estimate the scale and severity of quality issues and improve customer satisfaction. Furthermore, the solution enables fleet operators to ensure optimal uptime and availability. The Upstream platform currently monitors and secures over 30 million vehicles worldwide, and this new solution expands the platformÃ¢â‚¬â„¢s reach to additional analytics-driven use cases. Vehicle warranty claims and recalls pose a significant challenge for OEMs, costing billionsÃ¢â‚¬â€œin 2023, global automotive manufacturers paid $51 billion in warranty claims and $140 billion in warranty reserves. As vehicles become increasingly connected and software-defined, the volume and complexity of data generated make it challenging to isolate component failures. However, improving quality issues with over-the-air updates can dramatically reduce long-term warranty and recall costs and incentivize OEMs to detect failures as early as possible. Ã¢â‚¬Å“Vehicle quality issues have reached a critical juncture, becoming not only a significant safety concern but also a growing financial burden, costing automakers billions annually,Ã¢â‚¬Â said Yoav Levy, CEO and co-founder of Upstream Security. Ã¢â‚¬Å“UpstreamÃ¢â‚¬â„¢s Proactive Quality Detection solution represents a leap forward by harnessing the power of connected vehicle data and AI, allowing OEMÃ¢â‚¬â„¢s after-sales quality teams and fleet operators to proactively detect and investigate automotive component failures. Leveraging our deep exper"
Google is testing Gemini AI agents that help you in video games - The Verge,"Google just announced Gemini 2.0, and as part of its suite of news today, the company is revealing that itÃ¢â‚¬â„¢s been exploring how AI agents built with Gemini 2.0 can understand rules in video games to help you out. The agents can Ã¢â‚¬Å“reason about the game based solely on the action on the screen, and offer up suggestions for what to do next in real time conversation,Ã¢â‚¬Â Google DeepMind CEO Demis Hassabis and CTO Koray Kavukcuoglu write in a blog post. Hassabis and Kavukcuoglu also say that the agents can also Ã¢â‚¬Å“tap into Google Search to connect you with the wealth of gaming knowledge on the web.Ã¢â‚¬Â Google is testing the agentsÃ¢â‚¬â„¢ Ã¢â‚¬Å“ability to interpret rules and challengesÃ¢â‚¬Â in games like Clash of Clans and Hay Day from Supercell, too, according to Hassabis and Kavukcuoglu. IÃ¢â‚¬â„¢m not surprised Google is chasing these ideas: in theory, an AI agent coaching you through a strategy or puzzle could be useful. It sounds like this work is very early, though, and I have many questions about whether or not these agents actually give sound advice. Based on a video, IÃ¢â‚¬â„¢m not sure the agent is that helpful at the moment Ã¢â‚¬â€ do I really need an AI agent to remind me about quests? Google is also investing in video games and AI in another way: creating playable virtual worlds on the fly from a prompt image using a Ã¢â‚¬Å“foundation world modelÃ¢â‚¬Â called Genie 2 that it showed off last week. That work seems early, too: Genie 2 can only generate consistent worlds for Ã¢â‚¬Å“up to a minute,Ã¢â‚¬Â Google says.",,The Verge,0,yes,https://www.theverge.com/2024/12/11/24318530/google-gemini-2-0-understand-rules-video-games-genie,,,7,1,Initial labelled,2101,AI Detection,"Google is testing Gemini AI agents that help you in video games - The Verge Google just announced Gemini 2.0, and as part of its suite of news today, the company is revealing that itÃ¢â‚¬â„¢s been exploring how AI agents built with Gemini 2.0 can understand rules in video games to help you out. The agents can Ã¢â‚¬Å“reason about the game based solely on the action on the screen, and offer up suggestions for what to do next in real time conversation,Ã¢â‚¬Â Google DeepMind CEO Demis Hassabis and CTO Koray Kavukcuoglu write in a blog post. Hassabis and Kavukcuoglu also say that the agents can also Ã¢â‚¬Å“tap into Google Search to connect you with the wealth of gaming knowledge on the web.Ã¢â‚¬Â Google is testing the agentsÃ¢â‚¬â„¢ Ã¢â‚¬Å“ability to interpret rules and challengesÃ¢â‚¬Â in games like Clash of Clans and Hay Day from Supercell, too, according to Hassabis and Kavukcuoglu. IÃ¢â‚¬â„¢m not surprised Google is chasing these ideas: in theory, an AI agent coaching you through a strategy or puzzle could be useful. It sounds like this work is very early, though, and I have many questions about whether or not these agents actually give sound advice. Based on a video, IÃ¢â‚¬â„¢m not sure the agent is that helpful at the moment Ã¢â‚¬â€ do I really need an AI agent to remind me about quests? Google is also investing in video games and AI in another way: creating playable virtual worlds on the fly from a prompt image using a Ã¢â‚¬Å“foundation world modelÃ¢â‚¬Â called Genie 2 that it showed off last week. That work seems early, too: Genie 2 can only generate consistent worlds for Ã¢â‚¬Å“up to a minute,Ã¢â‚¬Â Google says."
Australia: AI Enhances Breast Cancer Risk Detection - OpenGov Asia,"Getting your Trinity Audio player ready... The University of Adelaide, led by Associate Professor Wendy Ingman, has published a study in Trends in Cancer exploring the use of AI to improve breast cancer risk identification through mammograms. Conducted by the Robinson Research Institute, the research focuses on how AI can help clinicians detect subtle features in mammograms that indicate an increased risk of future breast cancer, aiming to refine screening methods and personalise risk assessments. Mammographic breast density, which refers to the patterns of white and dark areas in a mammogram, has long been associated with a higher risk of breast cancer. These patterns are already a well-established risk factor in clinical settings. However, AI is now being applied to uncover additional features within these mammographic densities that may not be visible to the human eye. This research aims to identify these subtle markers, which could serve as stronger predictors of breast cancer risk than existing factors. AI methods are proving capable of delving deeper into mammographic images to uncover novel features that have the potential to enhance early detection. These AI-generated features could reveal early malignancy signs, which might go undetected by radiologists. Additionally, some features may suggest benign conditions such as atypical ductal hyperplasia, a non-cancerous condition linked to an elevated risk of developing breast cancer. Identifying these early signs can improve the accuracy of screenings and help tailor more effective preventive measures. Researchers have noted that the ability to identify these novel mammographic features could shift how breast cancer risk is assessed, enabling a more personalised approach to screening. While mammographic density remains a significant risk factor, the refined features discovered by AI may provide a more comprehensive understanding of individual risk, offering a clearer path toward early detection and more targe",,OpenGov Asia,1,yes,https://opengovasia.com/2024/12/16/australia-ai-enhances-breast-cancer-risk-detection/,,,7,1,Initial labelled,2102,AI Detection,"Australia: AI Enhances Breast Cancer Risk Detection - OpenGov Asia Getting your Trinity Audio player ready... The University of Adelaide, led by Associate Professor Wendy Ingman, has published a study in Trends in Cancer exploring the use of AI to improve breast cancer risk identification through mammograms. Conducted by the Robinson Research Institute, the research focuses on how AI can help clinicians detect subtle features in mammograms that indicate an increased risk of future breast cancer, aiming to refine screening methods and personalise risk assessments. Mammographic breast density, which refers to the patterns of white and dark areas in a mammogram, has long been associated with a higher risk of breast cancer. These patterns are already a well-established risk factor in clinical settings. However, AI is now being applied to uncover additional features within these mammographic densities that may not be visible to the human eye. This research aims to identify these subtle markers, which could serve as stronger predictors of breast cancer risk than existing factors. AI methods are proving capable of delving deeper into mammographic images to uncover novel features that have the potential to enhance early detection. These AI-generated features could reveal early malignancy signs, which might go undetected by radiologists. Additionally, some features may suggest benign conditions such as atypical ductal hyperplasia, a non-cancerous condition linked to an elevated risk of developing breast cancer. Identifying these early signs can improve the accuracy of screenings and help tailor more effective preventive measures. Researchers have noted that the ability to identify these novel mammographic features could shift how breast cancer risk is assessed, enabling a more personalised approach to screening. While mammographic density remains a significant risk factor, the refined features discovered by AI may provide a more comprehensive understanding of individual risk"
AI-Powered Test Revolutionizes Early Breast Cancer Detection - Yahoo Lifestyle UK,"Evening Standard The WantedÃ¢â‚¬â„¢s Max George has shared a health update with fans from his hospital bed.The singer, who revealed last week he had been admitted to hospital with heart problems, revealed the top part of his heart is not sending signals to the bottom half, in an Instagram video on Sunday (15 December).The singer says he is Ã¢â‚¬Å“hopingÃ¢â‚¬Â the doctors will undertake a medical procedure to give him a pacemaker following him having heart issues.The 36-year-old explained that he went to hospital after feeling Ã¢â‚¬Å“really unwellÃ¢â‚¬Â and added that he needed Ã¢â‚¬Å“a lot more testsÃ¢â‚¬Â to determine Ã¢â‚¬Å“what surgery I will need to get me back on my feetÃ¢â‚¬Â on Thursday.",,Yahoo Lifestyle UK,1,yes,https://uk.style.yahoo.com/ai-powered-test-revolutionizes-early-123000541.html,,,7,1,Initial labelled,2103,AI Detection,"AI-Powered Test Revolutionizes Early Breast Cancer Detection - Yahoo Lifestyle UK Evening Standard The WantedÃ¢â‚¬â„¢s Max George has shared a health update with fans from his hospital bed.The singer, who revealed last week he had been admitted to hospital with heart problems, revealed the top part of his heart is not sending signals to the bottom half, in an Instagram video on Sunday (15 December).The singer says he is Ã¢â‚¬Å“hopingÃ¢â‚¬Â the doctors will undertake a medical procedure to give him a pacemaker following him having heart issues.The 36-year-old explained that he went to hospital after feeling Ã¢â‚¬Å“really unwellÃ¢â‚¬Â and added that he needed Ã¢â‚¬Å“a lot more testsÃ¢â‚¬Â to determine Ã¢â‚¬Å“what surgery I will need to get me back on my feetÃ¢â‚¬Â on Thursday."
Gentrace raises $8 million to transform generative AI testing - - Enterprise Times,Not your computer? Use Guest mode to sign in privately. Learn more about using Guest mode,,Enterprise Times,0,yes,https://www.enterprisetimes.co.uk/2024/12/11/gentrace-raises-8-million-to-transform-generative-ai-testing/,,,8,1,Initial labelled,2104,AI Detection,Gentrace raises $8 million to transform generative AI testing - - Enterprise Times Not your computer? Use Guest mode to sign in privately. Learn more about using Guest mode
Image showing Bangladeshi man disrespecting Indian Flag is AI generated - ummid.com,"Welcome Guest! You are here: Home Image showing Bangladeshi man disrespecting Indian Flag is AI generated Some social media users in India are wildly sharing an image showing a Bangladeshi Muslim man disrespecting the Indian flag, this after a fact check analysis however is found to be AI generated and not real Friday December 13, 2024 2:46 PM , Fact Check by BOOM Some social media users in India are wildly sharing an image showing a Bangladeshi Muslim man disrespecting the Indian flag, this after a fact check analysis however is found to be AI generated and not real. Claim The viral photo shows a man wearing Muslim skull cap and holding the Bangladeshi flag in his hand while standing on the Indian National flag, and shared as real. The image is accompanied by comments that are derogatory to India's neighbour. Fact Check However, after a detailed fact check analysis, BOOM found the photo to be fake. BOOM used AI detection tools that confirmed the image is artificially generated and does not show a real incident. Using the AI detection tools, BOOM examined the picture closely and identified anomalies with the human anatomy often seen in AI-generated photos. The viral image was also analysed using Hive Moderation and TrueMedia, an AI detection tool designed for journalists, that concluded with 99% confidence that the image is AI generated and deepfake content. Misinformation, and fake news, images and videos regarding Bangladesh and India are wildly shared on different social media platforms ever since Sheikh Hasina government was toppled in August 2024 . Incidentally, the fake and AI generated image showing Bangladeshi Muslim man disrespecting IndiaÃ¢â‚¬â„¢s national flag was made viral amid the arrest of former ISKCON monk who is accused of desecrating the Bangladeshi flag. The Interim Government formed in Bangladesh after the fall of Awami League government in August also raised the issue during Indian Foreign Secretary Vikram MisriÃ¢â‚¬â„¢s visit to Dhaka las",,ummid.com,0,yes,https://ummid.com/news/2024/december/13-12-2024/image-showing-bangladeshi-man-disrespecting-indian-flag-is-ai-generated.html,,,8,1,Initial labelled,2105,AI Detection,"Image showing Bangladeshi man disrespecting Indian Flag is AI generated - ummid.com Welcome Guest! You are here: Home Image showing Bangladeshi man disrespecting Indian Flag is AI generated Some social media users in India are wildly sharing an image showing a Bangladeshi Muslim man disrespecting the Indian flag, this after a fact check analysis however is found to be AI generated and not real Friday December 13, 2024 2:46 PM , Fact Check by BOOM Some social media users in India are wildly sharing an image showing a Bangladeshi Muslim man disrespecting the Indian flag, this after a fact check analysis however is found to be AI generated and not real. Claim The viral photo shows a man wearing Muslim skull cap and holding the Bangladeshi flag in his hand while standing on the Indian National flag, and shared as real. The image is accompanied by comments that are derogatory to India's neighbour. Fact Check However, after a detailed fact check analysis, BOOM found the photo to be fake. BOOM used AI detection tools that confirmed the image is artificially generated and does not show a real incident. Using the AI detection tools, BOOM examined the picture closely and identified anomalies with the human anatomy often seen in AI-generated photos. The viral image was also analysed using Hive Moderation and TrueMedia, an AI detection tool designed for journalists, that concluded with 99% confidence that the image is AI generated and deepfake content. Misinformation, and fake news, images and videos regarding Bangladesh and India are wildly shared on different social media platforms ever since Sheikh Hasina government was toppled in August 2024 . Incidentally, the fake and AI generated image showing Bangladeshi Muslim man disrespecting IndiaÃ¢â‚¬â„¢s national flag was made viral amid the arrest of former ISKCON monk who is accused of desecrating the Bangladeshi flag. The Interim Government formed in Bangladesh after the fall of Awami League government in August also raised the"
How Aporia's multiSLM Detection Engine Supports AI Guardrails for a Safer Future - Analytics Insight,"Artificial intelligence (AI) is fast becoming essential to numerous sectors, so the want for sturdy protection and reliability measures has in no way been more crucial. Aporia, an AI control platform, has addressed those worries with its imaginative multiSLM Detection Engine. This generation pursuits to boost the security and overall performance of AI packages by means of providing actual-time oversight and intervention abilities with AI guardrails. Founded in 2019, Aporia permits businesses to install efficient and honest AI answers. The multiSLM Detection Engine leads this effort, the use of a couple of small language fashions (SLMs) instead of a unmarried large language version (LLM) to quickly and as it should be discovered capacity troubles within AI outputs. Aporia benchmarks at an average latency of zero.34 seconds and excels with a P90 latency of zero.43 seconds, underscoring its efficiency in processing AI interactions with minimum delay. Liran Hason, leader government officer (CEO) of Aporia, says, ""These benchmark consequences make us proud, as they display how correct our answer is.Ã¢â‚¬Â",,Analytics Insight,0,yes,https://www.analyticsinsight.net/artificial-intelligence/how-aporias-multislm-detection-engine-supports-ai-guardrails-for-a-safer-future,,,8,1,Initial labelled,2106,AI Detection,"How Aporia's multiSLM Detection Engine Supports AI Guardrails for a Safer Future - Analytics Insight Artificial intelligence (AI) is fast becoming essential to numerous sectors, so the want for sturdy protection and reliability measures has in no way been more crucial. Aporia, an AI control platform, has addressed those worries with its imaginative multiSLM Detection Engine. This generation pursuits to boost the security and overall performance of AI packages by means of providing actual-time oversight and intervention abilities with AI guardrails. Founded in 2019, Aporia permits businesses to install efficient and honest AI answers. The multiSLM Detection Engine leads this effort, the use of a couple of small language fashions (SLMs) instead of a unmarried large language version (LLM) to quickly and as it should be discovered capacity troubles within AI outputs. Aporia benchmarks at an average latency of zero.34 seconds and excels with a P90 latency of zero.43 seconds, underscoring its efficiency in processing AI interactions with minimum delay. Liran Hason, leader government officer (CEO) of Aporia, says, ""These benchmark consequences make us proud, as they display how correct our answer is.Ã¢â‚¬Â"
"MeitY funds two AI projects to detect fake media, forms committee on deepfakes - Hindustan Times",Not your computer? Use Guest mode to sign in privately. Learn more about using Guest mode,,Hindustan Times,0,yes,https://www.hindustantimes.com/india-news/meity-funds-two-ai-projects-to-detect-fake-media-forms-committee-on-deepfakes-101734073860688.html,,,8,1,Initial labelled,2107,AI Detection,"MeitY funds two AI projects to detect fake media, forms committee on deepfakes - Hindustan Times Not your computer? Use Guest mode to sign in privately. Learn more about using Guest mode"
Fact Check: Actor Kamal R Khan Shares AI-Generated Image Of Motivational Speaker Jaya Kishori - Vishvas News English,"Actor KRK shared an AI-generated photo of Jaya Kishori on his X handle, with some users mistakenly believing it to be real. New Delhi (Vishvas News). Actor Kamal R Khan (KRK) recently shared a photo of spiritual and motivational speaker Jaya Kishori, claiming it was taken while she was trying her luck in Bollywood. Vishvas News investigated the post and found that the image shared by KRK is AI-generated, with many social media users mistakenly believing it to be real. What is the viral post? X user @kamaalrkhan posted the photo on December 9, 2024, (archived link) with the caption, Ã¢â‚¬Å“This is a photo of the time when madam wanted to make a name for herself in the film world! Then madam realized that becoming a Baba is the easiest job!Ã¢â‚¬Â Facebook user Vishawjeet Thakur also shared this photo (archive link). Investigation To verify the authenticity of the viral image, we first checked the post by X user @kamaalrkhan. In the comment section, several users identified the image as AI-generated. We conducted a Google Lens search but couldnÃ¢â‚¬â„¢t find any relevant information to verify the imageÃ¢â‚¬â„¢s origin. Upon closer inspection, we noticed irregularities in the shape of the fingers. Using the AI detection tool, Hive Moderation, we found an 83% likelihood that the photo was AI-generated. The sight engine rated it as 99% AI-generated. True Media also indicated the possibility of the image being AI-generated. AI expert Ansh Mehra also checked the photo and pointed out that the shape of the fingers in the picture seems out of place, indicating AI manipulation. Jaya Kishori is making headlines due to her expensive handbag, with allegations claiming it is made from cow skin. Addressing the claims, Jaya clarified that the bag is crafted from customised fabric, not leather. She explained that if she likes something, she buys it, and emphasised that the bag is not new but rather an old one. We scanned the profile of the X user who shared the AI-generated photo and di",,Vishvas News English,0,yes,https://www.vishvasnews.com/english/viral/fact-check-actor-kamal-r-khan-shares-ai-generated-image-of-motivational-speaker-jaya-kishori/,,,10,1,Initial labelled,2108,AI Detection,"Fact Check: Actor Kamal R Khan Shares AI-Generated Image Of Motivational Speaker Jaya Kishori - Vishvas News English Actor KRK shared an AI-generated photo of Jaya Kishori on his X handle, with some users mistakenly believing it to be real. New Delhi (Vishvas News). Actor Kamal R Khan (KRK) recently shared a photo of spiritual and motivational speaker Jaya Kishori, claiming it was taken while she was trying her luck in Bollywood. Vishvas News investigated the post and found that the image shared by KRK is AI-generated, with many social media users mistakenly believing it to be real. What is the viral post? X user @kamaalrkhan posted the photo on December 9, 2024, (archived link) with the caption, Ã¢â‚¬Å“This is a photo of the time when madam wanted to make a name for herself in the film world! Then madam realized that becoming a Baba is the easiest job!Ã¢â‚¬Â Facebook user Vishawjeet Thakur also shared this photo (archive link). Investigation To verify the authenticity of the viral image, we first checked the post by X user @kamaalrkhan. In the comment section, several users identified the image as AI-generated. We conducted a Google Lens search but couldnÃ¢â‚¬â„¢t find any relevant information to verify the imageÃ¢â‚¬â„¢s origin. Upon closer inspection, we noticed irregularities in the shape of the fingers. Using the AI detection tool, Hive Moderation, we found an 83% likelihood that the photo was AI-generated. The sight engine rated it as 99% AI-generated. True Media also indicated the possibility of the image being AI-generated. AI expert Ansh Mehra also checked the photo and pointed out that the shape of the fingers in the picture seems out of place, indicating AI manipulation. Jaya Kishori is making headlines due to her expensive handbag, with allegations claiming it is made from cow skin. Addressing the claims, Jaya clarified that the bag is crafted from customised fabric, not leather. She explained that if she likes something, she buys it, and emphasised tha"
"We leverage AI and ML for personalisation, fraud detection, and content moderation, to enable enhanced security and user engagement: Bhajan Poonia, CTO, OLX India - Express Computer","We leverage AI and ML for personalisation, fraud detection, and content moderation, to enable enhanced security and user engagement: Bhajan Poonia, CTO, OLX India Bhajan Poonia, CTO of OLX India, reveals to Express Computer in an exclusive interview, the transformative trends and technological advancement that is driving the change in online marketplaces. He talks about how OLX India is staying ahead in a competitive landscape through cutting-edge technologies like AI and ML to deliver personalised user experiences, fraud detection, and building trust. The interview highlights OLXÃ¢â‚¬â„¢s commitment to making safety a top priority through proactive measures and advanced moderation tools as well as collaboration with law enforcement agencies. This insightful discussion also details the companyÃ¢â‚¬â„¢s roadmap to innovation, with exciting developments like AI-driven recommendations, AR-based product previews, and sustainability initiatives within the circular economy. In such a rapidly changing technological and consumer behaviour landscape, what are the major industry trends shaping the future of online marketplaces and how is OLX India staying ahead of this curve? The future of online marketplaces is led by key trends, including enhanced trust and safety, AI and ML integration, and personalised user experiences. The platforms are increasingly becoming tech-savvy about using verified profiles, safe chat options, and AI-driven moderation to ensure secure transactions and build trust among users. Here, AI and ML play their significant roles in fraud detection, content moderation, and personalisation of recommendations based on a userÃ¢â‚¬â„¢s behaviour. At OLX India, we take these technologies to provide an enhanced security and user engagement layer. Our strategies encompass the verified profiles, secure chat, and AI moderation toward trust and safety while featuring AI and ML-based tools for fraud detection and moderation. At OLX, we work at providing a personalised experien",,Express Computer,0,yes,https://www.expresscomputer.in/interviews/we-leverage-ai-and-ml-for-personalisation-fraud-detection-and-content-moderation-to-enable-enhanced-security-and-user-engagement-bhajan-pooina-cto-olx-india/120110/,,,10,1,Initial labelled,2109,AI Detection,"We leverage AI and ML for personalisation, fraud detection, and content moderation, to enable enhanced security and user engagement: Bhajan Poonia, CTO, OLX India - Express Computer We leverage AI and ML for personalisation, fraud detection, and content moderation, to enable enhanced security and user engagement: Bhajan Poonia, CTO, OLX India Bhajan Poonia, CTO of OLX India, reveals to Express Computer in an exclusive interview, the transformative trends and technological advancement that is driving the change in online marketplaces. He talks about how OLX India is staying ahead in a competitive landscape through cutting-edge technologies like AI and ML to deliver personalised user experiences, fraud detection, and building trust. The interview highlights OLXÃ¢â‚¬â„¢s commitment to making safety a top priority through proactive measures and advanced moderation tools as well as collaboration with law enforcement agencies. This insightful discussion also details the companyÃ¢â‚¬â„¢s roadmap to innovation, with exciting developments like AI-driven recommendations, AR-based product previews, and sustainability initiatives within the circular economy. In such a rapidly changing technological and consumer behaviour landscape, what are the major industry trends shaping the future of online marketplaces and how is OLX India staying ahead of this curve? The future of online marketplaces is led by key trends, including enhanced trust and safety, AI and ML integration, and personalised user experiences. The platforms are increasingly becoming tech-savvy about using verified profiles, safe chat options, and AI-driven moderation to ensure secure transactions and build trust among users. Here, AI and ML play their significant roles in fraud detection, content moderation, and personalisation of recommendations based on a userÃ¢â‚¬â„¢s behaviour. At OLX India, we take these technologies to provide an enhanced security and user engagement layer. Our strategies encompass the verified"
Fraud prevention through AI: Strategic imperative for modern businesses - Businessday,"The many reactions and comments to one of my LinkedIn posts that analysed how Ã¢â‚¬Å“Artificial intelligence helped the United States Treasury Department recover $ 1 billion worth of check fraudÃ¢â‚¬Â have spurred me to write on why modern businesses must adopt AI to prevent fraud. Fraud detection systems and other business-critical tools rely on machine learning because of its ability to identify patterns and recognise trends in structured data such as financial transactions, detect anomalies and pinpoint irregularities that could signal risks or opportunities for hackers, adapt to new threats, and continuously learn and improve with new data inputs. In an era of increasing digital complexity, fraud detection systems have become critical to safeguarding business operations. Machine learning, a branch of AI, plays a pivotal role in these systems due to its remarkable ability to analyse structured data such as financial transactions, identify patterns, detect anomalies, and adapt to emerging threats. Fraud isnÃ¢â‚¬â„¢t just a financial drain; it erodes trust and disrupts operational efficiency. Businesses must adopt AI-driven fraud prevention strategies to stay ahead of sophisticated schemes. These systems offer transformative capabilities to proactively detect fraud by analysing vast datasets, machine learning identifies irregularities and potential risks in real-time. These systems also adapt to emerging threats as AI systems continuously learn and evolve, making them adept at countering new fraud techniques. Another point worthy of mention is that these systems streamline investigations. Automation reduces the manual workload, enabling teams to focus on high-priority cases and long-term strategic goals. As fraud schemes grow increasingly sophisticated, businesses must adopt advanced strategies to stay ahead. Artificial Intelligence is emerging as a critical tool in the fight against fraud, revolutionising how organisations detect and prevent suspicious activity. So how d",,Businessday,0,yes,https://businessday.ng/opinion/article/fraud-prevention-through-ai-strategic-imperative-for-modern-businesses/,,,10,1,Initial labelled,2110,AI disease Detection,"Fraud prevention through AI: Strategic imperative for modern businesses - Businessday The many reactions and comments to one of my LinkedIn posts that analysed how Ã¢â‚¬Å“Artificial intelligence helped the United States Treasury Department recover $ 1 billion worth of check fraudÃ¢â‚¬Â have spurred me to write on why modern businesses must adopt AI to prevent fraud. Fraud detection systems and other business-critical tools rely on machine learning because of its ability to identify patterns and recognise trends in structured data such as financial transactions, detect anomalies and pinpoint irregularities that could signal risks or opportunities for hackers, adapt to new threats, and continuously learn and improve with new data inputs. In an era of increasing digital complexity, fraud detection systems have become critical to safeguarding business operations. Machine learning, a branch of AI, plays a pivotal role in these systems due to its remarkable ability to analyse structured data such as financial transactions, identify patterns, detect anomalies, and adapt to emerging threats. Fraud isnÃ¢â‚¬â„¢t just a financial drain; it erodes trust and disrupts operational efficiency. Businesses must adopt AI-driven fraud prevention strategies to stay ahead of sophisticated schemes. These systems offer transformative capabilities to proactively detect fraud by analysing vast datasets, machine learning identifies irregularities and potential risks in real-time. These systems also adapt to emerging threats as AI systems continuously learn and evolve, making them adept at countering new fraud techniques. Another point worthy of mention is that these systems streamline investigations. Automation reduces the manual workload, enabling teams to focus on high-priority cases and long-term strategic goals. As fraud schemes grow increasingly sophisticated, businesses must adopt advanced strategies to stay ahead. Artificial Intelligence is emerging as a critical tool in the fight aga"
Health AI Revolution: Experts Predict Major Advancements in AI-Powered Healthcare in 2025 - Baystreet.ca,"Issued on behalf of Avant Technologies Inc. VANCOUVER Ã¢â‚¬â€œ USA News Group News Commentary Ã¢â‚¬â€œ Experts predict that artificial intelligence (AI) will soon transition from a novel concept in healthcare to a critical resource. With more than 800 FDA-cleared health AI applications, expectations are rising for AI to revolutionize the industry. A recent Fast Company article forecasts that by 2025, health AI will feature advancements like home testing, AI agents, passive monitoring, ambient documentation, and autonomous coding. Meanwhile, the World Economic Forum is emphasizing how generative AI could transform clinical trials. A new survey from eClinicalWorks reveals that 90% of healthcare professionals hold a positive outlook on AIÃ¢â‚¬â„¢s role in the sector. Driving this progress are several innovators developing cutting-edge AI tools to meet growing industry demand, including new advancements from companies such as Avant Technologies, Inc. (OTCQB: AVAI), Tempus AI, Inc. (NASDAQ: TEM), Spectral AI (NASDAQ: MDAI), GE HealthCare Technologies Inc. (NASDAQ: GEHC), and SchrÃƒÂ¶dinger, Inc. (NASDAQ: SDGR). The article continued: Analysts at market.us predict the generative AI in healthcare market will reach $17.2 billion by 2032, expanding at a CAGR of 37%. Researchers at Technavio project even broader growth, estimating the smart healthcare marketÃ¢â‚¬â€which includes telemedicine, mobile health, smart pills, and AIÃ¢â‚¬â€will grow by $125.7 billion by 2028. Avant Technologies and Ainnova Secure Advanced AI Algorithms for Early Detection of Four Additional Diseases in the U.S. Avant Technologies, Inc. (OTCQB: AVAI), an emerging technology company developing solutions in artificial intelligence in healthcare, today announced its partner, Ainnova Tech, Inc., (Ainnova) a leading healthcare technology company focused on revolutionizing early disease detection using AI, has acquired an exclusive license for 4 groundbreaking, AI-driven algorithms from one of AsiaÃ¢â‚¬â„¢s most respected and large",,Baystreet.ca,0,yes,https://www.baystreet.ca/articles/stockstowatch.aspx,,,1,1,Initial labelled,2111,AI disease Detection,"Health AI Revolution: Experts Predict Major Advancements in AI-Powered Healthcare in 2025 - Baystreet.ca Issued on behalf of Avant Technologies Inc. VANCOUVER Ã¢â‚¬â€œ USA News Group News Commentary Ã¢â‚¬â€œ Experts predict that artificial intelligence (AI) will soon transition from a novel concept in healthcare to a critical resource. With more than 800 FDA-cleared health AI applications, expectations are rising for AI to revolutionize the industry. A recent Fast Company article forecasts that by 2025, health AI will feature advancements like home testing, AI agents, passive monitoring, ambient documentation, and autonomous coding. Meanwhile, the World Economic Forum is emphasizing how generative AI could transform clinical trials. A new survey from eClinicalWorks reveals that 90% of healthcare professionals hold a positive outlook on AIÃ¢â‚¬â„¢s role in the sector. Driving this progress are several innovators developing cutting-edge AI tools to meet growing industry demand, including new advancements from companies such as Avant Technologies, Inc. (OTCQB: AVAI), Tempus AI, Inc. (NASDAQ: TEM), Spectral AI (NASDAQ: MDAI), GE HealthCare Technologies Inc. (NASDAQ: GEHC), and SchrÃƒÂ¶dinger, Inc. (NASDAQ: SDGR). The article continued: Analysts at market.us predict the generative AI in healthcare market will reach $17.2 billion by 2032, expanding at a CAGR of 37%. Researchers at Technavio project even broader growth, estimating the smart healthcare marketÃ¢â‚¬â€which includes telemedicine, mobile health, smart pills, and AIÃ¢â‚¬â€will grow by $125.7 billion by 2028. Avant Technologies and Ainnova Secure Advanced AI Algorithms for Early Detection of Four Additional Diseases in the U.S. Avant Technologies, Inc. (OTCQB: AVAI), an emerging technology company developing solutions in artificial intelligence in healthcare, today announced its partner, Ainnova Tech, Inc., (Ainnova) a leading healthcare technology company focused on revolutionizing early disease detection usin"
AI in Pathology Market To Grow At 15.9% CAGR By 2033 - Market.us Media - United States Market News,"Introduction The Global AI In Pathology Market size is expected to be worth around USD 119 Billion by 2033, from USD 27.2 Billion in 2023, growing at a CAGR of 15.9% during the forecast period from 2024 to 2033. In 2023, Asia Pacific held over 31.4% market share, reaching a revenue total of US$ 8.5 Billion. This market is driven by the use of AI to improve diagnostic accuracy, treatment planning, and healthcare resource management through advanced data analysis and image processing. AI is widely used to analyze clinical, genomic, and pathology images, enabling personalized medicine and more efficient healthcare delivery. The drug discovery segment is a key growth driver, supported by improved imaging technologies and higher R&D investments. Pharmaceutical and biotechnology companies are the fastest-growing end-users, using AI for drug development and toxicology testing. North America is projected to experience the highest growth, thanks to large investments in digital pathology infrastructure and increased adoption of AI solutions. Challenges remain, including the high costs of digital pathology systems, a shortage of skilled AI professionals, and unclear regulatory guidelines. However, the FDAÃ¢â‚¬â„¢s approval of over 500 healthcare AI algorithms, particularly for medical imaging, highlights strong regulatory support. Additionally, AIÃ¢â‚¬â„¢s role is expanding into areas like population health management and revenue cycle management, showing its growing importance in improving healthcare efficiency and outcomes. Despite challenges, these developments indicate a bright future for AI in pathology. Key Takeaways In 2023, the AI in Pathology market was valued at USD 27.2 Billion , projected to reach USD 119 Billion by 2033, growing at a 15.9% CAGR. , projected to reach by 2033, growing at a CAGR. The software segment led the market in 2023, holding a significant share of 74.5% , highlighting the growing reliance on AI software in pathology workflows. , highlighting th",,Market.us Media - United States Market News,0,yes,https://media.market.us/ai-in-pathology-market-news-2024/,,,1,1,Initial labelled,2112,AI disease Detection,"AI in Pathology Market To Grow At 15.9% CAGR By 2033 - Market.us Media - United States Market News Introduction The Global AI In Pathology Market size is expected to be worth around USD 119 Billion by 2033, from USD 27.2 Billion in 2023, growing at a CAGR of 15.9% during the forecast period from 2024 to 2033. In 2023, Asia Pacific held over 31.4% market share, reaching a revenue total of US$ 8.5 Billion. This market is driven by the use of AI to improve diagnostic accuracy, treatment planning, and healthcare resource management through advanced data analysis and image processing. AI is widely used to analyze clinical, genomic, and pathology images, enabling personalized medicine and more efficient healthcare delivery. The drug discovery segment is a key growth driver, supported by improved imaging technologies and higher R&D investments. Pharmaceutical and biotechnology companies are the fastest-growing end-users, using AI for drug development and toxicology testing. North America is projected to experience the highest growth, thanks to large investments in digital pathology infrastructure and increased adoption of AI solutions. Challenges remain, including the high costs of digital pathology systems, a shortage of skilled AI professionals, and unclear regulatory guidelines. However, the FDAÃ¢â‚¬â„¢s approval of over 500 healthcare AI algorithms, particularly for medical imaging, highlights strong regulatory support. Additionally, AIÃ¢â‚¬â„¢s role is expanding into areas like population health management and revenue cycle management, showing its growing importance in improving healthcare efficiency and outcomes. Despite challenges, these developments indicate a bright future for AI in pathology. Key Takeaways In 2023, the AI in Pathology market was valued at USD 27.2 Billion , projected to reach USD 119 Billion by 2033, growing at a 15.9% CAGR. , projected to reach by 2033, growing at a CAGR. The software segment led the market in 2023, holding a significant share o"
South AfricaÃ¢â‚¬â„¢s Envisionit Deep AI Partners with Pharma Giant Bayer - Daba Finance,,,Daba Finance,0,yes,https://dabafinance.com/en/news/south-africas-envisionit-deep-ai-partners-with-pharma-giant-bayer,,,2,1,Initial labelled,2113,AI disease Detection,South AfricaÃ¢â‚¬â„¢s Envisionit Deep AI Partners with Pharma Giant Bayer - Daba Finance 
Cardio Diagnostics Secures Medicare Coverage Path for AI-Powered Heart Disease Tests - StockTitan,"Cardio Diagnostics Holdings, Inc. Receives Final Medicare Pricing Determination from Centers for Medicare and Medicaid Services (CMS) for AI-Powered Cardiovascular Tests 12/16/2024 - 08:31 AM CMS pricing determination marks a key milestone in gaining broad access to Medicare reimbursement. CHICAGO --(BUSINESS WIRE)-- Cardio Diagnostics Holdings, Inc. (NASDAQ: CDIO), an AI-driven precision cardiovascular medicine company today announced that the CompanyÃ¢â‚¬â„¢s PrecisionCHD and Epi+Gen CHD tests have received final pricing determinations from the Centers for Medicare & Medicaid Services (CMS). Following the preliminary pricing determination made by CMS in August 2024, CMS finalized the Ã¢â‚¬ËœgapfillÃ¢â‚¬â„¢ pricing determination for both PrecisionCHD and Epi+Gen CHD. This decision will be effective for claims with dates of service on or after January 1, 2025, and will allow Medicare contractors to determine pricing for PrecisionCHD and Epi+Gen CHD based on actual cost data from Cardio Diagnostics. The Medicare contractors will report to CMS preliminary gapfill pricing for calendar year 2025 by April 1, 2025. Ã¢â‚¬Å“Receiving this final determination is a crucial step for our innovative solutions to help improve the risk assessment, diagnosis, management and monitoring of coronary heart disease (CHD) for Medicare patients,Ã¢â‚¬Â said Meesha Dogan, Ph.D., CEO and Co-Founder of Cardio Diagnostics. Ã¢â‚¬Å“This milestone brings us closer to addressing the significant unmet needs in cardiovascular care for the Medicare population, enabling clinicians to better personalize treatment strategies and ultimately improve patient outcomes.Ã¢â‚¬Â Cardiovascular disease is the leading cause of death in the United States , including among Americans over 65 years old. In 2022, the number of deaths due to heart disease was 702,880, with a mortality rate of 211 deaths per 100,000 population. Coronary heart disease, the most common type of heart disease, claimed 371,506 lives. PrecisionCHD is an AI-powered ",,StockTitan,0,yes,https://www.stocktitan.net/news/CDIO/cardio-diagnostics-holdings-inc-receives-final-medicare-pricing-sjmr40b3t6z0.html,,,2,1,Initial labelled,2114,AI disease Detection,"Cardio Diagnostics Secures Medicare Coverage Path for AI-Powered Heart Disease Tests - StockTitan Cardio Diagnostics Holdings, Inc. Receives Final Medicare Pricing Determination from Centers for Medicare and Medicaid Services (CMS) for AI-Powered Cardiovascular Tests 12/16/2024 - 08:31 AM CMS pricing determination marks a key milestone in gaining broad access to Medicare reimbursement. CHICAGO --(BUSINESS WIRE)-- Cardio Diagnostics Holdings, Inc. (NASDAQ: CDIO), an AI-driven precision cardiovascular medicine company today announced that the CompanyÃ¢â‚¬â„¢s PrecisionCHD and Epi+Gen CHD tests have received final pricing determinations from the Centers for Medicare & Medicaid Services (CMS). Following the preliminary pricing determination made by CMS in August 2024, CMS finalized the Ã¢â‚¬ËœgapfillÃ¢â‚¬â„¢ pricing determination for both PrecisionCHD and Epi+Gen CHD. This decision will be effective for claims with dates of service on or after January 1, 2025, and will allow Medicare contractors to determine pricing for PrecisionCHD and Epi+Gen CHD based on actual cost data from Cardio Diagnostics. The Medicare contractors will report to CMS preliminary gapfill pricing for calendar year 2025 by April 1, 2025. Ã¢â‚¬Å“Receiving this final determination is a crucial step for our innovative solutions to help improve the risk assessment, diagnosis, management and monitoring of coronary heart disease (CHD) for Medicare patients,Ã¢â‚¬Â said Meesha Dogan, Ph.D., CEO and Co-Founder of Cardio Diagnostics. Ã¢â‚¬Å“This milestone brings us closer to addressing the significant unmet needs in cardiovascular care for the Medicare population, enabling clinicians to better personalize treatment strategies and ultimately improve patient outcomes.Ã¢â‚¬Â Cardiovascular disease is the leading cause of death in the United States , including among Americans over 65 years old. In 2022, the number of deaths due to heart disease was 702,880, with a mortality rate of 211 deaths per 100,000 popul"
Tempus AI's ECG-AF Device Secures Medicare Coverage: Breakthrough AI Solution for Early AF Detection - StockTitan,"New CMS Decision Provides Medicare Coverage for the Clinical Use of the Tempus ECG-AF Device 12/17/2024 - 08:30 AM New decision establishes reimbursement for the clinical use of Tempus ECG-AF, reducing the financial burden of using AI to improve early detection of atrial fibrillation CHICAGO --(BUSINESS WIRE)-- Tempus AI, Inc. (NASDAQ: TEM), a technology company leading the adoption of AI to advance precision medicine and patient care, today announced the impact of a new decision by the Centers for Medicare and Medicaid Services (CMS) that will allow reimbursement for assessments of cardiac dysfunction using the Tempus ECG-AF algorithm. ECG-AF is one of just a few FDA-authorized medical technologies in the country to be impacted by the new CMS decision, and this milestone allows Tempus to more broadly support clinicians in identifying patients at increased risk of atrial fibrillation/flutter (AF). Per the CMS policy to allow payment for certain Software as a Service (SaaS) devices in the Hospital Outpatient setting, CMS has assigned associated procedure codes for assessments with assistive algorithms like TempusÃ¢â‚¬â„¢ ECG-AF (CPT 0764T and CPT 0765T) to APC 5734, which has a Medicare rate of $128.90 , effective January 1, 2025. This ruling is expected to allow hospitals to receive reimbursement for using TempusÃ¢â‚¬â„¢ ECG-AF to help identify patients at increased risk of AF. Earlier this year, Tempus received 510(k) clearance from the FDA for the Tempus ECG-AF device, which was the first FDA clearance for an AF indication in the category known as Ã¢â‚¬Å“cardiovascular machine learning-based notification softwareÃ¢â‚¬Â and paved the way for clinicians to use this innovative algorithm in the care of their patients. Cardiovascular disease remains the leading cause of death globally, making it critical to identify patients at high risk for undiagnosed heart disease much earlier. AF, a common cause of stroke, in particular affects millions of people and can be challenging to diag",,StockTitan,0,yes,https://www.stocktitan.net/news/TEM/new-cms-decision-provides-medicare-coverage-for-the-clinical-use-of-iykcl5gsfn0t.html,,,3,1,Initial labelled,2115,AI disease Detection,"Tempus AI's ECG-AF Device Secures Medicare Coverage: Breakthrough AI Solution for Early AF Detection - StockTitan New CMS Decision Provides Medicare Coverage for the Clinical Use of the Tempus ECG-AF Device 12/17/2024 - 08:30 AM New decision establishes reimbursement for the clinical use of Tempus ECG-AF, reducing the financial burden of using AI to improve early detection of atrial fibrillation CHICAGO --(BUSINESS WIRE)-- Tempus AI, Inc. (NASDAQ: TEM), a technology company leading the adoption of AI to advance precision medicine and patient care, today announced the impact of a new decision by the Centers for Medicare and Medicaid Services (CMS) that will allow reimbursement for assessments of cardiac dysfunction using the Tempus ECG-AF algorithm. ECG-AF is one of just a few FDA-authorized medical technologies in the country to be impacted by the new CMS decision, and this milestone allows Tempus to more broadly support clinicians in identifying patients at increased risk of atrial fibrillation/flutter (AF). Per the CMS policy to allow payment for certain Software as a Service (SaaS) devices in the Hospital Outpatient setting, CMS has assigned associated procedure codes for assessments with assistive algorithms like TempusÃ¢â‚¬â„¢ ECG-AF (CPT 0764T and CPT 0765T) to APC 5734, which has a Medicare rate of $128.90 , effective January 1, 2025. This ruling is expected to allow hospitals to receive reimbursement for using TempusÃ¢â‚¬â„¢ ECG-AF to help identify patients at increased risk of AF. Earlier this year, Tempus received 510(k) clearance from the FDA for the Tempus ECG-AF device, which was the first FDA clearance for an AF indication in the category known as Ã¢â‚¬Å“cardiovascular machine learning-based notification softwareÃ¢â‚¬Â and paved the way for clinicians to use this innovative algorithm in the care of their patients. Cardiovascular disease remains the leading cause of death globally, making it critical to identify patients at high risk for undiagnosed he"
New CMS Decision Provides Medicare Coverage for the Clinical Use of the Tempus ECG-AF Device - Business Wire,"CHICAGO--(BUSINESS WIRE)--Tempus AI, Inc. (NASDAQ: TEM), a technology company leading the adoption of AI to advance precision medicine and patient care, today announced the impact of a new decision by the Centers for Medicare and Medicaid Services (CMS) that will allow reimbursement for assessments of cardiac dysfunction using the Tempus ECG-AF algorithm. ECG-AF is one of just a few FDA-authorized medical technologies in the country to be impacted by the new CMS decision, and this milestone allows Tempus to more broadly support clinicians in identifying patients at increased risk of atrial fibrillation/flutter (AF). Per the CMS policy to allow payment for certain Software as a Service (SaaS) devices in the Hospital Outpatient setting, CMS has assigned associated procedure codes for assessments with assistive algorithms like TempusÃ¢â‚¬â„¢ ECG-AF (CPT 0764T and CPT 0765T) to APC 5734, which has a Medicare rate of $128.90, effective January 1, 2025. This ruling is expected to allow hospitals to receive reimbursement for using TempusÃ¢â‚¬â„¢ ECG-AF to help identify patients at increased risk of AF. Earlier this year, Tempus received 510(k) clearance from the FDA for the Tempus ECG-AF device, which was the first FDA clearance for an AF indication in the category known as Ã¢â‚¬Å“cardiovascular machine learning-based notification softwareÃ¢â‚¬Â and paved the way for clinicians to use this innovative algorithm in the care of their patients. Cardiovascular disease remains the leading cause of death globally, making it critical to identify patients at high risk for undiagnosed heart disease much earlier. AF, a common cause of stroke, in particular affects millions of people and can be challenging to diagnose. As a result, nearly one million Americans are believed to have undetected AF, and are missing the opportunity to be treated optimally. Since over 100 million ECGs are performed each year in the U.S.1 there is an opportunity to make these ECG tests Ã¢â‚¬Å“smarterÃ¢â‚¬Â by applying machine-lea",,Business Wire,0,yes,https://www.businesswire.com/news/home/20241217385462/en/New-CMS-Decision-Provides-Medicare-Coverage-for-the-Clinical-Use-of-the-Tempus-ECG-AF-Device,,,3,1,Initial labelled,2116,AI disease Detection,"New CMS Decision Provides Medicare Coverage for the Clinical Use of the Tempus ECG-AF Device - Business Wire CHICAGO--(BUSINESS WIRE)--Tempus AI, Inc. (NASDAQ: TEM), a technology company leading the adoption of AI to advance precision medicine and patient care, today announced the impact of a new decision by the Centers for Medicare and Medicaid Services (CMS) that will allow reimbursement for assessments of cardiac dysfunction using the Tempus ECG-AF algorithm. ECG-AF is one of just a few FDA-authorized medical technologies in the country to be impacted by the new CMS decision, and this milestone allows Tempus to more broadly support clinicians in identifying patients at increased risk of atrial fibrillation/flutter (AF). Per the CMS policy to allow payment for certain Software as a Service (SaaS) devices in the Hospital Outpatient setting, CMS has assigned associated procedure codes for assessments with assistive algorithms like TempusÃ¢â‚¬â„¢ ECG-AF (CPT 0764T and CPT 0765T) to APC 5734, which has a Medicare rate of $128.90, effective January 1, 2025. This ruling is expected to allow hospitals to receive reimbursement for using TempusÃ¢â‚¬â„¢ ECG-AF to help identify patients at increased risk of AF. Earlier this year, Tempus received 510(k) clearance from the FDA for the Tempus ECG-AF device, which was the first FDA clearance for an AF indication in the category known as Ã¢â‚¬Å“cardiovascular machine learning-based notification softwareÃ¢â‚¬Â and paved the way for clinicians to use this innovative algorithm in the care of their patients. Cardiovascular disease remains the leading cause of death globally, making it critical to identify patients at high risk for undiagnosed heart disease much earlier. AF, a common cause of stroke, in particular affects millions of people and can be challenging to diagnose. As a result, nearly one million Americans are believed to have undetected AF, and are missing the opportunity to be treated optimally. Since over 100 million EC"
Generative AI in Healthcare Market to Witness 37% CAGR By 2032 - Market.us Media - United States Market News,"Introduction Global Generative AI in Healthcare Market size is expected to be worth around US$ 17.2 Billion by 2032 from US$ 1.1 Billion in 2023, growing at a CAGR of 37% during the forecast period from 2024 to 2032. In 2022, North America led the market, achieving over 36.0% share with a revenue of US$ 0.2 Billion. Generative AI is enhancing medical imaging, aiding clinical decisions, and streamlining operations. Its application in virtual nursing assistants could save healthcare providers up to USD 20 billion annually. Additionally, its integration into clinical settings, including diagnostics, telemedicine, patient care management, and telehealth applications, has secured its top market share. However, challenges such as data privacy concerns, the need for high-quality data sets, and sophisticated infrastructure may hinder its growth. Balancing AIÃ¢â‚¬â„¢s potential benefits with these challenges is crucial for sustainable market expansion. Recent developments illustrate the dynamic nature of this market, with major investments and collaborations focused on harnessing GPT-4 and other advanced AI technologies for healthcare applications. Microsoft Corp. and Epic Systems Corp. recently collaborated to integrate generative AI into electronic health records to increase patient outcomes and effectiveness of healthcare delivery. North America has led in terms of healthcare infrastructure and adoption rate of new technologies; while Asia Pacific appears poised for explosive growth as technological innovations meet rising healthcare demands and supportive government initiatives. At present, the market for generative AI in healthcare is at an important juncture, only just beginning to realize its full potential. Projected growth highlights a shift toward more AI-integrated healthcare solutions which promise increased efficiency, better patient outcomes and significant economic advantages. Key Takeaways In 2022, the Global Generative AI in Healthcare Market was valued a",,Market.us Media - United States Market News,0,yes,https://media.market.us/generative-ai-in-healthcare-market-news-2024/,,,3,1,Initial labelled,2117,AI disease Detection,"Generative AI in Healthcare Market to Witness 37% CAGR By 2032 - Market.us Media - United States Market News Introduction Global Generative AI in Healthcare Market size is expected to be worth around US$ 17.2 Billion by 2032 from US$ 1.1 Billion in 2023, growing at a CAGR of 37% during the forecast period from 2024 to 2032. In 2022, North America led the market, achieving over 36.0% share with a revenue of US$ 0.2 Billion. Generative AI is enhancing medical imaging, aiding clinical decisions, and streamlining operations. Its application in virtual nursing assistants could save healthcare providers up to USD 20 billion annually. Additionally, its integration into clinical settings, including diagnostics, telemedicine, patient care management, and telehealth applications, has secured its top market share. However, challenges such as data privacy concerns, the need for high-quality data sets, and sophisticated infrastructure may hinder its growth. Balancing AIÃ¢â‚¬â„¢s potential benefits with these challenges is crucial for sustainable market expansion. Recent developments illustrate the dynamic nature of this market, with major investments and collaborations focused on harnessing GPT-4 and other advanced AI technologies for healthcare applications. Microsoft Corp. and Epic Systems Corp. recently collaborated to integrate generative AI into electronic health records to increase patient outcomes and effectiveness of healthcare delivery. North America has led in terms of healthcare infrastructure and adoption rate of new technologies; while Asia Pacific appears poised for explosive growth as technological innovations meet rising healthcare demands and supportive government initiatives. At present, the market for generative AI in healthcare is at an important juncture, only just beginning to realize its full potential. Projected growth highlights a shift toward more AI-integrated healthcare solutions which promise increased efficiency, better patient outcomes and signific"
Top 10 Healthcare AI Companies In India 2025: Revolutionizing Health Tech - Inventiva,"In recent years, Artificial Intelligence (AI) has revolutionized the global healthcare industry, and India is no exception. From diagnostic tools to personalized treatments and administrative automation, AI-powered solutions have significantly enhanced the efficiency, accuracy, and accessibility of healthcare services. As we look ahead to 2025, several Healthcare AI Companies in India are driving innovation and reshaping the medical ecosystem. This blog highlights the top 10 healthcare AI companies in India that are making waves in the sector with advanced technologies and impactful solutions. Why AI Is Transforming Healthcare in India AI has become a game-changer in healthcare for multiple reasons: Enhanced Diagnostics: AI tools enable early and precise diagnosis of diseases using imaging and predictive models. Improved Patient Care: Personalized treatment plans and virtual health assistants powered by AI make healthcare more patient-centric. Operational Efficiency: Automating administrative tasks, optimizing hospital operations, and managing records streamline healthcare services. Accessibility: AI bridges the gap in healthcare delivery for rural and underserved areas by enabling telemedicine and remote diagnostics. The healthcare AI revolution is not just futuristic but essential for IndiaÃ¢â‚¬â„¢s growing population and evolving medical challenges. Top 10 Healthcare AI Companies in India 1. Qure.ai Focus: Medical Imaging & Diagnostics  Qure.ai is a leader in AI-powered diagnostic imaging. Their algorithms analyze radiology scans such as X-rays and CTs with high accuracy, helping doctors detect anomalies quickly and efficiently. Qure.aiÃ¢â‚¬â„¢s solutions are deployed globally and are particularly impactful in rural healthcare, where radiologists are scarce. 2. Niramai Focus: Breast Cancer Screening Niramai has developed a non-invasive, AI-based thermal imaging solution for early breast cancer detection. Using machine learning algorithms, their technology ide",,Inventiva,0,yes,https://www.inventiva.co.in/trends/healthcare-ai-companies-india/,,,4,1,Initial labelled,2118,AI disease Detection,"Top 10 Healthcare AI Companies In India 2025: Revolutionizing Health Tech - Inventiva In recent years, Artificial Intelligence (AI) has revolutionized the global healthcare industry, and India is no exception. From diagnostic tools to personalized treatments and administrative automation, AI-powered solutions have significantly enhanced the efficiency, accuracy, and accessibility of healthcare services. As we look ahead to 2025, several Healthcare AI Companies in India are driving innovation and reshaping the medical ecosystem. This blog highlights the top 10 healthcare AI companies in India that are making waves in the sector with advanced technologies and impactful solutions. Why AI Is Transforming Healthcare in India AI has become a game-changer in healthcare for multiple reasons: Enhanced Diagnostics: AI tools enable early and precise diagnosis of diseases using imaging and predictive models. Improved Patient Care: Personalized treatment plans and virtual health assistants powered by AI make healthcare more patient-centric. Operational Efficiency: Automating administrative tasks, optimizing hospital operations, and managing records streamline healthcare services. Accessibility: AI bridges the gap in healthcare delivery for rural and underserved areas by enabling telemedicine and remote diagnostics. The healthcare AI revolution is not just futuristic but essential for IndiaÃ¢â‚¬â„¢s growing population and evolving medical challenges. Top 10 Healthcare AI Companies in India 1. Qure.ai Focus: Medical Imaging & Diagnostics Qure.ai is a leader in AI-powered diagnostic imaging. Their algorithms analyze radiology scans such as X-rays and CTs with high accuracy, helping doctors detect anomalies quickly and efficiently. Qure.aiÃ¢â‚¬â„¢s solutions are deployed globally and are particularly impactful in rural healthcare, where radiologists are scarce. 2. Niramai Focus: Breast Cancer Screening Niramai has developed a non-invasive, AI-based thermal imaging solution for earl"
CDIO - Cardio Diagnostics Holdings Inc. Latest Stock News & Market Updates - StockTitan,"Welcome to our dedicated page for Cardio Diagnostics Holdings news (Ticker: CDIO), a resource for investors and traders seeking the latest updates and insights on Cardio Diagnostics Holdings stock. Cardio Diagnostics Holdings Inc. (symbol: CDIO) is a pioneering biotechnology company focused on making cardiovascular disease prevention and early detection more accessible, personalized, and precise. Leveraging cutting-edge artificial intelligence, the company has developed a proprietary Genetic-Epigenetic EngineÃ¢â€žÂ¢ designed to revolutionize the management of cardiovascular health. The main goal of Cardio Diagnostics is to enhance the accuracy and efficacy of cardiovascular disease prevention and treatment. The company's flagship technology integrates genetic and epigenetic data to provide a comprehensive understanding of an individualÃ¢â‚¬â„¢s cardiovascular risk, enabling targeted interventions and personalized care plans. This innovative approach aims to reduce the incidence of cardiovascular events and improve patient outcomes. Recent achievements include expanding their product portfolio and forming strategic partnerships with leading healthcare providers to broaden the reach of their diagnostic tools. The company is also actively involved in research projects aimed at further enhancing their AI-driven platform's capabilities. Financially, Cardio Diagnostics Holdings Inc. has seen steady growth, marked by increasing investor interest and promising market forecasts. With a dedicated team of experts in genetics, bioinformatics, and clinical research, Cardio Diagnostics continues to push the boundaries of medical technology. Their commitment to advancing cardiovascular healthcare promises significant strides in the early detection and prevention of one of the leading causes of mortality worldwide.",,StockTitan,0,yes,https://www.stocktitan.net/news/CDIO/,,,4,1,Initial labelled,2119,Personalised Medicine,"CDIO - Cardio Diagnostics Holdings Inc. Latest Stock News & Market Updates - StockTitan Welcome to our dedicated page for Cardio Diagnostics Holdings news (Ticker: CDIO), a resource for investors and traders seeking the latest updates and insights on Cardio Diagnostics Holdings stock. Cardio Diagnostics Holdings Inc. (symbol: CDIO) is a pioneering biotechnology company focused on making cardiovascular disease prevention and early detection more accessible, personalized, and precise. Leveraging cutting-edge artificial intelligence, the company has developed a proprietary Genetic-Epigenetic EngineÃ¢â€žÂ¢ designed to revolutionize the management of cardiovascular health. The main goal of Cardio Diagnostics is to enhance the accuracy and efficacy of cardiovascular disease prevention and treatment. The company's flagship technology integrates genetic and epigenetic data to provide a comprehensive understanding of an individualÃ¢â‚¬â„¢s cardiovascular risk, enabling targeted interventions and personalized care plans. This innovative approach aims to reduce the incidence of cardiovascular events and improve patient outcomes. Recent achievements include expanding their product portfolio and forming strategic partnerships with leading healthcare providers to broaden the reach of their diagnostic tools. The company is also actively involved in research projects aimed at further enhancing their AI-driven platform's capabilities. Financially, Cardio Diagnostics Holdings Inc. has seen steady growth, marked by increasing investor interest and promising market forecasts. With a dedicated team of experts in genetics, bioinformatics, and clinical research, Cardio Diagnostics continues to push the boundaries of medical technology. Their commitment to advancing cardiovascular healthcare promises significant strides in the early detection and prevention of one of the leading causes of mortality worldwide."
South Korea Smart Healthcare Market to Double in Value by - GlobeNewswire,"Dublin, Dec. 16, 2024 (GLOBE NEWSWIRE) -- The ""South Korea Smart Healthcare Market Forecast 2024-2032"" report has been added to ResearchAndMarkets.com's offering.  The South Korea smart healthcare market was valued at USD 1.38 billion in 2023. It is expected to grow at a CAGR of 8.1% between 2024-2032 and attain a value of USD 2.78 billion by 2032. The government's initiatives in digitalising the healthcare system of South Korea along with an increased emphasis on research and development are majorly driving the smart healthcare market of South Korea.    The smart healthcare market in South Korea is experiencing significant growth, driven by technological advancements and an increasing emphasis on improving healthcare delivery. Smart healthcare encompasses various digital health solutions, including telemedicine, electronic health records (EHRs), wearable devices, and mobile health applications, aimed at enhancing patient care, reducing healthcare costs, and improving overall healthcare system efficiency.  Market Drivers Technological Advancements: South Korea is renowned for its cutting-edge technology and robust IT infrastructure. The integration of advanced technologies such as artificial intelligence (AI), big data analytics, and the Internet of Things (IoT) in healthcare systems is propelling the growth of the smart healthcare market. Government Initiatives and Policies: The South Korean government has implemented several policies to promote digital health. Initiatives like the ""Bio-health Innovation Strategy"" aim to transform the healthcare sector through digitalisation, supporting the development and adoption of smart healthcare solutions. Ageing Population: With a rapidly ageing population, there is an increasing demand for efficient healthcare services. Smart healthcare solutions provide tools for remote monitoring, chronic disease management, and personalised care, addressing the needs of the elderly population effectively. Increased Healthcare",,GlobeNewswire,0,yes,https://www.globenewswire.com/news-release/2024/12/16/2997292/0/en/South-Korea-Smart-Healthcare-Market-to-Double-in-Value-by-2032-Reaching-2-78-Billion-Thriving-on-Personalised-Medicine-and-Big-Data-Analytics.html,,,1,1,Initial labelled,2120,Personalised Medicine,"South Korea Smart Healthcare Market to Double in Value by - GlobeNewswire Dublin, Dec. 16, 2024 (GLOBE NEWSWIRE) -- The ""South Korea Smart Healthcare Market Forecast 2024-2032"" report has been added to ResearchAndMarkets.com's offering. The South Korea smart healthcare market was valued at USD 1.38 billion in 2023. It is expected to grow at a CAGR of 8.1% between 2024-2032 and attain a value of USD 2.78 billion by 2032. The government's initiatives in digitalising the healthcare system of South Korea along with an increased emphasis on research and development are majorly driving the smart healthcare market of South Korea. The smart healthcare market in South Korea is experiencing significant growth, driven by technological advancements and an increasing emphasis on improving healthcare delivery. Smart healthcare encompasses various digital health solutions, including telemedicine, electronic health records (EHRs), wearable devices, and mobile health applications, aimed at enhancing patient care, reducing healthcare costs, and improving overall healthcare system efficiency. Market Drivers Technological Advancements: South Korea is renowned for its cutting-edge technology and robust IT infrastructure. The integration of advanced technologies such as artificial intelligence (AI), big data analytics, and the Internet of Things (IoT) in healthcare systems is propelling the growth of the smart healthcare market. Government Initiatives and Policies: The South Korean government has implemented several policies to promote digital health. Initiatives like the ""Bio-health Innovation Strategy"" aim to transform the healthcare sector through digitalisation, supporting the development and adoption of smart healthcare solutions. Ageing Population: With a rapidly ageing population, there is an increasing demand for efficient healthcare services. Smart healthcare solutions provide tools for remote monitoring, chronic disease management, and personalised care, addressing the nee"
Overcoming obstacles in personalised medicine - Drug Target Review,"Tune in to this episode to learn how overcoming the key challenges in personalised medicine could transform the future of healthcare. In this episode, titled Ã¢â‚¬ËœOvercoming Obstacles in Personalised Medicine,Ã¢â‚¬â„¢ we explore the key challenges facing personalised medicine and how overcoming them could revolutionise the healthcare landscape. Joining the conversation are Seth Lederman, co-founder, CEO, and Chairman of Tonix Pharmaceuticals, and Steve Gardner, CEO of Precision Life, Chair of the UK Bioindustry Association Genomics Board, and co-chair of the Metrodora Foundation Scientific Board. Key discussion points: About our speakers Seth Lederman, co-founder, CEO & Chairman of Tonix Pharmaceuticals Seth Lederman is a physician, scientist and entrepreneur, and a co-founder of Tonix Pharmaceuticals. Prior to Tonix, Dr Lederman founded Targent Pharmaceuticals, which developed late-stage oncology drugs, including levoleucovorin. When Spectrum Pharmaceuticals acquired TargentÃ¢â‚¬â„¢s assets, levoleucovorin was marketed as FusilevÃ‚Â® for advanced colorectal cancer, gaining significant market acceptance. Prior to becoming a biopharma entrepreneur, Dr Lederman served as an Associate Professor at Columbia University for two decades and directed basic science research in molecular immunology, infectious diseases and the development of therapeutics for autoimmune diseases. His fundamental work on the CD40-Ligand (CD154) elucidated the molecular basis of T cell helper function and has led to the development of therapeutic candidates for autoimmune diseases and organ transplant rejection in collaboration with Biogen and UCB. The successful defense of his CD154 patents has led to important precedents in defining the relationship of therapeutics and molecular targets. In collaboration with Professor David Baltimore (then at Rockefeller University and later MIT), Dr Lederman identified and functionally characterised the CD40 signaling molecule, TRAF-3. His early work on HIV contrib",,Drug Target Review,0,yes,https://www.drugtargetreview.com/podcasts/overcoming-obstacles-in-personalised-medicine/,,,1,1,Initial labelled,2121,Personalised Medicine,"Overcoming obstacles in personalised medicine - Drug Target Review Tune in to this episode to learn how overcoming the key challenges in personalised medicine could transform the future of healthcare. In this episode, titled Ã¢â‚¬ËœOvercoming Obstacles in Personalised Medicine,Ã¢â‚¬â„¢ we explore the key challenges facing personalised medicine and how overcoming them could revolutionise the healthcare landscape. Joining the conversation are Seth Lederman, co-founder, CEO, and Chairman of Tonix Pharmaceuticals, and Steve Gardner, CEO of Precision Life, Chair of the UK Bioindustry Association Genomics Board, and co-chair of the Metrodora Foundation Scientific Board. Key discussion points: About our speakers Seth Lederman, co-founder, CEO & Chairman of Tonix Pharmaceuticals Seth Lederman is a physician, scientist and entrepreneur, and a co-founder of Tonix Pharmaceuticals. Prior to Tonix, Dr Lederman founded Targent Pharmaceuticals, which developed late-stage oncology drugs, including levoleucovorin. When Spectrum Pharmaceuticals acquired TargentÃ¢â‚¬â„¢s assets, levoleucovorin was marketed as FusilevÃ‚Â® for advanced colorectal cancer, gaining significant market acceptance. Prior to becoming a biopharma entrepreneur, Dr Lederman served as an Associate Professor at Columbia University for two decades and directed basic science research in molecular immunology, infectious diseases and the development of therapeutics for autoimmune diseases. His fundamental work on the CD40-Ligand (CD154) elucidated the molecular basis of T cell helper function and has led to the development of therapeutic candidates for autoimmune diseases and organ transplant rejection in collaboration with Biogen and UCB. The successful defense of his CD154 patents has led to important precedents in defining the relationship of therapeutics and molecular targets. In collaboration with Professor David Baltimore (then at Rockefeller University and later MIT), Dr Lederman identified and functionally char"
Concierge medicine market to reach $31.39b by 2028 - Healthcare Asia,"It is driven by the rising demand for personalised healthcare and physician burnout. The concierge medicine market is growing rapidly, projected to increase from $18.38b in 2023 to $20.43b in 2024, a compound annual growth rate (CAGR) of 11.2%, according to ResearchAndMarkets.com. Key factors driving this growth include rising demand for personalised healthcare, physician burnout, high healthcare costs, and changing consumer preferences. The market is expected to continue expanding, reaching $31.39b by 2028 at a CAGR of 11.3%. Growth drivers also include urbanisation, lifestyle changes, healthcare disparities, and the increasing health consciousness amongst millennials. Trends such as virtual concierge services, collaborative care networks, and the use of artificial intelligence and predictive analytics are expected to shape the market. Moreover, rising healthcare expenditures are also fueling this growth. Leading companies are also enhancing patient access with services like online medical directories to support immediate and personalised care.",,Healthcare Asia,0,yes,https://healthcareasiamagazine.com/healthcare/news/concierge-medicine-market-reach-3139b-2028,,,2,1,Initial labelled,2122,Personalised Medicine,"Concierge medicine market to reach $31.39b by 2028 - Healthcare Asia It is driven by the rising demand for personalised healthcare and physician burnout. The concierge medicine market is growing rapidly, projected to increase from $18.38b in 2023 to $20.43b in 2024, a compound annual growth rate (CAGR) of 11.2%, according to ResearchAndMarkets.com. Key factors driving this growth include rising demand for personalised healthcare, physician burnout, high healthcare costs, and changing consumer preferences. The market is expected to continue expanding, reaching $31.39b by 2028 at a CAGR of 11.3%. Growth drivers also include urbanisation, lifestyle changes, healthcare disparities, and the increasing health consciousness amongst millennials. Trends such as virtual concierge services, collaborative care networks, and the use of artificial intelligence and predictive analytics are expected to shape the market. Moreover, rising healthcare expenditures are also fueling this growth. Leading companies are also enhancing patient access with services like online medical directories to support immediate and personalised care."
AI transforming healthcare with better outcomes & efficiency - IT Brief Asia,"The healthcare industry is experiencing significant changes driven by advancements in artificial intelligence (AI), which is altering how care is delivered and improving patient outcomes. The global AI in healthcare market is on a growth path, expected to reach substantial valuations in the coming years. This growth is attributed to factors such as the rising prevalence of chronic diseases, an increasing elderly population, and the demand for personalised medicine. Reports suggest that regions like Asia-Pacific are emerging as important players due to technological advancements and increasing healthcare expenditures. AI applications in healthcare are diverse, playing a key role in disease diagnosis and prediction. AI-powered algorithms are revolutionising diagnostics, with machine learning models analysing imaging data from CT scans, MRIs, and X-rays with accuracy comparable to or even surpassing that of human radiologists. These tools have shown exceptional abilities in detecting early signs of conditions such as cancer, cardiovascular diseases, and neurological disorders. Additionally, predictive analytics allows healthcare providers to predict disease progression, enabling timely interventions and customised treatment plans. AI is also pivotal in personalised medicine, moving away from one-size-fits-all treatments and instead utilising patient data, including genetic profiles and medical histories, to tailor treatment regimens. This is particularly significant in oncology, where targeted therapies based on genetic make-up can greatly enhance outcomes. On the operational side, AI is improving efficiency by automating administrative tasks in hospitals, like patient scheduling, billing, and resource allocation. Robotic process automation reduces manual errors and frees staff to focus on direct patient care. Furthermore, AI-powered chatbots are being used to handle patient inquiries, schedule appointments, and offer basic medical advice, thus improving patient ex",,IT Brief Asia,0,yes,https://itbrief.asia/story/ai-transforming-healthcare-with-better-outcomes-efficiency,,,2,1,Initial labelled,2123,Personalised Medicine,"AI transforming healthcare with better outcomes & efficiency - IT Brief Asia The healthcare industry is experiencing significant changes driven by advancements in artificial intelligence (AI), which is altering how care is delivered and improving patient outcomes. The global AI in healthcare market is on a growth path, expected to reach substantial valuations in the coming years. This growth is attributed to factors such as the rising prevalence of chronic diseases, an increasing elderly population, and the demand for personalised medicine. Reports suggest that regions like Asia-Pacific are emerging as important players due to technological advancements and increasing healthcare expenditures. AI applications in healthcare are diverse, playing a key role in disease diagnosis and prediction. AI-powered algorithms are revolutionising diagnostics, with machine learning models analysing imaging data from CT scans, MRIs, and X-rays with accuracy comparable to or even surpassing that of human radiologists. These tools have shown exceptional abilities in detecting early signs of conditions such as cancer, cardiovascular diseases, and neurological disorders. Additionally, predictive analytics allows healthcare providers to predict disease progression, enabling timely interventions and customised treatment plans. AI is also pivotal in personalised medicine, moving away from one-size-fits-all treatments and instead utilising patient data, including genetic profiles and medical histories, to tailor treatment regimens. This is particularly significant in oncology, where targeted therapies based on genetic make-up can greatly enhance outcomes. On the operational side, AI is improving efficiency by automating administrative tasks in hospitals, like patient scheduling, billing, and resource allocation. Robotic process automation reduces manual errors and frees staff to focus on direct patient care. Furthermore, AI-powered chatbots are being used to handle patient inquiries, schedul"
Precision Medicine: Tailored Cancer Treatments For Better Survival And Quality of Life - Onlymyhealth,"Ã¢â‚¬Å“Vithala, an 80-year-old gentleman, walked into my office one sunny day. After a month of persistent cough, he was diagnosed with stage four lung cancer,Ã¢â‚¬Â said Dr Rajeev Vijayakumar, Senior Consultant - Medical Oncologist, Hemato Oncologist and BMT Physician, Gleneagles BGS Hospital, Kengeri, Bengaluru. Ã¢â‚¬Å“When his family came to us, they were resolute about not opting for chemotherapy. I reassured them and spoke about the promise of precision medicine and customised cancer care. We sent his biopsy block for mutation analysis, and within a week, the results brought good news; he didnÃ¢â‚¬â„¢t need chemotherapy. Instead, he would respond to targeted therapy in the form of tablets,Ã¢â‚¬Â shared Dr Vijayakumar. This is the power of modern medicine, where solutions exist beyond what we could imagine even a decade ago. Today, this approach has become the standard of care for lung, breast, and prostate cancers. With every passing year, research introduces new molecules for different cancers, transforming cancer care. Cancer is no longer a death sentence. What is Precision Medicine? Ã¢â‚¬Å“Precision medicine is an innovative approach that tailors treatment to the unique genetic and molecular characteristics of a patientÃ¢â‚¬â„¢s cancer. Unlike conventional 'one-size-fits-all' treatments, which rely on generalised protocols, precision medicine identifies specific genetic mutations driving the disease to recommend the most effective therapies,Ã¢â‚¬Â said Dr Vijayakumar. According to the University of California- Davis Health (UC Davis), precision medicine considers individual variations in genetics, environments, and lifestyles to tailor treatments. This approach enables doctors to design therapies based on a comprehensive understanding of a patientÃ¢â‚¬â„¢s condition. For example, two patients with the same type of cancer like lung cancer may require completely different treatments based on their genetic profiles. This personalised approach ensures improved outcomes, fewer side effects, and a ",,Onlymyhealth,0,yes,https://www.onlymyhealth.com/what-is-precision-medicine-and-how-it-helps-in-treating-cancer-12977821700,,,2,1,Initial labelled,2124,Personalised Medicine,"Precision Medicine: Tailored Cancer Treatments For Better Survival And Quality of Life - Onlymyhealth Ã¢â‚¬Å“Vithala, an 80-year-old gentleman, walked into my office one sunny day. After a month of persistent cough, he was diagnosed with stage four lung cancer,Ã¢â‚¬Â said Dr Rajeev Vijayakumar, Senior Consultant - Medical Oncologist, Hemato Oncologist and BMT Physician, Gleneagles BGS Hospital, Kengeri, Bengaluru. Ã¢â‚¬Å“When his family came to us, they were resolute about not opting for chemotherapy. I reassured them and spoke about the promise of precision medicine and customised cancer care. We sent his biopsy block for mutation analysis, and within a week, the results brought good news; he didnÃ¢â‚¬â„¢t need chemotherapy. Instead, he would respond to targeted therapy in the form of tablets,Ã¢â‚¬Â shared Dr Vijayakumar. This is the power of modern medicine, where solutions exist beyond what we could imagine even a decade ago. Today, this approach has become the standard of care for lung, breast, and prostate cancers. With every passing year, research introduces new molecules for different cancers, transforming cancer care. Cancer is no longer a death sentence. What is Precision Medicine? Ã¢â‚¬Å“Precision medicine is an innovative approach that tailors treatment to the unique genetic and molecular characteristics of a patientÃ¢â‚¬â„¢s cancer. Unlike conventional 'one-size-fits-all' treatments, which rely on generalised protocols, precision medicine identifies specific genetic mutations driving the disease to recommend the most effective therapies,Ã¢â‚¬Â said Dr Vijayakumar. According to the University of California- Davis Health (UC Davis), precision medicine considers individual variations in genetics, environments, and lifestyles to tailor treatments. This approach enables doctors to design therapies based on a comprehensive understanding of a patientÃ¢â‚¬â„¢s condition. For example, two patients with the same type of cancer like lung cancer may require compl"
Principle Health Systems Acquires Telos PGX: A Strategic Move to Advance Personalized Healthcare - PR Newswire,"ADDISON, Texas, Dec. 9, 2024 /PRNewswire/ -- Principle Health Systems, the leading mobile diagnostic provider for the long-term care community, is excited to announce its acquisition of Telos PGX, a pioneering force in pharmacogenetic testing. This strategic move will further accelerate Telos PGX's mission to revolutionize healthcare by providing personalized medication solutions. Telos PGX has rapidly gained recognition for its proprietary Telos PGX Program, specifically designed to support Skilled Nursing Facilities (SNFs) and enhance patient care. By leveraging advanced pharmacogenetic testing, Telos PGX empowers healthcare providers to make precise medication decisions, reducing adverse drug reactions and optimizing treatment plans. ""We are thrilled to join forces with Principle Health Systems,"" said D.J. Hart, Founder and CEO of Telos PGX. ""This transaction will provide us with the resources and expertise to scale our operations, accelerate innovation, and expand our reach. Together, we will transform the future of healthcare and improve the lives of countless patients."" D.J. Hart will continue to play a pivotal role in the organization as he joins the leadership team at Principle Health Systems as the Director of Pharmacogenetic Operations. His deep understanding of the challenges faced by SNFs and his commitment to driving positive change will be instrumental in shaping the future of personalized medicine. ""Telos PGX's innovative approach to pharmacogenetic testing aligns perfectly with our vision to deliver advanced healthcare solutions,"" said James Dieter, CEO at Principle Health Systems. ""By combining Principle's experience and resources with Telos's innovation, we will be able to accelerate the adoption of personalized medicine and improve patient outcomes."" About Telos PGX: Telos PGX is a leading provider of pharmacogenetic testing solutions in the LTC market. By analyzing an individual's genetic makeup, Telos PGX empowers healthcare providers to ",,PR Newswire,0,yes,https://www.prnewswire.com/news-releases/principle-health-systems-acquires-telos-pgx-a-strategic-move-to-advance-personalized-healthcare-302328072.html,,,2,1,Initial labelled,2125,Personalised Medicine,"Principle Health Systems Acquires Telos PGX: A Strategic Move to Advance Personalized Healthcare - PR Newswire ADDISON, Texas, Dec. 9, 2024 /PRNewswire/ -- Principle Health Systems, the leading mobile diagnostic provider for the long-term care community, is excited to announce its acquisition of Telos PGX, a pioneering force in pharmacogenetic testing. This strategic move will further accelerate Telos PGX's mission to revolutionize healthcare by providing personalized medication solutions. Telos PGX has rapidly gained recognition for its proprietary Telos PGX Program, specifically designed to support Skilled Nursing Facilities (SNFs) and enhance patient care. By leveraging advanced pharmacogenetic testing, Telos PGX empowers healthcare providers to make precise medication decisions, reducing adverse drug reactions and optimizing treatment plans. ""We are thrilled to join forces with Principle Health Systems,"" said D.J. Hart, Founder and CEO of Telos PGX. ""This transaction will provide us with the resources and expertise to scale our operations, accelerate innovation, and expand our reach. Together, we will transform the future of healthcare and improve the lives of countless patients."" D.J. Hart will continue to play a pivotal role in the organization as he joins the leadership team at Principle Health Systems as the Director of Pharmacogenetic Operations. His deep understanding of the challenges faced by SNFs and his commitment to driving positive change will be instrumental in shaping the future of personalized medicine. ""Telos PGX's innovative approach to pharmacogenetic testing aligns perfectly with our vision to deliver advanced healthcare solutions,"" said James Dieter, CEO at Principle Health Systems. ""By combining Principle's experience and resources with Telos's innovation, we will be able to accelerate the adoption of personalized medicine and improve patient outcomes."" About Telos PGX: Telos PGX is a leading provider of pharmacogenetic testing solutions in "
OASYS NOW turns Slush victory into action with clinical trial partnership - EU-Startups,"Fresh off its victory at the Slush 100 competition, where it secured a Ã¢â€šÂ¬1 million equity investment from General Catalyst and Cherry Ventures, Delft-based startup OASYS NOW has announced its partnership with Progress Clinical Research. The collaboration aims to accelerate patient recruitment for clinical drug trials in the Netherlands, leveraging OASYS NOWÃ¢â‚¬â„¢s AI to streamline the process and reduce barriers to life-saving treatments. OASYS NOW CEO Nima Salami reflected on the impact of the partnership: Ã¢â‚¬Å“Our collaboration with Progress Clinical Research is a significant step towards a future where personalised medicine is a reality for everyone. By streamlining clinical trials and accelerating research, weÃ¢â‚¬â„¢re paving the way for more targeted and effective treatments for a variety of diseases. We are confident that our collaboration with Progress Clinical Research will have a profound impact on the lives of patients and contribute to a future where diseases are no longer a threat.Ã¢â‚¬Â  OASYS NOW, a Delft-based AI and cybersecurity startup, specialises in healthcare and life sciences. Its AI-powered platform, ELaiGIBLE, is designed to further clinical trials by automating the identification of eligible patients from electronic health records. The technology extracts and categorises eligibility criteria from trial protocols, generating a prioritised list of candidates with matching scores and supporting documentation. This innovation reduces the time, cost, and inefficiencies of traditional patient recruitment processes, a critical bottleneck in clinical research. The partnership will see ELaiGIBLE integrated into Progress Clinical ResearchÃ¢â‚¬â„¢s operations, reportedly reducing screen failures by a significant amount and improve the success rates of clinal trials. Established in 2009 and operating trial sites in Amsterdam, Den Bosch, and Zwolle under the Brain Research Center brand, Progress Clinical Research focuses on central nervous system, cardiometaboli",,EU-Startups,0,yes,https://www.eu-startups.com/2024/12/oasys-now-turns-slush-victory-into-action-with-clinical-trial-partnership/,,,2,1,Initial labelled,2126,Personalised Medicine,"OASYS NOW turns Slush victory into action with clinical trial partnership - EU-Startups Fresh off its victory at the Slush 100 competition, where it secured a Ã¢â€šÂ¬1 million equity investment from General Catalyst and Cherry Ventures, Delft-based startup OASYS NOW has announced its partnership with Progress Clinical Research. The collaboration aims to accelerate patient recruitment for clinical drug trials in the Netherlands, leveraging OASYS NOWÃ¢â‚¬â„¢s AI to streamline the process and reduce barriers to life-saving treatments. OASYS NOW CEO Nima Salami reflected on the impact of the partnership: Ã¢â‚¬Å“Our collaboration with Progress Clinical Research is a significant step towards a future where personalised medicine is a reality for everyone. By streamlining clinical trials and accelerating research, weÃ¢â‚¬â„¢re paving the way for more targeted and effective treatments for a variety of diseases. We are confident that our collaboration with Progress Clinical Research will have a profound impact on the lives of patients and contribute to a future where diseases are no longer a threat.Ã¢â‚¬Â OASYS NOW, a Delft-based AI and cybersecurity startup, specialises in healthcare and life sciences. Its AI-powered platform, ELaiGIBLE, is designed to further clinical trials by automating the identification of eligible patients from electronic health records. The technology extracts and categorises eligibility criteria from trial protocols, generating a prioritised list of candidates with matching scores and supporting documentation. This innovation reduces the time, cost, and inefficiencies of traditional patient recruitment processes, a critical bottleneck in clinical research. The partnership will see ELaiGIBLE integrated into Progress Clinical ResearchÃ¢â‚¬â„¢s operations, reportedly reducing screen failures by a significant amount and improve the success rates of clinal trials. Established in 2009 and operating trial sites in Amsterdam, Den Bosch, and Zwolle under th"
New Future Medicines Institute backed by Ã‚Â£55 million funding - Open Access Government,"A substantial investment totalling Ã‚Â£55 million, made possible through funding from the Northern Ireland Executive alongside various consortium partners, is set to advance innovation within the critical field of precision medicine This initiative is spearheaded by the Strength in Places Fund, an arm of UK Research and Innovation, and is based at QueenÃ¢â‚¬â„¢s University Belfast (QUB). At the heart of this initiative is the Future Medicines Institute (FMI), which receives backing from a diverse coalition of leading medical companies. The FMI will enhance R&D productivity through interdisciplinary collaboration, integrating expertise from various fields, including biomedical science, chemical biology, and data analytics. To facilitate collaboration and innovation, the Future Medicines Institute will feature a state-of-the-art laboratory environment. Precision medicine The instituteÃ¢â‚¬â„¢s primary focus is precision medicine, a transformative approach to healthcare that aims to develop tailored treatments for individual patients. This methodology considers a range of patient-specific factors, including genetic makeup, environmental influences, lifestyle choices, and precise diagnostic information. Experts from the medical, academic, and industrial sectors will collaborate to propel advancements in precision medicine. These advancements include: Drug Discovery and Development : Exploring new compounds and therapies to tackle diseases more effectively. : Exploring new compounds and therapies to tackle diseases more effectively. Genomics and Precision Medicine : Harnessing the power of genetics to tailor treatments to individual patients. : Harnessing the power of genetics to tailor treatments to individual patients. Diagnostics and Biomarkers: Developing advanced diagnostic methods to identify diseases early and accurately. Advancing precision medicine in Northern Ireland and the wider UK This collaborative effort is designed not only to benefit Northern Ireland s",,Open Access Government,0,yes,https://www.openaccessgovernment.org/new-future-medicines-institute-backed-by-55-million-funding/186226/,,,2,1,Initial labelled,2127,Personalised Medicine,"New Future Medicines Institute backed by Ã‚Â£55 million funding - Open Access Government A substantial investment totalling Ã‚Â£55 million, made possible through funding from the Northern Ireland Executive alongside various consortium partners, is set to advance innovation within the critical field of precision medicine This initiative is spearheaded by the Strength in Places Fund, an arm of UK Research and Innovation, and is based at QueenÃ¢â‚¬â„¢s University Belfast (QUB). At the heart of this initiative is the Future Medicines Institute (FMI), which receives backing from a diverse coalition of leading medical companies. The FMI will enhance R&D productivity through interdisciplinary collaboration, integrating expertise from various fields, including biomedical science, chemical biology, and data analytics. To facilitate collaboration and innovation, the Future Medicines Institute will feature a state-of-the-art laboratory environment. Precision medicine The instituteÃ¢â‚¬â„¢s primary focus is precision medicine, a transformative approach to healthcare that aims to develop tailored treatments for individual patients. This methodology considers a range of patient-specific factors, including genetic makeup, environmental influences, lifestyle choices, and precise diagnostic information. Experts from the medical, academic, and industrial sectors will collaborate to propel advancements in precision medicine. These advancements include: Drug Discovery and Development : Exploring new compounds and therapies to tackle diseases more effectively. : Exploring new compounds and therapies to tackle diseases more effectively. Genomics and Precision Medicine : Harnessing the power of genetics to tailor treatments to individual patients. : Harnessing the power of genetics to tailor treatments to individual patients. Diagnostics and Biomarkers: Developing advanced diagnostic methods to identify diseases early and accurately. Advancing precision medicine in Northern Ireland and th"
EuropeÃ¢â‚¬â„¢s new Ã¢â€šÂ¬100m healthcare fund has strong longevity vibes - Longevity.Technology,"Spain-based fund targets challenges posed by aging populations and growth in chronic diseases and could grow to Ã¢â€šÂ¬150m. Madrid-based Buenavista Equity Partners has announced the initial Ã¢â€šÂ¬100 million closing of a significant new healthcare-focused fund. A joint initiative with Columbus Venture Partners, the BV Healthcare Growth Innvierte I fund leverages the complementary expertise of both firms in private equity, venture capital and healthcare investment, and has set its sights on a maximum size of Ã¢â€šÂ¬150 million, with continued fundraising efforts underway. Unlike yesterdayÃ¢â‚¬â„¢s emergence of the $40 million LongGame fund, BV Healthcare Growth Innvierte I is not exclusively focused on longevity Ã¢â‚¬â€œ there are however clear signs from the fundÃ¢â‚¬â„¢s leadership that aging and age-related diseases will be a top priority. Ã¢â‚¬Å“We aim to support companies that are addressing some of the main trends in todayÃ¢â‚¬â„¢s society, such as precision and personalised medicine, advanced therapies, the challenges from increased longevity and the presence of chronic diseases,Ã¢â‚¬Â said Nuria OsÃƒÂ©s, partner and head of healthcare strategy at Buenavista. Ã¢â‚¬Å“In addition to generating economic value, these companies are committed to having a positive impact on society, offering solutions that improve peopleÃ¢â‚¬â„¢s quality of life and well-being.Ã¢â‚¬Â Targeting innovative healthcare companies, particularly those with low scientific and technological risk and close to commercialisation, the fundÃ¢â‚¬â„¢s mission is to provide the capital, expertise and global networks necessary to accelerate the growth and scalability of these companies. Its stated focus areas include pharmaceuticals, biotech products, diagnostic solutions, precision medicine, medical equipment, AI-driven therapies, digital health solutions, industrial production scale-ups and scientific and healthcare services. Through investments in approximately 10 to 12 companies, primarily in Spain, the fund aims to fill a critical financing gap f",,Longevity.Technology,0,yes,https://longevity.technology/news/europes-new-e100m-healthcare-fund-has-strong-longevity-vibes/,,,3,1,Initial labelled,2128,Personalised Medicine,"EuropeÃ¢â‚¬â„¢s new Ã¢â€šÂ¬100m healthcare fund has strong longevity vibes - Longevity.Technology Spain-based fund targets challenges posed by aging populations and growth in chronic diseases and could grow to Ã¢â€šÂ¬150m. Madrid-based Buenavista Equity Partners has announced the initial Ã¢â€šÂ¬100 million closing of a significant new healthcare-focused fund. A joint initiative with Columbus Venture Partners, the BV Healthcare Growth Innvierte I fund leverages the complementary expertise of both firms in private equity, venture capital and healthcare investment, and has set its sights on a maximum size of Ã¢â€šÂ¬150 million, with continued fundraising efforts underway. Unlike yesterdayÃ¢â‚¬â„¢s emergence of the $40 million LongGame fund, BV Healthcare Growth Innvierte I is not exclusively focused on longevity Ã¢â‚¬â€œ there are however clear signs from the fundÃ¢â‚¬â„¢s leadership that aging and age-related diseases will be a top priority. Ã¢â‚¬Å“We aim to support companies that are addressing some of the main trends in todayÃ¢â‚¬â„¢s society, such as precision and personalised medicine, advanced therapies, the challenges from increased longevity and the presence of chronic diseases,Ã¢â‚¬Â said Nuria OsÃƒÂ©s, partner and head of healthcare strategy at Buenavista. Ã¢â‚¬Å“In addition to generating economic value, these companies are committed to having a positive impact on society, offering solutions that improve peopleÃ¢â‚¬â„¢s quality of life and well-being.Ã¢â‚¬Â Targeting innovative healthcare companies, particularly those with low scientific and technological risk and close to commercialisation, the fundÃ¢â‚¬â„¢s mission is to provide the capital, expertise and global networks necessary to accelerate the growth and scalability of these companies. Its stated focus areas include pharmaceuticals, biotech products, diagnostic solutions, precision medicine, medical equipment, AI-driven therapies, digital health solutions, industrial production scale-ups and scientif"
Malaysia on track to become global medtech hub with strong policies Ã¢â‚¬â€ Zafrul - The Edge Malaysia,"KUALA LUMPUR (Dec 10): Malaysia is on track to becoming a global medical technology (medtech) hub with the nation's strong policies in attracting and executing the right investments, including the New Industrial Master Plan 2030 (NIMP 2030), said Investment, Trade and Industry Minister Tengku Datuk Seri Zafrul Abdul Aziz. Tengku Zafrul said the ministry will continue with the industrial reforms to ensure the resilience and sustainability of Malaysia's medtech growth to realise this ambitious vision. ""Strengthening MalaysiaÃ¢â‚¬â„¢s position as a medtech hub, as provided for by the NIMP 2030, is not just a strategy. ""It is also MalaysiaÃ¢â‚¬â„¢s commitment to safeguarding lives, contributing to AseanÃ¢â‚¬â„¢s growth, as well as supporting the global health and wellness sector,"" he said during the keynote speech at the International Medical Device Exhibition and Conference in conjunction with Malaysia Hosting the 28th Annual Meeting of the Global Harmonisation Working Party here on Tuesday. He also invited stakeholders to join the ministry in this transformative journey. Tengku Zafrul emphasised that medtech plays an important role in enhancing healthcare delivery, improving patient outcomes, and driving economic development, and therefore, medtech is clearly an industry that transcends borders in addressing global health challenges. The global medical devices market size was valued at more than US$518 billion (RM2.29 trillion) in 2023, and it is projected to grow from US$542 billion in 2024 to almost US$887 billion by 2032, representing a compound annual growth rate of 6.3% during the period. The minister also pointed out that MalaysiaÃ¢â‚¬â„¢s medtech industry is well-supported by the right policies to grow sustainably through NIMP 2030. For the medtech sector, he said the ministry wanted industries to focus on personalised medicine, digital health, and medical robotics to drive economic complexity, efficiency and value-added growth. He called for industries to embrace Industr",,The Edge Malaysia,0,yes,https://theedgemalaysia.com/node/737215,,,4,1,Initial labelled,2129,Personalised Medicine,"Malaysia on track to become global medtech hub with strong policies Ã¢â‚¬â€ Zafrul - The Edge Malaysia KUALA LUMPUR (Dec 10): Malaysia is on track to becoming a global medical technology (medtech) hub with the nation's strong policies in attracting and executing the right investments, including the New Industrial Master Plan 2030 (NIMP 2030), said Investment, Trade and Industry Minister Tengku Datuk Seri Zafrul Abdul Aziz. Tengku Zafrul said the ministry will continue with the industrial reforms to ensure the resilience and sustainability of Malaysia's medtech growth to realise this ambitious vision. ""Strengthening MalaysiaÃ¢â‚¬â„¢s position as a medtech hub, as provided for by the NIMP 2030, is not just a strategy. ""It is also MalaysiaÃ¢â‚¬â„¢s commitment to safeguarding lives, contributing to AseanÃ¢â‚¬â„¢s growth, as well as supporting the global health and wellness sector,"" he said during the keynote speech at the International Medical Device Exhibition and Conference in conjunction with Malaysia Hosting the 28th Annual Meeting of the Global Harmonisation Working Party here on Tuesday. He also invited stakeholders to join the ministry in this transformative journey. Tengku Zafrul emphasised that medtech plays an important role in enhancing healthcare delivery, improving patient outcomes, and driving economic development, and therefore, medtech is clearly an industry that transcends borders in addressing global health challenges. The global medical devices market size was valued at more than US$518 billion (RM2.29 trillion) in 2023, and it is projected to grow from US$542 billion in 2024 to almost US$887 billion by 2032, representing a compound annual growth rate of 6.3% during the period. The minister also pointed out that MalaysiaÃ¢â‚¬â„¢s medtech industry is well-supported by the right policies to grow sustainably through NIMP 2030. For the medtech sector, he said the ministry wanted industries to focus on personalised medicine, digital health, and medical ro"
"Starlink, nu ÃƒÂ®n medicinÃ„Æ’? PosibilitÃ„Æ’Ãˆâ€ºi revoluÃˆâ€ºionare ÃƒÂ®n faÃˆâ€ºÃ„Æ’! - OiNegro","In recent months, whispers about Ã¢â‚¬Å“Starlink drugsÃ¢â‚¬Â have emerged, sparking curiosity and speculation globally. While Elon MuskÃ¢â‚¬â„¢s Starlink primarily aims to provide high-speed internet connectivity worldwide, researchers and tech enthusiasts envision intriguing potential applications in the world of pharmaceuticals and medicine. This groundbreaking concept leverages StarlinkÃ¢â‚¬â„¢s extensive satellite network to revolutionise drug distribution and development. Imagine a future where remote areas, currently underserved by traditional medical infrastructures, receive timely access to essential medications via a global satellite grid. With StarlinkÃ¢â‚¬â„¢s robust connectivity, pharmaceutical companies could seamlessly manage and deliver treatments or vaccinations to far-flung and isolated regions, ensuring equitable healthcare access. Moreover, continuous connectivity provided by these satellites could enable real-time data sharing among researchers worldwide. This interconnectedness might expedite drug research, with scientists collaborating across borders without the usual delays caused by limited or unreliable internet access. Such acceleration in innovation could usher in a new age of precision medicine and personalised treatments. However, the integration of internet satellite systems in the pharmaceutical sector poses potential challenges. Concerns about data privacy, the regulatory landscape, and technological vulnerability could emerge, demanding comprehensive strategies to mitigate risks. In conclusion, while still largely speculative, the concept of Starlink drugs illustrates a fascinating intersection of technology and medicine, where the key to future medical breakthroughs may lie in the unseen web of satellites above. As discussions progress, the world waits to see how this novel concept might reshape the landscape of modern healthcare. StarlinkÃ¢â‚¬â„¢s Next Frontier: Transforming Drug Delivery and Healthcare In recent discussions, the fascinating concept of",,OiNegro,0,yes,https://oinegro.com.br/uk/uncategorized-en/starlink-nu-in-medicina-posibilitati-revolutionare-in-fata/27532/,,,4,1,Initial labelled,2130,WGS Detection,"Starlink, nu ÃƒÂ®n medicinÃ„Æ’? PosibilitÃ„Æ’Ãˆâ€ºi revoluÃˆâ€ºionare ÃƒÂ®n faÃˆâ€ºÃ„Æ’! - OiNegro In recent months, whispers about Ã¢â‚¬Å“Starlink drugsÃ¢â‚¬Â have emerged, sparking curiosity and speculation globally. While Elon MuskÃ¢â‚¬â„¢s Starlink primarily aims to provide high-speed internet connectivity worldwide, researchers and tech enthusiasts envision intriguing potential applications in the world of pharmaceuticals and medicine. This groundbreaking concept leverages StarlinkÃ¢â‚¬â„¢s extensive satellite network to revolutionise drug distribution and development. Imagine a future where remote areas, currently underserved by traditional medical infrastructures, receive timely access to essential medications via a global satellite grid. With StarlinkÃ¢â‚¬â„¢s robust connectivity, pharmaceutical companies could seamlessly manage and deliver treatments or vaccinations to far-flung and isolated regions, ensuring equitable healthcare access. Moreover, continuous connectivity provided by these satellites could enable real-time data sharing among researchers worldwide. This interconnectedness might expedite drug research, with scientists collaborating across borders without the usual delays caused by limited or unreliable internet access. Such acceleration in innovation could usher in a new age of precision medicine and personalised treatments. However, the integration of internet satellite systems in the pharmaceutical sector poses potential challenges. Concerns about data privacy, the regulatory landscape, and technological vulnerability could emerge, demanding comprehensive strategies to mitigate risks. In conclusion, while still largely speculative, the concept of Starlink drugs illustrates a fascinating intersection of technology and medicine, where the key to future medical breakthroughs may lie in the unseen web of satellites above. As discussions progress, the world waits to see how this novel concept might reshape the landscape of modern healthcare. Sta"
The Growing Case for Whole-Genome Sequencing in All Blood Cancers - Illumina,NGS Workflow Finder Take the guesswork out of your next workflow. Get recommendations and resources so you can sequence with confidence.,,Illumina,0,yes,https://www.illumina.com/company/about-us/corporate-social-responsibility/news-feed.html?mid=1281781,,,1,1,Initial labelled,2131,Non-invasive prenatal test,The Growing Case for Whole-Genome Sequencing in All Blood Cancers - Illumina NGS Workflow Finder Take the guesswork out of your next workflow. Get recommendations and resources so you can sequence with confidence.
Prenatal Vitamins Market Industry Dynamics and Contributions - openPR,"Prenatal Vitamins Market Industry Dynamics and Contributions by Rainbow Light, Country Life, Metagenics, Nutramark, Garden of Life, Pharmavite, Twinlab Prenatal Vitamins Market https://www.statsndata.org/download-sample.php?id=14779 https://www.statsndata.org/ask-for-discount.php?id=14779 https://www.statsndata.org/request-customization.php?id=14779 https://www.statsndata.org/report/prenatal-vitamins-market-14779 https://www.statsndata.org/report/pet-genetic-testing-service-market-54264 https://www.statsndata.org/report/government-procurement-software-market-117980 https://www.statsndata.org/report/welded-wire-mesh-panel-market-170515 https://www.statsndata.org/report/medical-rubber-band-market-89925 https://www.statsndata.org/report/investment-portfolio-management-software-market-92583 www.statsndata.org Ã°ÂÂÅ’Ã°ÂÂÅ¡Ã°ÂÂÂ«Ã°ÂÂÂ¤Ã°ÂÂÅ¾Ã°ÂÂÂ­ Ã°ÂÂÅ½Ã°ÂÂÂ¯Ã°ÂÂÅ¾Ã°ÂÂÂ«Ã°ÂÂÂ¯Ã°ÂÂÂ¢Ã°ÂÂÅ¾Ã°ÂÂÂ° Ã°ÂÂÅ¡Ã°ÂÂÂ§Ã°ÂÂÂ Ã°ÂÂâ€˜Ã°ÂÂÅ¾Ã°ÂÂÅ“Ã°ÂÂÅ¾Ã°ÂÂÂ§Ã°ÂÂÂ­ Ã°ÂÂÆ’Ã°ÂÂÅ¾Ã°ÂÂÂ¯Ã°ÂÂÅ¾Ã°ÂÂÂ¥Ã°ÂÂÂ¨Ã°ÂÂÂ©Ã°ÂÂÂ¦Ã°ÂÂÅ¾Ã°ÂÂÂ§Ã°ÂÂÂ­Ã°ÂÂÂ¬The Prenatal Vitamins Market is an essential component of maternal health, significantly impacting both mothers and their developing babies. These vitamins are specifically formulated to meet the nutritional needs of pregnant women, providing essential nutrients such as folic acid, iron, calcium, and DHA. The relevance of this market cannot be overstated, as prenatal vitamins play a critical role in preventing birth defects, promoting fetal development, and ensuring maternal health during pregnancy.In recent years, the Prenatal Vitamins Market has experienced dynamic growth, driven by several factors including increased awareness about maternal health, technological advancements in product formulation, and strategic collaborations among key players. The emergence of digital platforms and e-commerce has also transformed the way consumers access prenatal vitamins, enabling them to make informed choices based on their health needs.Moreover, the ongoing global health crises have intensified the focus on preventive h",,openPR,0,yes,https://www.openpr.com/news/3787332/prenatal-vitamins-market-industry-dynamics-and-contributions,,,1,1,Initial labelled,2132,Non-invasive prenatal test,"Prenatal Vitamins Market Industry Dynamics and Contributions - openPR Prenatal Vitamins Market Industry Dynamics and Contributions by Rainbow Light, Country Life, Metagenics, Nutramark, Garden of Life, Pharmavite, Twinlab Prenatal Vitamins Market https://www.statsndata.org/download-sample.php?id=14779 https://www.statsndata.org/ask-for-discount.php?id=14779 https://www.statsndata.org/request-customization.php?id=14779 https://www.statsndata.org/report/prenatal-vitamins-market-14779 https://www.statsndata.org/report/pet-genetic-testing-service-market-54264 https://www.statsndata.org/report/government-procurement-software-market-117980 https://www.statsndata.org/report/welded-wire-mesh-panel-market-170515 https://www.statsndata.org/report/medical-rubber-band-market-89925 https://www.statsndata.org/report/investment-portfolio-management-software-market-92583 www.statsndata.org Ã°ÂÂÅ’Ã°ÂÂÅ¡Ã°ÂÂÂ«Ã°ÂÂÂ¤Ã°ÂÂÅ¾Ã°ÂÂÂ­ Ã°ÂÂÅ½Ã°ÂÂÂ¯Ã°ÂÂÅ¾Ã°ÂÂÂ«Ã°ÂÂÂ¯Ã°ÂÂÂ¢Ã°ÂÂÅ¾Ã°ÂÂÂ° Ã°ÂÂÅ¡Ã°ÂÂÂ§Ã°ÂÂÂ Ã°ÂÂâ€˜Ã°ÂÂÅ¾Ã°ÂÂÅ“Ã°ÂÂÅ¾Ã°ÂÂÂ§Ã°ÂÂÂ­ Ã°ÂÂÆ’Ã°ÂÂÅ¾Ã°ÂÂÂ¯Ã°ÂÂÅ¾Ã°ÂÂÂ¥Ã°ÂÂÂ¨Ã°ÂÂÂ©Ã°ÂÂÂ¦Ã°ÂÂÅ¾Ã°ÂÂÂ§Ã°ÂÂÂ­Ã°ÂÂÂ¬The Prenatal Vitamins Market is an essential component of maternal health, significantly impacting both mothers and their developing babies. These vitamins are specifically formulated to meet the nutritional needs of pregnant women, providing essential nutrients such as folic acid, iron, calcium, and DHA. The relevance of this market cannot be overstated, as prenatal vitamins play a critical role in preventing birth defects, promoting fetal development, and ensuring maternal health during pregnancy.In recent years, the Prenatal Vitamins Market has experienced dynamic growth, driven by several factors including increased awareness about maternal health, technological advancements in product formulation, and strategic collaborations among key players. The emergence of digital platforms and e-commerce has also transform"
DownÃ¢â‚¬â„¢s syndrome births drop 30% in hospitals where new screening tests rolled out - Right To Life UK,"Figures published today show that the number of babies born with DownÃ¢â‚¬â„¢s syndrome has dropped by 30% in NHS hospitals that have introduced new non-invasive prenatal tests. The figures, released as a result of a number of Freedom of Information requests, show that among the 26 hospitals that provided the tests, there was a change in the birthrate for babies with DownÃ¢â‚¬â„¢s syndrome from 1 in 956 births in 2013 to 1 in 1,368 in 2017. DownÃ¢â‚¬â„¢s syndrome advocates are calling on the Government to halt the roll-out of the new tests and undertake an inquiry into the impact that the tests are having on the birth numbers of babies with DownÃ¢â‚¬â„¢s syndrome. The Department of Health has previously admitted that no assessment was made of the impact that the roll-out of the new tests will have on the lives of people with DownÃ¢â‚¬â„¢s syndrome. Collete Lloyd, whose daughter Katie, 22, has DownÃ¢â‚¬â„¢s syndrome obtained the figures. She told The Times that she would struggle to explain to her daughter how the tests could be justified, saying: Ã¢â‚¬Å“How would I tell her, Ã¢â‚¬ËœWe have a test so that women can make a choice of whether they want to keep a baby like you or notÃ¢â‚¬â„¢? It is not a pro-choice or pro-life thing at all. It is the woman saying: Ã¢â‚¬ËœI want a baby but I donÃ¢â‚¬â„¢t want a baby like that.Ã¢â‚¬â„¢Ã¢â‚¬Â Only four babies were born in Oxfordshire this year with the condition compared with 12 in 2015. The release of the figures comes as a recent report revealed that pregnant mothers who refuse to abort their children with DownÃ¢â‚¬â„¢s syndrome are being pressured by some medical professionals to change their decision. One mother, whose child is now three-years-old, said medical professionals told her they could leave her baby with DownÃ¢â‚¬â„¢s syndrome to die if it was struggling after birth. Another mum told how even at 38 weeks pregnant she was being offered an abortion. Currently, abortion for disabilities including DownÃ¢â‚¬â„¢s syndrome, cleft lip and club foot is legal right through to birth in",,Right To Life UK,0,yes,https://righttolife.org.uk/news/downs-syndrome-births-drop-30-in-hospitals-where-new-screening-tests-rolled-out,,,1,1,Initial labelled,2133,Non-invasive prenatal test,"DownÃ¢â‚¬â„¢s syndrome births drop 30% in hospitals where new screening tests rolled out - Right To Life UK Figures published today show that the number of babies born with DownÃ¢â‚¬â„¢s syndrome has dropped by 30% in NHS hospitals that have introduced new non-invasive prenatal tests. The figures, released as a result of a number of Freedom of Information requests, show that among the 26 hospitals that provided the tests, there was a change in the birthrate for babies with DownÃ¢â‚¬â„¢s syndrome from 1 in 956 births in 2013 to 1 in 1,368 in 2017. DownÃ¢â‚¬â„¢s syndrome advocates are calling on the Government to halt the roll-out of the new tests and undertake an inquiry into the impact that the tests are having on the birth numbers of babies with DownÃ¢â‚¬â„¢s syndrome. The Department of Health has previously admitted that no assessment was made of the impact that the roll-out of the new tests will have on the lives of people with DownÃ¢â‚¬â„¢s syndrome. Collete Lloyd, whose daughter Katie, 22, has DownÃ¢â‚¬â„¢s syndrome obtained the figures. She told The Times that she would struggle to explain to her daughter how the tests could be justified, saying: Ã¢â‚¬Å“How would I tell her, Ã¢â‚¬ËœWe have a test so that women can make a choice of whether they want to keep a baby like you or notÃ¢â‚¬â„¢? It is not a pro-choice or pro-life thing at all. It is the woman saying: Ã¢â‚¬ËœI want a baby but I donÃ¢â‚¬â„¢t want a baby like that.Ã¢â‚¬â„¢Ã¢â‚¬Â Only four babies were born in Oxfordshire this year with the condition compared with 12 in 2015. The release of the figures comes as a recent report revealed that pregnant mothers who refuse to abort their children with DownÃ¢â‚¬â„¢s syndrome are being pressured by some medical professionals to change their decision. One mother, whose child is now three-years-old, said medical professionals told her they could leave her baby with DownÃ¢â‚¬â„¢s syndrome to die if it was struggling after birth. Another mum told how even at 38 week"
Gypsy Rose Blanchard Returns To Social Media For Huge Announcement - TV Shows Ace,"Gypsy Rose Blanchard has returned to social media for a huge announcement. She previously stated that she was done with social media and would only have a private page. Now, she is back but what is she sharing? Keep reading for further details. Gypsy Rose Blanchard Returns To Social Media Since her December 2023 release from prison, Gypsy Rose Blanchard did quite well on social media. She shared her life and her feelings. Yet, as shown on her reality show, she was asked to disable some of it by her parole officer. That caused major tension between her and her now ex-husband, Ryan Scott Anderson as he felt it was a great source of income. He did not see the point in her stopping but she cared more about her safety than being online. Eventually, Gypsy kept her social media afloat and went on to share the biggest moments of her life. She shared the sonograms of her first baby girl with her boyfriend, Ken Urker. There were also date nights and then, she shared they underwent a paternity test. Since Gypsy was still married to Ryan but pregnant by Ken, her estranged husbandÃ¢â‚¬â„¢s name would go on the birth certificate. So, they did a NIPP (non-invasive prenatal paternity test). It confirmed Ken was the father yet some did not believe her so she shared the paperwork on her Instagram and then opted to shut it down. Now, she is back with a huge announcement. Her second book is officially out. View this post on Instagram A post shared by Gypsy-Rose Blanchard (@gypsyrose.ig) My Time to Stand: A Memoir has been released and Gypsy Rose Blanchard could not wait to share the big news. She added the details as to where followers could purchase the book, both standard and autographed. Finally, the mother-to-be thanked her publishers for the opportunity to share her story. One person commented that they were listening to her audiobook at the moment. However, there were no other comments so itÃ¢â‚¬â„¢s unclear if Gypsy limited the comments. A New Chapter Gypsy Rose Blanchard has a lot",,TV Shows Ace,0,yes,https://tvshowsace.com/2024/12/10/gypsy-rose-blanchard-returns-to-social-media-for-huge-announcement/,,,1,1,Initial labelled,2134,Early diagnosis,"Gypsy Rose Blanchard Returns To Social Media For Huge Announcement - TV Shows Ace Gypsy Rose Blanchard has returned to social media for a huge announcement. She previously stated that she was done with social media and would only have a private page. Now, she is back but what is she sharing? Keep reading for further details. Gypsy Rose Blanchard Returns To Social Media Since her December 2023 release from prison, Gypsy Rose Blanchard did quite well on social media. She shared her life and her feelings. Yet, as shown on her reality show, she was asked to disable some of it by her parole officer. That caused major tension between her and her now ex-husband, Ryan Scott Anderson as he felt it was a great source of income. He did not see the point in her stopping but she cared more about her safety than being online. Eventually, Gypsy kept her social media afloat and went on to share the biggest moments of her life. She shared the sonograms of her first baby girl with her boyfriend, Ken Urker. There were also date nights and then, she shared they underwent a paternity test. Since Gypsy was still married to Ryan but pregnant by Ken, her estranged husbandÃ¢â‚¬â„¢s name would go on the birth certificate. So, they did a NIPP (non-invasive prenatal paternity test). It confirmed Ken was the father yet some did not believe her so she shared the paperwork on her Instagram and then opted to shut it down. Now, she is back with a huge announcement. Her second book is officially out. View this post on Instagram A post shared by Gypsy-Rose Blanchard (@gypsyrose.ig) My Time to Stand: A Memoir has been released and Gypsy Rose Blanchard could not wait to share the big news. She added the details as to where followers could purchase the book, both standard and autographed. Finally, the mother-to-be thanked her publishers for the opportunity to share her story. One person commented that they were listening to her audiobook at the moment. However, there were no other comments so itÃ¢â‚¬â„¢"
Radiological features of basal ganglia germinoma: a case report and early-stage alerts - Frontiers,"Basal ganglia germinomas are uncommon neoplasms. Basal ganglia germinomas exhibit high sensitivity to both radiation therapy and chemotherapy. In contrast, surgery is the standard treatment for most primary brain tumors (such as gliomas, which are the most common tumors in the pediatric basal ganglia region). A 21-year-old male patient was admitted to our hospital because of unexplained right-sided hemiparesis for two years. Biomarkers indicating germ cell tumors are typically negative. On the initial MRI, the abnormalities were nonspecific, causing no suspicion of a tumor. Therefore, the patient did not receive an earlier diagnosis or treatment. His brain MRI revealed a mass with more apparent features one year later. Based on the imaging characteristics of conventional and advanced MR images, the preoperative radiological diagnosis was highly likely to reveal germinomas. The patient then underwent a biopsy and received appropriate treatment. Despite treatment, his symptoms only partially improved. Accurate preoperative diagnosis is crucial for ensuring that patients receive appropriate treatment and to help avoid more invasive surgery. Additionally, early identification of germinomas is also important for improving long-term patient outcomes and preventing tumor spread due to delayed diagnosis. Therefore, we aim to review and report this case to assist radiologists in recognizing and becoming familiar with the early imaging signs of basal ganglia germinoma. Introduction Intracranial germ cell tumors (GCT) are uncommon neoplasms (accounting for 1-2% of all primary brain tumors), of which germinomas are the most common histological type. Intracranial germinomas have a distinct predilection for midline structures (1, 2). They are mostly found in the pineal region, followed by the suprasellar region. In rare cases, it may occur in the basal ganglia region, accounting for 5-10% of all intracranial germinomas (2, 3). It usually occurs in male adolescents in the second",,Frontiers,0,yes,https://www.frontiersin.org/articles/10.3389/fonc.2024.1387813,,,1,1,Initial labelled,2135,Early diagnosis,"Radiological features of basal ganglia germinoma: a case report and early-stage alerts - Frontiers Basal ganglia germinomas are uncommon neoplasms. Basal ganglia germinomas exhibit high sensitivity to both radiation therapy and chemotherapy. In contrast, surgery is the standard treatment for most primary brain tumors (such as gliomas, which are the most common tumors in the pediatric basal ganglia region). A 21-year-old male patient was admitted to our hospital because of unexplained right-sided hemiparesis for two years. Biomarkers indicating germ cell tumors are typically negative. On the initial MRI, the abnormalities were nonspecific, causing no suspicion of a tumor. Therefore, the patient did not receive an earlier diagnosis or treatment. His brain MRI revealed a mass with more apparent features one year later. Based on the imaging characteristics of conventional and advanced MR images, the preoperative radiological diagnosis was highly likely to reveal germinomas. The patient then underwent a biopsy and received appropriate treatment. Despite treatment, his symptoms only partially improved. Accurate preoperative diagnosis is crucial for ensuring that patients receive appropriate treatment and to help avoid more invasive surgery. Additionally, early identification of germinomas is also important for improving long-term patient outcomes and preventing tumor spread due to delayed diagnosis. Therefore, we aim to review and report this case to assist radiologists in recognizing and becoming familiar with the early imaging signs of basal ganglia germinoma. Introduction Intracranial germ cell tumors (GCT) are uncommon neoplasms (accounting for 1-2% of all primary brain tumors), of which germinomas are the most common histological type. Intracranial germinomas have a distinct predilection for midline structures (1, 2). They are mostly found in the pineal region, followed by the suprasellar region. In rare cases, it may occur in the basal ganglia region, accounting for"
Montell Jordan Beat Prostate Cancer With Early Detection & Faith in God - TMZ,"This Is How We Do It!!! Play video content TMZ.com Montell Jordan just celebrated his 56th birthday, but he says the greatest gift is being alive ... after conquering a prostate cancer diagnosis earlier this year!!! The ""This Is How We Do It"" singer tells TMZ Hip Hop his 2024 started off rocky, but he underwent a prostatectomy surgery about six weeks ago and says it was the early detection and proactive doctors who saved his life!!! Waiting for your permission to load the Instagram Media. His prostate is gone but not his faith ... Montell credits his relationship with God for getting him out of the mud. As a pastor himself, he wants his personal testimony to inspire others to pursue early screenings -- and he can show them better than he can tell them!!! Montell tells us he's currently working on a documentary to knock down the stigmas revolving around health screenings, in addition to working on a Christmas project. He's healthy and rejuvenated!!!",,TMZ,0,yes,https://www.tmz.com/2024/12/17/montell-jordan-beat-prostate-cancer-early-detection-faith-in-god/,,,2,1,Initial labelled,2136,Early diagnosis,"Montell Jordan Beat Prostate Cancer With Early Detection & Faith in God - TMZ This Is How We Do It!!! Play video content TMZ.com Montell Jordan just celebrated his 56th birthday, but he says the greatest gift is being alive ... after conquering a prostate cancer diagnosis earlier this year!!! The ""This Is How We Do It"" singer tells TMZ Hip Hop his 2024 started off rocky, but he underwent a prostatectomy surgery about six weeks ago and says it was the early detection and proactive doctors who saved his life!!! Waiting for your permission to load the Instagram Media. His prostate is gone but not his faith ... Montell credits his relationship with God for getting him out of the mud. As a pastor himself, he wants his personal testimony to inspire others to pursue early screenings -- and he can show them better than he can tell them!!! Montell tells us he's currently working on a documentary to knock down the stigmas revolving around health screenings, in addition to working on a Christmas project. He's healthy and rejuvenated!!!"
Racial Disparities Identified for Time to Diagnosis of Huntington Disease - Psychiatry Advisor,"HealthDay News Ã¢â‚¬â€ Black individuals are diagnosed with Huntington disease (HD) at least one year later than White individuals, according to a study published online June 21 in Neurology: Clinical Practice. Adys Mendizabal, M.D., from the University of California, Los Angeles, and colleagues examined sociodemographic factors associated with disparities in time from symptom onset to time to diagnosis (TTD) of HD using the global clinical research platform ENROLL-HD periodic data set 5 for gene-positive individuals (CAG repeats 36+) in the North America region. The analyses included 4,717 gene-positive participants: 89.5, 3.4, and 2.3 percent identified as White, Hispanic or Latino, and African American/Black, respectively. The researchers found that the average TTD was 3.78 years. Black participants were diagnosed with HD one year later than White participants after adjustment for clinical and sociodemographic variables. Psychiatric symptoms as initial HD symptom, unemployment during baseline ENROLL visit, and higher educational attainment were additional factors associated with later diagnosis. Similar findings were seen in sensitivity analysis of gene-positive participants with a total motor score of 10 or higher and for those with 40+ CAG repeats. Ã¢â‚¬Å“To improve early disease identification and diagnosis, we must understand the barriers to an early diagnosis and access to specialized HD care for minority groups,Ã¢â‚¬Â the authors write. One author disclosed ties to Neurocrine Biosciences. Abstract/Full Text",,Psychiatry Advisor,0,yes,https://www.psychiatryadvisor.com/news/racial-disparities-identified-for-time-to-diagnosis-of-huntington-disease/,,,2,1,Initial labelled,2137,Early diagnosis,"Racial Disparities Identified for Time to Diagnosis of Huntington Disease - Psychiatry Advisor HealthDay News Ã¢â‚¬â€ Black individuals are diagnosed with Huntington disease (HD) at least one year later than White individuals, according to a study published online June 21 in Neurology: Clinical Practice. Adys Mendizabal, M.D., from the University of California, Los Angeles, and colleagues examined sociodemographic factors associated with disparities in time from symptom onset to time to diagnosis (TTD) of HD using the global clinical research platform ENROLL-HD periodic data set 5 for gene-positive individuals (CAG repeats 36+) in the North America region. The analyses included 4,717 gene-positive participants: 89.5, 3.4, and 2.3 percent identified as White, Hispanic or Latino, and African American/Black, respectively. The researchers found that the average TTD was 3.78 years. Black participants were diagnosed with HD one year later than White participants after adjustment for clinical and sociodemographic variables. Psychiatric symptoms as initial HD symptom, unemployment during baseline ENROLL visit, and higher educational attainment were additional factors associated with later diagnosis. Similar findings were seen in sensitivity analysis of gene-positive participants with a total motor score of 10 or higher and for those with 40+ CAG repeats. Ã¢â‚¬Å“To improve early disease identification and diagnosis, we must understand the barriers to an early diagnosis and access to specialized HD care for minority groups,Ã¢â‚¬Â the authors write. One author disclosed ties to Neurocrine Biosciences. Abstract/Full Text"
Doctor who diagnosed his own AlzheimerÃ¢â‚¬â„¢s advises to NEVER ignore these warning signs - The Times of India,"(Image: Canva) Initial symptoms and signs Dr Gibbs' personal experience  Early symptoms Prevention Treatment  Medications: Cholinesterase inhibitors: Immunotherapy drugs: Antidepressants, antipsychotics, and anti-anxiety drugs: Alzheimer's is a progressive neurological disorder that mostly affects elderly people, often resulting in memory loss, mood issues, and personality changes. But the recent evidence has suggested that the disease could have very early symptoms decades before the actual diagnosis. Early detection can delay progression of the disease and improve the quality of the patient to a great extent.Alzheimer's disease is not inherited in most cases, but it can be influenced by genetics, lifestyle, and environmental factors. In most cases, Alzheimer's disease is not caused by a single gene, but rather a combination of genes. However, in some families, Alzheimer's disease is caused by a single gene mutation that is passed down through generations. This is called early-onset familial Alzheimer's disease (EOFAD) and symptoms usually appear before age 65.Dr Daniel Gibbs from Portland, Oregon USA who diagnosed himself with Alzheimer's shared the warning signs to look out for with Daily Mail.Dr Gibbs started to lose his sense of smell at the age of 55 and he mentioned that this was the first symptom that made him understand that Alzheimer's is around the corner. The doctor is now 74 years old and after his diagnosis a couple of years back, he witnessed a gradual decline in his memory, and other symptoms denoting this form of dementia prevailed more.To reduce the impact and speed of Alzheimer's, Dr Gibbs introduced lifestyle changes like exercise, dietary changes, Tai Chi among other things. He said the lifestyle changes he made reduced the impact by 20%. He shared how these changes slowed down disease's progression.Though Dr Gibbs lost his sense of smell, but certainly not his sense of humour. On a lighter note, he added that now it's easier for him",,The Times of India,0,yes,https://timesofindia.indiatimes.com/life-style/health-fitness/health-news/doctor-who-diagnosed-his-own-alzheimers-advises-to-never-ignore-these-warning-signs/articleshow/116260867.cms,,,2,1,Initial labelled,2138,Early diagnosis,"Doctor who diagnosed his own AlzheimerÃ¢â‚¬â„¢s advises to NEVER ignore these warning signs - The Times of India (Image: Canva) Initial symptoms and signs Dr Gibbs' personal experience Early symptoms Prevention Treatment Medications: Cholinesterase inhibitors: Immunotherapy drugs: Antidepressants, antipsychotics, and anti-anxiety drugs: Alzheimer's is a progressive neurological disorder that mostly affects elderly people, often resulting in memory loss, mood issues, and personality changes. But the recent evidence has suggested that the disease could have very early symptoms decades before the actual diagnosis. Early detection can delay progression of the disease and improve the quality of the patient to a great extent.Alzheimer's disease is not inherited in most cases, but it can be influenced by genetics, lifestyle, and environmental factors. In most cases, Alzheimer's disease is not caused by a single gene, but rather a combination of genes. However, in some families, Alzheimer's disease is caused by a single gene mutation that is passed down through generations. This is called early-onset familial Alzheimer's disease (EOFAD) and symptoms usually appear before age 65.Dr Daniel Gibbs from Portland, Oregon USA who diagnosed himself with Alzheimer's shared the warning signs to look out for with Daily Mail.Dr Gibbs started to lose his sense of smell at the age of 55 and he mentioned that this was the first symptom that made him understand that Alzheimer's is around the corner. The doctor is now 74 years old and after his diagnosis a couple of years back, he witnessed a gradual decline in his memory, and other symptoms denoting this form of dementia prevailed more.To reduce the impact and speed of Alzheimer's, Dr Gibbs introduced lifestyle changes like exercise, dietary changes, Tai Chi among other things. He said the lifestyle changes he made reduced the impact by 20%. He shared how these changes slowed down disease's progression.Though Dr Gibbs lost his sense of s"
Blood testing for AlzheimerÃ¢â‚¬â„¢s could be game changer in early diagnosis - WSOC Charlotte,"WeÃ¢â‚¬â„¢re Sorry! This website is unavailable in your location. Error 451 It appears you are attempting to access this website from a country outside of the United States, therefore access cannot be granted at this time.",,WSOC Charlotte,0,yes,https://www.wsoctv.com/news/blood-testing-alzheimers-could-be-game-changer-early-diagnosis/b597ccd9-409a-4800-b019-b97f806a4467/,,,2,1,Initial labelled,2139,Early diagnosis,"Blood testing for AlzheimerÃ¢â‚¬â„¢s could be game changer in early diagnosis - WSOC Charlotte WeÃ¢â‚¬â„¢re Sorry! This website is unavailable in your location. Error 451 It appears you are attempting to access this website from a country outside of the United States, therefore access cannot be granted at this time."
BBC's Matt Baker opens up about his dyslexia diagnosis and its impact on his TV career - MSN,,,MSN,0,yes,http://www.msn.com/en-gb/health/other/bbcs-matt-baker-opens-up-about-his-dyslexia-diagnosis-and-its-impact-on-his-tv-career/ar-AA1vB9Vf?apiversion=v2&noservercache=1&domshim=1&renderwebcomponents=1&wcseo=1&batchservertelemetry=1&noservertelemetry=1,,,5,1,Initial labelled,2140,Early diagnosis,BBC's Matt Baker opens up about his dyslexia diagnosis and its impact on his TV career - MSN 
Differentiating Cystic Lesions in the Sellar Region of the Brain Using Artificial Intelligence and Machine Learning for Early Diagnosis: A Prospective Review of the Novel Diagnostic Modalities - Cureus,Not your computer? Use Guest mode to sign in privately. Learn more about using Guest mode,,Cureus,0,yes,https://www.cureus.com/articles/320589-differentiating-cystic-lesions-in-the-sellar-region-of-the-brain-using-artificial-intelligence-and-machine-learning-for-early-diagnosis-a-prospective-review-of-the-novel-diagnostic-modalities,,,7,1,Initial labelled,2141,Early diagnosis,Differentiating Cystic Lesions in the Sellar Region of the Brain Using Artificial Intelligence and Machine Learning for Early Diagnosis: A Prospective Review of the Novel Diagnostic Modalities - Cureus Not your computer? Use Guest mode to sign in privately. Learn more about using Guest mode
"Breast cancer can be spotted at earliest stages thanks to new blood test, scientists say - Yahoo News UK","Breast cancer can be spotted at earliest stages thanks to new blood test, scientists say   A new blood test is the first to detect signs of breast cancer in the earliest stages when it can be treated Ã¢â‚¬Å“far more easilyÃ¢â‚¬Â, scientists have revealed. The fast and non-invasive AI-powered test shows the subtle changes that occur in the bloodstream at the initial Ã¢â‚¬Å“1aÃ¢â‚¬Â stage of the disease. A research team from the University of Edinburgh, who carried out the study, said these early indicators of the disease are not detectable using existing techniques. A pilot study using samples from 12 breast cancer patients and 12 healthy patients showed the technique was 98% effective at identifying breast cancer at stage 1a. The study team said this new method could pave the way for a screening test for multiple forms of cancer, and they are now aiming to expand the work to involve more participants and include tests for early forms of other cancer types. ADVERTISEMENT READ NEXT: Scientists warn of staggering number of people who may have an STI Study lead Dr Andy Downes, of the University of EdinburghÃ¢â‚¬â„¢s school of engineering, said: Ã¢â‚¬Å“Most deaths from cancer occur following a late-stage diagnosis after symptoms become apparent, so a future screening test for multiple cancer types could find these at a stage where they can be far more easily treated. Early diagnosis is key to long-term survival, and we finally have the technology required. Ã¢â‚¬Å“We just need to apply it to other cancer types and build up a database before this can be used as a multi-cancer test.Ã¢â‚¬Â The study was led by a team at the University of Edinburgh -Credit:PA Archive/PA Images Standard tests for breast cancer involve a physical examination, X-ray, ultrasound scans, or an analysis of a sample of breast tissue, known as a biopsy. Early detection strategies rely on screening people based on their age and whether they are in at-risk groups. ADVERTISEMENT The researchers said the new technique, wh",,Yahoo News UK,1,yes,https://uk.news.yahoo.com/breast-cancer-spotted-earliest-stages-120027981.html,,,7,1,Initial labelled,2142,Early diagnosis,"Breast cancer can be spotted at earliest stages thanks to new blood test, scientists say - Yahoo News UK Breast cancer can be spotted at earliest stages thanks to new blood test, scientists say A new blood test is the first to detect signs of breast cancer in the earliest stages when it can be treated Ã¢â‚¬Å“far more easilyÃ¢â‚¬Â, scientists have revealed. The fast and non-invasive AI-powered test shows the subtle changes that occur in the bloodstream at the initial Ã¢â‚¬Å“1aÃ¢â‚¬Â stage of the disease. A research team from the University of Edinburgh, who carried out the study, said these early indicators of the disease are not detectable using existing techniques. A pilot study using samples from 12 breast cancer patients and 12 healthy patients showed the technique was 98% effective at identifying breast cancer at stage 1a. The study team said this new method could pave the way for a screening test for multiple forms of cancer, and they are now aiming to expand the work to involve more participants and include tests for early forms of other cancer types. ADVERTISEMENT READ NEXT: Scientists warn of staggering number of people who may have an STI Study lead Dr Andy Downes, of the University of EdinburghÃ¢â‚¬â„¢s school of engineering, said: Ã¢â‚¬Å“Most deaths from cancer occur following a late-stage diagnosis after symptoms become apparent, so a future screening test for multiple cancer types could find these at a stage where they can be far more easily treated. Early diagnosis is key to long-term survival, and we finally have the technology required. Ã¢â‚¬Å“We just need to apply it to other cancer types and build up a database before this can be used as a multi-cancer test.Ã¢â‚¬Â The study was led by a team at the University of Edinburgh -Credit:PA Archive/PA Images Standard tests for breast cancer involve a physical examination, X-ray, ultrasound scans, or an analysis of a sample of breast tissue, known as a biopsy. Early detection strategies rely on screeni"
Molecular CSI: How cancer Ã¢â‚¬ËœfingerprintsÃ¢â‚¬â„¢ could yield diagnoses earlier than ever - Study Finds,"Artistic concept of an 'epitranscriptomic' fingerprint. (Credit: Queralt Tolosa/Centro de RegulaciÃƒÂ³n GenÃƒÂ³mica) BARCELONA Ã¢â‚¬â€ In the cellular worldÃ¢â‚¬â„¢s version of CSI, scientists have discovered that our cells leave behind telltale Ã¢â‚¬Å“fingerprintsÃ¢â‚¬Â that could blow the cover on cancerÃ¢â‚¬â„¢s stealthy operation. The breakthrough comes not from DNA, as you might expect, but from the humble ribosome Ã¢â‚¬â€œ the cellÃ¢â‚¬â„¢s protein-making powerhouse that weÃ¢â‚¬â„¢ve overlooked for decades. These molecular signatures, unique to different tissues and altered in cancer, could potentially identify tumors using just a tiny sample of tissue and a portable device no bigger than the palm of your hand. The discovery, reported by researchers at the Centre for Genomic Regulation in Barcelona, centers around ribosomes Ã¢â‚¬â€ the microscopic machines that manufacture all the proteins our bodies need to function. While scientists have long viewed ribosomes as identical workers in our cellular factories, this new research reveals they carry distinct chemical markers that vary between different types of tissues and change when cells become cancerous. Ã¢â‚¬Å“Our ribosomes are not all the same,Ã¢â‚¬Â explains Eva Maria Novoa, the studyÃ¢â‚¬â„¢s lead author, in a statement. Ã¢â‚¬Å“They are specialized in different tissues and carry unique signatures that reflect whatÃ¢â‚¬â„¢s happening inside our bodies.Ã¢â‚¬Â Researchers add that itÃ¢â‚¬â„¢s akin to each tissue type, leaving its own molecular return address on its cellular machinery. To understand the significance of this finding, imagine each ribosome as a complex machine made partly of RNA Ã¢â‚¬â€œ a molecular cousin of DNA. These RNA molecules can be decorated with over 220 different chemical modifications, like adding methyl groups or converting one building block to another. The presence and pattern of these modifications can fine-tune how the ribosome works, similar to how tiny adjustments to a machineÃ¢â‚¬â„¢s parts can alter its performance. The research team used cutting-edge tec",,Study Finds,0,yes,https://studyfinds.org/csi-cancer-fingerprints/,,,8,1,Initial labelled,2143,Early diagnosis,"Molecular CSI: How cancer Ã¢â‚¬ËœfingerprintsÃ¢â‚¬â„¢ could yield diagnoses earlier than ever - Study Finds Artistic concept of an 'epitranscriptomic' fingerprint. (Credit: Queralt Tolosa/Centro de RegulaciÃƒÂ³n GenÃƒÂ³mica) BARCELONA Ã¢â‚¬â€ In the cellular worldÃ¢â‚¬â„¢s version of CSI, scientists have discovered that our cells leave behind telltale Ã¢â‚¬Å“fingerprintsÃ¢â‚¬Â that could blow the cover on cancerÃ¢â‚¬â„¢s stealthy operation. The breakthrough comes not from DNA, as you might expect, but from the humble ribosome Ã¢â‚¬â€œ the cellÃ¢â‚¬â„¢s protein-making powerhouse that weÃ¢â‚¬â„¢ve overlooked for decades. These molecular signatures, unique to different tissues and altered in cancer, could potentially identify tumors using just a tiny sample of tissue and a portable device no bigger than the palm of your hand. The discovery, reported by researchers at the Centre for Genomic Regulation in Barcelona, centers around ribosomes Ã¢â‚¬â€ the microscopic machines that manufacture all the proteins our bodies need to function. While scientists have long viewed ribosomes as identical workers in our cellular factories, this new research reveals they carry distinct chemical markers that vary between different types of tissues and change when cells become cancerous. Ã¢â‚¬Å“Our ribosomes are not all the same,Ã¢â‚¬Â explains Eva Maria Novoa, the studyÃ¢â‚¬â„¢s lead author, in a statement. Ã¢â‚¬Å“They are specialized in different tissues and carry unique signatures that reflect whatÃ¢â‚¬â„¢s happening inside our bodies.Ã¢â‚¬Â Researchers add that itÃ¢â‚¬â„¢s akin to each tissue type, leaving its own molecular return address on its cellular machinery. To understand the significance of this finding, imagine each ribosome as a complex machine made partly of RNA Ã¢â‚¬â€œ a molecular cousin of DNA. These RNA molecules can be decorated with over 220 different chemical modifications, like adding methyl groups or converting one building block to another. The presence and p"
Edinburgh Researchers Use Laser Test for Early Cancer Detection - DIGIT.FYI,"Researchers from the University of Edinburgh have devised a new screening method that combines laser analysis with a type of AI to identify patients in the earliest stage of breast cancer. The fast, non-invasive technique reveals subtle changes in the bloodstream that occur during the initial phases of the disease, known as stage 1a, which are not detectable with existing tests. The new technique works by first shining a laser beam into blood plasma taken from patients, with the properties of the light after it interacts with the blood then analysed using a device called a spectrometer, revealing tiny changes in the chemical make-up of cells and tissues, which are early indicators of disease. A machine learning algorithm was then used to interpret the results, identifying similar features and helping to classify samples. In the pilot study involving 12 samples from breast cancer patients and 12 healthy controls, the technique was 98% effective at identifying breast cancer at stage 1a. The test could also distinguish between each of the four main subtypes of breast cancer with an accuracy of more than 90%, which could enable patients to receive more effective, personalised treatment The Edinburgh researchers say their new method could improve early detection and monitoring of the disease, and pave the way for a screening test for multiple forms of cancer. Ã¢â‚¬Å“Most deaths from cancer occur following a late-stage diagnosis after symptoms become apparent, so a future screening test for multiple cancer types could find these at a stage where they can be far more easily treated,Ã¢â‚¬Â said Dr Andy Downes, from the University of EdinburghÃ¢â‚¬â„¢s School of Engineering. Ã¢â‚¬Å“Early diagnosis is key to long-term survival, and we finally have the technology required. We just need to apply it to other cancer types and build up a database, before this can be used as a multi-cancer test.Ã¢â‚¬Â Implementing the new technique as a screening test could help identify more people in the e",,DIGIT.FYI,1,yes,https://www.digit.fyi/edinburgh-researchers-use-laser-test-for-early-cancer-detection/,,,8,1,Initial labelled,2144,Early diagnosis,"Edinburgh Researchers Use Laser Test for Early Cancer Detection - DIGIT.FYI Researchers from the University of Edinburgh have devised a new screening method that combines laser analysis with a type of AI to identify patients in the earliest stage of breast cancer. The fast, non-invasive technique reveals subtle changes in the bloodstream that occur during the initial phases of the disease, known as stage 1a, which are not detectable with existing tests. The new technique works by first shining a laser beam into blood plasma taken from patients, with the properties of the light after it interacts with the blood then analysed using a device called a spectrometer, revealing tiny changes in the chemical make-up of cells and tissues, which are early indicators of disease. A machine learning algorithm was then used to interpret the results, identifying similar features and helping to classify samples. In the pilot study involving 12 samples from breast cancer patients and 12 healthy controls, the technique was 98% effective at identifying breast cancer at stage 1a. The test could also distinguish between each of the four main subtypes of breast cancer with an accuracy of more than 90%, which could enable patients to receive more effective, personalised treatment The Edinburgh researchers say their new method could improve early detection and monitoring of the disease, and pave the way for a screening test for multiple forms of cancer. Ã¢â‚¬Å“Most deaths from cancer occur following a late-stage diagnosis after symptoms become apparent, so a future screening test for multiple cancer types could find these at a stage where they can be far more easily treated,Ã¢â‚¬Â said Dr Andy Downes, from the University of EdinburghÃ¢â‚¬â„¢s School of Engineering. Ã¢â‚¬Å“Early diagnosis is key to long-term survival, and we finally have the technology required. We just need to apply it to other cancer types and build up a database, before this can be used as a multi-cancer test.Ã¢â‚¬Â Imp"
Postpartum depression treatment breakthrough: A blood test for early diagnosis - Motherly Inc.,"For about one in seven women, whatÃ¢â‚¬â„¢s supposed to be the happiest time of their lives turns into something much darker. Postpartum depression (PPD) isnÃ¢â‚¬â„¢t just a rough patch or the Ã¢â‚¬Å“baby blues.Ã¢â‚¬Â ItÃ¢â‚¬â„¢s a serious mental health condition that can leave moms feeling isolated, detached, and overwhelmedÃ¢â‚¬â€and it can have lasting effects on both mom and baby. WeÃ¢â‚¬â„¢re talking about impaired emotional and cognitive development for the child and, in the rarest and most heartbreaking cases, maternal suicide. Diagnosing PPD has traditionally relied on moms recognizing and reporting their symptomsÃ¢â‚¬â€a tall order when theyÃ¢â‚¬â„¢re battling exhaustion and the endless demands of new motherhood. But now, a groundbreaking blood test from Johns Hopkins Medicine could rewrite the script, bringing hope and healing to moms when they need it most. A blood test that could change everything Imagine a simple blood test that could flag postpartum depression before you even start feeling its effects. ThatÃ¢â‚¬â„¢s exactly what Johns Hopkins researchers are working on. Using a biological marker for PPD, this test could mean fewer missed diagnoses, faster treatments, and, most importantly, better outcomes for moms and their babies. HereÃ¢â‚¬â„¢s how it works: The study, published in Molecular Psychiatry, focuses on tiny sacs called extracellular vesicles (EVs). These EVs are like little messengers, carrying bits of genetic material (mRNA) from tissues like the brain. The research team isolated 13 specific mRNAs linked to PPD, giving them a way to identify women at risk even before symptoms appear. For new moms, this means the possibility of early interventionÃ¢â‚¬â€helping them feel more like themselves before PPD has a chance to take hold. Related: Postpartum depression rates have doubledÃ¢â‚¬â€and moms still arenÃ¢â‚¬â„¢t getting the support they need Why this matters Right now, the way we diagnose PPD is kind of like asking someone to navigate through a storm blindfolded. It depends on clinical intervi",,Motherly Inc.,1,yes,https://www.mother.ly/postpartum/postpartum-depression-treatment/,,,8,1,Initial labelled,2145,Early diagnosis,"Postpartum depression treatment breakthrough: A blood test for early diagnosis - Motherly Inc. For about one in seven women, whatÃ¢â‚¬â„¢s supposed to be the happiest time of their lives turns into something much darker. Postpartum depression (PPD) isnÃ¢â‚¬â„¢t just a rough patch or the Ã¢â‚¬Å“baby blues.Ã¢â‚¬Â ItÃ¢â‚¬â„¢s a serious mental health condition that can leave moms feeling isolated, detached, and overwhelmedÃ¢â‚¬â€and it can have lasting effects on both mom and baby. WeÃ¢â‚¬â„¢re talking about impaired emotional and cognitive development for the child and, in the rarest and most heartbreaking cases, maternal suicide. Diagnosing PPD has traditionally relied on moms recognizing and reporting their symptomsÃ¢â‚¬â€a tall order when theyÃ¢â‚¬â„¢re battling exhaustion and the endless demands of new motherhood. But now, a groundbreaking blood test from Johns Hopkins Medicine could rewrite the script, bringing hope and healing to moms when they need it most. A blood test that could change everything Imagine a simple blood test that could flag postpartum depression before you even start feeling its effects. ThatÃ¢â‚¬â„¢s exactly what Johns Hopkins researchers are working on. Using a biological marker for PPD, this test could mean fewer missed diagnoses, faster treatments, and, most importantly, better outcomes for moms and their babies. HereÃ¢â‚¬â„¢s how it works: The study, published in Molecular Psychiatry, focuses on tiny sacs called extracellular vesicles (EVs). These EVs are like little messengers, carrying bits of genetic material (mRNA) from tissues like the brain. The research team isolated 13 specific mRNAs linked to PPD, giving them a way to identify women at risk even before symptoms appear. For new moms, this means the possibility of early interventionÃ¢â‚¬â€helping them feel more like themselves before PPD has a chance to take hold. Related: Postpartum depression rates have doubledÃ¢â‚¬â€and moms still arenÃ¢â‚¬â„¢t getting the support they need "
Early Action Needed on Cancer Treatment Heart Risks - Mirage News,"European Society of Cardiology The devastating news of a cancer diagnosis understandably makes doctors and patients focus on the cancer itself. However, experts in cardio-oncology from the European Society of Cardiology (ESC) emphasise that heart and cardiovascular health must be included as early as possible in the patient's cancer treatment plan to ensure the best possible outcomes. Due to an ageing population, and a growing number of cancer diagnoses there is also an increasing number of patients with cardiovascular side effects of cancer treatment. To tackle this growing problem, the ESC is launching a new conference on cardio-oncology to specifically target this increasingly important area that overlaps cancer treatment and its associated cardiovascular disease (CVD) side effects. ESC Cardio-Oncology 2025 will take place in Florence, Italy, from Friday, 20 June - Saturday, 21 June 2025. Previous research from prospective registries published in the European Heart Journal [1] estimate that approximately one-third (32%) of patients experience mild toxicities that could potentially progress in severity without adequate monitoring, while 3% develop moderate toxicity and a further 3% the most severe toxicity. ""The main goal of this emerging specialty of cardio-oncology is to reduce the burden of CVD in cancer patients allowing them to receive the best anticancer therapy (chemotherapy, targeted molecular therapies, hormone therapy, immunotherapy or radiotherapy) with the lowest rate of side effects and treatment interruptions,"" explains Dr Teresa LÃƒÂ³pez-Fernandez, University Hospital La Paz - Madrid, Spain and co-Chair of the ESC Cardio-Oncology Guidelines Task Force. ""We could soon be facing cardio-oncology 'epidemic' due to either the growing population of cancer survivors, the increasing number of patients aged over 65 who need chronic cancer therapy, and the high frequency of cancer therapy induced CVDs in these populations,"" says Dr Alexander Lyon, Royal Br",,Mirage News,0,yes,https://www.miragenews.com/early-action-needed-on-cancer-treatment-heart-1378080/,,,9,1,Initial labelled,2146,Early diagnosis,"Early Action Needed on Cancer Treatment Heart Risks - Mirage News European Society of Cardiology The devastating news of a cancer diagnosis understandably makes doctors and patients focus on the cancer itself. However, experts in cardio-oncology from the European Society of Cardiology (ESC) emphasise that heart and cardiovascular health must be included as early as possible in the patient's cancer treatment plan to ensure the best possible outcomes. Due to an ageing population, and a growing number of cancer diagnoses there is also an increasing number of patients with cardiovascular side effects of cancer treatment. To tackle this growing problem, the ESC is launching a new conference on cardio-oncology to specifically target this increasingly important area that overlaps cancer treatment and its associated cardiovascular disease (CVD) side effects. ESC Cardio-Oncology 2025 will take place in Florence, Italy, from Friday, 20 June - Saturday, 21 June 2025. Previous research from prospective registries published in the European Heart Journal [1] estimate that approximately one-third (32%) of patients experience mild toxicities that could potentially progress in severity without adequate monitoring, while 3% develop moderate toxicity and a further 3% the most severe toxicity. ""The main goal of this emerging specialty of cardio-oncology is to reduce the burden of CVD in cancer patients allowing them to receive the best anticancer therapy (chemotherapy, targeted molecular therapies, hormone therapy, immunotherapy or radiotherapy) with the lowest rate of side effects and treatment interruptions,"" explains Dr Teresa LÃƒÂ³pez-Fernandez, University Hospital La Paz - Madrid, Spain and co-Chair of the ESC Cardio-Oncology Guidelines Task Force. ""We could soon be facing cardio-oncology 'epidemic' due to either the growing population of cancer survivors, the increasing number of patients aged over 65 who need chronic cancer therapy, and the high frequency of cancer therapy induc"
Doctor who diagnosed himself with AlzheimerÃ¢â‚¬â„¢s has message for young people 13 years after first symptom - News - Tyla,"Warning: This article contains discussion of Alzheimer's Disease and dementia which some readers may find distressing. A former medical expert who successfully diagnosed himself with AlzheimerÃ¢â‚¬â„¢s has given a stark warning to young people who tend to ignore serious health symptoms. According to the NHS, AlzheimerÃ¢â‚¬â„¢s disease is the most common type of dementia in the UK. Advert The brain condition, which causes a gradual decline in brain function and negatively affects memory and behaviour, is one that ex-leading neurologist Dr Daniel Gibbs was diagnosed with in 2015. In a recent interview with The Daily Mail, the 72-year-old recounted how losing his sense of smell in his fifties made him predict a dementia diagnosis in the future. Dr Gibbs initially diagnosed himself with a form of dementia after losing his sense of smell (Butler Hospital) Due to his years working as a medical doctor, Dr Gibbs was already aware that Ã¢â‚¬Ëœalmost all people with AlzheimerÃ¢â‚¬â„¢s have at least some impairment of smellÃ¢â‚¬â„¢, but that Ã¢â‚¬Ëœmost are not aware because it comes on so graduallyÃ¢â‚¬â„¢. Advert Knowing it was too early to get a solid diagnosis, he kept an eye on this symptom before later undergoing genetic testing in 2012. The results concluded that he was likely to develop a type of dementia, with it being understood that this was due to him possessing two copies of the APOE4 gene. AlzheimerÃ¢â‚¬â„¢s Research UK has said that those who inherit two copies of this risk gene have a very high chance of developing AlzheimerÃ¢â‚¬â„¢s at some point in their life. However, Mayo Clinic states that just because you have these genes, it doesnÃ¢â‚¬â„¢t mean youÃ¢â‚¬â„¢re going to develop AlzheimerÃ¢â‚¬â„¢s. Advert Three years on from gaining the results of his genetic test, Dr Gibbs was officially diagnosed with the cognitive disease. In an interview with Butler Hospital, the Portland native has implored young people who believe their symptoms may be related to dementia to get checked out by a professional. ",,Tyla,0,yes,https://www.tyla.com/news/alzheimers-diagnosis-warning-young-people-prevention-780015-20241212,,,9,1,Initial labelled,2147,Early diagnosis,"Doctor who diagnosed himself with AlzheimerÃ¢â‚¬â„¢s has message for young people 13 years after first symptom - News - Tyla Warning: This article contains discussion of Alzheimer's Disease and dementia which some readers may find distressing. A former medical expert who successfully diagnosed himself with AlzheimerÃ¢â‚¬â„¢s has given a stark warning to young people who tend to ignore serious health symptoms. According to the NHS, AlzheimerÃ¢â‚¬â„¢s disease is the most common type of dementia in the UK. Advert The brain condition, which causes a gradual decline in brain function and negatively affects memory and behaviour, is one that ex-leading neurologist Dr Daniel Gibbs was diagnosed with in 2015. In a recent interview with The Daily Mail, the 72-year-old recounted how losing his sense of smell in his fifties made him predict a dementia diagnosis in the future. Dr Gibbs initially diagnosed himself with a form of dementia after losing his sense of smell (Butler Hospital) Due to his years working as a medical doctor, Dr Gibbs was already aware that Ã¢â‚¬Ëœalmost all people with AlzheimerÃ¢â‚¬â„¢s have at least some impairment of smellÃ¢â‚¬â„¢, but that Ã¢â‚¬Ëœmost are not aware because it comes on so graduallyÃ¢â‚¬â„¢. Advert Knowing it was too early to get a solid diagnosis, he kept an eye on this symptom before later undergoing genetic testing in 2012. The results concluded that he was likely to develop a type of dementia, with it being understood that this was due to him possessing two copies of the APOE4 gene. AlzheimerÃ¢â‚¬â„¢s Research UK has said that those who inherit two copies of this risk gene have a very high chance of developing AlzheimerÃ¢â‚¬â„¢s at some point in their life. However, Mayo Clinic states that just because you have these genes, it doesnÃ¢â‚¬â„¢t mean youÃ¢â‚¬â„¢re going to develop AlzheimerÃ¢â‚¬â„¢s. Advert Three years on from gaining the results of his genetic test, Dr Gibbs was officially diagnosed with the cognitive disease. In an int"
Novartis Reports Extended Efficacy of Kisqali in Early Breast Cancer Treatment - Femtech Insider,"Novartis has announced updated analysis from its Phase III NATALEE trial showing that Kisqali (ribociclib) continues to demonstrate sustained reduction in distant recurrence when combined with endocrine therapy. The treatment showed a 28.5% reduction in distant recurrence compared to endocrine therapy alone in patients with stage II and III hormone receptor-positive/human epidermal growth factor receptor 2-negative (HR+/HER2-) early breast cancer. Ã¢â‚¬Å“In day-to-day practice, we see a real and persistent risk of breast cancer coming back after early diagnosis, often as metastatic disease,Ã¢â‚¬Â said Paolo Tarantino, M.D., Advanced Fellow at Dana-Farber Cancer Institute and Harvard Medical School. Ã¢â‚¬Å“The latest NATALEE and real-world data presented at SABCS reaffirm we can better address risk of recurrence for all patients at high-risk, including selected patients with node-negative disease, by offering them adjuvant CDK4/6 inhibitor treatment in addition to endocrine therapy.Ã¢â‚¬Â Ã¢â‚¬Å“On the heels of its U.S. FDA and EMA approvals in early breast cancer, it is encouraging to see the continued benefit of adding Kisqali to standard endocrine therapy to help reduce the risk of recurrence,Ã¢â‚¬Â said Jeff Legos, Executive Vice President, Global Head of Oncology Development, Novartis. Ã¢â‚¬Å“These data, together with the recent NCCN GuidelinesÃ‚Â® Category 1 preferred treatment recommendation for all eligible patients with early breast cancer, reinforce the opportunity to evolve adjuvant treatment to help a broader group of people.Ã¢â‚¬Â The safety profile remained consistent with previous reports. Grade 3 or higher adverse events included neutropenia (44.4%), liver-related adverse events (8.6%), and QT interval prolongation (1.0%). Kisqali has been approved as a breast cancer treatment in 99 countries worldwide. The drug is the only CDK4/6 inhibitor recommended by NCCN Guidelines for both all node-positive disease and for patients with no nodal involvement with high-risk disease charac",,Femtech Insider,0,yes,https://femtechinsider.com/novartis-reports-extended-efficacy-of-kisqali-in-early-breast-cancer-treatment/,,,10,1,Initial labelled,2148,Early diagnosis,"Novartis Reports Extended Efficacy of Kisqali in Early Breast Cancer Treatment - Femtech Insider Novartis has announced updated analysis from its Phase III NATALEE trial showing that Kisqali (ribociclib) continues to demonstrate sustained reduction in distant recurrence when combined with endocrine therapy. The treatment showed a 28.5% reduction in distant recurrence compared to endocrine therapy alone in patients with stage II and III hormone receptor-positive/human epidermal growth factor receptor 2-negative (HR+/HER2-) early breast cancer. Ã¢â‚¬Å“In day-to-day practice, we see a real and persistent risk of breast cancer coming back after early diagnosis, often as metastatic disease,Ã¢â‚¬Â said Paolo Tarantino, M.D., Advanced Fellow at Dana-Farber Cancer Institute and Harvard Medical School. Ã¢â‚¬Å“The latest NATALEE and real-world data presented at SABCS reaffirm we can better address risk of recurrence for all patients at high-risk, including selected patients with node-negative disease, by offering them adjuvant CDK4/6 inhibitor treatment in addition to endocrine therapy.Ã¢â‚¬Â Ã¢â‚¬Å“On the heels of its U.S. FDA and EMA approvals in early breast cancer, it is encouraging to see the continued benefit of adding Kisqali to standard endocrine therapy to help reduce the risk of recurrence,Ã¢â‚¬Â said Jeff Legos, Executive Vice President, Global Head of Oncology Development, Novartis. Ã¢â‚¬Å“These data, together with the recent NCCN GuidelinesÃ‚Â® Category 1 preferred treatment recommendation for all eligible patients with early breast cancer, reinforce the opportunity to evolve adjuvant treatment to help a broader group of people.Ã¢â‚¬Â The safety profile remained consistent with previous reports. Grade 3 or higher adverse events included neutropenia (44.4%), liver-related adverse events (8.6%), and QT interval prolongation (1.0%). Kisqali has been approved as a breast cancer treatment in 99 countries worldwide. The drug is the only CDK4/6 inhibitor recommended"
Ayumi Hamasaki Announces Cancer Diagnosis And Treatment - Evrim AÃ„Å¸acÃ„Â±,"Ayumi Hamasaki Announces Cancer Diagnosis And Treatment Pop Idol Advocates for Early Detection Following Health Revelation Famed Japanese singer Ayumi Hamasaki recently made headlines with the announcement of her cancer diagnosis, which has raised concerns and sparked discussions about health awareness and early detection. With her tremendous influence and dedication to her fan base, Hamasaki's personal struggle against illness resonates deeply with many. On May 12, Hamasaki revealed through her official social media accounts the extent of her health issues. She disclosed her recent diagnosis of cancer and her decision to undergo treatment. The news came as a shock not just to her devoted followers but also to the broader music industry, as she has been one of Japan's most celebrated pop icons for over two decades. According to statements released by her management team, Ayumi was diagnosed following regular health screenings. These check-ups are something she emphasizes as being significantly important, stressing the value of early detection. ""If I hadn't gone for my routine health check-up, the results could have been much worse,"" she stated. Her diagnosis serves as a potent reminder of the potential risks hidden within our bodies. Following her announcement, the singer has pledged her commitment to explaining the importance of cancer awareness and early treatment. ""I want to encourage people not to ignore their health. ItÃ¢â‚¬â„¢s easy to brush off those symptoms thinking it will go away, but early detection can save lives,"" Hamasaki said. While the details of her exact diagnosis have been kept private, Hamasaki was frank about the emotional toll it has taken. The artist shared her feelings of worry but also relief, highlighting the swift action she was able to take after receiving her diagnosis. ""Finding out was terrifying, but I felt fortunate to have the opportunity for treatment soon after,"" she expressed, grateful for the advancements in medical science. Ex",,Evrim AÃ„Å¸acÃ„Â±,0,yes,https://evrimagaci.org/tpg/ayumi-hamasaki-announces-cancer-diagnosis-and-treatment-89018,,,10,1,Initial labelled,2149,"Active surveillance,Active health surveillance","Ayumi Hamasaki Announces Cancer Diagnosis And Treatment - Evrim AÃ„Å¸acÃ„Â± Ayumi Hamasaki Announces Cancer Diagnosis And Treatment Pop Idol Advocates for Early Detection Following Health Revelation Famed Japanese singer Ayumi Hamasaki recently made headlines with the announcement of her cancer diagnosis, which has raised concerns and sparked discussions about health awareness and early detection. With her tremendous influence and dedication to her fan base, Hamasaki's personal struggle against illness resonates deeply with many. On May 12, Hamasaki revealed through her official social media accounts the extent of her health issues. She disclosed her recent diagnosis of cancer and her decision to undergo treatment. The news came as a shock not just to her devoted followers but also to the broader music industry, as she has been one of Japan's most celebrated pop icons for over two decades. According to statements released by her management team, Ayumi was diagnosed following regular health screenings. These check-ups are something she emphasizes as being significantly important, stressing the value of early detection. ""If I hadn't gone for my routine health check-up, the results could have been much worse,"" she stated. Her diagnosis serves as a potent reminder of the potential risks hidden within our bodies. Following her announcement, the singer has pledged her commitment to explaining the importance of cancer awareness and early treatment. ""I want to encourage people not to ignore their health. ItÃ¢â‚¬â„¢s easy to brush off those symptoms thinking it will go away, but early detection can save lives,"" Hamasaki said. While the details of her exact diagnosis have been kept private, Hamasaki was frank about the emotional toll it has taken. The artist shared her feelings of worry but also relief, highlighting the swift action she was able to take after receiving her diagnosis. ""Finding out was terrifying, but I felt fortunate to have the opportunity for treatment soon "
Thyroid Cancer: When Surgery and Radiation Therapy May Not Be Needed - Yale Medicine,"When someone is diagnosed with thyroid cancer, treatment often includes surgery, radiation, chemotherapy, and thyroid hormone therapy. But if itÃ¢â‚¬â„¢s papillary thyroid cancerÃ¢â‚¬â€a typically slow-growing malignancy that accounts for roughly 80% of all thyroid cancersÃ¢â‚¬â€patients may have other options. More specifically, if itÃ¢â‚¬â„¢s a subtype called small papillary thyroid cancer (defined as having tumors smaller than 1.5 centimeters), the best strategy might be whatÃ¢â‚¬â„¢s called Ã¢â‚¬Å“active surveillance,Ã¢â‚¬Â which involves monitoring the cancer through regular screening tests and examinations without undergoing any immediate treatment. Ã¢â‚¬Å“Small papillary thyroid cancers are typically slow-growing, nonaggressive, and have a high survival rate,Ã¢â‚¬Â explains Sachin Majumdar, MD, a Yale Medicine endocrinologist, who recently created the Yale Active Surveillance Program for Low-Risk Papillary Thyroid Cancer. Ã¢â‚¬Å“Active surveillance is a good management strategy for such a cancer.Ã¢â‚¬Â The goal of active surveillance or Ã¢â‚¬Å“watchful waiting,Ã¢â‚¬Â an idea that started to gain traction in the 1990s, is to minimize overtreatment and preserve patientsÃ¢â‚¬â„¢ quality of life. It does so by avoiding or delaying the side effects of treatments like surgery, radiation, or chemotherapy, which can sometimes be more harmful than the cancer itself, especially if the cancer is not aggressive. This approach is commonly used for prostate cancer, some kidney cancers, and certain lymphomas. YaleÃ¢â‚¬â„¢s Active Surveillance Program for Low-Risk Papillary Thyroid Cancer has a dedicated team (with an endocrinologist, radiologist, surgeon, and nurse) that works with patients to decide what treatment method is best for them. If patients opt for active surveillance, they receive ultrasounds and blood work every six months for two years. If there is no cancer progression after two years, the visits change to once a year. One of the values of the program, says Dr. Majumdar, is having the infrastructure in place that ",,Yale Medicine,0,yes,https://www.yalemedicine.org/news/thyroid-cancer-surveillance,,,1,2,Initial labelled,2150,Active surveillance,"Thyroid Cancer: When Surgery and Radiation Therapy May Not Be Needed - Yale Medicine When someone is diagnosed with thyroid cancer, treatment often includes surgery, radiation, chemotherapy, and thyroid hormone therapy. But if itÃ¢â‚¬â„¢s papillary thyroid cancerÃ¢â‚¬â€a typically slow-growing malignancy that accounts for roughly 80% of all thyroid cancersÃ¢â‚¬â€patients may have other options. More specifically, if itÃ¢â‚¬â„¢s a subtype called small papillary thyroid cancer (defined as having tumors smaller than 1.5 centimeters), the best strategy might be whatÃ¢â‚¬â„¢s called Ã¢â‚¬Å“active surveillance,Ã¢â‚¬Â which involves monitoring the cancer through regular screening tests and examinations without undergoing any immediate treatment. Ã¢â‚¬Å“Small papillary thyroid cancers are typically slow-growing, nonaggressive, and have a high survival rate,Ã¢â‚¬Â explains Sachin Majumdar, MD, a Yale Medicine endocrinologist, who recently created the Yale Active Surveillance Program for Low-Risk Papillary Thyroid Cancer. Ã¢â‚¬Å“Active surveillance is a good management strategy for such a cancer.Ã¢â‚¬Â The goal of active surveillance or Ã¢â‚¬Å“watchful waiting,Ã¢â‚¬Â an idea that started to gain traction in the 1990s, is to minimize overtreatment and preserve patientsÃ¢â‚¬â„¢ quality of life. It does so by avoiding or delaying the side effects of treatments like surgery, radiation, or chemotherapy, which can sometimes be more harmful than the cancer itself, especially if the cancer is not aggressive. This approach is commonly used for prostate cancer, some kidney cancers, and certain lymphomas. YaleÃ¢â‚¬â„¢s Active Surveillance Program for Low-Risk Papillary Thyroid Cancer has a dedicated team (with an endocrinologist, radiologist, surgeon, and nurse) that works with patients to decide what treatment method is best for them. If patients opt for active surveillance, they receive ultrasounds and blood work every six months for two years. If there is no cancer progression "
How Are Patients Managing Intermediate-Risk Prostate Cancer? - Medscape,"TOPLINE: The use of active surveillance or watchful waiting increased by more than twofold overall between 2010 and 2020 among patients with intermediate-risk prostate cancer. METHODOLOGY: Current guidelines support active surveillance or watchful waiting for select patients with intermediate-risk prostate cancer. These observation strategies may help reduce the adverse effects associated with immediate radical treatment. To understand the trends over time in the use of active surveillance and watchful waiting, researchers looked at data of 147,205 individuals with intermediate-risk prostate cancer from the Surveillance, Epidemiology, and End Results prostate cancer database between 2010 and 2020 in the United States. Criteria for intermediate-risk included Gleason grade group 2 or 3, prostate-specific antigen (PSA) levels of 10-20 ng/mL, or stage cT2b of the disease. Researchers also included trends for patients with Gleason grade group 1, as a reference group. Researchers assessed the temporal trends and factors associated with the selection of active surveillance and watchful waiting in this population. TAKEAWAY: Overall, the rate of active surveillance and watchful waiting more than doubled among intermediate-risk patients from 5% to 12.3% between 2010 and 2020. Between 2010 and 2020, the use of active surveillance and watchful waiting increased significantly among patients in Gleason grade group 1 (13.2% to 53.8%) and Gleason grade group 2 (4.0% to 11.6%) but remained stable for those in Gleason grade group 3 (2.5% to 2.8%; P = .85). For those with PSA levels < 10 ng/mL, adoption increased from 3.4% in 2010 to 9.2% in 2020 and more than doubled (9.3% to 20.7%) for those with PSA levels of 10-20 ng/mL. Higher Gleason grade groups had a significantly lower likelihood of adopting active surveillance or watchful waiting (Gleason grade group 2 vs 1: odds ratio [OR], 0.83; Gleason grade group 3 vs 1: OR, 0.79). Hispanic or Latino individuals (OR, 0.98) and",,Medscape,0,yes,https://www.medscape.com/viewarticle/how-are-patients-managing-intermediate-risk-prostate-cancer-2024a1000mps,,,1,1,Initial labelled,2151,"Active surveillance,Active health surveillance","How Are Patients Managing Intermediate-Risk Prostate Cancer? - Medscape TOPLINE: The use of active surveillance or watchful waiting increased by more than twofold overall between 2010 and 2020 among patients with intermediate-risk prostate cancer. METHODOLOGY: Current guidelines support active surveillance or watchful waiting for select patients with intermediate-risk prostate cancer. These observation strategies may help reduce the adverse effects associated with immediate radical treatment. To understand the trends over time in the use of active surveillance and watchful waiting, researchers looked at data of 147,205 individuals with intermediate-risk prostate cancer from the Surveillance, Epidemiology, and End Results prostate cancer database between 2010 and 2020 in the United States. Criteria for intermediate-risk included Gleason grade group 2 or 3, prostate-specific antigen (PSA) levels of 10-20 ng/mL, or stage cT2b of the disease. Researchers also included trends for patients with Gleason grade group 1, as a reference group. Researchers assessed the temporal trends and factors associated with the selection of active surveillance and watchful waiting in this population. TAKEAWAY: Overall, the rate of active surveillance and watchful waiting more than doubled among intermediate-risk patients from 5% to 12.3% between 2010 and 2020. Between 2010 and 2020, the use of active surveillance and watchful waiting increased significantly among patients in Gleason grade group 1 (13.2% to 53.8%) and Gleason grade group 2 (4.0% to 11.6%) but remained stable for those in Gleason grade group 3 (2.5% to 2.8%; P = .85). For those with PSA levels < 10 ng/mL, adoption increased from 3.4% in 2010 to 9.2% in 2020 and more than doubled (9.3% to 20.7%) for those with PSA levels of 10-20 ng/mL. Higher Gleason grade groups had a significantly lower likelihood of adopting active surveillance or watchful waiting (Gleason grade group 2 vs 1: odds ratio [OR], 0.83; Gleason grade group 3 v"
LDWF encourages increased CWD surveillance in 10 parishes - Dailyleader,"LDWF encourages increased CWD surveillance in 10 parishes Published 8:10 am Thursday, December 12, 2024 BATON ROUGE Ã¢â‚¬â€ Louisiana is encouraging increased surveillance efforts for deer hunters across the state in reaction to a CWD positive found at a captive deer facility. The deer at the Jeff Davis Parish facility had connections to captive deer facilities across the state including a parish bordering Pike County. The Louisiana Department of Agriculture and Forestry first reported a deceased deer from an enclosure in Jefferson Davis Parish tested positive for Chronic Wasting Disease on Nov. 7. The farm was a participant in the US Department of AgricultureÃ¢â‚¬â„¢s voluntary CWD Herd Certification Program. LDAF regulates deer enclosures in Louisiana which is opposite of how Mississippi deer pens are regulated. Chronic Wasting Disease is a 100 percent always fatal disease in deer and other members of the cervidae family caused by an infectious prion. The disease can be spread through direct contact with positive deer or indirect contact when prions are shed into the environment. LDAF states there is now a quarantine restricting movement into or out of the deer farm and a 25-mile radius surveillance zone has been established. The Louisiana Department of Wildlife and Fisheries issued a release Wednesday afternoon encouraging surveillance in more parishes and providing an update on the positive. Ã¢â‚¬Å“LDWF is increasing surveillance efforts in 10 other Louisiana parishes including Calcasieu, DeSoto, Bossier, Ouachita, Catahoula, Concordia, St. Landry, Pointe Coupee, Iberia and Tangipahoa parishes,Ã¢â‚¬Â LDWF states. Ã¢â‚¬Å“At this time, LDAF has not confirmed the detection of CWD outside of the facility in Jeff Davis Parish. The increased surveillance is a proactive measure to monitor the health of the wild population.Ã¢â‚¬Â Johnathan Bordelon, LDWF deer program director, has said in the past hunter submitted samples are the key to finding and fighting CWD especially if the disease",,Dailyleader,0,yes,https://www.dailyleader.com/2024/12/12/ldwf-encourages-increased-cwd-surveillance-in-10-parishes/,,,1,2,Initial labelled,2152,Active health surveillance,"LDWF encourages increased CWD surveillance in 10 parishes - Dailyleader LDWF encourages increased CWD surveillance in 10 parishes Published 8:10 am Thursday, December 12, 2024 BATON ROUGE Ã¢â‚¬â€ Louisiana is encouraging increased surveillance efforts for deer hunters across the state in reaction to a CWD positive found at a captive deer facility. The deer at the Jeff Davis Parish facility had connections to captive deer facilities across the state including a parish bordering Pike County. The Louisiana Department of Agriculture and Forestry first reported a deceased deer from an enclosure in Jefferson Davis Parish tested positive for Chronic Wasting Disease on Nov. 7. The farm was a participant in the US Department of AgricultureÃ¢â‚¬â„¢s voluntary CWD Herd Certification Program. LDAF regulates deer enclosures in Louisiana which is opposite of how Mississippi deer pens are regulated. Chronic Wasting Disease is a 100 percent always fatal disease in deer and other members of the cervidae family caused by an infectious prion. The disease can be spread through direct contact with positive deer or indirect contact when prions are shed into the environment. LDAF states there is now a quarantine restricting movement into or out of the deer farm and a 25-mile radius surveillance zone has been established. The Louisiana Department of Wildlife and Fisheries issued a release Wednesday afternoon encouraging surveillance in more parishes and providing an update on the positive. Ã¢â‚¬Å“LDWF is increasing surveillance efforts in 10 other Louisiana parishes including Calcasieu, DeSoto, Bossier, Ouachita, Catahoula, Concordia, St. Landry, Pointe Coupee, Iberia and Tangipahoa parishes,Ã¢â‚¬Â LDWF states. Ã¢â‚¬Å“At this time, LDAF has not confirmed the detection of CWD outside of the facility in Jeff Davis Parish. The increased surveillance is a proactive measure to monitor the health of the wild population.Ã¢â‚¬Â Johnathan Bordelon, LDWF deer program director, has said in the pas"
Pertussis Surveillance and Trends | Whooping Cough - CDC,"Recent trends Reports of pertussis cases were lower than usual over the past few years, during and following the COVID-19 pandemic. However, the United States is beginning to return to pre-pandemic patterns where more than 10,000 cases are typically reported each year. It's likely mitigation measures used during the pandemic (e.g., masking, remote learning) lowered transmission of pertussis. In 2024, reported cases of pertussis increased across the United States, indicating a return to more typical trends. Preliminary data show that more than six times as many cases have been reported as of week 49 reported on December 7, 2024, compared to the same time in 2023. The number of reported cases this year is higher than what was seen at the same time in 2019, prior to the pandemic. Vaccination is the best way to prevent pertussis. However, as typical infection patterns return to the United States, CDC expects pertussis cases to increase both in unvaccinated and vaccinated populations. Pertussis occurs in vaccinated people since protection from vaccination fades over time. Local and state health departments are familiar with these patterns. TheyÃ¢â‚¬â„¢re also efficient at responding to increasing pertussis cases and implementing appropriate control strategies.",,CDC,0,yes,https://www.cdc.gov/pertussis/php/surveillance/index.html,,,1,1,Initial labelled,2153,Active health surveillance,"Pertussis Surveillance and Trends | Whooping Cough - CDC Recent trends Reports of pertussis cases were lower than usual over the past few years, during and following the COVID-19 pandemic. However, the United States is beginning to return to pre-pandemic patterns where more than 10,000 cases are typically reported each year. It's likely mitigation measures used during the pandemic (e.g., masking, remote learning) lowered transmission of pertussis. In 2024, reported cases of pertussis increased across the United States, indicating a return to more typical trends. Preliminary data show that more than six times as many cases have been reported as of week 49 reported on December 7, 2024, compared to the same time in 2023. The number of reported cases this year is higher than what was seen at the same time in 2019, prior to the pandemic. Vaccination is the best way to prevent pertussis. However, as typical infection patterns return to the United States, CDC expects pertussis cases to increase both in unvaccinated and vaccinated populations. Pertussis occurs in vaccinated people since protection from vaccination fades over time. Local and state health departments are familiar with these patterns. TheyÃ¢â‚¬â„¢re also efficient at responding to increasing pertussis cases and implementing appropriate control strategies."
"Spying on Student Devices, Schools Aim to Intercept Self-Harm Before It Happens - The New York Times","Thousands of miles away, at around midnight, a mother and father in Fairfield County, Conn., received a call on their landline and were unable to reach it in time to answer. Fifteen minutes later, the doorbell rang. Three officers were on the stoop asking to see their 17-year-old daughter, who had been flagged by monitoring software as at urgent risk for self-harm. The girlÃ¢â‚¬â„¢s parents woke her and brought her downstairs so the police could quiz her on something she had typed on her school laptop. It took only a few minutes to conclude that it was a false alarm Ã¢â‚¬â€ the language was from a poem she wrote years earlier Ã¢â‚¬â€ but the visit left the girl profoundly shaken. Ã¢â‚¬Å“It was one of the worst experiences of her life,Ã¢â‚¬Â said the girlÃ¢â‚¬â„¢s mother, who requested anonymity to discuss an experience Ã¢â‚¬Å“traumatizingÃ¢â‚¬Â to her daughter. In the array of artificial intelligence technologies entering American classrooms, few carry higher stakes than software that tries to detect self-harm and suicidal ideation. These systems spread quickly during Covid shutdowns as more schools began sending laptops home with students.",,The New York Times,0,yes,https://www.nytimes.com/2024/12/09/health/suicide-monitoring-software-schools.html,,,2,1,Initial labelled,2154,Active health surveillance,"Spying on Student Devices, Schools Aim to Intercept Self-Harm Before It Happens - The New York Times Thousands of miles away, at around midnight, a mother and father in Fairfield County, Conn., received a call on their landline and were unable to reach it in time to answer. Fifteen minutes later, the doorbell rang. Three officers were on the stoop asking to see their 17-year-old daughter, who had been flagged by monitoring software as at urgent risk for self-harm. The girlÃ¢â‚¬â„¢s parents woke her and brought her downstairs so the police could quiz her on something she had typed on her school laptop. It took only a few minutes to conclude that it was a false alarm Ã¢â‚¬â€ the language was from a poem she wrote years earlier Ã¢â‚¬â€ but the visit left the girl profoundly shaken. Ã¢â‚¬Å“It was one of the worst experiences of her life,Ã¢â‚¬Â said the girlÃ¢â‚¬â„¢s mother, who requested anonymity to discuss an experience Ã¢â‚¬Å“traumatizingÃ¢â‚¬Â to her daughter. In the array of artificial intelligence technologies entering American classrooms, few carry higher stakes than software that tries to detect self-harm and suicidal ideation. These systems spread quickly during Covid shutdowns as more schools began sending laptops home with students."
"New Duke study could mean fewer with early-stage breast cancer would face surgery, radiation - WRAL News","A newly released study is challenging the way doctors commonly treat patients with ductal carcinoma in situ (DCIS), known as stage zero breast cancer. DCIS cancer cells are confined inside a milk duct in the breast and havenÃ¢â‚¬â„¢t yet spread to other tissue. Duke Surgical Oncologist Dr. Shelley Hwang explained common treatment includes surgery with or without radiation. Ã¢â‚¬Å“About 1/3 of women ended up getting a mastectomy, and a lot of those women got a double mastectomy because they were just very frightened,Ã¢â‚¬Â said Hwang. Ã¢â‚¬Å“I think a lot of the treatment around DCIS was based on an incomplete understanding of what their future risk for cancer would be.Ã¢â‚¬Â Hwang spearheaded a study to research if active monitoring could be a viable alternative to save patients the pain of surgery and radiation. The initial findings in the Comparison of an Operation to Monitoring with or without Endocrine Therapy (COMET) study were published this week. Ã¢â‚¬Å“There are a group of cancers called solid tumors where they grow as cancers in organs all over the body, and breast is one of those. A lot of these solid tumors have a precancerous condition that kind of precedes the development of invasive cancer,Ã¢â‚¬Â Hwang explained. Hwang has been researching these precancerous cells for about two decades and has a background in epidemiology. The ongoing study followed 995 women diagnosed with low-risk DCIS. Some were assigned active monitoring while others were assigned to the standard care group. Those in the active monitoring group underwent biannual breast exams and mammograms. These patients were only treated with surgery and radiation if it was determined their DCIS progressed to an invasive cancer. Ã¢â‚¬Å“We actually found there was no significantly higher risk of having cancer in the patients who had active monitoring. In fact, we actually found they had a slightly lower risk of having cancer than the patients who had surgery right away,Ã¢â‚¬Â shared Hwang. The data reported 19 patien",,WRAL News,0,yes,https://www.wral.com/lifestyle/health/duke-study-challenges-dcis-treatment-approach-dec-2024/,,,2,1,Initial labelled,2155,Active health surveillance,"New Duke study could mean fewer with early-stage breast cancer would face surgery, radiation - WRAL News A newly released study is challenging the way doctors commonly treat patients with ductal carcinoma in situ (DCIS), known as stage zero breast cancer. DCIS cancer cells are confined inside a milk duct in the breast and havenÃ¢â‚¬â„¢t yet spread to other tissue. Duke Surgical Oncologist Dr. Shelley Hwang explained common treatment includes surgery with or without radiation. Ã¢â‚¬Å“About 1/3 of women ended up getting a mastectomy, and a lot of those women got a double mastectomy because they were just very frightened,Ã¢â‚¬Â said Hwang. Ã¢â‚¬Å“I think a lot of the treatment around DCIS was based on an incomplete understanding of what their future risk for cancer would be.Ã¢â‚¬Â Hwang spearheaded a study to research if active monitoring could be a viable alternative to save patients the pain of surgery and radiation. The initial findings in the Comparison of an Operation to Monitoring with or without Endocrine Therapy (COMET) study were published this week. Ã¢â‚¬Å“There are a group of cancers called solid tumors where they grow as cancers in organs all over the body, and breast is one of those. A lot of these solid tumors have a precancerous condition that kind of precedes the development of invasive cancer,Ã¢â‚¬Â Hwang explained. Hwang has been researching these precancerous cells for about two decades and has a background in epidemiology. The ongoing study followed 995 women diagnosed with low-risk DCIS. Some were assigned active monitoring while others were assigned to the standard care group. Those in the active monitoring group underwent biannual breast exams and mammograms. These patients were only treated with surgery and radiation if it was determined their DCIS progressed to an invasive cancer. Ã¢â‚¬Å“We actually found there was no significantly higher risk of having cancer in the patients who had active monitoring. In fact, we actually found they had a s"
Current influenza update - World Health Organization,"Published 12 December 2024 | For reporting Week 48, ending 01 December 2024  Influenza In the Northern hemisphere, elevated activity was noted in parts of Northern Europe (mostly A(H1N1)pdm09 detected), Eastern Europe, Central America and the Caribbean (mostly A(H3N2)), Western Africa (mostly A(H3N2) and B), Middle Africa (mostly A(H1N1)pdm09 and A(H3N2)), Western Asia (due to co-circulation of influenza viruses), Southern Asia (mostly A(H1N1)pdm09) and South East Asia (mostly A(H1N1)pdm09 and B). Activity increased in parts of Northern, Eastern, and South West Europe, and Southern Asia. In the Southern hemisphere, influenza activity was elevated in single countries in Tropical South America (due mostly to B viruses) and Eastern Africa (due mostly to B viruses). Activity increased in one country in Eastern Africa but was similar or declined in all other reporting countries. SARS-CoV-2 SARS-CoV-2 activity remained elevated in many countries in Europe and South America and in a few countries in North America and South East Asia. Increased activity was reported from parts of South West Europe but was similar or declined in all other reporting countries. Starting with report #501, the Global Respiratory Virus Activity Weekly Update included data from sentinel surveillance and other types of systematically conducted virologic surveillance. Countries, areas, and territories use a variety of approaches to monitor respiratory virus activity and data in this report may vary from surveillance reports posted elsewhere. Analyses stratified by source of surveillance is available through Respimart.",,World Health Organization,0,yes,https://www.who.int/teams/global-influenza-programme/surveillance-and-monitoring/influenza-updates/current-influenza-update,,,3,1,Initial labelled,2156,Health screening,"Current influenza update - World Health Organization Published 12 December 2024 | For reporting Week 48, ending 01 December 2024 Influenza In the Northern hemisphere, elevated activity was noted in parts of Northern Europe (mostly A(H1N1)pdm09 detected), Eastern Europe, Central America and the Caribbean (mostly A(H3N2)), Western Africa (mostly A(H3N2) and B), Middle Africa (mostly A(H1N1)pdm09 and A(H3N2)), Western Asia (due to co-circulation of influenza viruses), Southern Asia (mostly A(H1N1)pdm09) and South East Asia (mostly A(H1N1)pdm09 and B). Activity increased in parts of Northern, Eastern, and South West Europe, and Southern Asia. In the Southern hemisphere, influenza activity was elevated in single countries in Tropical South America (due mostly to B viruses) and Eastern Africa (due mostly to B viruses). Activity increased in one country in Eastern Africa but was similar or declined in all other reporting countries. SARS-CoV-2 SARS-CoV-2 activity remained elevated in many countries in Europe and South America and in a few countries in North America and South East Asia. Increased activity was reported from parts of South West Europe but was similar or declined in all other reporting countries. Starting with report #501, the Global Respiratory Virus Activity Weekly Update included data from sentinel surveillance and other types of systematically conducted virologic surveillance. Countries, areas, and territories use a variety of approaches to monitor respiratory virus activity and data in this report may vary from surveillance reports posted elsewhere. Analyses stratified by source of surveillance is available through Respimart."
