index,raw_response
0,"YES — Animal (mouse) study of sodium fluoride exposure (alone and with arsenic) reporting brain neurotoxicity outcomes including biogenic amines, AChE/MAO activity, oxidative stress markers and DNA integrity."
1,"NO — Animal study of fluoride exposure in bovines, but the reported outcome is reproductive efficiency rather than any neurotoxicity-related measure."
2,"YES — Animal study in pregnant rats of diisopropyl fluorophosphate (DFP, a fluorophosphate analogue) reporting cholinesterase inhibition and recovery in maternal and fetal brain, a neurotoxicity outcome."
3,"NO — This is a biochemical characterization of liver acid phosphatases in fish noting in vitro inhibition by fluoride, not an animal study of fluoride exposure nor does it report any neurotoxicity outcomes."
4,"NO — This is an animal study of Bothrops jararaca venom-induced inflammation in mice, not an exposure to fluoride or its analogues, and it reports inflammatory outcomes rather than neurotoxicity."
5,"NO — This is a computational materials-science study of the structure and charges in poly(vinylidene fluoride) (beta-PVDF), not an animal study, and it does not investigate exposure or neurotoxicity outcomes."
6,"NO — This is an in vitro materials study of protein adhesion to intraocular lens surfaces (one being fluorine-surface-modified PMMA), not an animal study, and it reports no neurotoxicity outcomes or systemic fluoride exposure."
7,"YES — This is an animal-derived (calf brain) study that reports effects of NaF (sodium fluoride) on adenylate cyclase activity in brain membranes, a neurochemical outcome relevant to neuronal signaling (though not a direct behavioral or developmental neurotoxicity endpoint)."
8,"YES — Study uses aluminum fluoride (AIF-4) on rat sympathetic ganglion cells (animal tissue) and reports effects on neuronal M-channel (K+) gating, a neurophysiological outcome related to neuronal function."
9,"NO — This is a chemistry/catalysis paper on o‑fluorinated titanium catalysts and polymerization, not an animal study and it does not report any neurotoxicity outcomes or biological fluoride exposure."
10,YES — Rat brain (corpus striatum) tissue study reporting effects of sodium fluoride on adenylate cyclase activity/cAMP production (neurobiologically relevant outcome) in an animal model.
11,"YES — The study uses aluminium fluoride (AlF4-) exposure in ovine (sheep) pars tuberalis cells (an animal-derived model) and reports intracellular signaling outcomes (inositol phosphates, intracellular Ca2+, cAMP, melatonin receptor binding) relevant to neural/neuronal signaling."
12,"NO — This is a geochemical survey of volcanic rocks reporting fluorine concentrations in magmas, not an animal exposure study nor reporting any neurotoxicity outcomes."
13,NO — This is an in vitro study on a neuronal hybrid cell line examining prostacyclin/carbacyclin receptor desensitization (not fluoride or its analogues) and is not an animal neurotoxicity study.
14,"YES — Animal study in rats exposed to sodium fluoride that reports brain oxidative-stress and antioxidant measures (MDA, nitrate/nitrite, GSH, SOD), which are neurotoxicity-related outcomes."
15,"NO — This is a chemistry study of radical polymerization of (meth)acrylates with perfluorinated side chains, not an animal study and it does not report any neurotoxicity outcomes."
16,"NO — The paper reports biochemical effects of NaF on GTPase activity in rat brain membranes (an in vitro membrane assay), not an animal exposure study nor any neurotoxicity outcome measure."
17,"NO — This study investigates platelet phagocytosis, APP/Abeta and macrophage activation in human atherosclerotic plaques and in vitro macrophage cell lines, with no fluoride (or analogue) exposure, no neurotoxicity outcomes, and it is not an animal study."
18,"YES — Animal (rat) study of chronic fluoride exposure (10 and 50 mg/L) reporting neuronal outcomes (mitochondrial morphology, fusion/fission protein expression and redistribution) indicative of neurotoxicity."
19,NO — Materials-science study on glass-ceramic glazes (CaF2/B2O3 substitutions) with no animal experiments and no neurotoxicity outcomes reported.
20,"NO — This is an in vitro/materials study of fluoride interactions with dental enamel (cariostatic/deposition outcomes), not an animal study and it does not report any neurotoxicity outcomes."
21,"NO — The paper studies substance P and a fluoride-resistant acid phosphatase marker in rats after nerve injury, but does not involve exposure to fluoride or its analogues (the term refers to an enzyme type, not a fluoride exposure)."
22,"NO — Although this is an animal (mouse) study of fluorinated (18F) compounds, it reports biodistribution of radioactivity in organs (including brain) and does not report any neurotoxicity-related outcome measures."
23,"YES — The record reports pharmacological study of fluorine-substituted organic compounds (quaternary ammonium salts), meeting the exposure criterion, but the title does not specify whether animals were used or if neurotoxicity outcomes were assessed, so it should be retained for further screening."
24,"NO — The study is an animal (rat) investigation of chronic propranolol effects on hepatic adenylate cyclase; fluoride appears only as an assay stimulant (sodium fluoride), not as the exposure, and no neurotoxicity outcomes are reported."
25,NO — This is a geochemical study of fluorine in mineral/rock samples from a porphyry Cu deposit and does not involve animal experiments or report any neurotoxicity outcomes.
26,NO — This is a biochemical study of Na+/K+-ATPase phosphorylation in tumor and brain membranes with no exposure to fluoride (or analogues) and not reporting animal neurotoxicity outcomes.
27,"NO — This is an in vitro study on NS-1 (PC12) cells testing a trifluoromethyl verbenachalcone analog (an organofluorine), not an animal study and it assesses neurite outgrowth/proliferation rather than fluoride (ion) neurotoxicity in animals."
28,NO — This is an in vitro biochemical study on isolated cerebellar nuclei that only notes fluoride as an enzyme inhibitor and does not report neurotoxicity outcomes nor constitute an animal experiment.
29,"YES — The record examines tetrafluoroaluminate (a fluoride/fluoride-analogue) interaction with Al-fluoride/G-proteins (relevant exposure), but the title does not state whether neurotoxic outcomes are measured or whether it is an animal study, so relevance is unclear."
30,"YES — Animal PET study in mice and baboons exposing animals to an F-18–labeled, fluorine-containing COMT inhibitor and reporting brain uptake/distribution (neuropharmacokinetic outcome), so potentially relevant/unclear for fluoride-related neurotoxicity."
31,"YES — The study examines fluorinated aromatic compounds (e.g., fluorobenzene, perfluorotoluene, 1,3,5-tris(trifluoromethyl)benzene) and reports neurotoxic outcomes (excitation, convulsions, anesthetic effects) in an animal anesthetic/convulsant model."
32,"NO — Animal study of fluoride exposure reporting kidney lipid composition and oxidative stress outcomes, not any neurotoxicity-related measures."
33,"NO — This rabbit study used 6-hydroxydopamine for sympathetic denervation (and sodium fluoride only as an in vitro activator of adenylyl cyclase in assays), so it does not examine exposure to fluoride or its analogues as the experimental treatment."
34,"NO — This is an animal (rabbit nephron) study of fluoride effects on renal adenylate cyclase activity, not a neurotoxicity outcome, so it does not meet the neurotoxicity criterion."
35,"NO — Geological/mineralogical study of rare-earth element and thorium mobility in granites mentioning fluoride complexes in fluids, not an animal study and not reporting any neurotoxicity outcomes."
36,NO — This is an in vitro rat pituitary membrane study that uses fluoride to probe G-protein–mediated signaling but does not report any neurotoxicity-related outcomes.
37,"NO — This is an engineering/control-systems paper about a PVDF (polyvinylidene fluoride) micro-manipulator, not an animal study and it does not assess fluoride exposure or neurotoxicity outcomes."
38,NO — This appears to be a pharmacology/medicinal chemistry paper on fluoride-containing CCG derivatives as mGlu receptor agonists and does not report an animal study or neurotoxicity outcomes.
39,NO — this rat study reports enzyme changes and mentions enzyme sensitivity to fluoride in assays but does not involve fluoride (or analogues) exposure as the experimental variable nor report any neurotoxicity outcomes.
40,"NO — This is an in vitro protein expression and 19F-NMR study using 5-fluoro-L-tryptophan in E. coli, not an animal study and it does not report any neurotoxicity outcomes."
41,"NO — This is a review on heme oxygenase-1 and iron in liver inflammation (hepatic disorders), not an animal study of fluoride or its analogues nor reporting neurotoxicity outcomes."
42,"NO — This dog study reports serum inorganic fluoride and renal/hepatic function after methoxyflurane anesthesia (an animal fluoride exposure), but it does not report any neurotoxicity-related outcomes."
43,"YES — The study examines sodium fluoride exposure in isolated mammalian skeletal muscles (an animal-derived preparation), but from the title it is unclear whether any neurotoxicity-related outcomes (e.g., neuromuscular or neural measures) are reported."
44,YES — Rat (animal) pituitary homogenate study in which sodium fluoride (NaF) was used and adenylate cyclase activity (a neuroendocrine/neuronal biochemical outcome) was measured.
45,"NO — This is a physical-organic chemistry study of Troger-base molecular torsion balances examining aromatic interactions with fluorine/trifluoromethyl substituents, not an animal study and it reports no neurotoxicity outcomes."
46,"NO — This is an in vivo rat pharmacokinetic/19F NMR study of a monofluorinated neuroleptic (melperone) reporting drug kinetics and brain concentrations, not any neurotoxicity outcomes."
47,NO — Materials/chemistry study of fluorinated codendrimers with liquid-crystalline properties; no animal subjects and no neurotoxicity outcomes reported.
48,"NO — This appears to be a clinical study of moderate-dose sodium fluoride treatment for otospongiosis in humans (hearing loss/tinnitus/vertigo), not an animal study, so it does not meet the animal-study inclusion criterion."
49,"NO — this is an animal study of a perfluorocarbon (FX-80) reporting uptake/distribution/excretion during liquid breathing in dogs (pharmacokinetics), and it does not report any neurotoxicity-related outcomes."
50,NO — the paper studies fluorinated retinal analogues' effects on visual pigment photosensitivity in bovine/gecko pigments (a biochemical/photoreactivity study) and does not report neurotoxicity outcomes or in vivo animal neurotoxicity data.
51,"NO — Although fluoride is mentioned as a stimulus, this is an in vitro biochemical/neutrophil study (with some rat/human tissue used) reporting respiratory burst immune outcomes rather than any animal neurotoxicity endpoints, so it does not meet the animal neurotoxicity inclusion criteria."
52,"NO — This is an animal study of thyrotoxic myopathy in mice that only mentions sodium fluoride as an in vitro activator in cyclase assays, not as an exposure causing neurotoxic outcomes."
53,"NO — This study compares water-borne fluoride and cortical bone mass between two communities (human bone outcome), not an animal study nor reporting neurotoxicity outcomes."
54,"YES — Animal (bullfrog) study examining neurophysiological outcomes (EPSCs/MEPSCs) after exposure to methane sulfonyl fluoride (MSF), an organosulfonyl fluoride compound affecting acetylcholinesterase."
55,"YES — Rat hippocampal slice (animal-derived) study that included fluoride (10 mM) exposure and measured NMDA-induced intracellular pH, lactate and Ca2+ changes relevant to NMDA-mediated neuronal injury/neurotoxicity."
56,"YES — The study examines fluoride inhibition of intra-axonal noradrenaline transport (a neurotoxic outcome), though the record does not specify whether it was performed in animals versus in vitro."
57,"YES — Animal (guinea-pig) study that involves methanesulphonyl fluoride (MSF, a fluorinated cholinesterase inhibitor) and reports acetylcholine release, a neurochemical outcome related to neurotoxicity."
58,"NO — This is a medicinal chemistry/pharmacology paper describing synthesis and receptor binding of fluorinated dexoxadrol analogues (in vitro affinities), not an animal study nor reporting neurotoxicity outcomes."
59,"YES — The study uses rat brain cryosections and exposes tissue to fluorinated inhibitors (methyl arachidonylfluorophosphate, hexadecylsulphonyl fluoride), but it does not report neurotoxicity outcomes, so inclusion is unclear."
60,"YES — Study exposes bovine retinal (animal) tissue to potassium fluoride and measures cGMP phosphodiesterase activation in rod outer segments (a neural-tissue biochemical outcome), though it reports enzyme activation rather than an explicit neurotoxicity endpoint."
61,"NO — This is a rat brain biochemical study of alkyldihydroxyacetone phosphate metabolism and enzyme activity, not an exposure study of fluoride or its analogues nor reporting neurotoxicity outcomes."
62,"NO — The study (using rat ovarian membranes) examines adenylate cyclase uncoupling and uses NaF as an enzymatic stimulant but reports no neurotoxicity outcomes, so it does not meet the neurotoxicity criterion."
63,NO — This is a synthetic/catalytic chemistry study of fluorinated porphyrin–manganese complexes and does not report any animal experiments or neurotoxicity outcomes.
64,"NO — This is a materials science study measuring the density of molten calcium fluoride (CaF2) and does not involve animals, fluoride exposure in a biological context, or any neurotoxicity outcomes."
65,"NO — This is an in vitro study of rat oral fibroblasts on titanium surfaces (one containing surface fluoride) assessing cell attachment/collagen, not an in vivo animal study and it does not report any neurotoxicity outcomes."
66,"YES — Animal study of sodium fluoride exposure in rats and mice that reports neurological signs (tremor, convulsions, muscle weakness) consistent with neurotoxicity."
67,NO — This is an insect behavioral study testing benzyl acetate derivatives (including selectively fluorinated analogues) as olfactory attractants in fruit flies and does not involve fluoride/fluoride-ion exposure nor report any neurotoxicity outcomes.
68,"NO — This is an anatomical study of primary afferent distribution in cats (with only a passing mention of ""fluoride-resistant acid phosphatase"" as an enzyme property in rats) and does not involve exposure to fluoride/analogues or report neurotoxic outcomes."
69,"NO — This is an in vitro biochemical study of myelin basic protein cleavage (using PMSF/DFP as inhibitors/labels), not an animal study nor a report of neurotoxicity outcomes from fluoride/analogue exposure."
70,"NO — Although fluoride-containing acids are mentioned as a surface-etching method, this review concerns titanium implant surface modification (not animal studies of fluoride exposure) and reports no animal neurotoxicity outcomes."
71,"NO — This is a human genetic/epidemiologic study of CA6 polymorphisms and dental outcomes in children (not an animal study), does not evaluate fluoride or analog exposures as the primary exposure nor any neurotoxicity outcomes."
72,NO — this rabbit study used an argon-fluoride excimer laser as a radiation tool for corneal wounding (not chemical exposure to fluoride/analogues) and does not examine neurotoxicity from fluoride exposure.
73,NO — This is a chemistry/methods paper describing synthesis of a fluorine-labeled PET tracer (m-fluorobenzylguanidine) and does not report an animal study or any neurotoxicity outcomes related to fluoride exposure.
74,"NO — This study concerns organophosphate (and other NTE-inhibitor) exposures (e.g., mipafox, methamidophos, sulfonyl fluoride), not fluoride or its analogues, so it does not meet the exposure criterion despite addressing neurotoxicity in animals."
75,"NO — Animal study of sodium fluoride reporting acute LD50 (mortality) by age/sex without measures of neurotoxicity, so it does not meet the neurotoxicity outcome criterion."
76,NO — Animal study of a mouse submandibular gland glycoprotein (AM1) characterizing enzymatic activity; does not involve fluoride/analogues nor report neurotoxicity outcomes.
77,"NO — This is an in vitro biochemical study purifying chicken liver acid phosphatase that only notes fluoride as an enzyme inhibitor, not an animal exposure experiment reporting any neurotoxicity outcomes."
78,"NO — Animal study of sodium fluoride effects on adenylate cyclase in fetal rat testes (a reproductive/endocrine outcome), not a neurotoxicity outcome."
79,NO — The paper studies polysome responses to inhibitors and neuroactive substances in vitro and does not mention fluoride exposure or an animal study.
80,"NO — This is an animal study of endothelin ETA receptor binding in rat lung post-mortem, with no exposure to fluoride or its analogues and no neurotoxicity outcomes reported."
81,"NO — This is an animal (mouse) study of uterine anandamide synthase/amidase activity during periimplantation and reports reproductive/endocrine findings, not exposure to fluoride (or analogues) nor any neurotoxicity outcomes."
82,"NO — The record title/content makes no mention of fluoride exposure, neurotoxicity outcomes, or animal subjects, so it does not meet the inclusion criteria."
83,"YES — This is an animal (rat) study that used AlF4- (an aluminum fluoride complex, a fluoride-containing analogue) as an exposure and measured cerebral cortex phospholipid (phosphatidylserine) synthesis, a neurobiochemical outcome relevant to neurotoxicity."
84,"NO — This is an animal study of morphine effects on spinal regeneration in rats, not exposure to fluoride or its analogues, so it does not meet the exposure criterion."
85,"NO — Materials-chemistry synthesis paper about fluoro-substituted polymers (poly(amic ethyl ester)s), not an animal study of fluoride exposure or any neurotoxicity outcomes."
86,"NO — Animal study of dogs exposed to sulfur hexafluoride (a fluorinated gas) but reporting pulmonary gas exchange outcomes, not any neurotoxicity measures."
87,"NO — This rat study uses a fluoride treatment technique but investigates cortical bone mass and biomechanical/interfacial properties after ovariectomy, with no outcomes related to neurotoxicity."
88,"NO — although this is an animal (rat) study of brain enzyme activity, it examines anandamide/amidohydrolase biochemistry rather than exposure to fluoride or its analogues or neurotoxicity outcomes."
89,"NO — Animal study reporting neurophysiological effects, but exposure is depleted uranium (not fluoride or a fluoride analogue), so it fails the exposure inclusion criterion."
90,"YES — Animal study (hens) exposing them to phosphorodiamidic fluorides (fluoride-containing compounds) that reports delayed neurotoxicity, histological lesions, and dose-related effects."
91,"NO — This is a chemistry/crystallography study of fluoro-N-(pyridyl)benzamides focusing on molecular conformation and polymorphism, not an animal study and it does not report any neurotoxicity outcomes."
92,"NO — This is an in vitro study using NG108-15 neuronal cell line (not an animal study), so it does not meet the requirement for animal research despite examining sodium fluoride effects on neuronal signaling."
93,"NO — Materials-science study of fluoride-free mold flux viscosities (B2O3/TiO2), not an animal study and reports no fluoride exposure or neurotoxicity outcomes."
94,NO — an animal study of parathyroid hormone analogs on bone in ovariectomized rats that does not involve fluoride (or its analogues) exposure nor report neurotoxicity outcomes.
95,"NO — The record title only indicates a study of pituitary acid phosphatase with no mention of fluoride exposure, neurotoxic outcomes, or that it is an animal study."
96,"NO — This is a soil chemistry survey of fluoride concentrations and their relationships with soil properties (with only a general comment about potential risk to grazing animals), not an animal study and it does not report any neurotoxicity outcomes."
97,"NO — This is a biochemical study of cytosolic factors modulating adenylate cyclase (including fluoride-stimulated activity) in tissue/cell preparations, not an animal neurotoxicity study and it does not report neurotoxicity outcomes."
98,"YES — Animal study in rats testing a trifluoromethyl-containing (CF3) MIF-1 analogue (an organofluorine exposure) with measured nociception/analgesia outcomes, although it’s unclear whether a CF3-containing peptide is considered within ""fluoride and its analogues."""
99,"NO — This is a radiochemistry report describing synthesis of F-18–labeled flunarizine, not an animal study and it does not report any neurotoxicity outcomes."
100,"NO — This is an in vitro study on 3T3-F442A fibroblasts (cell culture) examining GH-stimulated MAP kinase activity (with fluoride used as an in vitro inhibitor), not an animal study and it does not report neurotoxicity outcomes."
101,"YES — The record examines nervous-system involvement in toxicity from heavy products of C2F4 (a fluorinated compound), addressing neurotoxicity-related outcomes; the title does not specify species so the animal-study status is unclear but plausibly experimental."
102,"NO — This is a materials/adhesion study examining algal (Navicula, Ulva) attachment to fluorinated vs PEGylated polymer surfaces, not an animal study and it does not report any neurotoxicity outcomes."
103,"NO — This is a chemical synthesis and biochemical probe study of fluorinated cyclitols targeting enzymes of the phosphoinositide pathway, not an animal study assessing fluoride exposure or neurotoxicity outcomes."
104,"NO — Although the paper mentions fluoride-pretreated substrates, it reports in vitro cytocompatibility of osteoblasts and materials characterization (no neurotoxicity outcomes) and is not an animal study."
105,"NO — This rabbit implant study involves a magnesium-fluoride coating (fluoride exposure) but assesses implant degradation, bone remodeling, and mechanical properties, with no outcomes related to neurotoxicity."
106,"NO — This is a pharmacology study of fluorine-substituted neuroactive amine analogs focusing on adrenergic receptor selectivity, not an animal study nor reporting neurotoxicity outcomes."
107,NO — This is an animal xenograft study of the fluorinated chemotherapy vinflunine assessing antitumour efficacy and does not report fluoride exposure per se nor any neurotoxicity-related outcomes.
108,"NO — Animal study of cholinergic efferent signaling in Xenopus lateral line (effects of apamin, ryanodine, dyes) with no exposure to fluoride or its analogues and not assessing fluoride-related neurotoxicity."
109,"NO — This is an experimental petrology/mineralogy study of F and Cl partitioning in biotite/phonolite at high temperature and pressure, not an animal study of fluoride exposure or any neurotoxicity outcome."
110,"YES — In an insect (animal) study the authors exposed olfactory receptor neurons to fluorinated ketone analogues (trifluoromethyl/difluoromethyl ketones) and reported reversible inhibition and altered neuronal response latencies, i.e., neurophysiological/neurotoxic effects."
111,"NO — The study uses aluminum fluoride as a G-protein activator in an in vitro rat mast cell line to examine K+ channel regulation, not an in vivo animal neurotoxicity study nor reporting outcomes related to neurotoxicity."
112,"NO — This is an in vitro/biophysical study of rhodopsin using a fluorinated retinal analog, not an animal study and it does not report any neurotoxicity outcomes or systemic fluoride exposure."
113,"NO — This is a materials/polymer study of PVDF/silicone rubber blends reporting morphology, rheological, thermal and mechanical properties, not an animal study and it does not assess fluoride exposure or any neurotoxicity outcomes."
114,NO — This is a materials/chemistry study on dispersion of fluorinated-functionalized carbon nanotubes in lubricants and does not involve animals or report any neurotoxicity outcomes.
115,YES — Animal study in rats exposed to fluoride (150 ppm) that reports neurotoxicity-relevant outcomes including plasma and RBC acetylcholinesterase activity and oxidative-stress markers.
116,NO. This is an in vitro study using NG108-15 neuronal cell membranes (not an animal experiment) reporting adenylate cyclase signaling effects of NaF rather than in vivo neurotoxicity outcomes.
117,"NO — This is a pharmacology study of dopamine agonists on adenylate cyclase in porcine/rat pituitary preparations and does not involve fluoride (or analogues), neurotoxicity outcomes, or an in vivo animal exposure to fluoride."
118,"NO — Although this is an animal study of sodium fluoride exposure, the outcomes are liver enzyme activities and hepatic morphology, not any measures of neurotoxicity."
119,"NO — This is a PET study in healthy human volunteers (not an animal study), so it does not meet the requirement for an animal study despite involving fluorinated quinolones and neuro-related outcomes."
120,"YES — Rat study exposing animals to sodium fluoride in drinking water (15–60 mg NaF/L) with neurotoxicity-related hippocampal outcomes (CaMKIIα, c-fos, Bax, Bcl-2) reported."
121,NO — This is a review about captive American kestrels and their use in wildlife/toxicology research (mentions DDT/DDE) and does not describe animal research exposing subjects to fluoride or report neurotoxicity outcomes.
122,NO — This is a methods/review paper on 19F NMR spectroscopy (applications in biology/medicine) and does not report an animal study of fluoride exposure or neurotoxicity outcomes.
123,"YES — The record concerns fluorinated phenyl ethanolamines (organofluorine exposure) and reports pharmacological properties, so it meets the exposure criterion though it’s unclear from the title whether neurotoxicity outcomes or animal experiments are reported."
124,"NO — This is a theoretical study of catecholamine receptor binding in membranes and does not involve fluoride exposure, neurotoxicity outcomes, or an animal experimental model."
125,"YES — This is an animal study of leu-enkephalin analogues containing fluorinated aromatic amino acids (organofluorine exposure) reporting effects on electrically induced contractions in guinea-pig ileum and mouse vas deferens, so its relevance to fluoride/analogue neurotoxicity is unclear."
126,"NO — This is a synthetic chemistry study of fluorinated ferrocenes (molecular synthesis, characterization, and redox behavior) and does not report any animal experiments or neurotoxicity outcomes."
127,"NO — Animal study of chronic CRF1 receptor blockade with antalarmin in rats, not an exposure to fluoride or its analogues, so it does not meet the exposure criterion."
128,NO — this is an animal biodistribution study of a fluorinated radiotracer ([18F]FETA) reporting tumor and organ uptake (including brain-to-blood ratios) but it does not report any outcomes related to neurotoxicity.
129,"NO — The study used primary mouse astrocyte cultures treated with sodium fluoride (in vitro) to model ischemia and glial swelling, not an in vivo animal study as required."
130,"NO — This is a materials-science study of polymer miscibility (polychloroprene/PEMA), not an animal study, and it does not involve fluoride exposure or any neurotoxicity outcomes."
131,NO — This is a geology/petrology study of F-bearing rocks and melt generation (no animals and no neurotoxicity outcomes reported).
132,NO — This is a clinical/review article about perfluorocarbon oxygen carriers and haemoglobin solutions (fluorinated hydrocarbons) focused on oxygen delivery and clinical development and does not report animal studies of neurotoxicity or exposure to fluoride ion.
133,"YES — Animal (insect) study exposing Ceratitis capitata neural tissue to fluoride and a non-hydrolysable GTP analogue, measuring neural outcomes (adenylate cyclase activity and G-protein ADP-ribosylation), which are relevant neurobiological endpoints."
134,"NO — This is an animal study of shock wave-induced brain injury using micro-explosions of silver azide, not exposure to fluoride or fluoride analogues, so it does not meet the inclusion criterion."
135,NO — Describes synthesis and in vitro autoradiography of an 18F-labeled PET ligand in rat brain tissue but does not report any animal neurotoxicity outcomes or an in vivo animal neurotoxicity study.
136,"NO — although this animal embryology study used NaF (sodium fluoride) as a metabolic poison and reports cation transport kinetics in vertebrate embryos, it does not report any neurotoxicity-related outcomes."
137,YES — Rat study of prolonged isoflurane exposure (a volatile anesthetic metabolized to fluoride) that reports brain histology/neurotoxicity outcomes (and discusses effects possibly due to fluoride metabolites).
138,"YES — Animal study in rats examining the effects of fluorine-containing organic compounds on the nervous (tooth) system, meeting the exposure (fluorine/analogues) and neurotoxicity-related outcome criteria."
139,"NO — this is an in vitro study using PC12 cell membranes (not an animal study) that examines synaptic vesicle formation and only mentions aluminum fluoride as an experimental inhibitor, not an animal neurotoxicity exposure/outcome."
140,"NO — This is a viral infection study (Theiler's murine encephalomyelitis virus) examining protease-mediated myelin damage in mice, not an exposure to fluoride or its analogues."
141,"NO — this is a study of disopyramide’s effects on squid giant axon ionic currents (an anti‑arrhythmic drug), not exposure to fluoride or its analogues, so it does not meet the exposure criterion."
142,"NO — This is an environmental hydrogeology study about groundwater ionic chemistry (including fluoride) and management, not an animal study and it reports no neurotoxicity outcomes."
143,"NO — This is an in vitro study of Acanthamoeba proteases and corneal epithelial cytopathic effects and does not involve fluoride exposure, neurotoxicity outcomes, or animal experiments."
144,YES — Animal (rat) study of fluoride exposure from coal-burning fluorosis measuring neurotoxic outcomes (learning/memory by Morris water maze) and brain nAChR mRNA/protein changes.
145,"NO — Although it examines effects of fluoride (and phosphate) on bone mechanical properties, it reports compressive/bone outcomes rather than any neurotoxicity measures and is not described as an animal neurotoxicity study."
146,"NO — This is a molecular/pharmacology study of a fluorinated dopamine-transporter ligand (and related binding/mutagenesis), not an animal study of fluoride (or analogue) exposure reporting neurotoxicity outcomes."
147,"NO — This is an in vitro methods paper using fluorinated silanes to pattern neurite outgrowth in cultured hippocampal neurons, not an animal study of fluoride (or analogue) exposure assessing neurotoxic outcomes."
148,NO — This is a biochemical study of diglyceride kinase activity in rat brain with no exposure to fluoride or its analogues and no neurotoxicity outcomes reported.
149,NO — The study investigates choline acetyltransferase properties in squid ganglia and does not involve exposure to fluoride or its analogues nor report neurotoxicity outcomes.
150,"NO — The study exposes cultured fetal rat bones to a fluorinated bisphosphonate (F2MBP) and reports bone uptake/resorption outcomes, but does not assess any neurotoxicity-related measures."
151,NO — This is a chemical potentiometric titration study of Sn(II)-fluoride complex stability and does not report an animal study or any neurotoxicity outcomes.
152,NO — this is an animal neurophysiology study of phospholipases C on squid axon excitability and does not involve exposure to fluoride or fluoride analogues.
153,NO — This study examines protease effects on fowl sperm motility (axonemal/flagellar function) and does not involve fluoride or its analogues nor report neurotoxicity outcomes.
154,"NO — This is a medicinal-chemistry/electrophysiology study of mexiletine analogs (one compound contains a covalently bound fluorine atom) tested on sodium currents in muscle fibers, not an animal study of fluoride or fluoride-analogue exposure reporting neurotoxicity outcomes."
155,YES — Animal study of perinatal sodium fluoride exposure in rats reporting neurobehavioral outcomes (territorial aggression and sexual behaviour) relevant to neurotoxicity.
156,"NO — This is a human clinical trial of alfacalcidol (a vitamin D analog) focused on bone outcomes (BMD, fractures, falls) and not an animal study, does not involve fluoride or its analogues, nor report neurotoxicity outcomes."
157,"YES — Animal studies of a fluorinated memantine derivative (19F/18F‑MEM) are reported with electrophysiological NMDA receptor channel blockade and biodistribution in mice (and PET in rhesus), providing neurophysiological outcomes relevant to neurotoxicity."
158,NO — The study investigates tPA/plasminogen effects on amyloid‑beta neurotoxicity (and appears in vitro) and does not involve fluoride or its analogues as the exposure.
159,"NO — This is an in vitro biochemical study of myocardial adenylate cyclase (using fluoride as an assay activator), not an in vivo animal study of fluoride exposure nor does it report neurotoxicity outcomes."
160,"NO — Animal study of sodium fluoride focusing on bone metabolism/bone loss in mice, with no neurotoxicity outcomes reported."
161,"NO — in vitro cell-free endosome fusion study using BHK-21-derived fractions with no fluoride/analogue exposure, no neurotoxicity outcomes, and not an in vivo animal study."
162,"NO — The study examines halothane effects on cAMP in rat brain and does not involve exposure to fluoride or fluoride analogues (sodium fluoride is only mentioned for comparison), so it fails the exposure criterion."
163,NO — Materials chemistry study on hydrothermal synthesis using NaF with no animal experiments or any neurotoxicity outcomes reported.
164,"YES — This animal (guinea-pig) study tests the anticholinesterase mipafox (NN-diisopropylphosphodiamidic fluoride) and reports effects on cholinergic neurotransmission/cholinesterase potentiation in ileum muscle strips, which are neurotoxicity-relevant endpoints."
165,NO — This is an in vitro enzymatic study of a purified chicken oviduct ecto-ATPDase (mentions fluoride as an inhibitor) and does not report any neurotoxicity outcomes or an in vivo animal exposure study.
166,YES — Animal study in rats exposed to sodium fluoride (and lead) reporting neurotoxicity-related outcomes (learning ability and hippocampal glutamate and enzyme activity).
167,"NO — This is a materials/chemistry paper on dendronized polyimides and their application in LCD alignment, with no fluoride exposure, neurotoxicity outcomes, or animal study described."
168,"NO — Animal pharmacology/radiotracer study of fluorinated benzazepine derivatives reporting receptor binding and brain biodistribution/PET uptake in rats and monkeys, not assessing or reporting any neurotoxicity outcomes."
169,"YES — Postnatal rat study testing triflusal (a fluorinated salicylate) with measured neurotoxicity-related outcomes (neduction of neurodegenerative area and changes in inflammatory/neurotoxic markers iNOS, COX-2, IL-1β, TNF-α)."
170,"YES — Animal study administering fluorinated quinazolinone derivatives to mice with neurotoxicity assessed (rotarod test), so it reports neurotoxicity outcomes following exposure to fluorinated compounds."
171,"YES — Mouse study examining incorporation of diisopropyl fluorophosphate (DFP, a fluorine-containing organophosphate) into brain tissue, which is an animal exposure involving a fluorinated compound and relevant to neurotoxicity."
172,"NO — This is an animal study of unspecified ""metals"" (not fluoride or analogues) measuring taste threshold and tongue epithelium enzyme activity, not fluoride exposure or neurotoxicity outcomes."
173,"NO — This is an epidemiologic review of drinking-water chemical contaminants (including fluoride) and human health outcomes, not an animal study reporting fluoride-related neurotoxicity."
174,"NO — This is an in vitro biochemical study of pyrenebutyl methylphosphonofluoridate labeling of Torpedo californica acetylcholinesterase (enzyme chemistry/fluorescence), not an in vivo animal study reporting neurotoxicity outcomes."
175,"YES — Animal study in newborn pigs reporting neuro outcome (vasogenic brain edema) after exposure to 4-(2-aminoethyl)benzenesulfonyl fluoride (a sulfonyl fluoride compound), so meets exposure and neurotoxicity criteria (though it is an organosulfonyl fluoride rather than inorganic fluoride)."
176,"YES — Animal study in hens exposed to diisopropyl phosphorofluoridate (DFP, a phosphorofluoridate organophosphate), reporting delayed neurotoxicity (OPIDN) and changes in neurofilament subunit mRNA expression."
177,"NO — This is an in vitro biochemical study of 9-cis-retinoyl fluoride reacting with bovine opsin (protein chemistry), not an animal study reporting any neurotoxicity outcomes."
178,"NO — This is a review of magnetic resonance spectroscopy applications (including 19F MRS of fluorinated drugs like fluoxetine), not an animal study of fluoride (or analogue) exposure reporting neurotoxicity outcomes."
179,"NO — The study examines chemical modification of a renal Na+/HCO3- cotransporter (effects on bicarbonate/Na+ transport and glycosylation) with reagents like FITC, DTT, carbodiimide, etc., not fluoride or analogues, and does not report neurotoxicity outcomes or an in vivo animal exposure."
180,"NO — This methods-focused paper on COMT activity assays does not involve exposure to fluoride or its analogues, does not report animal neurotoxicity outcomes, and is therefore not relevant to the inclusion criteria."
181,"NO — This is an in vitro 19F NMR study of fluorinated amino acids incorporated into avian lysozymes (protein/biophysical work), not an animal exposure study and it does not report any neurotoxicity outcomes."
182,"YES — Animal study exposing rats to halothane (a fluorinated anesthetic) and measuring brain binding and anaesthetic (neurofunctional) effects by 19F-NMR, meeting the exposure and neuro-related outcome criteria."
183,NO — This is an animal (Xenopus) study of liver sex-steroid binding proteins and merely mentions diisopropyl fluorophosphate as a protease inhibitor; it does not examine exposure to fluoride (or relevant analogues as the exposure of interest) nor report any neurotoxicity outcomes.
184,"NO — This is an in vitro study of PVDF-based nanoparticles (fluorinated polymer) focusing on tumor angiogenesis/cell uptake, not an animal study and it does not report any neurotoxicity outcomes."
185,"NO — Animal study of fluoride exposure but measures sperm quality and testicular histology (reproductive outcomes), not neurotoxicity."
186,NO — an in vitro dentin laser-ablation study on extracted human teeth (using an HF laser as a laser type) with no chemical fluoride exposure relevant to neurotoxicity and not an animal study.
187,"NO — This is an in vitro biochemical study of fluoride effects on adenylate cyclase in rat fat cells (cell/tissue level), not an in vivo animal study and it does not report any neurotoxicity outcomes."
188,NO — This is a materials/chemistry paper on synthesis and surface properties of fluorinated monomers/polymers (perfluoroalkyl/perfluoropolyether) and does not report any animal experiments or neurotoxicity outcomes.
189,NO — This study examines melatonin receptor expression and G-protein–mediated responses in Xenopus oocytes and does not involve exposure to fluoride (or analogues) nor report neurotoxicity outcomes.
190,"NO — This is a synthetic chemistry study describing hydrometallation to make Lewis acidic organometallic compounds, with no animal experiments, no fluoride (or analogues) exposure, and no neurotoxicity outcomes reported."
191,YES — Animal study exposing frogs to sodium fluoride with outcomes on the neuromuscular end plate (a neurophysiological/neurotoxic outcome).
192,YES — Frog (animal) electrophysiology study exposing skin/nerve tissue to sodium fluoride and reporting changes in afferent nerve impulses (neurophysiological outcome).
193,NO — This is an animal study of estradiol-induced hormonal changes in ovariectomized monkeys and does not involve fluoride exposure or report neurotoxicity outcomes.
194,"YES — Animal (rat) study of fluoride exposure that reports brain fluoride accumulation and neurotoxicity-related outcomes (lipid peroxidation, TBARS, catalase, and SH groups)."
195,"YES — Animal study of mice exposed to high fluoride assessing mitochondrial dysfunction (a potential neurotoxic outcome), though neurotoxicity is not explicitly specified in the title."
196,"YES — Animal study involving F-18–labeled fluoroamphetamine exposure with measurements of brain uptake/retention (radiotracer distribution), but it does not report explicit neurotoxicity outcomes so relevance to fluoride neurotoxicity is unclear."
197,"NO — This is a methods paper describing an SDS-based immunoassay for detecting protease-resistant prion protein (BSE) and does not involve fluoride (or analogue) exposure, report neurotoxicity outcomes, or constitute an animal exposure study."
198,NO — this is an animal study of femtosecond laser ophthalmic procedures (in rabbit eyes) and does not involve exposure to fluoride or its analogues nor report any neurotoxicity outcomes.
199,"YES — The title indicates experimental acute toxicity testing of aliphatic fluorine compounds (fluoride analogues), likely in animals, though the record does not specify whether neurotoxicity outcomes were measured."
200,"YES — Animal study in rats exposed to perfluorinated blood substitutes (Fluosol-DA), reporting pentobarbital-induced sleep time (a neurobehavioral/CNS outcome) after fluoride-analogue exposure."
201,"NO — The paper uses fluoride (KF) as a laboratory reactivating reagent to detect organophosphate nerve-agent–inhibited BuChE in rhesus monkeys, but the animals were exposed to nerve agents (not fluoride or its analogues), so it does not meet the exposure criterion."
202,"YES — Animal study in mice and rats of phenylmethanesulfonyl fluoride (a sulfonyl-fluoride compound) reporting brain uptake and effects on acetylcholinesterase distribution/activity, which is a neurotoxicity-related outcome."
203,NO — This is an ophthalmic laser ablation study (human cadaver and rabbit corneas) with no fluoride/fluoride-analogue exposure and no neurotoxicity outcomes reported.
204,"NO — This is a geochemical/physical-chemistry study of NaF fluid inclusions and phase behavior, not an animal study and it does not report any neurotoxicity outcomes."
205,"NO — This is a biochemical/molecular study of fluoroaluminate activation of transducin (cGMP cascade), not an animal study and it does not report any neurotoxicity outcomes."
206,YES — Animal study in which rats were exposed intraventricularly and intravenously to the fluorinated Ca2+ indicator 5F-BAPTA (a fluorine-containing analogue) and intracellular Ca2+ was measured in brain (an outcome relevant to neurotoxicity).
207,NO — This is a biochemical study purifying a palmitoyl-protein thioesterase from bovine brain and does not involve exposure to fluoride (or analogues) nor report any neurotoxicity outcomes in an animal study.
208,NO — This is an anatomical/molecular study of prostatic acid phosphatase (TMPase/FRAP) expression in mouse and rat nociceptive neurons and does not involve fluoride exposure or report neurotoxicity outcomes.
209,YES — Animal study exposing cabbage looper moths to a perfluorinated (nonafluoro) pheromone analog and reporting altered male behavioral/neuronal outcomes (preflight activation and failure to orient/fly upwind).
210,YES — Animal study in rats exposed to sodium fluoride (NaF) reporting increased brain apoptosis (a neurotoxicity outcome) with mechanistic data linking effects to JNK phosphorylation.
211,"YES — Animal (mouse) study with fluoride (NaF) exposure that reports brain metal concentrations (increased brain Al) and pup/dam tissue changes, outcomes relevant to neurotoxicity."
212,"NO — This is a theoretical/physical chemistry study simulating femtosecond spectra of sodium–fluoride clusters (Na_nF_n-1) and optimization of laser pulses, not an animal study nor reporting any neurotoxicity outcomes."
213,"YES — Isolated squid photoreceptor (animal) tissue was exposed to aluminum fluoride (AlF4−), a fluoride analogue, and neuronal signaling outcomes (IP3/IP2/PIP2 changes) were measured, meeting the exposure and neuro-related outcome criteria."
214,NO — This is an in vitro biochemical study of soman interaction with beta-cyclodextrin (measuring AChE inhibition and fluoride release in Tris buffer and human plasma) and does not report any animal experiments.
215,"NO — This is an animal study of denervation effects on muscle energy metabolism and circulation using a perfluorocarbon tracer for 19F-MRS, not a study of fluoride (or analogue) exposure producing neurotoxic outcomes."
216,"NO — In vitro methods paper about laser-modified fluoropolymer surfaces and CHO cell adhesion (not an animal study, not an exposure to fluoride/analogues causing neurotoxicity outcomes)."
217,"NO — This is a chemistry-focused paper on iron/manganese speciation and solubility (briefly mentioning ferric fluoride complexes), not an animal study and it does not report any neurotoxicity outcomes or animal exposures to fluoride."
218,"NO — Animal study of fluorine-exposed cows measuring tissue vitamin C distribution and adrenal/pituitary respiration, not reporting any neurotoxicity-related outcomes."
219,"YES — Rat-derived brain and plasma enzymes were tested for inhibition by fluoride ion, reporting cholinesterase/monoamine oxidase kinetic effects (neurotoxicity-relevant outcomes) from animal tissues."
220,"NO — This is an in vitro biochemical study of a fluorinated GABA-aminotransferase inactivator using pig brain enzyme preparations, not an in vivo animal study and it does not report neurotoxicity outcomes."
221,NO — This is a review/overview of fluoro-organic compounds that discusses reported neurotoxic effects in vertebrates but does not present an original animal study with exposure and outcomes.
222,"NO — The exposure is maternal caffeine (not fluoride or analogue); fluoride is only measured as a metabolic outcome in pups and neurotoxicity outcomes are not reported, so it does not meet the inclusion criteria."
223,"YES — Intracellular fluoride (77 mM) was applied to isolated snail (Helix pomatia) neurons and its effects on potassium currents were measured, making this an animal study reporting neuronal electrophysiological outcomes relevant to neurotoxicity."
224,"NO — This is a biochemical study of intrinsic protein kinase activity in lyophilized tubulin from porcine brain and does not involve fluoride exposure, neurotoxicity outcomes, or an in vivo animal exposure study."
225,"YES — The study examines increased fluoride (fluorine) in drinking water and reports brain bioelectrical activity (a neurotoxicity-related outcome) under experimental conditions, indicating an animal experiment."
226,"YES — Study involves a fluoride analogue (MgAl-F) and reports in vivo application, but it provides no clear neurotoxicity outcomes and it is unclear whether the in vivo work was performed in animals or humans."
227,"NO — This is an animal study of nerve growth factor effects after sciatic nerve section and does not involve exposure to fluoride or its analogues, so it does not meet the exposure criterion."
228,NO — this is a review article on sevoflurane (a fluorinated anesthetic) that summarizes animal and human data but is not an original animal study reporting neurotoxicity outcomes.
229,"NO — study examines effects of divalent cations on squid giant axon excitation, not exposure to fluoride or its analogues (and not a fluoride neurotoxicity study)."
230,NO — This is a materials-science study of fluorination effects on Hg–Cu oxide superconductors (structure and Tc) and does not involve animal experiments or report any neurotoxicity outcomes.
231,"YES — Insect (animal) study exposing subjects to selectively fluorinated analogs and measuring neurophysiological olfactory responses (electroantennograms), meeting the exposure (fluorinated compounds) and neurotoxicity-related outcome criteria."
232,"NO — This is an in vitro/materials study (corrosion tests in artificial saliva and fibroblast cell-line cytotoxicity) of Ti-In alloys (with NaF used in corrosion testing), not an animal study and it does not report neurotoxicity outcomes."
233,"NO — This is an animal study of organophosphate (tri-o-cresyl phosphate)-induced delayed neurotoxicity in hens, not an exposure to fluoride or its analogues."
234,"NO — This study tests fluorinated enkephalin analogues in vitro and for analgesic effects in animals (mice, guinea-pig tissue) but does not report any neurotoxicity outcomes."
235,"NO — This is a synthesis and pharmacological evaluation of a difluorinated metoprolol analog as a beta-adrenergic blocker, with no animal study or neurotoxicity outcomes reported."
236,NO — This is an in vitro study of protein phosphorylation in Drosophila heads (including learning mutants) with no exposure to fluoride or its analogues and no neurotoxicity outcomes reported.
237,"NO — This is a human study of lithium carbonate (not fluoride or a fluoride analogue) in normal volunteers, so it does not involve the required fluoride exposure nor is it an animal study."
238,"NO — This is an in vitro study on perifused rat anterior pituitary cells examining TRH-mediated Mn2+ (and an F− G-protein activator) effects on cation entry, not an in vivo animal study nor does it report any neurotoxicity outcomes."
239,"YES — Animal (rat) study reporting sodium fluoride (NaF)-stimulated adenylate cyclase activity in cerebral microvessels, a brain-related outcome measure."
240,YES — Animal (mouse) study of fluoride in drinking water (10–100 mg F/L) reporting neurotoxicity outcomes (learning/memory performance and brain cholinesterase activity).
241,"NO — This paper discusses pressure reversal of general anesthesia and the critical volume hypothesis, not fluoride exposure or animal neurotoxicity outcomes."
242,"YES — Animal study in hens exposed to diisopropyl phosphorofluoridate (DFP, a phosphorofluoridate organophosphate containing fluorine) reporting neurotoxicity outcomes (OPIDN, ataxia, and cytoskeletal protein alterations)."
243,NO — This is a human clinical/practice report on nutrition of preterm infants (not an animal study) that only mentions fluoride as a recommended supplement and does not report animal neurotoxicity outcomes.
244,"NO — Although this animal study evaluates a fluorinated (F‑18/F‑19) NMDA ligand in rats, it reports biodistribution and receptor binding rather than any neurotoxicity outcome measures."
245,"NO — Although fluoride was used as a nonhormonal activator, the study measures adenylate cyclase activity in the rhesus macaque corpus luteum (endocrine/reproductive endpoint) and does not report any neurotoxicity outcomes."
246,"NO — This is an in vitro biochemical study of phenylmethylsulfonyl fluoride (PMSF) on proteolysis in chick liver homogenates, not an in vivo animal neurotoxicity study of fluoride or its relevant analogues."
247,YES — Study exposes boll weevil insects to fluorinated analogs of pheromone aldehydes and reports electrophysiological/EAG antenna responses (a neurophysiological outcome) in an animal model.
248,"NO — Geological mineral study of hypersaline fluid inclusions (fluorite presence) in Vesuvius syenites, not an animal study nor reporting any neurotoxicity outcomes."
249,"NO — This is a chemistry review about self-disproportionation of enantiomers in achiral chromatography and does not involve fluoride exposures, neurotoxicity outcomes, or any animal study."
250,NO — this is a radiochemistry/production methods paper on generating fluorine-17 fluoromethane (from proton-irradiated neon) and does not report an animal study or any neurotoxicity outcomes related to fluoride exposure.
251,"NO — Although it involves AlF4-, this is an in vitro biochemical study on turkey erythrocyte membranes measuring phospholipase C/adenylate cyclase activity, not an in vivo animal study and it does not report any neurotoxicity outcomes."
252,"NO — This is an animal study of cadmium exposure (cadmium chloride) reporting neurochemical outcomes, not fluoride or fluoride-analogue exposure, so it does not meet the fluoride-exposure inclusion criterion."
253,NO — The record describes an enzymatic dephosphorylation study in sheep brain and does not involve exposure to fluoride or report neurotoxicity outcomes.
254,NO — This paper describes an in vitro ELISA assay and inhibitor screening for botulinum neurotoxin B (using a rabbit-derived antiserum) and does not involve fluoride/analog exposure nor report animal neurotoxicity outcomes.
255,NO — This is a physicochemical study of fluorinated surfactants (surface adsorption/micellization) and does not involve animals nor report any neurotoxicity outcomes.
256,NO — This is an in vitro study of 4‑hydroxynonenal effects on cultured rat neurons (not an in vivo animal study) and does not investigate fluoride or its analogues as the exposure (aluminum fluoride is only used as an experimental reagent).
257,"NO — This is an analytical/methods study using fluorinated derivatization reagents to measure endogenous 5‑methoxyindole‑3‑acetic acid in rat tissues, not an animal exposure study of fluoride or its analogues nor reporting any neurotoxicity outcomes."
258,"YES — the study reports fluorine‑substituted (fluorinated) analogues and mentions preliminary behavioural tests (likely animal), but it is unclear whether these are animal neurotoxicity outcomes or constitute exposure to fluoride per se."
259,"YES — Animal (squid giant axon) experimental study that perfused KF (potassium fluoride) and monitored action potentials/excitability, a neurotoxicity-relevant outcome."
260,NO — This is a synthetic polymer chemistry study of fluorinated monomers with no animal experiments or neurotoxicity outcomes reported.
261,NO — This is an in vivo canine study of parathyroid hormone effects on renal PTH receptors and does not investigate exposure to fluoride or its analogues nor any neurotoxicity outcomes.
262,"NO — This is a biochemical study purifying arylsulfatases from ox brain tissue, not an animal study of fluoride (or analogue) exposure or neurotoxicity outcomes."
263,NO — This is an animal study of the cannabinoid agonist ACEA and antiepileptic drugs in mice with no exposure to fluoride or fluoride analogues reported.
264,"NO — This is an in vitro biochemical study using PC12 cells (not an animal study) characterizing S6 kinase activity; although NaF is mentioned as an inhibitor, the paper does not report an animal neurotoxicity outcome."
265,"NO — This is a biochemical study on purification and properties of a fungal lipase and does not involve fluoride exposure, neurotoxicity outcomes, or an animal model."
266,"NO — This is a materials science study on hydrogen embrittlement of Ni-Ti alloys in fluoride-containing solutions (mechanical properties), not an animal study nor reporting neurotoxicity outcomes."
267,"YES — Ex vivo rat brain-slice study exposing tissues to aluminum fluoride (AlF4-) and measuring NMDA-stimulated dopamine release, a neurofunctional outcome relevant to neurotoxicity."
268,"NO — The title describes a link between nociception and fluoride-resistant acid phosphatase enzyme activity, not research on exposure to fluoride or its analogues in an animal model."
269,"NO — This is an in vitro biochemical study of G-proteins (using cell lines and activators like AlF4−) and does not report animal data, neurotoxicity outcomes, or relevant fluoride exposure."
270,"NO — Animal study of dietary fluoride in broiler chickens reporting intestinal oxidative stress and antioxidant markers in the gut, but it does not report any neurotoxicity-related outcomes."
271,NO — This is a chemistry/pharmaceutical methods paper on hemifluorinated surfactants and nanoemulsions (including sevoflurane stability) and does not report any animal experiments or neurotoxicity outcome measures.
272,"YES — The title indicates use of polyvinylidene fluoride (PVDF) film (a fluorinated polymer) to detect nerve excitation, but it appears to be a methodological study rather than one of fluoride exposure/neurotoxicity and the animal/ exposure details are unclear, so retain for further screening."
273,"NO — This is a materials/physical chemistry study of PVA/DMSO/water solution and gelation behavior, not an animal study, and it does not involve fluoride exposure or report neurotoxicity outcomes."
274,"NO — this is a synthetic/physical-chemistry study of fluorinated Y-enynes and their solvatochromic/photophysical properties, not an animal study and it does not assess neurotoxicity or biological exposure to fluoride."
275,"NO — This is an in vitro enzymology study of beta‑phosphoglucomutase inhibition by magnesium fluoride as a transition‑state analogue, not an animal study and it does not report any neurotoxicity outcomes."
276,YES — Animal study in developing rats exposed prenatally and postnatally to fluoride (200 ppm) with brain neurotoxicity outcomes measured (lipid peroxidation and antioxidant enzyme activities).
277,NO — This is an in vitro biochemical study of an enkephalin-degrading aminopeptidase from rat brain (kyotorphin hydrolysis) and does not involve exposure to fluoride or its analogues nor report neurotoxicity outcomes.
278,"NO — Animal study with fluoride exposure, but outcomes measured lipid peroxidation and antioxidant enzymes in serum, liver and kidney (no brain, neurobehavioral or other neurotoxicity measures reported)."
279,"YES — Animal (hen) study reporting neurotoxic outcomes (monolateral ataxia/delayed neuropathy) after exposure to diisopropylfluorophosphate (a fluorophosphate) and phenylmethanesulphonyl fluoride, which are fluoride-containing organophosphate compounds relevant as fluoride analogues."
280,YES — Animal (hen) study reporting neurotoxicity outcomes (neurofilament changes and OPIDN) with exposure to phenylmethylsulfonyl fluoride (a sulfonyl fluoride compound) and tri‑o‑cresyl phosphate.
281,"YES — Study uses rat cerebral cortex (animal tissue) and examines effects of sodium fluoride on calcium-dependent adenylate cyclase activity, a neural biochemical outcome potentially relevant to neurotoxic mechanisms."
282,"NO — This is an animal study using sodium fluoride but measures adenylate cyclase/phosphodiesterase activity in rabbit ureter (non-neural tissue), not any neurotoxicity-related outcome."
283,"NO — This study concerns dibutyryl cAMP and brain lipid metabolism, not exposure to fluoride or its analogues, so it does not meet the exposure criterion for inclusion."
284,"YES — Study uses rat brain tissue (animal) and reports effects involving NaF (sodium fluoride) on adenylate cyclase activity, a neurobiological outcome."
285,"NO — The study characterizes a serine peptidase in rat brain and uses phenylmethylsulfonyl fluoride as an enzyme inhibitor, but it does not investigate exposure to fluoride (or relevant fluoride analogues) nor report any neurotoxicity outcomes."
286,NO — Animal study of protein kinases in rat brain myelin with no mention of fluoride (or its analogues) exposure or neurotoxicity outcomes.
287,NO — This animal study examines TOCP-induced neuropathy and the protective effect of phenylmethylsulfonyl fluoride (PMSF); it does not study fluoride exposure or a relevant fluoride analogue as the neurotoxicant.
288,"NO — this is a rat study of long-term lithium treatment (not fluoride or a fluoride analogue), so it does not meet the exposure criterion."
289,NO — The paper uses [18F] for radiolabeling and reports biodistribution in mice but does not investigate fluoride/analogue exposure effects or report any neurotoxicity outcomes.
290,"NO — The study is a rabbit adipocyte cytochemistry paper that only mentions ""fluoride-resistant"" esterase activity in an assay, does not involve fluoride (or analogues) exposure as the experimental variable, and reports no neurotoxicity outcomes."
291,"NO — this is an in vitro biochemical study of anandamide/eicosapentaenoyl ethanolamide hydrolysis in mouse splenocytes, not an animal study of fluoride (or analogue) exposure nor reporting neurotoxicity outcomes."
292,NO — This is a materials-science paper on fabrication/characterization of PVDF membranes (polyvinylidene fluoride) and does not report any animal experiments or neurotoxicity outcomes.
293,"NO — Although it is an animal study of fluoride ion exposure in mice, the outcome measured is muscarinic agonist binding in myocardium (cardiac tissue), not any neurotoxicity-related outcome."
294,"NO — The study investigates vinpocetine (a vincamine derivative) effects on axoplasmic transport in animals, not exposure to fluoride or fluoride analogues, so it does not meet the inclusion criterion."
295,"YES — Rat study administering C-14–labeled soman (a phosphoryl-fluoride nerve agent) with autoradiography showing localized brain accumulation, meeting animal + fluoride-analogue exposure and neurotoxicity-related outcome criteria."
296,NO — The paper describes synthesis and behavioral (oviposition) activity of a perfluorinated pheromone analog in mosquitoes but does not report any neurotoxicity outcomes or an animal neurotoxicity study.
297,"YES — The record describes a 2,3-difluoro (fluorinated) derivative of chlorothiepin tested in mice with catalepsy (a neurobehavioral/neurotoxicity outcome), so it is an animal study of an organofluorine exposure."
298,"NO — This is an in vitro study of primary neuronal cultures assessing SU-8 2000 cytocompatibility (not an in vivo animal study), and although XPS detected fluorine, it does not evaluate fluoride exposure or neurotoxicity in animals."
299,"NO — Animal study of fluoride exposure focused on bone and growth-plate histopathology, with no outcomes assessing neurotoxicity."
300,"NO — This study examines anion effects on [3H]desipramine binding in rat brain membranes (not an exposure study of fluoride/analogues as neurotoxicants) and reports fluoride as inactive, without animal exposure experiments or neurotoxicity outcome measures."
301,"YES — This animal study uses sodium fluoride (NaF) exposure on rat cerebral cortical slices and reports effects on L-[3H]noradrenaline release, a neurochemical outcome relevant to neurotoxicity."
302,"YES — Study exposes bovine (animal) photoreceptors to fluoride and reports effects on photoreceptor phosphodiesterase activity, a neural/retinal functional outcome."
303,"NO — This is a materials-science study of polymer blend miscibility (ethylene–vinyl acetate and novolac), with no fluoride exposure, no neurotoxicity outcomes reported, and not an animal study."
304,"NO — This is a methods paper about using fluorinated tags to enrich nitrated peptides and identifies nitrated proteins in a human hepatoma cell line, not an animal study, not an exposure to fluoride/analogues, and it does not assess neurotoxicity."
305,"YES — In vivo (animal) study of brain acetylcholinesterase inhibition by isopropyl methylphosphonofluoridate (sarin), a fluorinated organophosphate, reporting a neurotoxic outcome."
306,"NO — Although fluoride anion is mentioned, this is an in vitro/ex vivo biochemical study of gecko retinal pigments reporting spectral/opsin effects, not an in vivo animal neurotoxicity study nor does it report neurotoxic outcomes."
307,"NO — This is an in vitro study of human dental plaque microcosms (not an animal study) examining mineral deposition after treatment with a calcium‑phosphate‑mono‑fluorophosphate solution, and it does not report neurotoxicity outcomes."
308,"NO — This is an in vitro study on HeLa and rat 9L brain tumor cell lines reporting cellular stress/protein responses to sodium fluoride, not an in vivo animal study of neurotoxicity."
309,"NO — This is a materials/crystallography study of high-pressure crystal structures (siderite and sodium) and does not involve fluoride exposure, neurotoxicity outcomes, or animal experiments."
310,"YES — Rat cortical neurons were studied using a CsF-containing (cesium fluoride) pipette solution, so the paper reports effects of fluoride exposure on neurophysiological (GABA/glutamate) responses in an animal-derived preparation."
311,"NO — Although sodium fluoride (NaF) is mentioned as an esterase inhibitor during plasma stabilization, the study is a pharmacokinetic/methods paper on zeylenone in rats and does not investigate fluoride (or analogue) exposure or any neurotoxicity outcomes."
312,NO — This is a materials/chemistry paper on Ni catalysts and polyethylene synthesis (mentions a fluorine-substituted ligand) and does not report any animal study or neurotoxicity outcomes related to fluoride exposure.
313,"NO — Although an animal neonatal rat study, ""fluoride-resistant acid phosphatase"" refers to a histochemical marker, not exposure to fluoride or its analogues, and the paper does not report fluoride-related neurotoxicity outcomes."
314,"NO — The record reports cannabinoid receptor pharmacology in mice (THC, anandamide) and not research on fluoride or its analogues related to neurotoxicity."
315,"NO — Animals were exposed to organophosphate nerve agents (sarin/soman) and the paper describes a fluoride reactivation analytical method, not research on exposure to fluoride (or its analogues) nor neurotoxicity outcomes."
316,"YES — Reports experimental and occupational exposure to fluorinated organic compounds (Freon) in humans and animals and mentions nervous system pathology, so it is relevant (unclear whether specific neurotoxicity outcomes were measured in the animal experiments)."
317,"NO — This is an in vitro study of keratin expression in murine melanoma cell lines with no fluoride (or analogue) exposure and no neurotoxicity outcomes, so it does not meet the inclusion criteria."
318,"YES — Reports exposure to methanesulfonyl fluoride (a fluorinated compound) in primates (animal study) and measures CNS cholinesterase inhibition, a neurotoxic outcome."
319,"NO — This article concerns parathyroid hormone treatments for osteoporosis (PTH and analogues), not fluoride exposure, and does not report animal neurotoxicity outcomes."
320,"NO — This is a medicinal chemistry/tubulin-binding study of 5,6-diphenylpyridazin-3-one derivatives (in vitro, cell lines and plant assays) that only notes fluorine as an aromatic substituent and does not investigate fluoride exposure, animal neurotoxicity outcomes, or relevant animal neurobehavioral endpoints."
321,"YES — Animal study in rabbits reporting exposure to sodium fluoride (with arsenic) and measuring neuro-related outcomes (motor nerve conduction velocity), meeting exposure and neurotoxicity criteria."
322,"NO — this is an in vitro biochemical study using fluoride as a reagent to stimulate adenylyl cyclase in chick hepatocytes and S49 cells, not an in vivo animal study and it does not report any neurotoxicity outcomes."
323,NO — This is a biochemical study of a MgATP/ADP-dependent phosphatase in bovine brain coated vesicles and does not involve exposure to fluoride (or analogues) nor report any neurotoxicity outcomes.
324,"NO — Materials/chemistry study on fluorinated polymers for organic field-effect transistors, not an animal study nor reporting neurotoxicity outcomes."
325,NO — This is an in vitro biochemical study on rat seminal vesicle membranes that only notes sodium fluoride as an activator of adenylyl cyclase and does not report animal neurotoxicity outcomes.
326,NO — This is an ecological exposure-assessment methods comparison estimating fluoride exposure in wildlife (mink and heron) and does not report any animal neurotoxicity outcomes.
327,NO — This is a geochemistry study of Zr solubility in peralkaline melts (including F-bearing melts) and does not involve animals or report any neurotoxicity outcomes.
328,NO — This is an animal developmental study of adenylate cyclase activity and norepinephrine responsiveness in rats and does not mention exposure to fluoride or its analogues.
329,"YES — Animal study (mouse and lamb brain) investigating neurotoxic esterase activity and using N,N-diisopropylphosphorodiamidic fluoride (mipafox), a phosphorodiamidic fluoride neurotoxic inhibitor, which is relevant to fluoride/analogue exposures and neurotoxicity."
330,"NO — Although sodium fluoride was used in an in vitro cosedimentation assay, this rat study examines pancreatic kinesin–microtubule binding, not fluoride exposure or any neurotoxicity outcomes."
331,"NO — Animal study of 5-fluorouracil pharmacokinetics/metabolism in tumor-bearing rats focused on intratumoral drug/metabolite measurements, with no neurotoxicity-related outcomes reported."
332,"NO — Materials science study on glass crystallization using NaF/MgF2 as fluorine sources, with no animal subjects or neurotoxicity outcomes reported."
333,NO — Reports synthesis of fluorinated artemisinin derivatives and their antimalarial efficacy (including oral rodent efficacy) but does not assess neurotoxicity outcomes.
334,"YES — Reports in vivo 19F NMR investigation of fluorinated anesthetic–tissue interactions (i.e., exposure to fluorinated compounds in a biological/likely animal setting); neurotoxicity outcomes are not specified, so inclusion is unclear."
335,NO — This is an in vitro biochemical study of NADPH binding to chicken liver fatty acid synthase with no fluoride/analogue exposure and no neurotoxicity or in vivo animal exposure outcomes reported.
336,"NO — This is an animal (rat) study of adenosine analog treatments and receptor desensitization, not exposure to fluoride or its analogues, so it does not meet the inclusion criteria."
337,"YES — Mouse study reporting neurotoxicity (neuronal loss and increased TUNEL-staining) after exposure to fluorinated glucocorticoids (dexamethasone, betamethasone) and preservatives."
338,"NO — This is a materials/chemistry study describing a CaF2-containing adsorbent for dye wastewater treatment, not an animal study and it reports no neurotoxicity outcomes."
339,"NO — the study examines effects of cholera toxin on rat pineal glands, not exposure to fluoride or its analogues."
340,"NO — This is a materials study of polypropylene/poly(cis‑butadiene) rubber crystallization by DSC and does not involve fluoride exposures, neurotoxicity outcomes, or animal experiments."
341,"NO — This is an in vitro hepatocyte/hepatoma cell study of NSAIDs (one being a fluorinated derivative) that does not examine fluoride exposure, is not an animal study, and does not report neurotoxicity outcomes."
342,"NO — This is a geological study of halogen contents in metamorphic rocks (apatite, biotite, etc.), not an animal study and it does not report any neurotoxicity outcomes."
343,"YES — Animal study in rats and rabbits that used sodium fluoride (with sodium cyanide) and reported marked retinal degeneration, a neurotoxic outcome."
344,"NO — the study tests tricyclic antidepressants in rat cortex; ""fluoride-sensitive"" describes an enzymatic component, not exposure to fluoride or its analogues."
345,NO — This is a materials/electrochemical study of Ni–NiO anodes for NF3 production using molten fluoride salts and does not report any animal experiments or neurotoxicity outcomes.
346,"YES — chronic rat study of hydrogen fluoride exposure reporting decreased brain enzyme activities (cytochrome oxidase and succinate dehydrogenase), indicating neurotoxic effects."
347,"NO — This study examines opioid agonists/antagonists effects on adenylyl cyclase in rat brain membranes, not exposure to fluoride or its analogues nor neurotoxicity outcomes."
348,YES — Animal study in mice exposed to sodium fluoride (NaF) reporting brain outcomes (oxidative stress and metabolic enzyme alterations) indicative of neurotoxic effects.
349,"YES — The study includes exposure to methanesulfonyl fluoride (a sulfonyl fluoride) and measures end-plate currents in frog skeletal muscle, an animal neurophysiological outcome relevant to neurotoxicity."
350,YES — Title reports sodium fluoride exposure with memory impairment (a neurotoxicity outcome); study type (animal vs human) is not specified in the record but the exposure and outcome meet inclusion or are unclear.
351,"NO — This autoradiography study maps adenylate cyclase/PKC in brain slices and only mentions fluoride as an in vitro activator of G-proteins, not an animal exposure study assessing fluoride (or analogues)–related neurotoxicity."
352,"NO — This is an animal study of organophosphate (sarin/tabun) exposure in rhesus monkeys where fluoride ions are used as an analytical reagent to release organophosphates from inhibited BuChE, not as the exposure (fluoride/analogue) under study."
353,"YES — 2-week inhalation study in rats of HCFC-122 (1,1-difluoro-1,2,2-trichloroethane, a fluorinated analogue) that included functional observational battery neurotoxicity assessments and reported increased urine fluoride."
354,"YES — Animal (mouse) study administering NaF to pregnant/lactating dams that reports cerebellar developmental abnormalities, reduced brain protein, and increased Purkinje cell apoptosis in offspring (neurotoxicity outcomes)."
355,"NO — This is a biochemical study of hypothalamic degradation of the neuropeptide galanin and does not involve exposure to fluoride or its analogues, nor report animal neurotoxicity outcomes."
356,"NO — Title concerns glutaminase modulators with no indication of fluoride (or analogues), neurotoxicity outcomes, or an animal study, so it does not meet the inclusion criteria."
357,"NO — although NaF exposure is used on rat muscle membranes, this in vitro study measures adenylate cyclase/phosphodiesterase activity in skeletal muscle (not neurotoxicity outcomes) and is not an in vivo animal neurotoxicity study."
358,NO — Human cross-sectional behavioral study on household water filter use (no animal subjects) and no neurotoxicity outcomes.
359,"YES — This animal study in silkmoths (Bombyx mori) applied sodium fluoride and measured electrophysiological responses of olfactory receptor neurons, providing fluoride exposure with neurophysiological (neurotoxicity-relevant) outcome measures."
360,"NO — although an animal study using perfluorocarbon (fluorinated) nanoparticles, it reports MRI detection of nanoparticle binding in tumor angiogenesis and does not assess or report any neurotoxicity outcomes."
361,"NO — This is an animal study about insulin regulation of hepatic glycolytic enzymes (phosphofructokinase, pyruvate kinase, glucokinase) with no exposure to fluoride (only a mention of a fluorinated steroid) and no neurotoxicity outcomes."
362,NO — This is a materials/chemistry study of oxidation of polyvinyl halide chars (including polyvinyl fluoride) with no animal work or any neurotoxicity outcomes reported.
363,"YES — Uses perfluorodecaline (a fluorinated perfluorocarbon) on enucleated pig eyes and reports retinal/photoreceptor damage (ablation and thermal changes), i.e., neurotoxic outcomes in animal tissue."
364,NO — This is an animal study of femtosecond laser corneal refractive procedures in rabbits with no exposure to fluoride or its analogues and no neurotoxicity outcomes reported.
365,"YES — This is an animal (rat) study that used fluoride (F−) in pipette solutions and examined its effects on voltage-dependent sodium currents and action-potential properties in olfactory receptor neurons, so it involves fluoride exposure and neurophysiological outcomes."
366,"NO — This is a biochemical study of calmodulin-dependent phosphatase proteolysis (in platelets/human proteins) and does not involve fluoride exposure, neurotoxicity outcomes, or an animal study."
367,YES — This ex vivo rat hippocampal slice study used intracellular perfusion with fluoride (F−) and reports fluoride-induced alterations of GABAergic synaptic responses (neuronal functional outcomes) in an animal-derived model.
368,"NO — This is an in vitro cell-culture study of TiO2 nanotube surface effects on mesenchymal stem cells (not an animal study), it does not assess fluoride (or analogue) exposure as the exposure of interest (fluoride appears only in the fabrication electrolyte), nor does it report neurotoxicity outcomes."
369,NO — This is a chemical synthesis/characterization study of polyfluorinated phthalocyanines with no animal experiments or neurotoxicity outcomes reported.
370,"NO — Although the study uses fluoride in rabbit renal cortical slices (an animal model), its outcomes concern renal PAH transport/ion and metabolic effects, not any neurotoxicity or nervous-system endpoints."
371,NO — This is an animal study of ewe grazing behavior and dietary intake and does not involve exposure to fluoride (or analogues) nor report any neurotoxicity outcomes.
372,NO — This is an experimental petrology study of fluorine behavior in magmas (geochemistry) and does not involve animals or any neurotoxicity outcomes.
373,"NO — This is an animal (dog thyroid slice) study of cholinergic/TSH/phorbol-ester effects on phosphoinositide and phosphatidylcholine metabolism, not an exposure to fluoride or its analogues nor a study of neurotoxic outcomes."
374,"YES — Animal study (rats, mice, rabbits) of alkaline-earth metal fluorides (BaF2, MgF2, CaF2, SrF2) reporting impairment of the neuroendocrine system, a neuro-related outcome consistent with neurotoxicity."
375,"NO — This is an engineering/chemistry study about materials for fluorine gas targets and F-18 production, not an animal study nor reporting any neurotoxicity outcomes."
376,NO — This is an in vitro/molecular study of mRNA structure and translation (including NaF treatment) in cells/tissues/cell lines (AtT20) and does not report animal neurotoxicity outcomes.
377,NO — The study describes discovery and rodent pharmacokinetic/toxicity work on LRRK2 small-molecule inhibitors (aminopyrimidines) and does not involve exposure to fluoride or report fluoride-related neurotoxicity outcomes.
378,NO — This is a chemical synthesis/spectroscopy study of lanthanide porphyrin complexes (including fluoro-substituted ligands) and does not report any animal experiments or neurotoxicity outcomes.
379,"NO — This is a materials/sensor study using fluorine-containing plasma etching and plant viruses, not an animal study and it does not report any neurotoxicity outcomes."
380,"NO — although this is an animal study of sodium fluoride/methoxyflurane exposure, the reported outcomes pertain to renal tubular function (nephrotoxicity), not any neurotoxicity measures."
381,"YES — Animal (rat) study of sulfuryl fluoride (SO2F2) exposure reporting neurotoxic outcomes (incapacitation and convulsions/death), so it meets the fluoride-analogue exposure and neurotoxicity animal study criteria."
382,"NO — this is an animal neurotoxicity study of tri-ortho-cresyl phosphate (an organophosphate) in hens, not an exposure to fluoride or its analogues."
383,"NO — This is a review/epidemiological article on fluoride and osteoporotic fractures (bone outcomes in humans, with only animal bone studies referenced) and does not report animal research on neurotoxicity."
384,"NO — Although an animal study, it does not investigate fluoride exposure; sodium fluoride is mentioned only as an in vitro inhibitor of the acid phosphatase reaction, not as an experimental fluoride exposure or neurotoxicity outcome."
385,NO — The paper uses sodium fluoride only as an in vitro stimulant of adenylate cyclase in assays and does not describe an animal exposure to fluoride (or its analogues) or neurotoxic outcomes from fluoride.
386,"NO — Title indicates chemical synthesis and general physiological activity of fluorinated nicotinamide derivatives, with no indication of fluoride exposure, neurotoxicity outcomes, or an animal study."
387,"NO — This study investigates tyrosine-modified snake venom phospholipase A2 enzymatic/toxic properties (cardiotoxicity, lethality) and not exposure to fluoride or its analogues, so it does not meet the exposure criterion."
388,"NO — Although fluoride inhibition of enolase is reported in parasite and rat liver extracts (biochemical enzyme assays), the study does not assess neurotoxicity outcomes and is not an in vivo animal neurotoxicity study."
389,"NO — The record studies opioids in embryogenesis rather than exposure to fluoride or fluoride analogues, so it does not meet the exposure criterion."
390,"YES — Animal study (pig brain) reporting that fluoride alters assays and may activate brain histamine methyl transferase, a neurochemical effect relevant to neurotoxicity."
391,"YES — The record reports a bioassay of fluorinated volatile anesthetics (fluorine-containing analogues), likely involving animal exposure, but the title does not specify whether neurotoxicity outcomes are measured so relevance is unclear."
392,"NO — This is a biochemical study of cholesterol depletion effects on adenylate cyclase in rat liver membranes (with only a mention of “fluoride-stimulated activity” in an assay), not an animal study of fluoride (or analogue) exposure nor does it report any neurotoxicity outcomes."
393,NO — This is a theoretical/clinical review about homocysteine (briefly mentioning fluoride/theoretical effects) and does not report an animal study of fluoride (or analogue) exposure with neurotoxicity outcomes.
394,YES — Animal (cat) study that includes exposure to sodium fluoride and reports neural/biochemical outcomes (adenylate cyclase activity and cAMP changes in carotid body/nerve) relevant to neurotoxicity.
395,"NO — This is a materials/engineering study on EB-grafted fluorinated polymers for fuel cells, not an animal study nor an investigation of fluoride exposure or neurotoxicity."
396,"NO — This is an anatomical/microscopy study of fluoride-resistant acid phosphatase (FRAP) and capsaicin-sensitive terminals in mouse trigeminal nucleus, not a study of fluoride (or analogue) exposure or neurotoxicity."
397,"YES — The study tests fluorinated (gem-difluoro) avermectin derivatives (fluoride-containing analogues) in mouse models and reports anticonvulsant activity, a neurological outcome in animals."
398,"YES — Includes an animal experiment where high fluoride intake altered brain neurochemistry (decreased 5‑HIAA and increased norepinephrine), indicating neurotoxic outcomes from fluoride exposure."
399,"NO — This is a peptide synthesis study (uses a CF3-containing reagent) with in vitro rat pituitary cell assays, not an animal study of fluoride/floride-ion exposure nor reporting any neurotoxicity outcomes."
400,"NO — This is a methodological/biochemical assay report about fluoride's interference with a phosphorylase assay, not an animal study reporting neurotoxicity outcomes."
401,"YES — Animal (rat) study of sodium fluoride exposure reporting brain neurotoxicity-related outcomes (SOD, catalase, reduced glutathione, lipid peroxidation) following fluoride intoxication."
402,NO — This is a materials rheology study of perfluoropolyethers using simulation and experiment and does not involve animal experiments or report any neurotoxicity outcomes.
403,"NO — This is an animal study of neurotoxicity from the MPTP analog 2'-NH2-MPTP, not fluoride or any fluoride analogue, so it fails the exposure inclusion criterion."
404,"NO — although aluminum fluoride is mentioned as a reagent, this is an in vitro patch‑clamp study on rat renal cortical collecting tubule cells (not an in vivo animal exposure) and reports renal electrophysiology rather than any neurotoxicity outcomes."
405,"NO — This is a chemistry paper about thiacalix[4]arene-based fluorescent chemosensors for ion detection (including F−) and molecular logic devices, not an animal study and it reports no neurotoxicity outcomes."
406,"NO — The study tests LH‑RH and an LH‑RH analog on pituitary adenylate cyclase activity (endocrine focus), not exposure to fluoride/analogues nor reporting neurotoxicity outcomes."
407,"YES — Animal (frog) study exposing muscle to fluoride-rich solution and reporting electrophysiological changes (increased conductance/anomalous rectification), which is an exposure to fluoride with outcomes on excitable tissue relevant to neurotoxicity."
408,NO — This is an in vitro materials corrosion study of Ti-6Al-4V in NaF-containing artificial saliva and does not involve animals or any neurotoxicity outcomes.
409,NO — This is an animal (goldfish) study but it did not involve exposure to fluoride/analogues (fluoride was only tested in vitro as an anion inhibitor of AMP-deaminase) and it does not report neurotoxicity outcomes.
410,"YES — Animal study in female rats exposed to fluoride (NaF injections and 100 ppm F− in drinking water) reporting neurochemical outcomes (hypothalamic 5‑HT content and turnover), relevant to neurotoxicity."
411,"NO — animal study of organophosphorus compounds (DBDCVP, paraoxon, phenylmethylsulfonyl fluoride) examining OP-induced axonopathy, not exposure to fluoride or fluoride analogues."
412,"NO — This rat study measures anandamide levels and uses PMSF (a sulfonyl fluoride protease inhibitor) as an experimental reagent, not an exposure to fluoride/fluoride analogues in a neurotoxicity context nor any neurotoxicity outcome measures."
413,"NO — This is a general environmental/geochemistry review of halogens (including fluoride) and their health influences, not an animal study reporting neurotoxicity outcomes."
414,NO — Human in vitro study of hyalocytes (autopsy-derived) that only briefly notes sodium fluoride as an esterase inhibitor; not an animal study and does not assess neurotoxicity.
415,"NO — this is a rat study of sodium fluoride effects on cardiac (heart) sarcolemmal adenylate cyclase activity, not any neurotoxicity outcome."
416,"YES — The study examines sodium fluoride exposure (with anticholinesterases) on neuromuscular desensitization, a neurotoxicity-related outcome likely assessed in an experimental (animal or tissue) model."
417,"NO — This is a materials-chemistry paper on synthesis and ionic transport properties of fluorinated polynorbornene copolymers, not an animal study and it does not report any neurotoxicity outcomes or biological exposure to fluoride."
418,"YES — Animal study in adult male BALB/c mice given oral NaF (0–125 ppm) with measurements of brain neurotransmitters/metabolites (notably a change in hypothalamic HVA), meeting exposure (fluoride) and neurotoxicity outcome criteria."
419,NO — This is an analytical chemistry study using spiked rat and human serum to detect a VX-derived fluoride product and does not report in vivo animal experiments or any neurotoxicity outcomes.
420,"NO — Although this is an animal study of sodium fluoride (mice), it reports hepatic DNA/RNA/protein changes, not any neurotoxicity-related outcomes."
421,"YES — Animal (rat) study of exposure to fluorinated ether anesthetics (TFVE, TFEE, TFAE, EPTFE) reporting lethal/anesthetic (CNS) toxicity and related metabolic outcomes."
422,"NO — This is an in vitro enzymology paper reporting that sodium fluoride inhibits purified calmodulin-dependent kinases (tissues from rat and rabbit), not an animal exposure study nor reporting any neurotoxicity outcomes."
423,"NO — This rat study examined effects of the fluorinated corticosteroid triamcinolone on hepatic gluconeogenic enzyme activities (liver biochemistry), not exposure to fluoride/fluoride analogues with any neurotoxicity outcomes."
424,"YES — Animal study in rats that included exposure to sodium fluoride and reports effects on muscle-fiber membrane potential/hyperpolarization (with denervation), an electrophysiological outcome relevant to neuro/neuromuscular toxicity."
425,"NO — This study examines adenylate cyclase properties in senescent (aged) rat brain and does not involve exposure to fluoride or its analogues, so it does not meet the inclusion criteria."
426,NO — This is an animal study of amyl alcohol effects on olfactory cAMP signaling in frog epithelium and does not involve fluoride or its analogues nor report neurotoxicity outcomes.
427,"NO — This is an in vitro study on insulin uptake/degradation in isolated rat hepatocytes and H4 hepatoma cells (not an animal study), and although sodium fluoride is mentioned as an inhibitor, the paper does not assess neurotoxicity outcomes."
428,"NO — The study investigates macrophage modification of β‑VLDL and lipid accumulation in smooth muscle cells (cardiovascular/lipid biology), not exposure to fluoride/analogues nor any neurotoxicity outcomes."
429,"YES — Animal (rat) study of sodium fluoride (0.35 mg/kg) reporting ultrastructural changes in cerebellar Purkinje cells (vacuolization, Golgi dilation, increased dense bodies/myelin figures), i.e., a neurotoxicity-related outcome."
430,"NO — The paper investigates ethanol effects on muscarinic/G-protein-dependent phosphoinositide metabolism in rat cortical membranes and only uses sodium fluoride as an in vitro activator, not as the exposure of interest assessing fluoride (or analogue) neurotoxicity."
431,NO — this is an earthworm tail-regeneration study reporting serine proteinase/plasminogen activator activity with no exposure to fluoride (or analogues) and no neurotoxicity outcomes.
432,"NO — This is an exposure/chemistry study measuring fluoride distribution and binding in cow milk and formulas (sampling cows), not an animal neurotoxicity study and it does not report any neurotoxic outcome measures."
433,"YES — Animal (rat) study of sodium fluoride exposure reporting brain fluoride deposition, neurotransmitter changes, oxidative stress and neuroimmunological outcomes indicative of neurotoxicity."
434,"NO — Although rats were used and fluoride is mentioned as an in vitro activator of adenylyl cyclase, the study examines myocardial/renal G‑protein function in hypertension (cardiovascular assays) and does not investigate fluoride/analog exposure effects or any neurotoxicity outcomes."
435,NO — the paper is an in vitro cell biology study of p24A/p23 trafficking (uses aluminum fluoride as a G-protein activator) and is not an animal study nor does it report any neurotoxicity outcomes.
436,"YES — Animal (Sprague Dawley rat) study of potassium perfluorohexanesulfonate (PFHxS), a perfluorinated fluorine-containing analogue, that includes neurobehavioral assessments (neurotoxicity-related outcomes)."
437,"YES — Wistar rat study exposing animals to sodium fluoride and measuring intracellular ionized calcium in brain tissue (alongside liver/kidney), an outcome relevant to neurotoxicity."
438,NO — This is a chemical synthesis paper of fluorinated kynurenine probes with only preliminary biological notes and no animal study or neurotoxicity outcome measures reported.
439,"NO — This animal study examines peptidase inhibitors and opioid peptides (analgesia/anesthesia) in rats, not exposure to fluoride or its analogues, so it does not meet the inclusion criteria."
440,"NO — Although NaF (sodium fluoride) was used to stimulate adenylylcyclase activity, the paper is a molecular/cellular characterization using canine-derived tissue/cells and does not report any animal neurotoxicity outcomes."
441,"YES — Animal study (rats) of fluorinated amino acid analogues (e.g., 3-fluorotyrosine, 3-fluorophenylalanine, 3,5-difluorotyrosine) reporting neurotoxic outcomes (convulsions, hyperirritability, lethargy) following exposure."
442,"NO — this is an in vitro study using human lung and skin fibroblast cell lines (not an animal study), does not mention fluoride or analogues, and does not report neurotoxicity outcomes."
443,"NO — This is a synthetic/structural chemistry study of azacalix[4]pyrimidines mentioning fluorine as a substituent, not an animal study and it does not report any neurotoxicity outcomes."
444,"NO — This rat study examines effects of inhaled anesthetics and GABAA blockade (picrotoxin) on immobility, not exposure to fluoride or fluoride analogues, so it fails the exposure criterion."
445,NO — This is a geochemistry study of lithium-fluorine granites and does not report an animal exposure study or any neurotoxicity outcomes.
446,NO — This is a materials/physical chemistry study of a perfluorinated surfactant system and does not involve animals or any neurotoxicity outcomes.
447,"NO — Animal study of chronic NaF exposure reporting sperm/spermiogenesis ultrastructural and fertility-related outcomes, not any neurotoxicity measures."
448,"NO — The study examines effects of fluoride-containing gels on oral microorganisms, not an animal experiment nor reporting any neurotoxicity outcomes."
449,"NO — This is a biochemical characterization of rat liver microsomal esterases and their tissue distribution, with no exposure to fluoride or its analogues and no neurotoxicity outcomes reported."
450,"NO — This is a materials/physics study of polymer surface charge (including PVDF) with no animal experiments, no biological fluoride exposure, and no neurotoxicity outcomes reported."
451,NO — This is an in vitro X‑ray crystallography study of rat brain kinesin (using AlF4− as a phosphate analog) and does not report an animal exposure experiment or any neurotoxicity outcomes.
452,"YES — The record examines inhibition of mammalian acetylcholinesterase by phenylmethanesulfonyl fluoride (a sulfonyl-fluoride compound), so it involves a fluoride-containing exposure and a neurotoxicity-related outcome; the title does not clearly state whether the work is in vivo animal or ex vivo/in vitro."
453,"NO — This is a mineralogical/metallurgical study of fluorine-bearing minerals and flotation behavior in ore concentrates, not an animal study and it does not report any neurotoxicity outcomes."
454,NO — Animal study of 5-hydroxytryptamine-induced changes in muscle peptidase activity/myopathy in rats; does not involve fluoride (or its analogues) nor report neurotoxicity outcomes.
455,"YES — Animal (Wistar rat) study of sodium fluoride exposure that reports brain ultrastructural changes (glial cell swelling, heterochromatin margination), i.e., neurotoxicity outcomes."
456,"NO — This is an engineering study on Erbium:YSGG laser transmission through sapphire and germanium fibers and does not involve fluoride exposure, neurotoxicity outcomes, or any animal experiments."
457,NO — This is an in vitro biochemical study of Leishmania donovani promastigote acid phosphatase (not an animal study) that only notes enzyme inhibition by sodium fluoride and does not report any neurotoxicity outcomes.
458,NO — The record appears to concern fluoride renal clearance (pH dependence) rather than reporting an animal study or any neurotoxicity outcomes.
459,"NO — This is an ex vivo human skin explant study of 70% hydrofluoric acid assessing cutaneous histological damage and penetration, not an in vivo animal study and it does not report any neurotoxicity outcomes."
460,"NO — This is an in vitro biochemical reconstitution study using purified proteins and aluminum fluoride to activate G-proteins, not an animal study and it does not report any neurotoxicity outcomes."
461,"YES — The study uses sodium fluoride in assays on rat caudate-putamen and reports effects on adenylate cyclase activity (a neurochemical/neurotoxicity-relevant outcome) in animal tissue, so it is potentially relevant."
462,"YES — Mouse study of a monofluorinated amphetamine (fluoroamphetamine) reporting brain tissue levels and behavioral/neuro-related outcomes (locomotor activity and body temperature), meeting the exposure (fluoro-analogue), outcome (neurobehavioral), and animal study criteria."
463,"YES — the study examines effects of intracellular fluoride on voltage-dependent (neuronal) sodium channels, a functional neurotoxicity-relevant outcome, and although the title doesn’t specify whether it used animal tissue or in vivo animals, the record is potentially relevant/unclear."
464,"NO — This is a pharmacology study of ring-fluorinated isoproterenols assessing adrenergic potency and receptor binding in animal tissues, not an animal study reporting neurotoxicity outcomes."
465,"NO — this is an animal study of neonatal chlorpyrifos (an organophosphate insecticide), not exposure to fluoride or fluoride analogues, so it does not meet the fluoride-exposure inclusion criterion."
466,"NO — This is an in vitro biochemical study of enzyme inhibition by fluoride (and other agents), not an animal study and it does not report neurotoxicity outcomes."
467,NO — This is a polymer chemistry study on synthesis and characterization of PVDF-based block copolymers (using fluorinated chain-transfer agents) and does not involve any animal experiments or neurotoxicity outcomes.
468,"NO — This study focuses on halothane metabolism and fluoride release/binding to hepatic cellular constituents (a hepatic/metabolism endpoint), not on neurotoxicity outcomes or an animal neurotoxicity study."
469,"NO — The title indicates a review of otosclerosis with no mention of fluoride exposure, neurotoxicity outcomes, or animal research, so it does not meet the inclusion criteria."
470,NO — This is a policy/discussion paper about setting public health goals for drinking-water contaminants (including fluoride) and does not report an animal study or any animal neurotoxicity outcomes.
471,NO — This is an in vitro biochemical study of beta‑amyloid's hydrolytic and oxidative properties (not an animal exposure study) and does not involve fluoride or its analogues.
472,"NO — This is an animal study of fluorinated radiotracers (18F) reporting receptor binding and brain uptake/PET imaging, but it does not assess or report any neurotoxicity outcome measures."
473,"NO — This is an animal study characterizing a brain peptidase in developing rats with tests of metal-ion inhibition, but it does not involve exposure to fluoride (or analogues) nor report neurotoxicity outcomes."
474,NO — This is an environmental adsorption study of PFOS on mineral surfaces and does not involve animals or report any neurotoxicity outcomes.
475,NO — The study investigates interactions of organophosphorus compounds with esterases in chicken brain (animal tissue) and does not involve fluoride or fluoride analogues.
476,"NO — This is a biochemical methods paper on preparing tubulin from the marine alga Caulerpa and does not involve fluoride/analog exposures, neurotoxicity outcomes, or an animal exposure study."
477,"NO — the exposure is cadmium (gestational/lactational cadmium in rodents), not fluoride or a fluoride analogue, so it does not meet the exposure criterion."
478,"NO — this is an in vitro biochemical study of anion binding to bovine erythrocyte superoxide dismutase (not an animal exposure study) and it does not report any neurotoxicity outcomes, although fluoride is mentioned among tested ions."
479,"NO — Animal study of fluoride effects on rat incisor dentin proteoglycans (dental matrix changes), not reporting any neurotoxicity-related outcomes."
480,"YES — The study examines hydrogen fluoride exposure and its effects on the central nervous system in experimental (animal) studies, meeting the exposure, neurotoxicity outcome, and animal-study criteria."
481,"NO — This is a materials-chemistry study on synthesis and thermal behavior of fluorinated liquid crystals, not an animal study and it does not report any neurotoxicity outcomes."
482,"NO — This is a materials/chemistry study of a Cu(II)-radical chain (including a trifluoromethylated ligand) reporting synthesis, structure and magnetic properties, not an animal study nor an exposure study of fluoride/analogues addressing neurotoxicity."
483,"NO — Animal study of chronic fluoride exposure measuring renal mitochondrial changes and oxidative stress in rat kidney, with no outcomes related to neurotoxicity or the nervous system reported."
484,"NO — This is an enzymology study of Xenopus laevis hatching protease (with DFP mentioned only as an in vitro inhibitor), not an animal exposure study of fluoride/analogues nor does it report any neurotoxicity outcomes."
485,"YES — Animal (rat) study with fluoride exposure; outcome measures report vital organ tissue protein contents (neurotoxicity relevance not explicit/unclear), so include for further screening."
486,"NO — Although the study uses fluoride (KF) on mammalian adipose tissue (including animal tissues), it measures ATP/glycerolipid biosynthesis in adipose homogenates and reports no neurotoxicity-related outcomes."
487,"NO — The study investigates organophosphate (TOCP) intoxication and treatments in chickens, not exposure to fluoride or fluoride analogues."
488,"YES — Ex vivo animal carotid body preparations were exposed to fluoride and the study measured stimulus-evoked release of [3H]-catecholamines, a neurochemical outcome relevant to neurotoxicity."
489,"YES — Ex vivo hen brain (animal) study examining neuropathy target esterase (NTE) inhibition and neurotoxic consequences after exposure to fluorinated inhibitors (DFP and PMSF), so it reports an animal neurotoxicity-related outcome with fluoride-containing compounds."
490,"NO — Animal study of fluoride exposure in sheep, but outcomes are erythrocyte oxidative stress and enzyme activities, not measures of neurotoxicity."
491,"NO — Although this rat study uses fluoride (F-) to stimulate adenylate cyclase in corpora lutea, it reports endocrine/biochemical outcomes in ovarian tissue, not any neurotoxicity-related measures."
492,NO — This is a materials/physics study of LiF surfaces under electron bombardment (AES/EELS/CL) and does not involve animals or report any neurotoxicity outcomes.
493,"NO — This is a preliminary report on sulfur hexafluoride use in retinal detachment surgery (clinical/ophthalmic context) reporting surgical outcomes, not an animal study of neurotoxicity."
494,"NO — this is an in vitro electrophysiology study of propofol in Xenopus oocytes (AlF4- used only as a G‑protein activator), not an animal study of fluoride/fluoride-analogue exposure nor does it report neurotoxicity outcomes."
495,"NO — This is an animal pharmacokinetics study of K203 (a bis‑pyridinium mono‑aldoxime reactivator), not fluoride or its analogues, and does not report neurotoxicity outcomes."
496,"YES — Animal study in rabbits exposing retinal tissue to fluorinated silicone oil (a fluorinated compound) and measuring retinal antioxidant status, a neurotoxicity-related outcome."
497,NO — this record discusses aluminum (not fluoride or its analogues) and human Alzheimer's findings rather than an animal study of fluoride-related neurotoxicity.
498,YES — Animal (squid giant axon) electrophysiology study that included potassium fluoride in the internal perfusate and reports effects on neuronal sodium/potassium currents (neurophysiological outcome).
499,"NO — This is an in vitro study of a transacetylase in HL-60 cells, with no exposure to fluoride or its analogues, no neurotoxicity outcomes, and it is not an animal study."
500,"NO — This is a molecular/microbiological study characterising a Plasmodium falciparum antigen expressed in E. coli and does not involve exposure to fluoride or its analogues, neurotoxicity outcomes, or an animal model."
501,NO — This is an animal biomonitoring study measuring bone/mandibular fluoride residues in cervids and does not report any neurotoxicity outcomes.
502,"YES — The study involves rat brain tissue and mentions sodium fluoride (a fluoride compound) used in the experiments, but fluoride was only used as a metabolic inhibitor and no explicit neurotoxicity outcomes were reported, so relevance is unclear."
503,NO — This is a methods/biomechanics study using PVDF as a sensor material on Drosophila embryos and does not investigate exposure to fluoride (or analogues) nor report neurotoxicity outcomes.
504,"NO — This is a biochemical/molecular cloning study of fatty acid amide hydrolase and its inhibitors (e.g., methyl arachidonyl fluorophosphonate), not an animal exposure study and it does not report neurotoxicity outcomes."
505,"NO — Animal study on magnesium deficiency and kidney calcification, not exposure to fluoride or analogues nor reporting neurotoxicity outcomes."
506,"NO — This is an in vitro/biophysical study of fluorinated/hemifluorinated surfactants and their effect on a chloroplast membrane protein (Chlamydomonas), not an animal study and it does not report any neurotoxicity outcomes."
507,"YES — Animal (dog) study exposing subjects to fluorinated gases (sulfur hexafluoride, carbon tetrafluoride) and measuring central nervous system depression/anesthetic potency, which is a neurotoxicity-related outcome."
508,"YES — Animal study in rats examining effects of fluoride on membrane-bound ATPase (biochemical neural-relevant endpoint), so it involves fluoride exposure though it's unclear whether specific neurotoxicity outcomes were reported."
509,NO — This is an animal PET methods paper using a fluorine radiotracer that focuses on signal extraction/separation (spine/kidneys) and does not examine fluoride exposure or any neurotoxicity outcomes.
510,"NO — Animal study with fluoride exposure (NaF) but reports only biochemical, renal/hepatic, and bone outcomes, not any neurotoxicity-related measures."
511,NO — This is a descriptive mineralogical report on fluorite in marine invertebrate hard tissues and does not describe an animal exposure study assessing neurotoxicity outcomes.
512,"NO — This is a review on thyrotropin-releasing hormone mechanisms and does not involve exposure to fluoride (or its analogues), neurotoxicity outcomes, or an animal study."
513,"NO — This is an in vitro study on human neutrophils/T-cells where fluoride is used as a receptor stimulus, not an exposure of interest, and it does not report neurotoxicity or involve animals."
514,"NO — This is an anatomical/mapping study in rats using the FRAP (fluoride-resistant acid phosphatase) histochemical reaction, not an exposure study of fluoride or its analogues assessing neurotoxic outcomes."
515,NO — This is a methods/biomechanics study using a PVDF sensor to measure microinjection forces in Drosophila embryos and does not examine exposure to fluoride or any analogue nor report neurotoxicity outcomes.
516,"NO — The study concerns biochemical lipid biosynthesis from dihydroxyacetone phosphate and does not involve fluoride exposure, neurotoxicity outcomes, or an animal model."
517,NO — This is an in vitro study using NG108-15 neuroblastoma×glioma cells and platelets examining fluoride-sensitive adenylate cyclase signaling (not fluoride exposure as a neurotoxicant) and does not report an in vivo animal study or neurotoxicity outcomes.
518,"NO — The study examines morphine uptake in vitro (choroid plexus) and does not involve fluoride or its analogues, so it fails the exposure criterion."
519,"NO — This is a radiotracer development and PET imaging study of an 18F-labeled alpha7 nAChR ligand in rats, not an animal study of fluoride (or analogue) exposure nor reporting neurotoxicity outcomes."
520,NO — the study examines fluoride effects on porcine coronary artery contractions (vascular pharmacology in animal tissue) and does not report neurotoxicity outcomes.
521,"YES — Animal (rat) study reporting effects of fluoride on brain adenylate cyclase activity in the caudate nucleus, a neurochemical outcome relevant to neurotoxicity."
522,NO — This is a medicinal chemistry/pharmacokinetic study of fluorinated indole h5-HT2A antagonists (with metabolic studies in rats) and does not involve exposure to fluoride/fluoride-ion analogues in the sense required nor report any neurotoxicity outcomes.
523,NO — The study investigates pericellular oxygen pressure and osteoblast metabolism in osteopenic rat-derived cell cultures with no exposure to fluoride (or analogues) and no neurotoxicity outcomes reported.
524,NO — This is an in vitro biochemical study of cyclic PIP synthase using tissue plasma membranes that mentions fluoride as an enzyme activator but is not an in vivo animal study and does not report any neurotoxicity outcomes.
525,"YES — Study exposes rat brain slices to triflusal and its trifluoromethylated metabolite HTB (a fluorinated compound), measures neurotoxicity-related outcomes (LDH efflux, oxidative stress, NO synthase) in an animal-derived experimental model."
526,"NO — Although it involves sodium fluoride exposure in dog thyroid tissue (an animal-derived sample), the outcome is cyclic GMP in thyroid slices, not any neurotoxicity-related measure."
527,"YES — Animal study exposing zebrafish embryos/larvae to PFOS (a perfluorinated, fluorine-containing compound) that reports developmental and behavioral (locomotor) outcomes relevant to neurotoxicity."
528,"NO — This is a medicinal chemistry/in vitro pharmacology study of halogen-substituted thioperamide analogues (including a fluorine-substituted compound) measuring H3 receptor potency on guinea pig jejunum tissue, not an animal study of fluoride exposure nor reporting neurotoxicity outcomes."
529,"NO — Although this is an animal study of fluorinated TRH analogs in rats, it reports cardiovascular and prolactin-release pharmacology rather than any neurotoxicity-related outcome."
530,NO — This study investigates an oocyte protease (alveolin) in medaka fish related to egg envelope hardening during fertilization and does not involve fluoride exposure or report neurotoxicity outcomes.
531,"NO — This is an in vitro biochemical study of phosphatidylcholine metabolism in bovine brain subcellular fractions and does not involve fluoride exposure, report any neurotoxicity outcomes, or constitute an in vivo animal exposure study."
532,"NO — The title indicates a study on phosphorylase kinase activation with no mention of fluoride (or analogues), neurotoxic outcomes, or animal subjects, so it does not meet the inclusion criteria."
533,NO — This is a human in vivo F-19 MRS study detecting halothane in postoperative patients (not an animal study) and does not report outcomes related to neurotoxicity.
534,"NO — This is an engineering/chemistry study of chlorine release during coal char gasification (HCl/Cl species), not an animal study, and it does not involve fluoride exposure or report any neurotoxicity outcomes."
535,"YES — BALB/c mice were dosed with fluorinated (trifluoromethyl-containing) nitroimidazole compounds and the study reports signs of neurotoxicity for several compounds, so it is an animal exposure to fluorinated analogues with neurotoxicity outcomes."
536,"NO — Methodological 19F NMR study using fluorinated Ca2+ chelators in mouse thymocytes (cellular assay), not an in vivo animal exposure to fluoride and it provides no neurotoxicity outcomes."
537,"YES — Animal (rat) study examining effects of varying fluorine doses on the supraoptic nucleus, i.e., a neural outcome related to neurotoxicity."
538,"YES — Animal (rat brain) study of fluorinated amphetamine analogues that measured MAO A/B inhibition, a neurochemical outcome relevant to neurotoxicity."
539,"NO — although it includes animal (guinea pig) auditory experiments, the study evaluates erbium laser effects (using zirconium-fluoride fibers) in stapedotomy and does not involve exposure to fluoride compounds or their analogues as the toxicant of interest."
540,"YES — Animal (rat) study of sodium fluoride exposure (in vitro and in vivo, including maternal drinking water at 5–50 mg/L) reporting effects on synaptic membrane Ca2+Mg2+-ATPase activity, a neurotoxicity-related outcome."
541,"NO — This is an in vitro spectroscopic study of horse-heart metmyoglobin and its ligands (including a fluoride derivative) examining heme CD/MCD properties, not an animal exposure study and it does not report any neurotoxicity outcomes."
542,"NO — This is a molecular study of human retinal RGS protein interactions with G-protein alpha subunits and does not involve fluoride exposure, neurotoxicity outcomes, or an animal model."
543,YES — Animal (Sprague-Dawley rat) study exposing animals to methanesulfonyl fluoride (a sulfonyl fluoride compound) and reporting neurotoxic outcomes (muscle fatigability and neuromuscular transmission failure).
544,"NO — the study examines alphaB-crystallin deficiency and tunicamycin-induced ER stress in retinal pigment epithelial cells (including cells from alphaB-crystallin knockout mice), not exposure to fluoride or its analogues, and does not address fluoride-related neurotoxicity."
545,NO — This is an in vitro bone mechanics study on bovine femur specimens treated with fluoride and does not report any neurotoxicity outcomes nor involve an in vivo animal neurotoxicity experiment.
546,"YES — The study investigates phenylmethylsulfonyl fluoride (a sulfonyl fluoride compound) effects on neuropathy target esterase and other esterases using chicken brain membrane fractions, reporting neurotoxicity-relevant outcomes in animal tissue (ex vivo)."
547,NO — This is a PET radiotracer development study using an 18F-labeled compound in rats that reports brain uptake and MAO-A binding but does not assess neurotoxic outcomes.
548,"YES — Animal study using an 18F‑labelled fluorinated analogue (DPA‑C5yne) evaluated in AMPA‑lesioned rat brains for imaging neuroinflammation, but it does not report neurotoxicity outcomes or exposure to inorganic fluoride, so relevance to the review is unclear."
549,"NO — The record addresses organophosphorus ester-induced delayed neurotoxicity (OPIDN) and not exposure to fluoride or fluoride analogues, so it does not meet the required exposure criterion."
550,NO — This is an in vitro study on GH3 pituitary cells (not an animal study) using fluoroaluminate as a G-protein activator rather than reporting animal neurotoxicity from fluoride exposure.
551,"NO — The record studies cAMP effects on in vitro microtubule assembly and does not involve fluoride/analogues, neurotoxicity outcomes, or an animal study."
552,"NO — Although this is an animal (rat) study of fluoride exposure, the outcomes are hematological and biochemical parameters (WBC, RBC, PLT, ALT, inorganic phosphorus) and no neurotoxicity-related measures are reported."
553,"NO — Canine study of a fluoropolymer-coated vascular graft assessing healing, thrombogenicity, and local tissue response, not neurotoxicity (though the device surface contains fluorine)."
554,"NO — Animal study of protein phosphorylation in the leech CNS examining cyclic nucleotides and calcium/calmodulin, with no exposure to fluoride or its analogues and no neurotoxicity outcomes reported."
555,NO — This is an ex vivo hamster tooth-germ organ-culture study of fluoride effects on enamel/dentine formation and mineralization and does not report any neurotoxicity-related outcomes.
556,"YES — Neonatal rat hippocampal neurons were intracellularly dialyzed with a fluoride-based solution (exposure to fluoride) and electrophysiological/neurophysiological outcomes (suppression of GABA(A) currents, altered NMDA/AMPA responses and GDPs) were reported."
557,"NO — This is an animal study of local vinblastine (a vinca alkaloid) neurotoxicity, not an exposure to fluoride or a fluoride analogue (the mention of ""fluoride-resistant acid phosphatase"" refers to an assay, not fluoride exposure)."
558,"YES — The study exposes frog sciatic nerve preparations to sodium fluoride and measures neurophysiological outcomes (compound action potentials/nerve conduction), satisfying animal exposure and neurotoxicity criteria."
559,"NO — Sodium fluoride was used in vitro to block NGF–receptor complex formation (a biochemical assay), not as an animal exposure measuring neurotoxic outcomes, and no neurotoxicity endpoints or in vivo animal study are reported."
560,"NO — This is a chemistry paper on synthesis and fluorescence sensing of anions (including F–) in organic solvent, with no animal study or any neurotoxicity outcomes reported."
561,"NO — This is a general review/narrative mentioning fluoride's role in dental caries prevention in humans, with no reported animal study or neurotoxicity outcomes."
562,YES — Animal study of sodium fluoride exposure in Xenopus embryos reporting neuromuscular dysfunction (a neurodevelopmental/neurotoxicity outcome).
563,"NO — This is an in vitro chemistry/enzymology study synthesizing organophosphate surrogates and characterizing enzyme kinetics/AChE inhibition (with sodium fluoride used analytically), not an animal study nor a report of fluoride exposure-related neurotoxicity."
564,"NO — This rat neuronal tracing study only mentions ""fluoride-resistant acid phosphatase"" as a histochemical marker and does not involve exposure to fluoride or its analogues nor report any neurotoxicity outcomes."
565,NO — The title and topic indicate a histochemical study of primary nociceptive neurons and do not mention exposure to fluoride or its analogues nor report animal neurotoxicity outcomes.
566,"NO — This is an animal study of sodium fluoride exposure but reports gastrocnemius muscle histochemistry and muscle lesions (DNA/RNA/protein changes), not neurotoxicity or nervous-system outcomes."
567,"NO — This is a synthetic chemistry study of fluorine-containing titanium catalysts for polymerization, not an animal study and it does not assess fluoride (or analogue) exposure effects or any neurotoxicity outcomes."
568,"YES — This is an animal study in hens assessing neurotoxicity (delayed neurotoxicity and neurofilament protein changes) after exposure to diisopropyl phosphorofluoridate (DFP), a phosphorofluoridate organophosphate containing fluorine."
569,YES — Animal study (mice) of enflurane (a fluorinated volatile anesthetic) reporting spinal neurophysiological outcomes (evoked potentials and synaptic currents) relevant to neurotoxicity/neurofunctional effects.
570,NO — This is a molecular characterization of G alpha 11 from turkey erythrocytes and does not involve fluoride/fluoride-analogue exposure or report any neurotoxicity outcomes.
571,"YES — Animal study in rats exposing them to sodium fluoride with outcomes assessing responses to central nervous system agents, meeting fluoride exposure and neurotoxicity-related outcome criteria."
572,"YES — Title reports chronic sodium fluoride poisoning with measurement of auditory biopotentials (a neurophysiological outcome), and although the species isn't specified it is relevant/unclear for animal inclusion."
573,"YES — This is an animal (rat) study that includes sodium fluoride exposure and reports striatal adenylate cyclase activity, a neurochemical outcome relevant to neurotoxicity."
574,"YES — The title reports histochemical studies of sodium fluoride's effects on Purkinje cell metabolism, which is an outcome related to neurotoxicity and is likely conducted on animal brain tissue."
575,NO — This is a cancer-focused review of trace elements (including fluorine) and not an animal study reporting fluoride exposure effects on neurotoxicity.
576,"NO — Animal study of fluoride aerosol exposure in mice but reports pulmonary/immune and lung damage outcomes, not any neurotoxicity-related measures."
577,"YES — Rat hippocampal pyramidal neurons were exposed to pinacidil and its fluorine derivatives (fluorinated analogues) and A-type potassium current was measured by patch-clamp, a neurophysiological outcome relevant to neurotoxicity in an animal model."
578,"NO — this hen study investigates organophosphate-promoting esterase inhibitors and OPIDP, not exposure to fluoride or fluoride analogues."
579,"NO — This is an in vitro materials/biocompatibility study of calcium aluminate cement containing lithium fluoride (LiF) assessing setting behavior, compressive strength, cytotoxicity and hemolysis, not an animal study and it does not report any neurotoxicity outcomes."
580,"NO — Animal (canine) study of fluoride’s effects on femoral cortical bone and osteopenia outcomes, not measures of neurotoxicity."
581,"YES — The study examines neurotoxic effects of di‑isopropyl phosphorofluoridate (a phosphorofluoridate containing fluorine) on neurotoxic esterase derived from hen brain (animal tissue), addressing mechanisms related to delayed neuropathy."
582,"NO — This is a histochemical study of a fluoride-resistant acid phosphatase enzyme in animal sensory ganglia/spinal cord, not an animal exposure study to fluoride (or its analogues) nor does it report neurotoxicity outcomes."
583,YES — Fluoride was one of the anions tested for effects on [3H]GHB binding in synaptosomal membranes from rat (animal) brain (though fluoride was inactive and no direct neurotoxicity endpoints were reported).
584,"YES — Animal (rat) study of fluorinated (CF3-containing) amphetamine-like compounds (e.g., fenfluramine) with in vivo exposure and measurement of synaptosomal neurotransmitter uptake (5‑HT, DA, GABA, Glu), a neurotoxicity-related outcome."
585,"NO — This animal study examines cobalt effects on renal cyclic AMP and erythropoiesis, not fluoride/analogues and it does not report any neurotoxicity outcomes."
586,NO — The record concerns organo‑fluoride poisoning with cardiac damage and does not report neurotoxicity outcomes (and does not indicate an animal study).
587,NO — This is a medicinal chemistry/in vitro and modeling study of tacrine–huperzine A hybrids (not fluoride or analogues) and does not report animal neurotoxicity outcomes.
588,"NO — this study examines forskolin binding in rat brain membranes and does not involve exposure to fluoride or fluoride analogues, so it fails the required exposure criterion."
589,YES — Animal (Helix) neuronal study that used intracellular fluoride (as a phosphatase inhibitor) and reports electrophysiological effects on dopamine-gated currents (neurophysiological outcomes).
590,"NO — This is a methodological in vivo NMR study measuring fluorinated psychoactive drugs and lithium distribution in brain (including rat), not an animal study of fluoride (F–) exposure or any neurotoxicity outcome."
591,"NO — This is a materials/organic electronics study of halogenated perylene bisimide semiconductors (fluorinated substituents) and device performance, not an animal study and it reports no neurotoxicity outcomes."
592,"NO — This is an in vitro pharmacology study of synthetic PCP-receptor ligands (some bearing a fluorine substituent) showing neuroprotection in cultured rat hippocampal cells, not an animal study of exposure to fluoride or its analogues nor an assessment of fluoride neurotoxicity."
593,"NO — The study examines p47phox gene deletion and ROS/oxygen-sensing in mouse carotid body cells, not exposure to fluoride or its analogues."
594,"NO — This paper is an enzymatic characterization of cAMP-dependent protein kinase in adipose tissue and does not involve fluoride exposure, neurotoxicity outcomes, or an animal neurotoxicity study."
595,"NO — Materials-science study of PVDF/clay nanocomposites and tribological properties, not an animal study, and it does not assess neurotoxicity or fluoride exposure in a biological/neurotoxicological context."
596,NO — This is a human cadaver study measuring fluoride concentrations in the pineal gland (not an animal study) and does not report neurotoxicity outcomes.
597,"NO — This is a clinical/pharmacology review of fluorinated quinolone antibiotics (not fluoride/analogue exposure), does not report an animal study, nor specific animal neurotoxicity outcomes."
598,NO — This paper describes polyfluorinated imaging ligands and in vitro/brain-section binding assays (with BBB penetration noted) rather than an animal study of fluoride exposure and does not report any neurotoxicity outcomes.
599,"NO — Although this is an in vivo pig study of bacterial adhesion to intraocular lens materials (including ""fluorine PMMA""), it does not investigate exposure to fluoride or its analogues nor report any neurotoxicity outcomes."
600,"NO — The study investigates adenylate cyclase and phosphodiesterases in somatic hybrids of glial cells (an in vitro cellular/biochemical study) and does not involve fluoride exposure, neurotoxicity outcomes, or an animal model."
601,"NO — The study investigates lithium exposure (in vitro and in vivo) on adenylate cyclase in rats, with fluoride only used as an assay stimulant, so it does not examine fluoride or its analogues as the exposure."
602,"NO — The study examines externally applied sodium ions on squid axon membranes (electrophysiology), not exposure to fluoride or its analogues, so it does not meet the exposure criterion."
603,"NO — This is an animal study of rat sciatic nerve axotomy and changes in neuropeptide expression (VIP, CGRP), but it does not involve exposure to fluoride or its analogues."
604,"NO — This animal study exposes rabbit ovarian follicles to phenylmethylsulfonyl fluoride and measures testosterone production (an endocrine outcome), not any neurotoxicity-related outcome."
605,"NO — The record concerns aluminum toxicity and chelation (with animal data in rats/rabbits) rather than fluoride or fluoride analogues, so it does not meet the exposure criterion."
606,NO — This rabbit study examines ceftriaxone BBB permeability and the effect of dexamethasone (a fluorinated corticosteroid) but does not involve fluoride exposure per se nor report any neurotoxicity outcomes.
607,"YES — Multigenerational rat study of fluoride exposure (100–200 ppm in drinking water) reporting brain neurotoxicity outcomes (increased lipid peroxidation, decreased antioxidant enzyme activity, reduced brain somatic index and other neuro-related measures)."
608,"YES — Rat study exposing animals to sodium fluoride and reporting tissue (hard and soft) distribution of 42-potassium, so it meets the fluoride exposure and animal criteria and may be relevant to neurotoxicity (unclear if brain-specific outcomes are reported)."
609,"YES — Animal study in mice using sodium fluoride (NaF) to induce cerebral ischemia and reporting neurotoxicity-related outcomes (survival/cerebroprotective effects), so it meets the inclusion criteria."
610,NO — This is an engineering/BNCT neutron-source report (with preclinical BNCT animal tests) and only mentions calcium fluoride as a moderator material; it does not describe animal exposure to fluoride/analogues or report neurotoxicity outcomes.
611,"YES — Studies sodium fluoride exposure in frogs and reports effects on desensitization of the neuromuscular end plate, a neurophysiological (neurotoxicity-related) outcome in an animal model."
612,"NO — This is an engineering study on bone-char adsorption for fluoride removal from groundwater, not an animal study and it reports no neurotoxicity outcomes."
613,"NO — Animal study of organophosphorus compounds (PSP) and the sulfonyl fluoride PMSF examining OP-induced delayed neurotoxicity, not research on fluoride or its analogues (fluoride ion/fluoride salts)."
614,"NO — The paper tests fluorinated isosteric analogues (including a vinyl-fluoride replacement) in opioid binding and mouse analgesia assays, but reports analgesic activity rather than any neurotoxicity outcomes."
615,"NO — although the study reports effects of KF on behavior, it uses Dictyostelium discoideum (a slime mold/protist), not an animal model, so it does not meet the animal-study inclusion criterion."
616,"NO — This is an in vitro/ex vivo scanning electron microscopy study of polyvinylidene fluoride degradation by bovine ocular tissue extracts (material-degradation focus), not an in vivo animal study and it does not report any neurotoxicity outcomes."
617,"NO — Animal study of inhaled fluoroethylenes/hexafluoropropene measuring fluoride ion excretion (toxicokinetics), not any neurotoxicity outcomes."
618,"NO — This is a geochemistry/epidemiological synthesis on fluoride occurrence and human fluorosis in Kenya, not an animal study and it does not report outcomes related to neurotoxicity."
619,"YES — Developmental exposure of Wistar rats to sodium fluoride (30–100 ppm) with reported brain histological neurotoxic outcomes (neuronal loss, Purkinje cell reduction, chromatolysis, gliosis) makes this an animal study of fluoride-related neurotoxicity."
620,"NO — This paper appears to concern fluorinated analogs of insect sex pheromones (likely chemical/behavioral pheromone work), not an animal study reporting neurotoxicity outcomes from fluoride exposure."
621,"NO — The study investigates effects of potassium salts (KCl, KBr) on squid giant axon proteins/excitability and does not involve fluoride or fluoride analogues."
622,NO — This is an analytical INAA study measuring endogenous elemental concentrations (including fluorine) in rat brain regions but does not involve experimental fluoride/analogue exposure nor report neurotoxicity outcomes.
623,"YES — Brain tissues from rats and guinea pigs were incubated with a cyclic AMP–fluoride–theophylline mixture and effects on tubulin (colchicine-binding) were measured, so it is an animal study reporting a neuro-related outcome after fluoride exposure."
624,"NO — This is an animal study of sarin inhalation (a nerve agent); fluoride is only mentioned as a biochemical reactivation method, not as the exposure of interest."
625,"NO — Appears to be a review or commentary about fluorinated ethers in anesthesia/psychiatry, not an original animal study reporting neurotoxicity outcomes."
626,"YES — Animal study in rabbits exposing them to fluoride (and molybdenum) with a copper intervention, but the title does not specify whether neurotoxicity outcomes were measured so relevance to neurotoxicity is unclear."
627,NO — This is a comparative biochemical study of shark myelin proteins and does not involve exposure to fluoride or its analogues nor report neurotoxicity outcomes.
628,"YES — The study uses aluminum fluoride (AlF3, a fluoride analogue) in frog sympathetic neurons and reports electrophysiological calcium-current outcomes in an animal model, which are relevant neurophysiological measures."
629,"NO — This is an in vitro neuroblastoma cell study of cannabinoid/nantradol effects (with NaF used only as an enzymatic activator), not an animal study of fluoride or its analogues reporting neurotoxicity."
630,"YES — discusses fluoride exposure and effects on melatonin secretion (a neuroendocrine/neurotoxicity-related outcome) and refers to animal and human work, but it’s unclear whether this record reports primary animal experiments."
631,"YES — The title indicates joint exposure to fluorine (fluoride) and manganese compounds (meeting the exposure criterion), but the record does not specify whether it is an animal study or reports neurotoxicity outcomes, so inclusion is unclear."
632,"NO — Animal study of sodium monofluoroacetate measuring tissue/inorganic-organic fluoride concentrations and lethality, but it does not report any neurotoxicity-related outcome measures."
633,YES — Subchronic NaF exposure was studied in rats with measurement of fluoride accumulation in the hippocampus and effects on acetyl- and butyrylcholinesterase activity (neurotoxicity-related outcomes).
634,"YES — The title indicates experimental work on fluoride stimulation of adenylate cyclase (i.e., fluoride exposure), but it is unclear from the record whether this is an animal study or reports any neurotoxicity-related outcomes, so full text is needed to confirm."
635,"NO — This is an in vitro study of neuronal cell attachment to fluorinated ethylene propylene (FEP) surfaces (with peptide modifications), not an animal study and it does not assess neurotoxicity from fluoride exposure."
636,"YES — Animal study of levofloxacin (a fluorinated quinolone) reporting CNS-related behavioral/neurotoxic outcomes (anxiety, depression-like behavior, sleep, analgesia) in rats and mice."
637,"YES — Animal study measuring fluoride exposure in cows and newborn calves (fluoride levels in blood) but the record title does not specify any neurotoxicity outcomes, so relevance to neurotoxicity is unclear."
638,NO — This is a review of sodium fluoride effects on bone (clinical and animal bone outcomes) and does not report animal neurotoxicity outcomes nor present an original animal neurotoxicity study.
639,"NO — This rat study examines postnatal synaptic maturation and uses ""fluoride-resistant acid phosphatase"" as a histochemical marker, but it does not involve exposure to fluoride or its analogues as an experimental neurotoxicant."
640,"YES — Rat cortical membrane study exposing tissue to NaF and Al (forming AlF4-) with measured effects on phosphoinositide (PtdIns) turnover, a neurobiologically relevant outcome, meets the animal + fluoride/analogue + neurotoxicity-related outcome criteria."
641,NO — This study characterizes histone H5 from carp erythrocytes and does not involve exposure to fluoride (or analogues) nor report any neurotoxicity-related outcomes.
642,YES — Animal (squid giant synapse) study measuring synaptic neurotransmitter release (a neurotoxicity-related outcome) that included exposure to the fluoride analogue aluminum fluoride (AlF4-).
643,"NO — This is an animal study of sarin (an organophosphate nerve agent) exposure that uses fluoride only as an analytical reagent to regenerate sarin, so the animals were not exposed to fluoride or its analogues."
644,NO — Study measures GAP-43 in human postmortem brains from schizophrenic patients and does not involve fluoride/analog exposure nor an animal model of neurotoxicity.
645,"YES — the study tests norfloxacin (a fluorinated quinolone) and norfloxacin–biphenylacetic acid hybrids on rat hippocampal neurons, reporting GABA(A) receptor antagonism (a neurotoxicity-related outcome) in an animal-derived model."
646,"NO — This is a histochemical/anatomical study using ""fluoride-resistant acid phosphatase"" as a marker in rat spinal cord and does not involve exposure to fluoride or report any neurotoxicity outcomes."
647,"NO — The title and topic concern retinal cell maturation/degeneration and cAMP in neurons with no indication of exposure to fluoride or its analogues, so it does not meet the exposure criterion."
648,NO — This is a review/epidemiologic/policy article about human (children) exposures and associations (and references to other studies) and does not report an animal study of fluoride neurotoxicity.
649,"NO — This is an animal study of intracellular GABA receptor blockade in cat visual cortex examining orientation selectivity, not exposure to fluoride or its analogues nor a neurotoxicity outcome."
650,"YES — This is an in ovo animal study assessing neurodevelopmental/neurotoxicity outcomes after acute exposure to a C3F7-tagged (perfluoroalkyl, i.e., fluorinated) 5-hydroxytryptophan probe, so it involves a fluorinated analogue."
651,"YES — Animal study exposing insects to a fluorinated analogue (1,1,1‑trifluoro derivative) with electrophysiological (antenna depolarization) and behavioral outcomes relevant to neurotoxicity."
652,"YES — Animal (guinea pig) study reporting exposure to sodium fluoride (NaF) with effects on adenylate cyclase/cAMP levels and cochlear potentials, i.e., neurophysiological outcomes."
653,"NO — The study tests FAAH/transport inhibitors (AM404 and AM374/palmitylsulfonyl fluoride) for neuroprotection against excitotoxicity in vitro and in vivo, not exposure to fluoride (or environmental fluoride neurotoxicity) in animals."
654,"YES — Animal (rat) study that includes exposure to sodium fluoride (2.5 mM) and reports effects on soman (a neurotoxic nerve agent) tissue levels and binding, outcomes relevant to neurotoxicity."
655,"NO — the paper studies hypothalamic adenylate cyclase in guinea pig, rat, and monkey and does not involve exposure to fluoride or its analogues, so it does not meet the inclusion criteria."
656,"YES — The study examines diflunisal analogues including fluorinated substituents and uses rat forebrain synaptic membrane preparations (animal-derived tissue), so it involves fluorinated compounds and animal material making relevance unclear/possibly eligible."
657,"NO — This rat brain membrane study examines cannabinoid ligand binding (anandamide/CP 55,940) and enzyme hydrolysis, not exposure to fluoride or its analogues nor fluoride-related neurotoxicity."
658,"NO — This is an electrophysiological study in rat trigeminal neurons that used internal fluoride in the recording solution as a methodological tool to enhance Na(V)1.9 currents, not an investigation of fluoride/analogue exposure causing neurotoxic outcomes."
659,"NO — Animal study of chronic NaF exposure, but outcomes focus on thyroid/I-131 metabolism and histology rather than any neurotoxicity measures."
660,NO — The record describes in vitro synthesis and GABA-A receptor binding of flavylium salts (not fluoride or its analogues) and is not an animal neurotoxicity study.
661,"NO — This is an animal (dog) pharmacology study of ring-fluorinated dopamine and norepinephrine analogs focusing on cardiovascular/adrenergic effects, not any neurotoxicity outcomes."
662,"NO — This is a biochemical study on human post-mortem brain membranes using sodium fluoride as an assay reagent, not an animal study and it reports enzyme characterization rather than any neurotoxicity outcome."
663,"NO — This is a geochemistry/solubility study of rare earth elements in fluoride- and chloride-bearing aqueous solutions at high temperatures, not an animal study and it does not report any neurotoxicity outcomes."
664,"NO — This is an analytical LC-MS/MS method validation for measuring BAPTA-AM in rat plasma (fluoride is mentioned only as a stabilizer during sample prep), not an animal study of fluoride/analogue exposure nor reporting any neurotoxicity outcomes."
665,NO — The study examines endothelin-1 signaling in primary astrocytes (an in vitro cell study) and does not involve exposure to fluoride or its analogues nor report neurotoxicity outcomes.
666,NO — the paper studies activated protein C (APC) effects on cultured hippocampal/cortical neurons under glutamate excitotoxicity (in vitro) and does not involve fluoride or its analogues nor an in vivo animal exposure.
667,NO — Animal study measured sevoflurane-derived inorganic fluoride levels and renal parameters in rabbits but did not report any neurotoxicity-related outcomes.
668,"NO — this is an animal/biochemical study of a Bothrops venom phospholipase A2 (BnSP-7) and its neuromuscular/myotoxic effects, not an exposure to fluoride or its analogues."
669,"NO — Animal study of frog liver staining with acridine orange/chromic fluoride focused on histological detection methods, not on fluoride (or analogue) exposure causing neurotoxic outcomes."
670,"YES — Animal study of sodium fluoride exposure in rats that, although focused on dentin/calcification, reports neuromuscular/neuro signs (animals ""very liable to tetany"" after NaF), so it is relevant/unclear for neurotoxicity."
671,"NO — This is an in vitro study of palmitoylethanolamide/anandamide transport in cell lines (Neuro-2a and RBL-2H3), not an animal study, and it does not involve fluoride exposure or report neurotoxicity outcomes."
672,NO — Animal pharmacokinetic study of a monofluorinated neuroleptic (melperone) using F-19 NMR in rats that reports brain concentrations and half-life but does not assess or report any neurotoxicity outcomes.
673,"NO — Although this is an animal study and includes a fluorinated bupranolol analogue, the outcomes are cardiovascular/pharmacological (beta1-adrenoceptor antagonism and tachycardia) rather than any neurotoxicity measure."
674,"NO — This is an organ-culture study of 6‑fluoro/4,6‑difluoromelatonin effects on pituitary LH release (endocrine outcome), not an in vivo animal neurotoxicity study and it does not report neurotoxicity outcomes."
675,YES — The study uses fluoroaluminate (an aluminium–fluoride complex) in assays on brain cortical membranes from cats with GM1/GM2 gangliosidosis and reports altered brain biochemical measures (neuro-related outcomes) in an animal model.
676,"NO — Animal study of sodium fluoride focusing on renal concentrating/diluting function (vasopressin response, urine osmolality, cAMP), not reporting any neurotoxicity outcomes."
677,"NO — This is an animal vascular pharmacology study of a nitric oxide donor (SNAP) on rat mesenteric artery function, not an exposure to fluoride or its analogues and it does not report neurotoxicity outcomes."
678,"NO — This is an engineering paper using PVDF as a sensor material in a minirobot, not an animal study and it does not report any neurotoxicity outcomes or exposure experiments."
679,"NO — This is a biochemical study of a bacterial activator on frog erythrocyte adenylate cyclase (NaF is only mentioned as an assay reagent), not an animal exposure study reporting any neurotoxicity outcomes."
680,"NO — This is an animal study of anandamide (an endocannabinoid) effects on vascular relaxation in rat mesenteric arteries, not an investigation of fluoride or its analogues and not focused on neurotoxicity."
681,NO — This is a chemical sensor study describing anthracene-isothiouronium probes that detect anions (including fluoride) and does not report any animal experiments or neurotoxicity outcomes.
682,"NO — This paper investigates lichen-derived protease degradation of prion protein (PrPTSE), not exposure to fluoride or its analogues, nor an animal neurotoxicity exposure study."
683,YES — The study used sodium fluoride (NaF) to modulate [3H]forskolin binding in rat striatum and includes in vivo rat experiments reporting neurochemical (receptor/adenylate cyclase binding) outcomes.
684,"YES — the study (rat DRG neurons) includes exposure to aluminum fluoride (AlF3, a fluoride analogue) in electrophysiological experiments and reports neural (electrophysiological) outcomes."
685,NO — This is a materials/chemistry study of fluoride's effect on apatite and dental caries mechanisms (not an animal experiment) and it does not report any neurotoxicity outcomes.
686,"YES — This animal study exposes hens to diisopropyl phosphorofluoridate (DFP, a fluorinated organophosphate) and reports neurotoxicity outcomes (NTE inhibition, axonal pathology, and peripheral neurological impairments)."
687,"YES — The study uses rat brain (animal-derived) microsomes and reports that NaF (sodium fluoride) totally inhibits a lysophospholipid phosphodiesterase, indicating fluoride exposure with a neurobiochemical outcome (though not an in vivo behavioral/toxicology assessment)."
688,"NO — The study examines uptake of radioactive chloride (36Cl) in astrocyte tissue cultures (in vitro), not exposure to fluoride/fluoride analogues and not an animal study."
689,"NO — Although this is an animal study of fluoride exposure in rats, the outcomes reported are bone, growth, and mineral metabolism measures (histomorphometry/osteogenesis) and do not include any neurotoxicity-related outcomes."
690,NO — The study examines dipeptidyl peptidase‑II activity in cultured neonatal rat astroglial cells and does not involve exposure to fluoride or its analogues nor report neurotoxicity outcomes.
691,"NO — This is a biochemical characterization of a snake venom serine protease and its effects on fibrinogen/platelets, not an animal study of fluoride exposure or any neurotoxicity outcome."
692,"NO — This is a molecular/biochemical study expressing Gs alpha in E. coli and assaying adenylate cyclase activity (including fluoride-stimulated activation), not an animal study of fluoride exposure or neurotoxicity outcomes."
693,"NO — this is an animal study of fluorinated antiviral nucleoside analogues reporting antiviral efficacy, survival, and brain drug levels, but it does not assess or report any neurotoxicity outcomes."
694,"YES — Animal study of sodium fluoride exposure in cattle reporting neurological signs (ataxia and recumbency) consistent with neurotoxicity, even though primary lesions reported were renal."
695,"YES — This is an animal (mouse) study exposing animals to a fluorinated analogue (1‑fluoro‑1‑deoxy‑THC) reporting pharmacological/CB1–CB2 effects (fluorinated exposure present) but it does not report explicit neurotoxicity outcomes, so relevance is unclear."
696,"NO — an in vitro biochemical study of phosphorylase kinase from rabbit muscle that uses sodium fluoride as a phosphatase inhibitor during purification, not an animal study of fluoride exposure nor any neurotoxicity outcome."
697,"YES — Animal (rat) inhalation study of a fluorinated compound (1,1,2‑trichloro‑1,2,2‑trifluoroethane, FC‑113) that reports behavioral observations (neurotoxicity-related outcome) and urinary fluoride measurements."
698,NO — This paper studies palmitoylethanolamide analogues' effects on anandamide metabolism (in vitro and ex vivo rat tissue/cell lines) and does not involve fluoride exposure or report animal neurotoxicity outcomes.
699,NO — This is a clinical review of sevoflurane in humans (mentions fluoride levels/nephrotoxicity) and does not report animal studies or animal neurotoxicity outcomes related to fluoride.
700,NO — Materials/chemistry study of polymer adsorption and crystal growth of calcium fluoride; not an animal study and reports no neurotoxicity outcomes.
701,NO — the study examines inhibition of neuropathy target esterase by organophosphate inhibitors in mouse nervous tissue in vitro and does not involve fluoride or fluoride analogues nor report an in vivo animal neurotoxicity exposure to fluoride.
702,"YES — Reports experimental use of a highly fluorinated alkane (a fluoride analogue) with assessed retinal/tissue toxicity outcomes in an experimental (likely animal) study, although the species is not explicitly stated."
703,"NO — This is an in vitro study of ATP-evoked Ca2+ signaling in cultured dorsal spinal cord astrocytes and does not involve fluoride/analog exposures, neurotoxicity outcomes, or an in vivo animal study."
704,NO — Materials chemistry study of fluorinated liquid-crystalline polysiloxanes with physicochemical characterization; no animal experiments or neurotoxicity outcomes reported.
705,"NO — Animal study of fluoride exposure in rats, but outcomes focus on bone disuse atrophy rather than any neurotoxicity-related measures."
706,YES — Animal (rat nerve–diaphragm) study of methylfluorophosphorylcholines and Sarin (fluorophosphoryl compounds) reporting neuromuscular block (neurotoxic outcome) and its reversal.
707,"YES — Animal (rat) study reporting effects of phenylmethylsulfonyl fluoride (a sulfonyl-fluoride compound) on brain carboxypeptidase activity (a neurochemical outcome), though it’s unclear if PMSF is intended as a fluoride/analogue exposure."
708,"YES — Reports preclinical in vivo animal studies of vinflunine, a fluorinated Vinca alkaloid (exposure to a fluorinated compound) and mentions neurotoxicity-related effects (reduced neurotoxicity), so relevance to the inclusion criteria is possible though outcomes are not detailed."
709,NO — This is an animal study of enteric and dorsal root neuron markers (including neonatal capsaicin treatment) and does not involve exposure to fluoride or its analogues nor report fluoride-related neurotoxic outcomes.
710,"NO — This is an animal study of intracisternal Escherichia coli LPS (endotoxin) exposure causing BBB changes in piglets, not exposure to fluoride or its analogues."
711,NO — This is a clinical review about salmon calcitonin for osteoporosis that only mentions fluoride in passing and does not report any animal study of fluoride exposure or neurotoxicity outcomes.
712,"YES — Animal study administering sodium fluoride (intracerebroventricularly) with measured CNS-mediated outcomes (changes in blood pressure and heart rate), so it is relevant or potentially relevant to neurotoxicity."
713,"YES — The record describes a fluorinated analog (FCCNU) tested in mice with reported toxicity and effects in an intracerebral (mouse) tumor model, but the abstract does not explicitly report neurotoxicity-specific outcomes (unclear relevance)."
714,"YES — Animal study in mice exposing them to sodium fluoride and reporting brain neurotoxicity measures (histopathological changes and brain region weights), with/without black tea extract."
715,"NO — This is an animal study of chlorpyrifos exposure (with sodium fluoride used only as an in vitro activator of G-proteins), not a study of fluoride or fluoride analogues as the exposure."
716,"NO — This is an anatomical study of rat dorsal horn afferents using HRP and mentions ""fluoride-resistant acid phosphatase"" as a histochemical marker, but it does not involve exposure to fluoride (or analogues) or report neurotoxicity outcomes."
717,"NO — This is a rat pharmacokinetic assay of aspirin/salicylic acid (with potassium fluoride used only as a sample preservative), not a study of fluoride exposure or neurotoxicity."
718,NO — This is a biochemical/synthetic chemistry study of α-bungarotoxin and its treatment with liquid HF (a fluoride reagent) reporting protein stability/activity but does not describe an animal study or animal neurotoxicity outcomes.
719,"NO — This is an in vitro biochemical study using bovine brain G proteins (and AlF complexes as experimental reagents), not an in vivo animal study and it does not report any neurotoxicity outcomes."
720,"NO — The study examines fluorinated alkanols' effects on GABA(A) and NMDA receptors using Xenopus oocytes and mouse brain membrane vesicles (in vitro), not an animal (in vivo) study reporting neurotoxicity outcomes."
721,"YES — Mouse in vivo study using fluorinated perfluoro-15-crown-5-ether (PFCE) nanoparticles to label neural stem cells, reporting cell viability and proliferation outcomes after grafting (neurotoxicity-relevant)."
722,"YES — Studies the effects of fluoride on adenylate cyclase prepared from rat brain (animal-derived neural tissue), reporting biochemical outcomes relevant to neuronal function and thus potentially relevant to neurotoxicity."
723,"NO — the study investigates effects of Vinca alkaloids (microtubule inhibitors) on nociceptive neurons and does not involve exposure to fluoride or fluoride analogues (the term ""fluoride-resistant acid phosphatase"" refers to an enzyme marker, not fluoride exposure)."
724,"YES — Animal study exposing mice (and dogs) to fluorinated gases (CF4 and SF6) and measuring anaesthetic potency via the righting reflex, a neurobehavioral (CNS) outcome, so it meets the exposure (fluoride analogues), neurotoxicity outcome, and animal-study criteria."
725,"NO — This rat brain membrane biochemistry study uses sodium fluoride as an in vitro adenylate cyclase stimulant, not as an experimental fluoride exposure assessing neurotoxic outcomes in animals."
726,NO — Study examines NaF effects on bovine adrenal cortical adenylate cyclase (endocrine/biochemical outcome) and does not report any neurotoxicity-related outcomes.
727,"NO — This is an in-vitro study of a synthetic membrane for transdermal diffusion (no fluoride/analog exposure, no neurotoxicity outcomes, and not an animal study)."
728,"NO — this is an in vitro study of 125I‑labelled thrombin binding to platelet proteins and does not involve fluoride exposure, neurotoxicity outcomes, or an animal experimental model."
729,"NO — This is a plant (Arabidopsis) study on DREB2C and ABA biosynthesis during germination, not an animal study and it does not involve fluoride or neurotoxicity outcomes."
730,"NO — This is an in vitro study on bovine bone mechanical properties after fluoride treatment (bone mineral/strength outcomes), not an animal study nor reporting any neurotoxicity outcomes."
731,"NO — This is an animal study using polyvinylidene fluoride (PVDF) as an implanted nerve-guidance biomaterial for sciatic nerve repair, measuring regeneration and morphology, not exposure to fluoride ions or fluoride-related neurotoxicity."
732,NO — This is an in vitro biochemical study of haemoglobin ligand binding (including fluoride) and not an animal neurotoxicity study and reports no neurotoxicity outcomes.
733,"YES — Mouse study investigating neurotoxicity of fluorinated MPTP analogs (2'-CH2F-MPTP and 2'-F-MPTP) on the nigrostriatal dopaminergic system, reporting MAO metabolism and neurotoxic outcomes."
734,NO — This is an animal study of glutamate/GABA/AMPA receptor physiology in neonatal rat hippocampal slices and does not involve exposure to fluoride or its analogues nor report fluoride-related neurotoxicity.
735,"NO — although it studies the effects of fluoride on adenylate cyclase in fat cells, it does not report neurotoxicity outcomes nor appear to be an animal study of neurological effects."
736,NO — This study evaluates N-acetylcarnosine treatment for age-related cataracts in humans and canines and does not involve exposure to fluoride/analogues nor report any neurotoxicity outcomes.
737,YES — Animal (mouse) study of fluoride exposure (50 mg/L) reporting brain neurotoxicity outcomes (oxidative-stress markers and histopathological/neurodegenerative changes).
738,"NO — Animal study of fluoride exposure in rats, but reports growth and reproductive outcomes (teeth, estrous cycle, adrenal weight, lactation) with no measures or outcomes related to neurotoxicity."
739,"YES — Animal (rat) study of fluoride exposure (25 mg F/L) that measured neurotoxicity-relevant outcomes (brain oxidative stress markers: NO, TBARS, total antioxidant status)."
740,"NO — This is a plant study of fluoride spray effects on Washington navel orange trees measuring yields and fruit quality, not an animal study and it reports no neurotoxicity outcomes."
741,NO — This is a biochemical study of fluorobenzyl alcohol binding/mobility with horse liver alcohol dehydrogenase (enzyme/NMR/crystallography) and does not report any animal neurotoxicity outcomes.
742,"NO — This is a chemistry/pharmacology study of fluspidine enantiomers (including radiolabeled [F-18] versions) with in vitro rat liver microsome metabolism and receptor binding data, not an animal study of fluoride (or fluoride-analogue) exposure nor reporting neurotoxicity outcomes."
743,"NO — Mentions ""organic fluorides"" as one class of adenylate cyclase activators but is a mechanistic/clinical discussion of aqueous humor regulation, not an animal study reporting fluoride exposure or any neurotoxicity outcomes."
744,"YES — Animal study testing fluorinated cyclic enaminone derivatives (fluorinated analogues) in four epilepsy models including a rotorod neurotoxicity assay, and reporting neurotoxicity outcomes."
745,"NO — This is an engineering paper about a PET scanner that uses cesium fluoride crystals in detectors, not an animal study of fluoride exposure or neurotoxic outcomes."
746,"NO — Although this is an animal study of a fluorinated compound (PFOS) in polar bears, it reports tissue isomer distribution and not any neurotoxicity outcomes."
747,"NO — This is a cell-free/cellular mechanistic study on PKC regulation of beta-APP processing (Alzheimer's-related) involving phorbol esters, not an animal study of fluoride or its analogues nor reporting fluoride-related neurotoxicity."
748,NO — This is an animal study of vasopressin-sensitive adenylate cyclase in rat renal medulla and does not involve fluoride exposure or report neurotoxicity outcomes.
749,"NO — This is an ecological human study relating water fluoride to cancer incidence, not an animal study and it does not report any neurotoxicity outcomes."
750,YES — The study uses fluoride (10 mM) to stimulate adenylate cyclase in rat cerebral cortex homogenates and reports neurochemical/neurophysiological outcomes (adenylate cyclase activity and effects on spreading depression) in an animal model.
751,"NO — the record concerns calcium modulation of parotid adenylate cyclase, not fluoride/analog exposure or neurotoxicity outcomes."
752,"YES — Animal study (turnip moth males) exposing insects to fluorinated pheromone analogs and measuring electrophysiological and behavioral (neurophysiological/behavioral) responses, which are relevant neurotoxicity outcomes."
753,"NO — This is an in vitro BALB/c-3T3 cell transformation assay (not an animal study), and although sodium fluoride was tested, the outcomes are morphological transformation/carcinogenesis endpoints rather than neurotoxicity."
754,"YES — Animal study of NaF (fluoride) exposure in broiler chicks reporting organ-weight and physiological changes (including decreased pituitary weight), but it does not clearly report specific neurotoxicity outcomes, so relevance to neurotoxicity is unclear."
755,"NO — This mouse study uses the enzyme marker ""fluoride-resistant acid phosphatase"" (FRAP) for cytochemistry and does not involve exposure to fluoride or its analogues nor report neurotoxicity outcomes."
756,"NO — Although this mouse bone study includes NaF (fluoride) exposure, its outcomes are bone microdamage/microcracks (orthopedic measures), not any neurotoxicity endpoints."
757,"YES — The record investigates fluorinated volatile anesthetics (a fluoride-containing exposure) with physiological evaluation (likely including CNS effects) and commonly involves animal experiments, though the brief title does not specify neurotoxicity outcomes or that animals were used."
758,YES — Animal study in adult female mice exposed to sodium fluoride reporting hippocampal neurodegeneration (light and ultrastructural findings) and behavioral deficits in motor coordination and maze performance.
759,"NO — Animal study with fluoride and aluminum/AlF3 exposure but reports general toxicity and biochemical outcomes (mortality, phosphatases, RBCs, protein) with no neurotoxicity-related measures."
760,"NO — Although the study uses AlF4(-) to activate G‑proteins in isolated rat pituitary cells, it is an in vitro cell physiology study that does not examine fluoride (or analogue) exposure effects on neurotoxicity in an animal model."
761,"YES

Rat study of chronic NaF (100 ppm) exposure reporting brain-specific oxidative stress and antioxidant enzyme changes (MDA, GSH, GSH-Px, SOD), i.e., neurotoxicity-related outcomes."
762,"NO — This is a modelling/field-dispersion study of anhydrous hydrogen fluoride (HF) behavior and atmospheric effects, not an animal study and it does not report any neurotoxicity outcomes."
763,"NO — This rat study examines metabolism/distribution of a preventive ""anti-fluorine"" agent (measuring boron and zinc) and does not involve exposure to fluoride or fluoride analogues nor report neurotoxicity outcomes."
764,"NO — This is a geochemistry/experimental petrology study of lanthanide partitioning in silicate and fluoride melts and minerals, not an animal study and it does not report any neurotoxicity outcomes."
765,NO — This is an engineering/materials study about lubricant effects on bearing life (mentions hydrogen fluoride generation) and is not an animal study nor does it report neurotoxicity outcomes.
766,"YES — Animal (rabbit) study exposing eyes to fluorinated oils (fluorosilicone and perfluoroether) that reports retinal edema, disorganization and other retinal pathology indicative of neurotoxic effects."
767,"NO — Although this is an animal (swine) study of magnesium fluoride‑coated implants, it reports biocompatibility and degradation outcomes (organ Mg levels, histology) with no measures or outcomes related to neurotoxicity."
768,"YES — Studies effects of fluorinated compounds on acetylcholinesterase (a neurotoxicity-relevant outcome), though the record does not specify whether an animal model was used."
769,"NO — This is an in vitro biochemical study purifying octopus Gq and reconstituting PLC activation (using aluminium fluoride), not an animal study and it reports no neurotoxicity outcomes."
770,NO — This is a methods study on how fixation and embedding affect Raman spectroscopy of mouse bone and does not involve exposure to fluoride (or analogues) nor report any neurotoxicity outcomes.
771,"NO — This is a molecular study of geldanamycin-induced CHOP expression involving the serine protease inhibitor AEBSF (a sulfonyl fluoride-containing reagent), not an animal study nor an investigation of fluoride exposure or neurotoxicity outcomes."
772,NO — This is a geochemical/mineralogical study of fluorine in ore deposits and does not involve animals or report any neurotoxicity outcomes.
773,NO — This is an in vitro study of GTP-binding proteins and noradrenaline/thrombin-stimulated arachidonic acid release in rabbit platelets and does not involve fluoride exposure or any neurotoxicity outcomes.
774,"YES — Animal study in Osborne-Mendel rats testing sodium fluoride (and related phosphates) with outcomes on drinking behavior, so it meets the exposure and animal criteria and may reflect neurobehavioral effects (unclear if explicitly framed as neurotoxicity)."
775,"NO — This study investigates amyloid enhancing factor in human Alzheimer brain extracts (tested in a mouse bioassay) and does not involve fluoride or its analogues as the exposure, so it does not meet the inclusion criteria."
776,"YES — Animal study in rats exposing them to aluminum fluoride (AlF3), reporting neurobehavioral outcomes (open field, Morris water maze, olfactory preference) indicating possible neurotoxicity."
777,"NO — the paper studies uptake of radioactive chloride (36Cl) in cultured astrocytes (in vitro), not exposure to fluoride/analogues nor an animal neurotoxicity study."
778,"YES — The paper studies fluorinated MPTP analogues that are described as potent neurotoxins used as probes in Parkinson’s disease models, indicating exposure to fluorinated compounds and neurotoxicity in experimental (likely animal) models."
779,"NO — This is an electronic device/materials study that uses fluorine plasma in fabrication and reports electrical device outcomes, not an animal study nor any neurotoxicity-related measures."
780,"NO — This is an in vitro study of glycolysis and excitatory amino acid release in primary rat astrocyte cultures under hypoxia, not an animal study of fluoride (or analogue) exposure."
781,"NO — This is an environmental review of fluorinated alkyl substances (e.g., PFOS) focusing on occurrence and analysis, not an animal study nor reporting any neurotoxicity outcome measures."
782,"NO — Although this rat study involves a fluorinated radioligand ([18F]CFT), it reports tracer synthesis, biodistribution and monoamine-transporter binding rather than any neurotoxicity outcome measures."
783,"NO — The study uses fluoride as an internal anion in perfused squid giant axons (an animal preparation) but reports electrophysiological sodium fluxes/action potentials, not any neurotoxicity-related outcomes."
784,NO — This is a biochemical study of aldolase N‑terminal modification using the protease inhibitor phenylmethanesulfonyl fluoride (not fluoride exposure) and does not report any neurotoxicity outcomes or an animal neurotoxicity study.
785,"NO — This paper describes development/synthesis and imaging properties of the radiotracer 6-[18F]fluoro-L‑dopa for PET, not an animal study of fluoride exposure nor reporting any neurotoxicity outcomes."
786,"YES — Animal study in rats reporting effects of fluoride exposure on brain (rat cortex) phosphoinositide turnover, a neurochemical outcome relevant to neurotoxicity."
787,"NO — This is an in vitro enzymology study of bovine spleen purple acid phosphatase examining fluoride as an enzyme inhibitor, not an animal study nor reporting any neurotoxicity outcomes."
788,"NO — This rat study examines tissue distribution of PMSF-inhibited carboxypeptidase (PMSF is a protease inhibitor, not a fluoride exposure of interest) and does not report any neurotoxicity outcomes."
789,"NO — This rabbit study uses phenylmethylsulfonyl fluoride (a sulfonyl fluoride enzyme inhibitor) and reports intraocular pressure effects, not outcomes related to neurotoxicity nor an exposure to fluoride ion/typical fluoride analogues of interest."
790,"NO — This is an in vitro study of mouse neuroblastoma cells grown on charged fluorinated ethylene propylene (FEP) substrates, not an in vivo animal study, and the exposure is to a charged polymer surface rather than systemic fluoride/fluoride-ion neurotoxicity."
791,NO — This study uses cultured hippocampal slices and examines neurotoxicants like trimethyltin and excitatory amino acid agonists but does not investigate fluoride or fluoride analogues.
792,"YES — Animal study (snail ganglia, with some rat tissues) that examines effects of fluoride (and other halide anions) on GTP-dependent adenylate cyclase and neurotransmitter sensitivity, a neurophysiological outcome relevant to neurotoxicity."
793,"NO — This is an animal PET study of 18F-labeled fluorinated neurotransmitter analogs in baboons measuring cardiac uptake, metabolism and drug blocking, but it does not report any neurotoxicity outcomes."
794,"YES — Rat study of implants made from a fluorinated polymer (vinylidene fluoride–trifluoroethylene copolymer) reporting nerve regeneration outcomes (myelinated axon counts), meeting the exposure (fluorinated analogue) and animal + neuro outcome criteria."
795,NO — This is an engineering/biomanipulation study using a PVDF (polyvinylidene fluoride) piezoelectric sensor on Drosophila embryos and does not involve exposure to fluoride compounds or report any neurotoxicity outcomes.
796,"NO — This is a human study (three spinal cord–injured patients) using 18F-sodium fluoride scintimetry to assess periarticular bone formation and thyrocalcitonin treatment (orthopedic outcomes), not an animal neurotoxicity study."
797,NO — this is an animal study of cAMP/calcium regulation of dog sperm protein phosphorylation and motility and does not involve fluoride (or analogues) nor report neurotoxicity outcomes.
798,"NO — This animal pharmacokinetic study of 2',2'-difluorodeoxycytidine reports plasma/tissue levels and metabolism but includes no neurotoxicity or nervous-system outcome measures."
799,"NO — This is a hydrogeochemical study of fluoride in water (environmental sources and mobilization mechanisms), not an animal study and it does not report any neurotoxicity outcomes."
800,"NO — Multigenerational rat study of sodium fluoride reporting reproductive, fetal growth and skeletal/ossification outcomes (e.g., hyoid bone) but no neurodevelopmental or neurotoxicity measures are reported."
801,"YES — Animal study of 18F fluoride that reports short-term tissue distribution including brain concentrations, so it is relevant (though it does not report direct neurobehavioral or histopathological neurotoxicity outcomes)."
802,NO — Materials science study of fluoride-containing ceramic composites' tribological properties; not an animal study and contains no neurotoxicity outcomes.
803,"YES — Animal study on salmon exposed to fluoride reporting lethal concentrations and inhibited migration (a behavioral outcome that could reflect neurotoxic effects), but neurotoxicity is not explicitly stated so relevance is uncertain."
804,"YES — Animal study of sodium fluoride exposure (NaF 500 ppm) in rats reporting neurotoxic outcomes (exploratory locomotor activity, rota-rod motor coordination and brain acetylcholinesterase activity)."
805,"YES — Animal study exposing freshwater fish to fluoride reporting vertebral deformities and reduced neural canal diameter (with resulting immobilization), which are outcomes relevant to neurotoxicity."
806,NO — This is a geochemical sorption study of antimony on river sand (fluoride is only mentioned as an interfering ion) and it does not involve animals or report any neurotoxicity outcomes.
807,"NO — The study uses fluorinated RNA aptamers and in vitro rat forebrain receptor preparations to probe GABAA channel regulation, not exposure to fluoride/fluoride analogues in an animal neurotoxicity study."
808,"NO — Although this is an animal (rat) study, it describes the localization of the enzyme “fluoride-resistant acid phosphatase” as a marker and does not involve exposure to fluoride (or its analogues) nor report neurotoxicity outcomes."
809,"NO — This is a biophysical study of fluorinated retinal chromophores and opsin (in vitro protein spectroscopy using cattle opsin), not an animal study and it does not report any neurotoxicity outcomes."
810,"NO — This is a methods paper about using phosphatase inhibitors to improve Western blot detection with phospho-specific antibodies and does not involve fluoride exposure, neurotoxicity outcomes, or an animal study."
811,"NO — This is an animal study of chronic angiotensin-converting enzyme (ACE) inhibition (captopril/lisinopril) examining proteolytic activity in rat tissues, not exposure to fluoride or its analogues nor any neurotoxicity outcomes."
812,"YES — Investigates effects of sodium fluoride on the organ of Corti (a neural auditory structure) using enzyme histochemistry, indicating fluoride exposure and a neurotoxicity-related experimental (likely animal) study."
813,NO — This is an in vitro rat-brain homogenate study of etorphine binding that only notes sodium fluoride did not affect binding; it is not an in vivo animal exposure study of fluoride nor does it report neurotoxicity outcomes.
814,"NO — This is an in vitro materials/controlled‑release study (using fluorinated PCL as a surface modification) focused on swelling and protein release, not an animal study nor an investigation of fluoride (or fluoride neurotoxicity) exposure."
815,"NO — This is a review of fertiliser contaminants and their accumulation in soils and grazing animals (bones, liver, kidney) and does not report an animal study measuring neurotoxicity outcomes."
816,"NO — This is a rabbit renal cortical enzyme study (in vitro tissue assay) examining parathyroid hormone and calcium (with sodium fluoride used to stimulate adenylate cyclase), but it does not assess neurotoxicity outcomes nor constitute an animal neurotoxicity exposure study."
817,"NO — This is an in vitro study (mouse neuroblastoma cells) of neurite outgrowth on polyvinylidene fluoride (PVDF) substrates, not an in vivo animal study as required."
818,"NO — The study investigates in vitro controlled release of doxycycline hydrochloride through membranes and mouse skin, not exposure to fluoride or its analogues, nor any animal neurotoxicity outcomes."
819,"NO — This study investigates anandamide metabolism by the protozoan Tetrahymena pyriformis and does not involve fluoride exposure, neurotoxicity outcomes, or an animal model."
820,"YES — The paper reports effects of fluorinated nucleotide analogs (PMEAp(CX2)p with X = fluorine) on adenylyl cyclase prepared from rat brain (neural tissue), though it is an in vitro enzyme assay from animal tissue rather than an in vivo neurotoxicity study."
821,"NO — The record reviews organophosphorus compound–induced delayed neurotoxicity (e.g., use of di‑isopropyl phosphorofluoridate as a probe) and prophylaxis mechanisms, not studies of exposure to fluoride or fluoride analogues per se, nor an animal study of fluoride neurotoxicity."
822,"NO — This medicinal chemistry/ pharmacology study describes BACE1 inhibitor design (one compound has a fluorine atom in its structure) and reports pharmacodynamic effects in a mouse model, but it does not study exposure to fluoride (or fluoride analogues) nor report neurotoxicity outcomes."
823,"NO — This is a physical chemistry study of ion/surface collisions involving fluorinated surfaces and radical chemistry, not an animal study and it does not report any neurotoxicity outcomes."
824,"NO — This is a human epidemiological study of children (7–14 years) relating urine fluoride to IQ and dental fluorosis, not an animal study."
825,NO — This is an in vitro biochemical study of aluminium/beryllium-fluoride complexes acting on purified transducin (retinal G-protein) and does not involve animals or report neurotoxicity outcomes.
826,"NO — This is a pig study of cocaine metabolism and cardiovascular effects; the only mention of sodium fluoride is as a blood-collection preservative, not an experimental fluoride/analogue exposure or any neurotoxicity outcome."
827,"NO — This is a computational QM/MM study of atomic fluorine scattering on a squalane surface, not an animal exposure study and it does not report any neurotoxicity outcomes."
828,"NO — This is a human study of school-age children (not an animal experiment), so it does not meet the animal-study inclusion criterion."
829,"NO — This paper studies phagocytosis of enzyme- or protein-modified erythrocytes by macrophages and L2 cells and does not involve fluoride exposure, neurotoxicity outcomes, or an animal neurotoxicity model."
830,"NO — Although an animal study, the exposure is surgical deafferentation (lesioning); NaF is used as an assay activator (sodium fluoride) in biochemical measurements, not as an experimental fluoride/analogue exposure assessing neurotoxicity."
831,"NO — Sodium fluoride (NaF) is mentioned only as an in vitro activator of adenylate cyclase in assay conditions, not as an in vivo fluoride exposure, and the study examines antidepressant effects on Gs coupling in rats rather than fluoride-induced neurotoxicity."
832,"YES — The study uses sodium fluoride (NaF) to stimulate adenylate cyclase in dog caudate membranes and reports effects on dopamine-sensitive adenylate cyclase (a neurobiological outcome), although this is an in vitro membrane assay rather than an in vivo fluoride exposure."
833,"NO — This rabbit study compares polypropylene vs. polyvinylidene fluoride mesh and reports local inflammatory/fibrotic outcomes in the vaginal wall (not any neurotoxicity measures), so it does not meet the requirement for neurotoxicity outcomes despite PVDF being a fluorinated polymer."
834,"NO — This is an in vitro molecular/cell-signaling study of MEK1/MEK2 in cell lines (PC12, 293, CHO, etc.), with no fluoride exposure, no neurotoxicity outcomes reported, and not an animal study."
835,"NO — This is an animal study of cannabinoids (THC and anandamide) in rats and does not involve fluoride or fluoride analogues, so it fails the exposure criterion."
836,"NO — the study evaluates an antidote to organophosphate nerve agents (VX, sarin) in mice, not exposure to fluoride or fluoride analogues."
837,"NO — This is a cytochemical methods paper using fluoride as a fixation reagent to precipitate intracellular calcium for ultrastructural localization in sea urchin and rat tissues, not an animal exposure study reporting any neurotoxicity outcomes."
838,"NO — This is an in vitro study using BV-2 microglial cells treated with NaF examining oxidative stress and signaling, not an in vivo animal study as required for inclusion."
839,YES — Animal study administering sodium fluoride (fluoride exposure) that reports pain sensitivity of the incisors (a neuro-sensory outcome) and blood changes.
840,"NO — This is a materials-chemistry paper describing synthesis and properties of fluorescent aromatic polyamides (polymer characterization), with no exposure to fluoride/analogues, no neurotoxicity outcomes, and not an animal study."
841,"NO — the study tests organophosphorus phosphoramidate analogues in hens (neurotoxicity outcomes), with potassium fluoride only used in vitro to attempt enzyme reactivation rather than as the exposure of interest."
842,"NO — This is an in vitro biochemical study of chicken liver phosphatase enzymes (fluoride tested as an enzyme inhibitor), not an animal exposure study and it reports no neurotoxicity outcomes."
843,"NO — This is a materials-science review about electronic/atomic structure of ceramics (mentioning fluorine as a dopant in solids), not an animal study and it does not report any neurotoxicity outcomes or biological fluoride exposure."
844,"NO — In vitro study of NaF effects on collagen I expression in rat osteoblasts (bone cells), not an in vivo animal study and it does not report any neurotoxicity outcomes."
845,NO — This is an animal study of anandamide/cannabinoid effects on guinea-pig airway sensory nerves and does not involve fluoride or its analogues nor report neurotoxicity outcomes.
846,"NO — The study uses fluoridated hydroxyapatite in a rabbit implant model (fluoride exposure present) but reports only bone/implant biological and biomechanical outcomes, not any neurotoxicity-related measures."
847,NO — This is a materials/chemistry study of carbon replica fluorination with electrochemical characterization and contains no animal experiments or neurotoxicity outcome measures.
848,NO — Materials/engineering study of fluorine-enhanced oxidation of silicon nitride with no animal experimentation or neurotoxicity outcomes reported.
849,"NO — this is a chemical/thermodynamic study of Cl and F release during agricultural waste pyrolysis, not an animal study and it reports no neurotoxicity outcomes."
850,"NO — This is a materials-science/modeling paper about liquid crystal behavior (mentioning fluorination of molecules), not an animal study and it does not report any biological exposure to fluoride/analogues or neurotoxicity outcomes."
851,"NO — This is a review of palmitoylethanolamide (PEA), a fatty‑acid amide anti‑inflammatory agent, not fluoride or its analogues, and it does not report animal neurotoxicity outcomes."
852,"NO — This is a medicinal chemistry/in vitro study of synthesized AChE inhibitors (one compound has a fluorine substituent) with molecular modeling and enzyme kinetics, not an animal study nor an investigation of fluoride (ion) exposure or neurotoxicity outcomes."
853,NO — This is an environmental groundwater mapping study of fluoride distribution (geochemical/GIS) and does not involve any animal experiments or report neurotoxicity outcomes.
854,"NO — Animal study using perfluorocarbon (19F) blood substitutes for imaging cerebral oxygenation in MCA occlusion, but it reports perfusion/PO2 imaging outcomes rather than any neurotoxicity-related measures."
855,NO — This is a materials/chemical study of a carbazole-based gelator responding to fluoride ions (fluoride sensing) with no animal experiments or neurotoxicity outcomes reported.
856,"NO — This is a materials/engineering study on fluoride-free and titanium-bearing mold fluxes and heat transfer (no animal experiments, no biological neurotoxicity outcomes, and not an exposure study of fluoride in organisms)."
857,"NO — This is a materials-chemistry study describing synthesis and characterization of perfluorinated POSS-based polymers, with no animal experiments, exposure assessment, or neurotoxicity outcomes reported."
858,"YES — Study uses sodium fluoride (NaF) to stimulate cyclic-AMP production in rat brain synaptosomal membranes, i.e., an animal (rat) exposure to a fluoride compound with a neurochemical outcome measure."
859,NO — This is a chemical synthesis/catalysis study of fluoro-substituted titanium complexes for polymerization and does not report any animal experiments or neurotoxicity outcomes.
860,"NO — This is a general review of trace element nutrition (including fluoride) reporting growth/dental outcomes in animals, not an animal study measuring neurotoxicity outcomes."
861,"YES — Animal (mouse) study assessing neurotoxicity/metabolic effects of radiosensitizers, including a fluorinated 2‑nitroimidazole (KU-2285), with brain glucose metabolism and neurotoxicity outcomes reported."
862,NO — This is a soil-to-plant/lysimeter study of halide transfer in crops (including fluorine) and does not involve animals nor report any neurotoxicity outcomes.
863,"YES — Rat study using fluorine-containing analogs of norepinephrine measuring pineal N‑acetyltransferase (a neurochemical endpoint), but it is unclear whether “fluorine analogs” fit the review’s definition of fluoride/analogues or whether this outcome is considered neurotoxicity."
864,"YES — Animal study of sodium fluoride (ionophoresis) reporting pain sensitivity in incisors (a neuro-related outcome) and blood changes, meeting exposure and outcome criteria."
865,"YES — Animal (rat) experimental study of chronic fluorosis that reports neuroendocrine/neurotoxicity outcomes (lactation impairment, altered prolactin release and enhanced hypothalamic dopaminergic function)."
866,"YES — Rats were used and sodium fluoride (NaF) was applied to striatal/nucleus accumbens preparations to stimulate adenylate cyclase, with reported neurochemical outcomes (cAMP/ dopamine receptor function) relevant to neurotoxicity."
867,"NO — This study investigates organophosphorus esters and neurotoxic esterase in hens (animal model) but does not involve fluoride or fluoride analogues, so it fails the exposure inclusion criterion."
868,"YES — Animal (rat) study examining neurotoxic effects of fluorinated drugs (FT and its metabolite 5-fluorouracil) on nigrostriatal dopaminergic function (spontaneous motor activity, DA turnover, metabolite levels, and receptor binding)."
869,NO — This is an animal study of Creutzfeldt–Jakob infection effects on adenylate cyclase in guinea pig brain and does not involve exposure to fluoride or its analogues.
870,"NO — This is a materials chemistry study of fluorinated chromophores (nonlinear optics) and does not involve animal experiments, fluoride exposure in a biological context, or any neurotoxicity outcomes."
871,"YES — Animal (guinea-pig) study examining effects of fluoride on brain glutaminase (a neurochemical/neurotoxicity-related outcome), so it meets the exposure and outcome criteria."
872,"NO — This is a general review about nutrients and bone that only briefly mentions fluoride in the context of drinking-water fluoridation and bone epidemiology (human data), and it does not report any animal study of fluoride exposure or neurotoxicity outcomes."
873,NO — This is a materials synthesis/catalysis study (zeolite made using NaF) with no animal experiments and no neurotoxicity outcomes reported.
874,"YES — The study used sodium fluoride on soman-treated rat blood/plasma (including blood from rats dosed with soman) and reports acetylcholinesterase/aliesterase inhibition/reactivation, a neurotoxicity-related outcome in an animal (rat) model."
875,"YES — The title indicates fluoride exposure affects synaptic transmission (a neurotoxicity outcome) in the context of organophosphorus anticholinesterase blockade, though the record does not specify whether the experiments were performed in animals or in vitro."
876,"NO — This is an animal histochemistry study that used 0.02 mmol/L sodium fluoride in incubation to demonstrate TRAP staining, but it does not present fluoride exposure as a neurotoxic treatment nor report any neurotoxicity-related outcomes."
877,"NO — This is a methods paper on using an argon‑fluoride excimer laser for retinal microsurgery (in vitro), not an animal study assessing neurotoxic outcomes from fluoride exposure."
878,NO — This is a human behavioral study about using bone char fluoride filters in households and does not involve an animal model nor report any neurotoxicity outcomes.
879,"NO — Although this is an animal study involving a fluorinated apatite coating, it reports bone mineralization and implant osteointegration outcomes in sheep, not any neurotoxicity-related measures."
880,"YES — The study used fluoride (F−) as a G‑protein activator on isolated Helix pomatia (mollusk) neurons and reports electrophysiological outcomes (cAMP-sensitive sodium currents), meeting the exposure (fluoride), neuro-related outcome, and animal-tissue criteria."
881,"NO — The study investigates a trypsin-like protease from bovine sperm and its effects on adenylate cyclase (a biochemical/protease study), and does not involve fluoride exposure, neurotoxicity outcomes, nor an animal neurotoxicity experimental design."
882,"YES — This is an animal (rat) study of the organofluorine compound trifluorothymidine (TFT) that measured BBB transport and brain metabolism and detected low levels of fluoride ion in brain tissue, although it did not explicitly assess neurotoxic outcomes."
883,"YES — Animal (hen) study reporting neurotoxicity outcomes (clinical/morphological neuropathy, NTE and AChE inhibition) following repeated exposure to KBR-2822, an organofluorine (trifluorocyclobutyl-containing) compound, so relevant/unclear only if organofluorine moieties are not considered ""fluoride analogues."""
884,"NO

This is an experimental petrology/geochemistry study of fluorine and chlorine partitioning between biotite and melt, not an animal exposure study and it does not report any neurotoxicity outcomes."
885,"NO — This is an in vitro biophysical study using a trifluorinated amino-acid as an NMR label to probe peptide–membrane interactions, not an animal study of fluoride (or analogue) exposure nor does it report neurotoxicity outcomes."
886,NO — This is an in vitro biochemical study on rat brain microsomal enzymes (KF used as a reagent) and does not report animal (in vivo) neurotoxicity outcomes related to fluoride exposure.
887,"YES — This is an animal (rat) study of a fluorinated (CF3-substituted) BACE1 inhibitor reporting CNS outcomes (CSF Aβ40/42), so it involves exposure to an organofluorine compound and neuro-related measures."
888,"NO — this is a medicinal chemistry/biochemical study of fluorinated THIQ enzyme/receptor inhibitors (pKa, potency, selectivity) and does not report animal experiments or any neurotoxicity outcomes."
889,"NO — This is a physical chemistry study of cholesterol-based wormlike micelles with alkyl ester oils and does not involve fluoride exposure, neurotoxicity outcomes, or animal experiments."
890,NO — This is a medicinal chemistry/radioligand development study (design and characterization of fluorinated/iodinated CRF1 PET/SPECT ligands) and does not appear to be an animal study assessing neurotoxicity outcomes.
891,"NO — This is an animal neurotoxicity study of 1,1,1‑trichloroethane (a chlorinated solvent), not fluoride or a fluoride analogue, so it fails the exposure inclusion criterion."
892,"YES — Animal-derived (acutely dissociated rat thalamic neurons) study of intracellular fluoride (5–30 mM) showing reversible suppression of high-voltage-activated calcium currents, an electrophysiological outcome relevant to neurotoxicity."
893,"YES — Animal (rabbit) study of fluorinated (fluorine-containing) anesthetics in the brain using F-19 NMR, so it involves relevant fluorinated exposures though explicit neurotoxicity outcomes are not specified."
894,"YES — Animal study of sodium fluoride exposure (rats given 20 mg/kg/day i.p.; plus in vitro 5 mmol/L NaF) reporting neurotoxic outcomes (DNA damage by comet assay and increased apoptosis by TUNEL and flow cytometry in pallium, hippocampus and cerebellum), so it meets the inclusion criteria."
895,NO — This paper describes production/characterization of monoclonal antibodies for Listeria detection using mice and does not involve exposure to fluoride (or analogues) nor report any neurotoxicity outcomes.
896,"NO — This is a medicinal chemistry paper describing fluorinated BACE-1 inhibitors (a structural fluorine atom), not an animal study and it does not report any neurotoxicity outcomes."
897,"NO — an in vitro study on mammalian lung tissue assessing oxidative stress and ACE activity after sodium fluoride exposure, not an in vivo animal study and it does not report any neurotoxicity outcomes."
898,"NO — This is an animal study using 18F-sodium fluoride PET to assess bone defect healing and biomaterial effects, but it does not report any neurotoxicity-related outcomes."
899,"YES — Mouse study of sodium fluoride (NaF) exposure reporting neurotoxicity-related outcomes (protection against organophosphate-induced lethality, effects on acetylcholinesterase/aliesterase activity and nicotinic receptor–related actions)."
900,"NO — Animal study of sodium fluoride effects on gastric acid and electrolyte secretion in anesthetized cats, but it reports gastric/secretory outcomes (acid, Cl-, K+, blood flow) with no measures of neurotoxicity."
901,"NO — Study exposes a mouse neuroblastoma cell line (in vitro) to sodium fluoride and measures cGMP formation, so it is not an animal study and thus does not meet the inclusion criteria."
902,"NO — This is an in vitro biochemical/structural study of enzyme inhibition by sulfonyl fluoride reagents (e.g., PMSF, HDSF, DFP) and does not involve an animal model nor report any neurotoxicity outcomes."
903,"YES — Study reports effects of intracellular fluorine on calcium currents in mollusk neurons (an animal neuronal model), addressing neurophysiological/neurotoxic outcomes."
904,"NO — This paper reports synthesis and photophysical/photochemical characterization of fluoro-containing phthalocyanines in solvents, not an animal study and it does not report any neurotoxicity outcomes."
905,NO — This record discusses dietary guidance for boron (with only a passing comparison to fluoride) and is not an animal study of fluoride exposure or neurotoxicity.
906,"NO — This is an analytical methods paper comparing procedures for measuring fluoride in tissues, not an animal exposure study and it does not report any neurotoxicity outcomes."
907,"NO — This study investigates menatetrenone (vitamin K2) effects on bone (in humans and ovariectomized rats), not exposure to fluoride or its analogues nor neurotoxicity outcomes."
908,"YES — Animal (rat) study of chronic fluoride exposure reporting neurotoxic outcomes (impaired learning and memory) and related neurochemical changes (nAChR, AChE/BuChE, ERK/MEK alterations)."
909,"NO — Animal (rat) study of fluoride for preventing disuse osteoporosis (sciatic nerve sectioning to induce disuse) with radiographic bone outcomes, not measures of neurotoxicity."
910,YES — This is an animal (rat) study that used sodium fluoride (NaF) and reports brain protein phosphorylation measures (a neuro-related biochemical outcome).
911,"NO — This is an animal study of bone augmentation using monetite bioceramic onlay grafts and dental implant osseointegration, not an exposure to fluoride (or analogues) nor reporting any neurotoxicity outcomes."
912,"YES — The record studies sulfur hexafluoride (a fluoride-containing compound) as an intravitreal exposure, but the title does not specify whether it is an animal study or reports neurotoxicity outcomes, so inclusion is unclear."
913,"NO — Although this is an animal study of a fluorinated radiotracer (F‑PHNO) with rodent brain biodistribution, it does not report any neurotoxicity outcomes or measures related to neurotoxic effects."
914,"YES — Rat study that included exposure to sodium fluoride and measured neurophysiological outcomes (membrane potential, ion content) in motor neurons/spinal cord, relevant to neurotoxicity."
915,"NO — Materials-science study of fluoride-containing solid electrolytes (LaF3-type) reporting electrical conductivity and phase behavior, not an animal study nor reporting any neurotoxicity outcomes."
916,"NO — This is an in vitro/molecular electrophysiology study using site-specific fluorinated amino-acid substitutions to probe Ca2+ block of sodium channels, not an animal study of fluoride exposure or neurotoxicity."
917,NO — This is a materials/solid-state physics study of crystal-field parameters in LiYF4 and does not involve animal experiments or any neurotoxicity outcomes.
918,"NO — Animal study with fluoride exposure, but outcomes are DNA damage and thyroid dysfunction (thyroid cells), not measures of neurotoxicity."
919,"NO — This is a methodological study using rat brain cell-free extracts in which sodium fluoride is used in vitro as a protein-synthesis inhibitor, not an in vivo animal study assessing fluoride exposure-related neurotoxic outcomes."
920,"NO — This is a biochemical characterization of a high-molecular-weight protease purified from calf brain tissue, with no fluoride (or analogue) exposure reported, no neurotoxicity outcomes, and not an in vivo animal exposure study."
921,"NO — the paper reports effects of sodium fluoride on mouse cortical astrocyte cultures (in vitro neurotoxicity-related outcomes) but is not an in vivo animal study, so it fails the animal-study inclusion criterion."
922,"NO — This is an in vitro biomaterials study using PVDF polymer films and mouse fibroblast cells, not an animal study nor does it report neurotoxicity outcomes."
923,"NO — Although this is an animal study of a fluorinated analogue (6-[F-18]fluoro-L-DOPA), it reports pharmacokinetics and blood–brain clearance rather than any neurotoxicity outcomes."
924,NO — This is an analytical/methods paper quantifying fluoride ion from sarin in blood (including samples from animals exposed) and does not report any neurotoxicity outcome measures.
925,NO — The record reports intratracheal behavior/biodistribution of radioactive cerium fluoride (Ce-144 F3) (likely a pulmonary/radiological study) and does not indicate any neurotoxicity outcomes required for inclusion.
926,"NO — This paper describes a radiochemical assay for choline acetyltransferase and does not involve fluoride/analogue exposure, neurotoxicity outcomes, or an animal study."
927,NO — This is an animal study of cAMP metabolism in photoreceptor degeneration in C3H mice and does not involve exposure to fluoride or its analogues.
928,"NO — This is an ex vivo rat neocortical slice study of noradrenaline release and cAMP/adrenergic pharmacology (veratrine, clonidine, phentolamine, etc.) and does not involve exposure to fluoride or its analogues."
929,"YES — Rat study of a fluorinated macrolide (P-0501A) reporting CNS-related outcome (pentobarbital sleeping time) and other neuropharmacologic/biochemical measures, so it is relevant or at least unclear whether a fluorinated drug qualifies as a “fluoride/analogue” exposure."
930,NO — This is a biochemical characterization of chicken liver inorganic pyrophosphatase (enzyme kinetics and inhibition by fluoride) and does not report an animal neurotoxicity outcome or an in vivo neurotoxicity study.
931,NO — The study is a biochemical investigation of adenylate cyclase activation in rat liver by a cytosolic protein–nucleotide complex and does not involve exposure to fluoride or report neurotoxicity outcomes.
932,"YES — The study exposes developing rat brain homogenates to fluoride (F−) and reports fluoride-induced inhibition of HMG-CoA reductase activity, a neurodevelopmentally relevant biochemical outcome in an animal-derived model."
933,"YES — The title indicates simultaneous exposure to fluorine (fluoride) compounds (with nitrates), but the record lacks details on species and whether neurotoxicity outcomes were measured, so relevance is unclear."
934,NO — This is an animal study of a luliberin‑hydrolysing enzyme in guinea pig brain microsomes and does not involve exposure to fluoride or its analogues nor report neurotoxicity outcomes.
935,"NO — Human PET study of 5-HT1A receptor binding in temporal lobe epilepsy patients (using the radiotracer [F-18]FCWAY), not an animal study nor an exposure study of fluoride or its analogues related to neurotoxicity."
936,"NO — This study examines K+ conduction noise in squid axons and effects of agents like TEA+ and Cs+ (and altered K+), not exposure to fluoride or its analogues, nor does it report neurotoxicity outcomes."
937,"NO — This is an in vitro biochemical study (purified proteins, rabbit liver membrane extracts and S49 cell lines) examining adenylate cyclase subunits and activation by Al3+ + F-, not an animal study and it does not report any neurotoxicity outcomes."
938,"NO — This is an animal study of NGF, axonal transport, and vinblastine effects on sensory neurons with no exposure to fluoride or its analogues, so it does not meet the inclusion criteria."
939,"YES — Reports effects of sodium fluoride (NaF) on dynein ATPase activity and related biochemical/axoneme measures (potentially relevant mechanistic neuro endpoints), though the work is an in vitro axoneme/biochemical study and it is unclear whether it used animal tissue or an in vivo animal model."
940,"YES — The record examines sodium fluoride's effect on visceral nerve conduction (a neurotoxicity-related outcome), indicating exposure to a fluoride compound in an experimental nerve study (likely animal)."
941,"NO — This is a biochemical study of histone proteins in the protozoan Crithidia fasciculata and does not involve fluoride/analog exposure, neurotoxicity outcomes, or an animal model."
942,YES — Animal (amphibian) study of exposure to sodium fluoride reporting neurophysiological outcomes (effects on acetylcholine-mediated synaptic transmission/desensitization at the neuromuscular junction).
943,"NO — The study examines effects of various alkanols (not fluoride or its analogues) on human alpha2beta4 nAChRs expressed in Xenopus oocytes (an in vitro expression system), so it does not involve fluoride exposure nor an animal neurotoxicity outcome."
944,"NO — This is a materials/environmental chemistry study of fluoride and lead leaching from cement/fly ash solidifies, not an animal study and it does not report any neurotoxicity outcomes."
945,"NO — This is a synthetic polymer chemistry study about nucleophilic aromatic substitution of difluorobenzophenone and polymer properties, with no animal experiments, no neurotoxicity outcomes, and not examining fluoride exposure as a toxicant."
946,"NO — In vitro materials study of a fluorinated polyimide surface with protein and fibroblast assays, not an animal study, and it does not assess neurotoxicity or exposure to fluoride/fluoride analogues in vivo."
947,"NO — This is a molecular cloning study in garter snake vomeronasal tissue; although it mentions a ""fluoride-sensitive"" phosphatase, it does not involve fluoride (or analogue) exposure nor report any neurotoxicity outcomes."
948,NO — This animal study measured growth and bone mineralization (including bone fluorine content) after rock phosphate feeding but did not report any neurotoxicity outcomes.
949,"YES — Animal (Aplysia) neuronal study that uses sodium fluoride to activate adenylate cyclase and reports electrophysiological (voltage-dependent inward current) effects in neurons, meeting the fluoride-exposure and neuro-related outcome criteria."
950,"NO — Although this is an animal study (rats) of a fluorinated corticosteroid (triamcinolone), the outcomes reported are muscle enzyme activities and glycogen content, not any neurotoxicity-related measures."
951,"NO — Although this is an animal study of sodium fluoride exposure, the outcomes measured are testicular oxidative stress/reproductive parameters rather than any neurotoxicity-related endpoints."
952,NO — This rat study examines effects of the fluorinated steroid triamcinolone on skeletal muscle morphology and contractile function (not neurotoxicity) and does not assess exposure to fluoride ion or neurotoxic outcomes.
953,NO — this study characterizes an aminopeptidase in bovine pituitary vesicles and does not involve exposure to fluoride or its analogues nor report neurotoxicity outcomes.
954,NO — Study examines lysolecithin acylation in rat brain (a lipid metabolism/biochemistry topic) and does not involve fluoride exposure or neurotoxicity outcomes.
955,"NO — This is an environmental geochemistry study of fluoride and molybdenum solubility in spent oil shale leachates, not an animal study and it does not report any neurotoxicity outcomes."
956,NO — This is an electrophysiological study of rabbit carotid body K+ channels focused on O2 sensitivity; F− is only mentioned as an internal reagent and there is no fluoride exposure paradigm or neurotoxicity outcome reported.
957,NO — This is a biochemical/immunohistochemical study of a brain enzyme in rats and does not involve exposure to fluoride or its analogues nor report any neurotoxicity outcomes.
958,"NO — This is a materials chemistry study of a nickel dithiolene complex (with CF3 groups) describing structural/magnetic transitions, not an animal study nor an investigation of fluoride exposure or neurotoxicity."
959,"NO — This rat study did include topical 2% sodium fluoride on tooth roots but assessed dental/morphologic outcomes (root resorption) after reimplantation, not any measures of neurotoxicity."
960,YES — Animal study of chronic sodium fluoride exposure in rats reporting neurotoxic outcomes (reduced learning and memory on the Morris Water Maze and alterations in brain nAChRs and ERK1/2 signaling).
961,"YES — Tests fluorine-substituted glutamate analogs and reports inhibition of glutamate uptake in isolated bovine presynaptic vesicles (a neurotoxicity-related outcome), although this is an ex vivo vesicle assay from animal tissue rather than an in vivo animal study."
962,"NO — Materials-chemistry study of copolyimide thermal properties (contains bound fluorine groups) with no animal subjects, no exposure experiments, and no neurotoxicity outcomes reported."
963,"NO — this is a materials/organic chemistry study on how fluorine substitution positions affect photochromic diarylethenes’ optical and electrochemical properties, not an animal study nor an investigation of fluoride exposure or neurotoxic outcomes."
964,"NO — the paper studies a trifluoromethyl-containing chalcone's anti-inflammatory effects in cell lines and rodent arthritis/edema models and measures NO/PGE2, not exposure to fluoride or fluoride analogues nor any neurotoxicity outcomes."
965,"NO — this is an in vitro biochemical study of AMF effects on GTP‑binding proteins, not an animal study and it does not report any neurotoxicity outcomes."
966,"NO — This is a molecular/microbiological study characterizing a bacterial zinc metalloprotease and developing a detection method for Enterobacter sakazakii, not an animal study of fluoride exposure or neurotoxicity."
967,"YES — This is an animal (mouse) study reporting a neurobehavioral outcome (naloxone-precipitated withdrawal jumping) after administration of phenylmethanesulfonyl fluoride (PMSF), a sulfonyl fluoride-containing compound."
968,NO — This is a radiochemistry/PET tracer biodistribution study of an 18F-labelled VMAT2 ligand in mice and does not assess any neurotoxicity outcomes.
969,YES — Sodium fluoride was applied to rat/calf brain preparations and the paper reports neural biochemical outcomes (adenylate cyclase activity and α2-adrenergic receptor binding) using animal tissue.
970,"NO — This rat study investigates isolectin B4 binding/transport in sensory neurons and only mentions ""fluoride-resistant acid phosphatase"" as a marker, not an exposure to fluoride or its analogues nor any neurotoxicity outcomes."
971,NO — The paper studies lipid composition of the rat superior cervical ganglion and does not involve exposure to fluoride (or analogues) nor report neurotoxicity outcomes.
972,"NO — although this is an animal study of dietary fluoride in rats, it reports plasma free amino acid concentrations, which are not measures of neurotoxicity."
973,NO — This study concerns morphine’s mechanism (prostaglandin-sensitive adenyl cyclase) and does not involve exposure to fluoride (or its analogues) nor report fluoride-related neurotoxicity.
974,"NO — This is a physical chemistry study of surface tension of fluorous triazoles/tetrazoles in m-xylene, not an animal study and it reports no neurotoxicity or biological exposure outcomes."
975,"YES — Animal study (mice, dogs, cats) reporting effects of sodium fluoride on brain metabolism (inhibition of anaerobic glycolysis, dehydrogenase activity and oxygen use) in experimental poliomyelitis, i.e., neurotoxicity-related outcomes."
976,NO — the study uses fluoride in a biochemical analysis of phosphorylation in rat liver plasma membranes (ex vivo molecular work) and does not report any neurotoxicity outcomes or an in vivo animal neurotoxicity assessment.
977,NO — This is a clinical pharmacokinetics review of the antifungal drug fluconazole in humans (not an animal study) and does not report any neurotoxicity outcomes.
978,"NO — This is a chemistry/structural study of fluorine-containing nNOS inhibitors (synthesis and X-ray binding data), not an animal study nor does it report neurotoxicity outcomes or exposures to fluoride/fluoride analogues in an in vivo neurotoxicity context."
979,"NO — This is a methods paper using F‑ (fluoride) as an NMR reporter to assay SOD in tissue homogenates, not an animal study of fluoride (or analogue) exposure reporting neurotoxicity outcomes."
980,"NO — This is an animal study of capsaicin-induced changes in primary afferent terminations (with mention of fluoride-resistant acid phosphatase as a histochemical marker), not a study of exposure to fluoride or fluoride analogues."
981,NO — This is an in vitro metabolic study (rat hepatic microsomes/hemin/Hb) of inorganic fluoride release from halothane and metabolites and does not report any neurotoxicity outcomes or an in vivo animal neurotoxicity study.
982,NO — This pilot pig study uses F-19 MRI to measure uptake kinetics of volatile (fluorinated) anesthetics and does not report any neurotoxicity outcomes nor exposure to ionic fluoride/analogue neurotoxicants.
983,"NO — This is a human randomized crossover clinical trial in dental students testing amine/stannous fluoride mouthrinses for breath odor and bacterial load, not an animal study and it does not report any neurotoxicity outcomes."
984,"NO — The study measures fluoride concentrations in human and rat bone (bone ash) after exposure but does not report any neurotoxicity outcomes, so it does not meet the requirement for an animal neurotoxicity study."
985,"NO — This is an enzymology/tissue-distribution study that only notes fluoride ions as an in vitro inhibitor of the enzyme, not an in vivo animal exposure study nor any reported neurotoxicity outcomes."
986,YES — Animal (Drosophila) study showing that application of fluoride ions to the eyes induces retinal degeneration (neurotoxic outcome).
987,YES — Animal (rat) study exposing rats to fluoride in drinking water (5 and 50 mg/L) that measured neurotoxicity-related outcomes (learning/memory escape latency and brain oxidative stress markers T-AOC and MDA).
988,"NO — This is a human tissue histochemical study (not an animal study), and the mention of ""fluoride-sensitive"" refers to enzymatic assay sensitivity rather than exposure to fluoride/analogues or reporting any neurotoxicity outcome."
989,"YES — This is an animal study in mice exposed to fluoride (40 ppm in drinking water for 90 days) that reports neurobehavioral outcomes related to anxiety and depression (open field, tail suspension), so it meets the inclusion criteria."
990,"NO — This is a human observational study of Medicaid-enrolled children about well-baby visits and timing of first dental exams, not an animal study and it does not assess fluoride exposure or neurotoxic outcomes."
991,"NO — Although sodium fluoride is mentioned as a reagent that did not inhibit rosette formation, the study is an in vitro rat macrophage binding assay and does not investigate fluoride (or analogues) as an exposure nor report any neurotoxicity outcomes."
992,"YES — Investigates fluoride-induced reduction of protein synthesis in cerebellar Bergmann glia (a neuro-related outcome from animal-derived brain cells), though the record is unclear whether this is in vivo or an animal-cell in vitro study."
993,NO — The paper tests sodium fluoride effects in rat tissue homogenates on guanylate cyclase/cyclic nucleotide formation but does not report any neurotoxicity-related outcomes.
994,NO — Animal study of fluorinated acetanilide derivatives (analgesic testing in mice) but reports analgesic/pain outcomes (writhing) rather than any neurotoxicity-related endpoints.
995,NO — The study describes synthesis and in vitro/ex vivo evaluation of fluorinated PET tracers (including autoradiography on rat brain slices) but is not an in vivo animal study and does not report any neurotoxicity outcomes.
996,"YES — Animal (dog) study that includes fluoride exposure (5–10 mM) and reports effects on adenylate cyclase in surgically denervated heart tissue (a nerve-related outcome), although fluoride here is used as a pharmacologic activator rather than a chronic neurotoxicant exposure."
997,"NO — This study describes synthesis and chromic sensing properties of a polythiophene derivative for diacid detection and does not involve fluoride exposure, neurotoxicity outcomes, or animal experiments."
998,"YES — Animal (rat) study reporting ""fluoride-stimulated adenylate cyclase activity"" in cerebral cortex (a neurobiological outcome), although fluoride here appears used as an experimental activator in a developmental receptor study rather than as a deliberate neurotoxicity exposure."
999,"NO — This is a clinical/anatomical review about anaesthetic-induced nephrotoxicity (kidney effects) mentioning fluoride formation from methoxyflurane, not an animal study nor reporting neurotoxicity outcomes."
1000,"YES — The paper reports fluoride stimulation of adenylate cyclase in dissected cochlear and vestibular (animal-derived) tissues, a neuro-related outcome (though measured ex vivo rather than as an in vivo behavioral/toxicity endpoint)."
1001,NO — This is a 1963 biophysical/NMR study of haemin and haemoproteins (including a methaemoglobin–fluoride complex) and does not report any animal neurotoxicity outcomes.
1002,"NO — Although fluorinated retinal analogues are used, this is an in vitro biochemical study of visual pigment binding (from chicken and bovine tissue) and does not report animal neurotoxicity outcomes or an animal exposure study."
1003,"NO — This study investigates biotin uptake in primary rat astrocyte cultures and only mentions sodium fluoride incidentally as a metabolic inhibitor, but it does not examine fluoride (or analogues) exposure or neurotoxicity outcomes."
1004,"NO — This is an animal PET tracer / distribution study of a fluorine-substituted glucocorticoid receptor ligand (18F-labelled), not an investigation of fluoride/analogue exposure or neurotoxicity outcomes."
1005,"YES — Animal study exposing rats to sodium fluoride that measured free-radical/oxidative-stress biomarkers (GSH, GPx, TBARS, carbonyls) in multiple tissues including brain, indicating neurotoxicity-related outcomes."
1006,"NO — Animal study of sodium monofluorophosphate pharmacokinetics/modeling in rats, but it reports alpha‑macroglobulin homeostasis only and includes no neurotoxicity outcomes."
1007,NO — This is an animal study of parathyroid hormone effects on bone in rats and does not involve exposure to fluoride or its analogues nor report any neurotoxicity outcomes.
1008,"NO — The title indicates a study of regulation of adenylate cyclase by a Ca2+-binding protein in synaptic membranes, with no indication of fluoride/analogue exposure or fluoride-related neurotoxicity."
1009,NO — This is a medicinal chemistry/pharmacology study of fluorinated PNMT inhibitors (in vitro and BBB-penetration prediction) with no animal experiments and no neurotoxicity outcomes reported.
1010,"YES — The study uses aluminum fluoride (AlF4-) in rat hippocampal slices and reports effects on phospholipase D activity, a neural biochemical outcome in an animal model relevant to neurotoxicity."
1011,NO — This is a review/perspective summarizing fluorine research (including mechanistic notes) and does not report original animal experiments assessing neurotoxic outcomes.
1012,"NO — This record discusses sevoflurane metabolism and liver/splanchnic perfusion (and human clinical implications), not an animal study and it does not report neurotoxicity outcomes."
1013,"NO — This study describes enzymatic hydrolysis of anandamide in human and rodent cell lines (in vitro biochemical work), not an animal study and does not involve fluoride or neurotoxicity outcomes."
1014,YES — Animal study of phenylmethylsulfonyl fluoride (a sulfonyl‑fluoride compound) with systemic exposure reporting brain acetylcholinesterase inhibition (a neurotoxicity-related outcome).
1015,NO — This animal study examines pig behavioral grouping and production/health outcomes and does not involve exposure to fluoride (or analogues) nor report any neurotoxicity outcomes.
1016,"YES — Animal study (rats) that used sodium fluoride exposure and measured effects on noradrenaline-mediated release of an adrenergic mediator and intestinal adrenergic responsiveness, i.e., nervous-system–related outcomes."
1017,"NO — Title refers to epinephrine analogs, not fluoride or its analogues, and gives no indication of an animal study measuring neurotoxic outcomes."
1018,YES — Animal study in mice exposed to sodium fluoride (with/without lead) reporting cortical proteomic changes (neuro-related proteins and pathways) consistent with neurotoxicity outcomes.
1019,"NO — Animal study of fluoride exposure (NaF) but reports bone mechanical outcomes (femoral strength), not any neurotoxicity-related measures."
1020,"NO — This is an in vitro biophysical study of PFOA partitioning into lipid bilayers (liposomes), not an animal study and it does not report any neurotoxicity outcomes."
1021,NO — This is an in vitro study using mouse keratinocytes that only mentions fluoride as a phosphatase inhibitor in biochemical assays and does not involve an animal study or report any neurotoxicity outcomes.
1022,"YES — Animal (rat) study of sodium fluoride (± lead) exposure with hippocampal CaMKII expression measured, a neurotoxicity-related outcome."
1023,"NO — Animal study of [18F]-fluorothiophene radiotracers reporting brain distribution in mice, but it does not assess any neurotoxicity outcomes despite involving fluorinated compounds."
1024,YES — Animal study in rats exposing them to fluoride (5 and 50 mg/L) and reporting neurotoxicity-relevant outcomes (learning and memory performance and acetyl-/butyrylcholinesterase activity).
1025,"NO — This rat study measures in vivo 19F NMR signals of trifluorinated neuroleptic drugs (fluphenazine, trifluoperazine) for pharmacokinetics/measurement purposes and does not examine exposure to fluoride (or its relevant analogues) nor report any neurotoxicity outcomes."
1026,"YES — The title indicates exposure to aliphatic fluorine in drug compounds but does not state whether neurotoxicity outcomes or animal experiments were performed, so relevance is unclear and full-text review is needed."
1027,"NO — the study exposes neonatal rats to the organophosphate parathion (not fluoride or a fluoride analogue), so it does not meet the required exposure criterion despite including neurotoxicity-related outcomes."
1028,"YES — Animal (mouse and rat) study of sodium pentafluorostannite (and comparison with NaF and SnCl2) reporting neurotoxic signs such as ataxia, muscle weakness, central nervous system depression, and tremors."
1029,"NO — This is a materials science study of optical constants of ZrW2O8 (zirconium tungstate), not an animal study, does not involve fluoride exposure or its analogues, and reports no neurotoxicity outcomes."
1030,"YES — Rat study administering NaF (0–20 mg/kg/day IP for 14 days) reporting dose-dependent neurochemical and oxidative-stress changes in hippocampus and neocortex (changes in SOD, CAT, GPx, LPO, PKC, nNOS and multiple neurotransmitters), i.e., animal neurotoxicity outcomes."
1031,"NO — This is an in vitro tumor cell study of radiolabeled 2'-substituted nucleoside analogues (including fluoro-variants) reporting cellular uptake, not an animal study and it does not assess any neurotoxicity outcomes."
1032,"NO — although an animal study of fluoride exposure, the reported outcomes concern pigmentation/body colour changes in fish, not any neurotoxicity-related measures."
1033,"NO — Animal imaging study of radiofluorinated MMP-targeted PET tracers reporting biodistribution and MMP inhibition, not an animal neurotoxicity study nor reporting neurotoxicity outcomes."
1034,"YES — Primary cultured rat hippocampal neurons were exposed to sodium fluoride (20–80 mg/L) and the study reports neurotoxic outcomes (DNA damage, S-phase cell-cycle arrest, and increased NF-κB expression), meeting the exposure and animal-derived model criteria."
1035,"NO — This is a methods paper describing detection of alpha2-8 oligo/polysialic acid in glycoproteins (applied to pig embryonic brain samples) and does not involve fluoride exposure, fluoride analogues, or report neurotoxicity in an animal exposure study."
1036,"NO — This is a mineralogy/metallurgical study of fluorine-bearing minerals and flotation behavior in ore concentrates, not an animal study nor reporting any neurotoxicity outcomes."
1037,"NO — Although it reports pharmacology of the fluorinated anesthetic desflurane (including some animal data), the excerpt describes kinetics, MAC, and respiratory/neuromuscular effects and does not report any animal neurotoxicity outcomes."
1038,"YES — Animal (rabbit) study that measured dopaminergic/adenylate cyclase responses in brain tissue and used sodium fluoride as a pharmacological probe, so it involves a fluoride compound and neurochemical outcomes (though fluoride was used in vitro as a stimulant rather than as a systemic exposure)."
1039,"NO — Methodological paper on NMR measurement using deuterium/fluorine tracers (e.g., freon) for blood flow quantification, not an animal study of fluoride exposure reporting neurotoxicity outcomes."
1040,"NO — This is an animal (rat) renal lysosome/proteinase study of albumin degradation, not involving fluoride exposure or any neurotoxicity outcomes."
1041,NO — Animal study of cannabinoid (ACEA) and PMSF effects on valproate in mice; no exposure to fluoride or fluoride analogues reported.
1042,"NO — Although the study mentions fluoride and uses canine renal cortical membranes (an animal tissue), its outcome is renal cAMP production and not any neurotoxicity-related measure."
1043,"YES — Animal study in rats reporting neurochemical outcomes (catecholamine metabolism) after exposure to azabutyrone and analogs, including compounds with a para-fluorine substitution (unclear whether fluorinated drug analogues meet the ""fluoride and its analogues"" exposure definition)."
1044,"NO — Animal study of sodium fluoride in rats reporting bone calcification and calcium balance outcomes, with no measures or outcomes related to neurotoxicity."
1045,"YES — Animal (rat) study administering fluoride (NaF) in drinking water that reports neurotoxicity outcomes (learning–memory performance and brain biochemical markers such as ChE, protein content, and antioxidant capacity)."
1046,"NO — Animal neurotoxicity study of neonatal capsaicin exposure (not fluoride or an analogue), so it does not meet the exposure criterion."
1047,"NO — Materials science study of PET/PBT polymer blends (thermal/mechanical properties), with no fluoride exposure, no neurotoxicity outcomes, and not an animal study."
1048,"NO — Animal study of sciatic nerve section effects on acid phosphatase isoenzyme activity in rat spinal cord, not an exposure to fluoride or its analogues."
1049,"NO — This is an environmental/analytical study of fluorine and chlorine in coal and emissions from power plants, not an animal study and it does not report any neurotoxicity outcomes."
1050,"NO — this is an engineering/ophthalmology report describing a PMMA/PVDF intraocular lens and its placement in an excised animal eye, not a study of fluoride (or analogue) exposure or any neurotoxicity outcomes in animals."
1051,NO — This study characterizes sex steroid binding protein in Bufo arenarum and does not involve exposure to fluoride (or analogues) nor report any neurotoxicity outcomes.
1052,"YES — Animal study (pregnant Wistar rats exposed to 100–200 ppm fluoride) reporting offspring CNS outcomes (biometal disturbances, decreased antioxidant enzymes, increased lipid peroxidation) indicative of fluoride neurotoxicity."
1053,NO — the paper reports pharmacological and pharmacokinetic evaluation of a fluorinated CDA inhibitor in rhesus monkeys but does not assess or report any neurotoxicity outcomes.
1054,"YES — Mouse (animal) study administering sodium fluoride intraventricularly and measuring brain glycolysis (a neurobiological outcome), so it examines fluoride's effect on the brain."
1055,"NO — This is a biochemical purification/characterization of a camel liver enzyme where fluoride is only tested for enzyme inhibition, not an animal exposure study assessing neurotoxicity and no neurotoxic outcomes are reported."
1056,"NO — this is an in vitro/biochemical study of Pefabloc (a sulfonyl fluoride reagent) inhibiting acetylhydrolase (with some enzyme assays including rat brain cytosol), not an animal exposure study reporting neurotoxicity outcomes."
1057,"NO — This is a polymer chemistry study on radical terpolymerization and properties of fluorinated monomers/polymers, not an animal study and it does not report any neurotoxicity outcomes."
1058,"YES — Animal study (chick brain) examining effects of sodium fluoride on adenylate cyclase activation, a neural biochemical outcome relevant to neurotoxicity."
1059,"NO — Animal study of sodium fluoride effects on renal (kidney) cyclic AMP systems, not reporting any neurotoxicity-related outcomes."
1060,"NO — this paper examines fluoride-induced signaling (diacylglycerol/phospholipase D) in neutrophils (cellular immune response), not an animal study nor reporting any neurotoxicity outcomes."
1061,YES — The study used cultured rat dorsal root and myenteric neurons and reports that inclusion of fluoride in the pipette solution alters NaV1.9 channel gating and enhances neuronal excitability (a neurophysiological outcome).
1062,"YES — Animal study exposing rats and mice to phenylmethylsulfonyl fluoride (a sulfonyl fluoride compound) that reports neurological/behavioral outcomes (analgesia, naloxone-reversible effects, autonomic and behavioral responses and LD50)."
1063,"YES — Primary neonatal rat pinealocytes were exposed to fluorinated norepinephrine analogs (2F-NE, 5F-NE, 6F-NE) with outcomes measuring β-adrenergic receptor binding and intracellular cAMP (neurobiological endpoints) in an animal-derived study."
1064,"NO — This is an in vitro biochemical study of myo-inositol monophosphatase from bovine brain examining fluoride inhibition and enzyme kinetics, not an in vivo animal study and it does not report any neurotoxicity outcomes."
1065,NO — This is an in vitro enzymology study using fluorinated substrate analogs with rat liver 3-hydroxyacyl-CoA dehydrogenase and does not assess fluoride exposure or any neurotoxicity outcomes in animals.
1066,"NO — This is a biochemical study purifying a trypsin-like enzyme from horn fly abdomen and does not involve fluoride exposure, neurotoxicity outcomes, or an animal exposure study."
1067,"YES — The study exposes isolated outer rod segments (animal retinal tissue) to NaF (a fluoride) and measures cyclic nucleotide phosphodiesterase activity in neural tissue, so it is potentially relevant though it reports biochemical activation rather than explicit neurotoxicity endpoints."
1068,YES — Animal study in rats exposing them to fluorinated alkanols (fluorinated analogues) and measuring minimum alveolar concentration/narcosis (a neurophysiological/anesthetic outcome).
1069,"NO — This is a biomaterials/methods paper about PVDF membrane functionalization and in vitro neuron culture, not an animal study nor an exposure study of fluoride or related compounds assessing neurotoxicity."
1070,YES — Retinal cultures derived from animals were exposed to sodium fluoride (and other metabolic inhibitors) and the paper reports effects on rod cell degeneration (neurotoxicity) in these animal-derived tissues.
1071,YES — Animal study of rats exposed chronically to fluoride in drinking water reporting neuronal outcomes (altered mitochondrial distribution and increased Fis1 expression) indicative of neurotoxic effects.
1072,"YES — Mouse in vivo study of organophosphorus/organosulfur ligands including alkylfluorophosphonates and sulfonyl fluorides reporting neurotoxicity outcomes (delayed mortality, behavioral deficits, and inhibition of neuropathy target esterase)."
1073,"NO — Animal study of fluoride exposure in sheep reporting systemic, biochemical, and gross/histological outcomes but no neurological or neurotoxicity-specific measures or outcomes."
1074,NO — This is a biochemical study of an acyltransferase in rat brain microsomes and does not involve exposure to fluoride or its analogues nor report neurotoxicity outcomes.
1075,NO — this study examines anandamide effects on alpha7 nicotinic receptors in Xenopus oocytes and does not involve exposure to fluoride or its analogues nor report animal neurotoxicity outcomes.
1076,"YES — Reports in vitro and in vivo rodent exposure to fluoride (neuronal cultures and intraperitoneal fluoride in newborn Wistar rats) with dose-dependent increases in neuronal intracellular Ca2+, a neurotoxicity-related outcome."
1077,NO — This is a materials/electron-microscopy study of radiation damage to fluorinated organic compounds and does not involve animals or report any neurotoxicity outcomes.
1078,"YES — Animal study in chick embryos exposing tissue to sodium fluoride and measuring development of cell potentials in the cerebral hemispheres, a neurophysiological outcome relevant to neurotoxicity."
1079,"NO — This is an animal study of noggin and RANK:Fc interventions in osteolytic prostate cancer lesions (using 18F PET imaging), not an exposure to fluoride/analogues and it does not report any neurotoxicity outcomes."
1080,NO — This is an in vitro study of aluminum species in murine neuroblastoma cells (not an animal study) and does not involve fluoride or its analogues.
1081,"YES — Mentions fluorides in animals (dog, rat, rabbit) and lists deafness (a neuro-related outcome), so it may report animal neurotoxicity outcomes though the record is unclear."
1082,NO — Animal study includes sodium fluoride exposure but reports kidney/nephrotoxicity outcomes (nephropathy) rather than any neurotoxicity measures.
1083,"NO — this is an animal study of fluoride exposure but reports only systemic biochemical parameters (plasma glucose, electrolytes, renal/liver markers) and does not include any neurotoxicity-related outcome measures."
1084,"NO — This is an animal study of PHLPP1 inhibition and PHLPP inhibitors in neurons/astrocytes and TBI in mice, not an exposure to fluoride or its analogues, so it does not meet the inclusion exposure criterion."
1085,"YES — Animal study of fluoride exposure in sheep following the 1970 Hekla eruption, so relevant to fluoride exposure though the title does not indicate whether neurotoxicity outcomes were assessed."
1086,"YES — This is an animal (guinea-pig) study of methanesulphonyl fluoride (MSF, a sulfonyl-fluoride compound) reporting effects on acetylcholine release and neurophysiological responses, outcomes relevant to neurotoxicity."
1087,"YES — Rat study reporting striatal adenylate cyclase activity with sodium fluoride used to activate the enzyme (a fluoride compound) and neurochemical outcomes measured, although fluoride was used as an assay activator rather than as a primary neurotoxicity exposure."
1088,"YES — Prenatal exposure to methanesulfonyl fluoride (a sulfonyl fluoride containing fluorine) was tested in rats and produced neurotoxic outcomes (irreversible cognitive impairment, reduced motor/exploration in adults) and altered brain gene expression."
1089,NO — this study examines PPARγ-driven activation of an IDE-like metalloprotease for amyloid-β clearance (in cell cultures and IDE-deficient mice) and does not involve exposure to fluoride or its analogues nor report fluoride-related neurotoxicity.
1090,NO — This animal/human study examines enflurane elimination and fluorinated metabolites (including fluoride) by 19F NMR but reports pharmacokinetics/metabolism rather than any neurotoxicity outcome measures in animals.
1091,"NO — This is an in vitro biochemical study characterizing aluminofluoride/beryllium-fluoride activation of a G-protein (transducin), not an animal study and it does not report neurotoxicity outcomes."
1092,"YES — Animal (rat) experimental study of NaF and brick-tea fluoride exposure that measures fluoride distribution including brain fluoride concentrations, which is relevant to neurotoxicity outcomes."
1093,"NO — This is an animal study of fluorinated TRH analogs’ binding to TRH receptors in rat brain (a pharmacology/receptor-binding outcome), not an exposure study of fluoride/fluoride analogues reporting neurotoxicity outcomes."
1094,NO — This is a PET imaging methods/Monte Carlo and phantom study (using F-18 as an imaging isotope) and not an in vivo animal study of fluoride exposure or any neurotoxicity outcomes.
1095,NO — the paper reports NaF inhibition in an in vitro hamster brain cell‑free translation system (not an in vivo animal study) and does not measure neurotoxicity outcomes.
1096,"NO — This is a review article on fluoroacetate toxicology and therapy, not an original animal study reporting neurotoxicity outcome measures."
1097,"YES — Rat carotid body (animal) tissue was exposed to 4-(2-aminoethyl)-benzenesulfonyl fluoride (a sulfonyl fluoride compound) and neural activity (chemoreceptor discharges) was measured, indicating a neurophysiological effect."
1098,NO — The record discusses fluoride as a pharmacologic agent in animal models of cortical porosity but reports bone outcomes (cortical porosity) rather than any neurotoxicity-related measures.
1099,"NO — This is a materials science study of fluorinated electro-optic copolymers (optical/property characterization), not an animal study and it does not report any neurotoxicity outcomes."
1100,"NO — the study evaluates effects of ArF excimer laser irradiation on rabbit lens proteins/cataract risk, not exposure to fluoride compounds (or neurotoxicity outcomes)."
1101,"YES — Animal study of chronic fluoride exposure in rats reporting neurobehavioral and learning/memory outcomes in offspring (Morris water maze and reflex measures), with assessment of Vitamin E antagonism."
1102,"YES — Animal (mouse) study of a C10-fluorinated mitragynine derivative (contains a fluorine substituent) with neurobehavioral outcomes reported (antinociception, hyperlocomotion, rewarding effects)."
1103,"NO — Although this is an animal study with fluoride exposure (rabbits), the outcomes measured are antioxidant defenses and lipid peroxidation related to skeletal fluorosis, not any neurotoxicity-related outcomes."
1104,"NO — This is an in vitro microsomal metabolism study of AEME (rat organ microsomes) that only uses sodium fluoride as an enzymatic inhibitor, does not examine fluoride/analogue exposure as the exposure of interest, and reports metabolic outcomes rather than any neurotoxicity measures in an animal study."
1105,NO — This is a general review on esterases and organophosphate inhibition and does not report animal studies of fluoride (or analogue) exposure or neurotoxicity outcomes.
1106,"NO — This paper describes tactile sensors for robotic fingertips and does not involve fluoride exposure, neurotoxicity outcomes, or animal experiments."
1107,"YES — The study exposes rat pinealocytes to fluorinated norepinephrine analogues (fluoronorepinephrines) and measures phosphatidylinositol turnover in a rat-derived system, meeting the exposure (fluorinated analogues) and animal-study outcome criteria."
1108,"NO — This is a chemical/physical study of xenon oxide tetrafluoride and its fluoride complexes, not an animal study and it does not report any neurotoxicity outcomes."
1109,"NO — Animal study of sodium fluoride exposure in rats, but outcomes are bone mass and biomechanical properties (no neurotoxicity measures reported)."
1110,"NO — This is an in vitro osteoblast cell‑culture study (includes fluorine‑containing glasses) assessing bone histology/biochemistry, not an animal study and it does not report any neurotoxicity outcomes."
1111,"NO — This is an animal (feline) surgical technique paper using a polyvinyl fluoride sheath, not a study of fluoride/analogue exposure or any neurotoxicity outcomes."
1112,"YES — Animal study of sodium fluoride (100 mg/kg in drinking water) that reports effects on brain tissue (increased zinc level), a neurotoxicity-related outcome."
1113,"YES — Studies fluoroacetate and fluorocitrate exposure in rat brain slices and reports effects on TCA-cycle metabolic compartmentation, an animal-derived neurophysiological outcome relevant to neurotoxicity."
1114,"NO — This is an in vitro human chondrocyte cell-culture study of 2‑fluoro‑2‑deoxy‑D‑glucose metabolism and proteoglycan biosynthesis, not an animal study and it does not report neurotoxicity outcomes."
1115,"YES — Study uses dog brain synaptosomal plasma membranes (animal-derived tissue) and reports effects of fluoride (F-) on Na+/K+-ATPase and acetylcholinesterase activities, which are neurotoxicity-related endpoints."
1116,"NO — Although the compound contains a fluorine atom, this rat study tests a fluorinated chalcone as an anti-inflammatory/anti‑arthritic treatment and reports inflammatory outcomes (paw edema, iNOS/PGE2), not any neurotoxicity measures, so it does not meet the exposure/outcome criteria."
1117,"NO — This is an in vitro microbiology study of fluorinated quaternary ammonium surfactants against Pseudomonas aeruginosa, not an animal study and it does not report any neurotoxicity outcomes."
1118,"NO — This is an animal study of dynorphin and peptidase inhibitors on antinociception in mice, not an exposure to fluoride or its analogues, so it does not meet the exposure criterion."
1119,"NO — animal (sheep) study of fluorosis but reports blood nitrite/nitrate and enzyme activities (catalase, carbonic anhydrase), not any neurotoxicity-specific outcomes."
1120,NO — This is an in vitro study of PC1 secretion from AtT-20 pituitary cells with no fluoride exposure and not an animal study or a neurotoxicity outcome.
1121,"NO — This is an engineering/materials paper about PVDF-coated sensor devices (not an animal exposure study), and it does not report any animal experiment or neurotoxicity outcomes related to fluoride or its analogues."
1122,"NO — This is an in vitro toxicokinetic study of cyclosarin using plasma and enzyme preparations (human, rat, mouse plasma), not an in vivo animal study reporting neurotoxicity outcomes, so it does not meet the animal-study inclusion criterion."
1123,"NO — This is an in vitro study using SH-SY5Y neuroblastoma cells (human cell line) examining fluoride-induced oxidative stress and receptor changes, not an animal study."
1124,"NO — This is a radiochemistry paper describing synthesis of an 18F-labeled PET tracer (for CB1 imaging), not an animal study of fluoride exposure nor does it report any neurotoxicity outcomes."
1125,"NO — This is an in vitro study of fluoride effects on mouse osteoclast formation/function and bone resorption, not an in vivo animal neurotoxicity study and it reports no neurotoxicity outcomes."
1126,"NO — Although this is an animal (rat) neurophysiology study, the exposure is capsaicin (not fluoride or a fluoride analogue); the mention of ""fluoride-resistant acid phosphatase"" refers to a histochemical marker rather than fluoride exposure."
1127,NO — This is a biochemical/methods paper describing a fluoride-insensitive pigeon liver phosphatase used to activate pyruvate dehydrogenase in tissue homogenates and does not involve experimental fluoride exposure or report any animal neurotoxicity outcomes.
1128,"NO — This is a synthetic chemistry paper describing preparation and stereochemical characterization of polyfluoromethyl homoprolines, not an animal study and it does not report any neurotoxicity outcomes."
1129,"NO — The paper uses sodium fluoride (NaF) as an in vitro activator to stimulate adenylyl cyclase in assays, but the study investigates olfactory bulbectomy effects in rats rather than effects of fluoride exposure or its neurotoxicity."
1130,YES — Animal (rat) study reporting neurotoxic outcome (acetylcholinesterase inhibition in brain subcellular fractions) following exposure to O‑isopropyl methylphosphonofluoridate (a fluoridate organophosphate).
1131,"NO — an animal study measuring fluoride levels and other biochemical parameters in rabbit bone, but it does not report any neurotoxicity-related outcomes."
1132,"NO — The study uses NaF in pituitary cell cultures and reports endocrine signaling/LH release outcomes, not neurotoxicity measures, and appears to be an in vitro pituitary cell study rather than an in vivo animal study."
1133,"NO — This is a biochemical study of notexin tyrosine modification (using p‑nitrobenzenesulphonyl fluoride) reporting enzymatic activity and lethality, not an animal study of fluoride/fluoride-analogue exposure or neurotoxicity outcomes."
1134,"NO — Although the study (in calves) used sodium fluoride as a stimulant in adenylate cyclase assays, it reports tracheal smooth muscle receptor/cAMP outcomes (respiratory physiology) and does not assess any neurotoxicity-related outcomes."
1135,NO — This is a biochemical study of enzymatic hydrolysis of alpha-D-glucosyl fluoride in rat intestinal tissue and does not assess any neurotoxicity outcomes.
1136,"NO — This is an animal study of herpes simplex virus effects on ""fluoride-resistant"" acid phosphatase–positive neurons (a staining property), not a study of exposure to fluoride or its analogues."
1137,"NO — This is a review about cellular transport of endocannabinoids (anandamide, 2-AG, PEA), not an animal study of fluoride exposure or neurotoxicity."
1138,"NO — although it includes rat experiments, the reported outcomes are thyroid function and phagocytosis (and human nervous-system exams), with no animal neurotoxicity outcomes reported."
1139,"YES — Animal study (rabbits) of sodium fluoride exposure reporting effects on the thyroid–pituitary (including loss of thyroxine localization in the posterior pituitary), i.e., neuroendocrine outcomes that could be relevant to neurotoxicity."
1140,"NO — This is a computational molecular-dynamics study of PFPE rheological properties, not an animal exposure study and it does not report any neurotoxicity outcomes."
1141,"YES — Mouse study testing fluorine-containing (fluorinated) indol-2-one compounds with CNS outcome measures (analgesic, anticonvulsant, amphetamine‑induced stereotypy, conditioned avoidance, pentobarbitone potentiation), so it meets the exposure (fluorinated compounds) and animal + neurobehavioral outcome criteria."
1142,NO — This is an in vitro biochemical NMR study using a fluorinated GTP analogue on purified calf‑brain tubulin and does not report any neurotoxicity outcomes nor constitute an animal study.
1143,"NO — This is an in vitro study of Na+/Ca2+ exchange in rat aortic myocyte membrane vesicles examining proteolysis during preparation, not an animal study of fluoride exposure or neurotoxic outcomes."
1144,"YES — Study used mouse brain slices (animal tissue) exposed to fluoride and fluoroacetate and reports neurotoxicity-relevant outcomes (amino acid uptake, ATP, Na+, K+ levels)."
1145,"NO — this is an in vitro study of forskolin effects on NG108-15 cell differentiation and signaling, not an animal study and it does not involve fluoride or report neurotoxicity outcomes."
1146,"NO — This is a materials/chemistry study on halogen-bonded self-assembly of fluorinated phosphazene molecules, not an animal study and it reports no neurotoxicity outcomes."
1147,"NO — This is an animal (rat) study of chloroform and ether narcosis effects on carboxypeptidase activity, not exposure to fluoride or its analogues, so it does not meet the exposure criterion."
1148,"NO — This is a biochemical/pharmacological study of dopamine receptors using canine/rat tissue where ""fluoride"" is only mentioned as an experimental reagent affecting adenylate cyclase, not as an exposure to fluoride/analogues nor an animal study measuring neurotoxic outcomes."
1149,NO — this is a histochemical study of ATPase and alkaline phosphatase in mouse sensory corpuscles and does not involve fluoride exposure or report neurotoxicity outcomes.
1150,NO — This is a clinical review of the fluorinated chemotherapy drug fludarabine describing human trials (with occasional neurotoxicity reports) rather than an animal study of fluoride or its analogues.
1151,"NO — Although the study uses fluoride (F−/NaF) and rabbit heart tissue (an animal model), it reports effects on cardiac adenylate cyclase rather than any neurotoxicity-related outcomes."
1152,"YES — The title reports effects of sodium fluoride on norepinephrine-sensitive adenylyl cyclase (a neuronal signaling enzyme), indicating a neurotoxicity-related outcome and likely involves animal neural tissue (species not specified)."
1153,"NO — Animal study with fluoride exposure, but outcomes relate to bone mineral content and periosteal bone formation, not any neurotoxicity measures."
1154,"YES — In vivo rabbit study of isoflurane (a fluorinated anesthetic) measuring brain elimination by 19F NMR; although it reports pharmacokinetics rather than explicit neurotoxicity endpoints, it is an animal study of a fluorinated compound so relevance is unclear/possible."
1155,"NO — This is a medicinal chemistry paper reporting synthesis and A3 receptor binding of 3'-fluoro adenosine analogues, not an animal study and it does not report neurotoxicity outcomes."
1156,"YES — Animal study exposing the freshwater snail Potamopyrgus antipodarum to fluoride that reports effects on behaviour (time to start movement), a neurotoxicity-relevant outcome, along with survival and reproduction."
1157,NO — the paper tests 2 mM fluoride in an in vitro rat muscle homogenate assay of alanine production and does not report any neurotoxicity outcomes nor an in vivo animal neurotoxicity study.
1158,NO — This is a materials/biomineral characterization study of chiton teeth (not an exposure experiment) and reports mineral composition (including fluoride substitution) without any neurotoxicity outcomes.
1159,"NO — animal study of fluoride exposure in growing pigs examining cortical bone remodeling (bone outcomes), not any neurotoxicity-related measures."
1160,"NO — The study used the protozoan Spirostomum ambiguum (not an animal model) and tested cyanide, sarin and tabun (nerve agents), not exposures to fluoride or fluoride analogues as defined for neurotoxicity animal studies."
1161,"NO — The study investigates effects of proteases and protease inhibitors on neurite outgrowth in cultured neonatal mouse dorsal root ganglia, not exposure to fluoride or its analogues."
1162,"NO — Animal study of sodium fluoride exposure but reports only reproductive (sperm, hormone, fertility) outcomes, not any neurotoxicity measures."
1163,"NO — Animal study of sodium fluoride reporting vascular and blood-pressure effects in cats, frogs, and rabbits, not outcomes related to neurotoxicity."
1164,"NO — This is an animal study of chronic ethanol (and PMSF) effects on brain carboxypeptidase activity in rats, not an exposure to fluoride or its analogues, so it does not meet the fluoride-exposure inclusion criterion."
1165,"YES — Animal (rat) study of high fluoride exposure (100 mg NaF/L) reporting brain cell apoptosis in offspring, a neurotoxicity-relevant outcome."
1166,"YES — The study uses the organophosphate N,N'-diisopropylphosphorodiamidic fluoride (mipafox) and reports effects on neuronal-mediated contractions in guinea-pig isolated ileum (an animal neurophysiological outcome)."
1167,YES — Animal study in rats with oral sodium fluoride exposure reporting effects on tryptophan/serotonin-pathway metabolites (a neurotransmitter-related outcome relevant to neurotoxicity).
1168,"NO — This study examines the action of D‑LSD on retinal dopamine-sensitive adenylate cyclase, not exposure to fluoride or its analogues, so it does not meet the exposure criterion."
1169,NO — This is an in vitro biochemical characterization (Torpedo presynaptic membrane enzyme) reporting fluoride as an inhibitor (IC50) but does not report any animal neurotoxicity outcomes or in vivo neurobehavioral/histopathological measures.
1170,"NO — Although potassium fluoride (KF) is used, the study is in vitro/patch-clamp and biochemical, not an animal study, and it reports effects on kinase activity/channel physiology rather than animal neurotoxicity outcomes."
1171,"NO — although rats were treated with NaF, the measured outcomes are cAMP/cGMP in heart, liver and skeletal muscle, not any neurotoxicity measure or neural tissue."
1172,"NO — the study exposes rat pituitary cell cultures to sodium fluoride and measures endocrine outcomes (LH release, inositol phosphates), not any neurotoxicity-related endpoints."
1173,"NO — although sodium fluoride (NaF) was used on rat renal cortical tissue, the study assesses renal adenylate cyclase/cAMP responses in vitro, not any neurotoxicity outcome."
1174,"YES — Title indicates fluoride exposure, but the record lacks any details on study species or neurotoxicity outcomes, so relevance to the inclusion criteria is unclear."
1175,"NO — The record describes respiratory toxicity from fluorine compounds (e.g., HF) and does not report neurotoxicity outcomes or indicate an animal study."
1176,"NO — This is an analytical chemistry methods paper using polyvinylidene fluoride as a filter/modifier to measure refractory elements in particulates, not an animal study and it does not examine fluoride exposure or any neurotoxicity outcomes."
1177,"YES — The study uses sodium fluoride (NaF) exposure in rat striatal membranes and reports activation of adenylate cyclase, a neurochemical outcome in an animal (rat) model."
1178,"NO — This is a review article summarizing fluoride toxicity (including nervous system effects) and does not report original animal experiments, so it fails the requirement that the study be an animal study."
1179,"YES — Animal electrophysiology study on perfused Helix pomatia neurons reporting effects of intracellular fluoride ions on calcium channels/outward currents, so it involves fluoride exposure and a neurophysiological outcome."
1180,"YES — Animal study of a fluorinated analogue (3-trifluoromethylphenethylamine) with measured brain tissue levels (drug distribution), though it reports metabolism/distribution rather than explicit neurotoxicity endpoints."
1181,"NO — this is an animal study of fluoroquinolone antibiotics for antibacterial efficacy in a mouse meningoencephalitis model, not an exposure to fluoride/fluoride analogues nor does it report any neurotoxicity outcomes."
1182,NO — This study investigates motopsin (PRSS12) enzymatic properties and localization in human and mouse neurons (animal/cell work) and does not involve exposure to fluoride or its analogues.
1183,NO — This is a review of AFM/Raman applications (including fluoride effects on primary teeth) and does not report an animal study or any neurotoxicity outcomes.
1184,"NO — This is a materials/physical chemistry study of fluorinated surfactant membrane morphology (FF-TEM, XRD, NMR) and does not involve animal experiments or report any neurotoxicity outcomes."
1185,"YES — Animal (rat) study of dietary fluoride exposure measuring plasma amino acids (a neurochemical outcome) and food consumption, so it is relevant/possibly related to neurotoxicity."
1186,NO — This is an in vitro study of protein phosphorylation in Rous sarcoma virus–transformed rat cells and does not involve fluoride/analog exposure or any neurotoxicity outcomes in animals.
1187,"YES — This is an in vivo rat study administering 18F-labeled (SiFA) PEGylated gold nanoparticles (a fluorine-containing exposure) and reports brain uptake (biodistribution) but does not explicitly assess neurotoxicity, so relevance to neurotoxic outcomes is uncertain."
1188,"NO — This is an in vitro biochemical study on the effects of Ca2+ and Gd3+ on purified chicken brain tubulin (not fluoride or analogues), and it is not an animal neurotoxicity study."
1189,"YES — This is an animal (rat) study of fluorinated bicyclohexane derivatives (fluoro-analogues) reporting neurobehavioral outcomes (PCP‑induced head‑weaving and hyperactivity), meeting the exposure and neurotoxicity outcome criteria."
1190,"NO — This is an in vitro study of human osteoblast-like cells reporting TRACP enzyme activity (with fluoride noted as an inhibitor), not an animal study and it does not assess neurotoxicity outcomes."
1191,"NO — This is an anatomical/immunohistochemical study in rats reporting presence of ""fluoride-resistant acid phosphatase"" (an enzyme descriptor), not exposure to fluoride or its analogues nor any neurotoxicity outcome."
1192,"NO — In vitro study of mammalian cells exposed to a fluorinated nucleoside assessing DNA synthesis, not an animal study nor reporting neurotoxicity outcomes."
1193,NO — This is an animal study of catecholamines and cAMP in carotid body chemoreception in cats and does not involve fluoride or its analogues nor report fluoride-related neurotoxicity outcomes.
1194,"YES — Animal (rat) study of developmental exposure to sodium fluoride reporting neurofunctional/neurobehavioral outcomes (learning, memory, motor coordination, habituation, object discrimination, sexual behavior)."
1195,NO — Geological/mineralogical study of REE-bearing hydrothermal veins that mentions fluorine in fluids and minerals but contains no animal experiments or neurotoxicity outcomes.
1196,"NO — This rat study examines CTB labeling after chronic inflammation and does not involve exposure to fluoride or its analogues (the phrase ""fluoride resistant acid phosphatase"" refers to an enzyme marker, not fluoride exposure)."
1197,"YES — Squirrel monkey study reporting neurobehavioral (antipsychotic/antagonism of apomorphine-induced stereotypy and conditioned avoidance) effects after exposure to synthesized compounds containing a trifluoromethylthio (fluorinated) substituent, so it is an animal neuro-outcome study involving a fluorinated analogue."
1198,"NO — This is a human study measuring IQ in 9–12-year-old children exposed to fluoride in drinking water, not an animal study."
1199,"NO — This guinea pig brain study characterizes two GABA-transaminase isoforms and their inhibition by various anions (chloride, acetate, lactate) but does not involve fluoride/analogues or report fluoride-related neurotoxicity outcomes."
1200,"NO — The paper describes C-11–labeled dopamine agonist radiotracers and in vitro autoradiography in rat brain tissue, not exposure to fluoride/analogues and it does not report any neurotoxicity outcomes."
1201,"NO — This is an in vitro study using CHO cells expressing ion channels (no fluoride exposure) and not an animal study, reporting electrophysiological properties rather than neurotoxicity related to fluoride."
1202,"NO — fluoride is only used as an in vitro esterase inhibitor in a biochemical purification study of rat adipose monoglyceride lipase, with no animal exposure experiment or any neurotoxicity outcomes reported."
1203,"YES — The record studies fluoride metabolism (exposure to fluoride) in auditory ossicles but the title does not specify whether it is an animal study or reports any neurotoxicity outcomes, so relevance is unclear."
1204,"NO — The title concerns cellular transport of CNS drugs in leukocytes and does not involve fluoride or its analogues nor report animal neurotoxicity outcomes, so it does not meet the inclusion criteria."
1205,"NO — In vitro study of cell adhesion on a fluorinated polyimide surface using rat hepatocytes and human liver cell lines, not an animal study and it does not report neurotoxicity outcomes."
1206,"NO — materials science study on hydrogen bonding in PVA/PEO blend films with no fluoride exposure, no neurotoxicity outcomes reported, and not an animal study."
1207,"NO — This is an animal neurotoxicity study of the organophosphate mipafox (not fluoride or a fluoride analogue), so the exposure does not meet the fluoride/analogue inclusion criterion."
1208,NO — This is a tumor immunology study of guinea pig hepatoma cells (antibody/complement-mediated lysis) and does not involve exposure to fluoride or analogues nor report neurotoxicity in an animal study.
1209,YES — The study reports intracellular introduction of fluoride into isolated rat dorsal root ganglion neurons and measures neuronal potassium currents (a neurophysiological outcome) in an animal-derived preparation.
1210,"NO — This is an in vitro study of mancozeb/maneb (EBDC fungicides), not fluoride or its analogues, and uses cultured mesencephalic cells rather than an animal model despite reporting neuronal toxicity."
1211,"NO — This is an in vitro biochemical study expressing mammalian Gs‑α in yeast and using NaF as a reagent in adenylyl cyclase assays, not an animal study and it does not report any neurotoxicity outcomes."
1212,"YES — Animal study in hens exposed to diisopropyl phosphorofluoridate (DFP, a phosphorofluoridate) reporting delayed neurotoxicity (OPIDN) and alterations in neurofilament protein levels."
1213,"NO — This is an animal histochemical study that only mentions ""fluoride-resistant acid phosphatase"" as a marker and does not involve exposure to fluoride (or analogues) nor report neurotoxicity outcomes."
1214,"YES — Drosophila (animal) study of a learning (neuro) mutant that includes biochemical assays showing adenylate cyclase responsiveness to fluoride, so fluoride is part of the experimental conditions relevant to neurobiological outcomes."
1215,"NO — Animal study of sodium fluoride exposure in rats but reports only bone incorporation and mechanical/skeletal outcomes, not any neurotoxicity measures."
1216,"YES — Study involves fluoride exposure in rats (animal model); the outcome “concentrating defect” is ambiguous (could be neuro-related or renal), so inclusion is warranted pending full-text clarification."
1217,"NO — Although it involves guinea pig brain and a sulfonyl fluoride protease inhibitor (aminoethylbenzenesulfonyl fluoride), this is a methodological/mass-spectrometry artifact study and does not report any neurotoxicity outcome measures."
1218,"NO — This is a chemistry/materials study of fluorinated ligands in Ni and Pd polymerization catalysts, not an animal study and it does not report any neurotoxicity outcomes."
1219,"NO — This is an environmental field study measuring fluorine/HF emissions and partitioning from coal-fired power plants, not an animal study and it does not report any neurotoxicity outcomes."
1220,"YES — Animal (hen) study reporting neurotoxic/neuropathologic outcomes after exposure to phenylmethylsulfonyl fluoride (PMSF), a sulfonyl fluoride compound (i.e., contains a fluoride moiety), so it meets the exposure and neurotoxicity criteria (or is at least unclear if sulfonyl fluorides count as fluoride analogues)."
1221,"NO — This is a medicinal chemistry/synthesis paper (uses tetrabutylammonium fluoride as a deprotection reagent) reporting receptor binding of morphine derivatives, with no animal study or neurotoxicity outcomes related to fluoride exposure."
1222,"YES — Rat study of chronic sodium fluoride exposure reporting neurotoxic outcomes (spinal cord blood–brain barrier damage, increased Evans blue extravasation, neuronal cytological changes, and elevated MMP-9)."
1223,"NO — This is a human clinical literature review of sodium fluoride for otosclerosis (hearing/vestibular outcomes), not an animal study of fluoride neurotoxicity."
1224,"YES — Animal (insect) study exposing insects to point‑fluorinated pheromone analogues (fluorinated compounds) and measuring electroantennography, a neurophysiological (neural activity) outcome."
1225,"NO — This is a human cross-sectional study of early childhood dental caries in children with cleft lip/palate and does not involve fluoride exposure, neurotoxicity outcomes, or animal subjects."
1226,"NO — Although sodium fluoride is used in vitro to stimulate signaling, this is a cell‑culture study (murine N1E-115 neuroblastoma cells), not an animal study reporting neurotoxicity outcomes."
1227,"YES — Mouse study implanting polyvinylidene fluoride (PVDF, a fluorinated polymer) nerve-guidance channels with measured neural outcomes (myelinated axon counts/regeneration), so it involves a fluoride-containing analogue in an animal model with neuro-related measures."
1228,"NO — This is an in vitro biochemical study of bovine/horse methemoglobin conformational effects (including fluoride as an effector), not an in vivo animal study and it reports no neurotoxicity outcomes."
1229,"NO — This study examines neuropeptide Y and bradykinin effects on phosphoinositide turnover and Ca2+ signaling in cultured rat sensory neurons, not exposure to fluoride or its analogues."
1230,NO — This is a C. elegans genetic study of a DEG/ENaC ion channel and defecation rhythm with no fluoride (or analogue) exposure and no neurotoxicity outcomes reported.
1231,"NO — The record concerns aluminum exposure (Alzheimer's disease) rather than fluoride or its analogues, so it does not meet the required exposure criterion for inclusion."
1232,"NO — This is an in vitro biochemical study (brain homogenates and cultured cells) of fatty acid sulfonyl fluorides inhibiting anandamide metabolism and CB1 binding, not an animal study and it does not report neurotoxicity outcomes."
1233,NO — This is a narrative/review summarizing human epidemiological findings (identifying fluoride among developmental neurotoxicants) rather than an animal study reporting neurotoxicity outcomes after fluoride exposure.
1234,"NO — This gerbil study examines biochemical changes after bilateral cerebral ischemia (not exposure to fluoride or its analogues), so it does not meet the exposure criterion."
1235,"YES — This is an animal (mouse) study in which fluoride ion (F−) was used as an internal anion and produced clear alterations in Na(v)1.9 electrophysiological properties in dorsal root ganglion neurons (neuronal functional outcomes relevant to neurotoxicity, though not explicitly labeled as such)."
1236,"NO — The paper studies non-opiate antagonists' effects on opiate receptor binding of tritiated naloxone and does not involve fluoride exposure, its analogues, or relevant animal neurotoxicity outcomes."
1237,"NO — The paper studies aluminum fluoride effects on hepatocyte Ca2+ signaling (isolated liver cells/ex vivo), not an animal neurotoxicity outcome, so it does not meet the requirement to report neurotoxicity in an animal study."
1238,"NO — This is an animal study of chronic ethanol exposure (not fluoride or its analogues), so it does not meet the exposure criterion."
1239,"NO — This is an animal neurochemical study of Mn2+ and other divalent cations on rat brain adenylate cyclase, not an exposure to fluoride or its analogues."
1240,"NO — This is an in vitro Salmonella (Ames) mutagenicity test of fluorinated pyrimidines, not an animal study and it does not assess neurotoxicity outcomes."
1241,"NO — The study uses phenylmethylsulfonyl fluoride (a sulfonyl fluoride protease inhibitor) and examines NGF receptor binding in ex vivo/in vitro animal tissues, not exposure to fluoride ion or relevant fluoride analogues nor reporting neurotoxicity outcomes in an animal study."
1242,"YES — Animal (rat) study with intravenous exposure to perfluorocarbon emulsion (a perfluorinated, fluorine-containing compound) assessing CNS inflammation/demyelination, so it involves a fluorinated analogue exposure though it does not directly assess fluoride neurotoxicity."
1243,"YES — Animal (Wistar rat) study of sodium fluoride (0, 0/7/100 ppm for 6 weeks) that assessed DNA damage in brain cells (comet assay), so it reports a neuro-related outcome following fluoride exposure."
1244,"NO — This is a chemistry paper on reactions of parthenin with N-bromosuccinimide and boron trifluoride etherate, not an animal study and it does not report neurotoxicity outcomes or biological fluoride exposure."
1245,"YES — Animal (rabbit) study of a perfluoroether (Fomblin-H fluorinated fluid) vitreous substitute reporting retinal neurotoxic outcomes (gliosis, preretinal membranes, retinal disorganization/detachment, ganglion cell layer edema)."
1246,"NO — This is an in vitro medicinal chemistry study of fluorine-containing MAO-B inhibitor candidates (no fluoride exposure assessment), reports enzyme inhibition not neurotoxicity outcomes, and is not an animal study."
1247,NO — This is an ex vivo biochemical study of fluoride's effect on adenylate cyclase in bovine adrenal cortex membranes and does not report any neurotoxicity outcomes or in vivo animal neurobehavioral measures.
1248,"NO — the study investigates calcium ion uptake in rat synaptosomes and does not involve exposure to fluoride or its analogues, so it does not meet the inclusion criteria."
1249,YES — Animal study in rabbits of perfluorohexyloctane (a semi‑fluorinated fluorocarbon) reporting retinal neurotoxicity outcomes (ERG changes and retinal histology).
1250,"YES — This is a critical review of 6-[F-18]fluoro-L‑DOPA (a fluorinated analogue) including in vivo metabolism studies that may involve animals, but it does not clearly report original animal experiments or neurotoxicity outcomes (relevance is therefore unclear)."
1251,"NO — Although this is an animal study of sodium fluoride exposure, the reported outcomes are lung hydroxyproline/collagen changes (and effects of MgCl2), not any neurotoxicity-related measures."
1252,"YES — Animal study of chronic sodium fluoride exposure in rats that measured neurobehavioral outcomes (Morris water maze learning/memory) and brain molecular changes (phospho-Elk-1 expression), meeting the exposure and neurotoxicity criteria."
1253,NO — Animal vascular pharmacology study of arachidonate/serotonin responses in DOCA-salt hypertensive rats that does not involve fluoride exposure or report any neurotoxicity outcomes.
1254,"NO — This is an animal study of anandamide/arachidonic acid cannabinoid pharmacology in mice (tetrad tests), not an exposure to fluoride or its analogues."
1255,"NO — This is a human population survey of neurological symptoms from fluoride in drinking water, not an animal study as required."
1256,"YES — Animal study exposing rats to fluoride and a fluorinated tin compound (sodium pentafluorostannite) that reports fluoride biodistribution including clearance and uptake in the brain, an outcome relevant to neurotoxicity."
1257,NO — This is an in vitro medicinal chemistry/receptor-binding study of fluoroalkyl ligands (not an animal study) and does not report neurotoxicity outcomes.
1258,"NO — This is an in vitro study on cultured mouse neuroblastoma cells (cell line) exposed to fluoride that measures ionic currents, but it is not an animal study as required."
1259,NO — This study investigates Gq regulation of phospholipase C using bovine brain preparations and does not involve exposure to fluoride (or analogues) nor report neurotoxicity outcomes.
1260,"YES — Animal study of rat offspring exposed to fluoride from coal-burning fluorosis reporting neurotoxic outcomes (Morris water maze learning/memory, brain cholinesterase activity, and nicotinic receptor expression)."
1261,"NO — This is a review of fluorinated diaryl sulfide PET tracers for imaging the serotonin transporter, not an animal study of fluoride (or analogue) exposure reporting neurotoxicity outcomes."
1262,"YES — The study exposed bullfrog sympathetic neurons to aluminium fluoride (a fluoride analogue) and reports effects on neuronal calcium currents, an animal neurofunctional outcome relevant to neurotoxicity."
1263,"YES — Animal study in mice exposed to sodium fluoride (NaF) assessing neurotoxic outcomes (behavioral tests, cholinesterase, oxidative stress, and neuropathology)."
1264,"NO — This is an environmental geochemistry study of groundwater fluoride occurrence and sources in NW India, not an animal study and it does not report any neurotoxicity outcomes."
1265,"YES — Animal study in male Wistar rats exposed to high-fluoride water (100 ppm) reporting neurotoxic outcomes (changes in neuronal enzyme activities: Mg2+-ATPase, TPPase, AChE) in anterior horn motor neurons."
1266,"NO — This is an in vitro study on human SH-SY5Y neuroblastoma cells (not an animal study); although sodium fluoride is briefly used, the paper investigates organophosphorus compounds rather than reporting an animal fluoride exposure/neurotoxicity study."
1267,NO — this rat study only uses fluoride ions as an in vitro activator of adenylate cyclase (a biochemical assay) and does not assess fluoride exposure or any neurotoxicity-related outcomes.
1268,"NO — This is an in vitro study using PC12 cells grown on a fluorinated polyimide surface (a material, not fluoride ion exposure) and is not an in vivo animal study reporting neurotoxicity outcomes."
1269,"NO — This is a geological/mineralogy study of fluorite formation and optical properties from a deposit, not an animal study of fluoride exposure or any neurotoxicity outcomes."
1270,"NO — The paper studies metabolism and bioactivity of the peptide AF1 in the nematode Ascaris suum, not exposure to fluoride or fluoride analogues, so it does not meet the inclusion criteria."
1271,"NO — The paper studies 3,5-disubstituted paracetamol analogues (one set bearing a fluoro substituent) and reports analgesic activity, COX inhibition and hepatocyte cytotoxicity in animal models, but it does not investigate fluoride exposure per se nor report neurotoxicity outcomes."
1272,"NO — Although it involves fluoride treatments (acidulated and neutral sodium fluoride), the study measures mobility of replanted teeth (dental outcome), not any neurotoxicity outcome."
1273,"NO — although this guinea-pig study includes systemic administration of sodium fluoride, the measured outcome is mosquito biting/feeding rate (attractiveness), not any neurotoxicity-related outcome."
1274,"NO — This is an in vitro chemistry study of calix[4]pyrrole receptors for anion sensing (including fluoride) reporting spectroscopic and binding data, not an animal study and it provides no neurotoxicity outcomes."
1275,YES — Animal (rat) study that examines sodium fluoride's effect on organophosphate (tetraethylpyrophosphate)-induced neuromuscular toxicity in the isolated phrenic nerve–diaphragm preparation.
1276,"YES — Rat-derived pallium neural cells were exposed to fluoride and showed DNA damage (a neurotoxicity-related outcome), so the study involves fluoride exposure with neural outcomes using animal-derived tissue."
1277,NO — This is an animal imaging study of fluorine-containing 19F MRI probes for amyloid detection in transgenic mice and does not report any neurotoxicity outcomes or assess fluoride/analogue exposure effects on neurotoxicity.
1278,"NO — this is an animal study of lead exposure on adenylate cyclase in rat cortex, not fluoride or a fluoride analogue, so it does not meet the exposure criterion."
1279,NO — This is an in vitro guinea pig brain study of potassium salts with different counter-anions (Hofmeister series) and does not investigate fluoride or fluoride analogues as the exposure.
1280,"YES — Animal study exposing frog muscle to sodium fluoride (NaF) and reporting neurophysiologically relevant outcomes (muscle contractures and acetylcholinesterase inhibition), consistent with neurotoxic effects."
1281,NO — This rat study characterizes an endothelin-degrading protease in various tissues and does not involve fluoride (or its analogues) exposure nor report any neurotoxicity outcomes.
1282,NO — This is an engineering study of surface electrical discharges on polymer films (including PVDF) and does not describe an animal study or any neurotoxicity outcomes related to fluoride exposure.
1283,"NO — This is an animal study of plasminogen activators in mice with eosinophilic meningitis caused by the parasite Angiostrongylus cantonensis, not a study of exposure to fluoride or its analogues."
1284,"YES — This is an animal (rat) study reporting neurobehavioral outcomes (conditioned taste aversion and operant behavior) after exposure to Win 35,428, a fluorine-substituted (fluorinated) cocaine analogue."
1285,NO — this review concerns biocompatibility testing of liquid vitreous replacements (in vitro and some animal models) and does not report exposure to fluoride or fluoride analogues nor animal neurotoxicity outcomes.
1286,"YES — The title indicates an animal (pig brain) study but gives no information about fluoride exposure or neurotoxicity outcomes, so relevance is unclear."
1287,YES — This is an animal (rat neuron) study that used sodium fluoride (an analogue) to modulate intracellular cAMP and reported effects on serotonin-evoked neuronal responses (a neurophysiological outcome).
1288,"NO — This paper describes design and receptor-binding properties of morphiceptin (opioid peptide) analogues at the μ-opioid receptor and does not involve fluoride/fluoride analogues, neurotoxicity outcomes, or an animal study."
1289,"NO — This is an in vitro study of hydrofluoric-acid–modified titanium surfaces with murine osteoblast (MC3T3‑E1) cell culture assessing biocompatibility/bone cell growth, not an animal study and it does not report neurotoxicity outcomes."
1290,"YES — In vivo Wistar rat study of a fluoro-substituted (2-fluoroethyl) benzothiadiazine reporting cognitive/AMPA receptor–related outcomes, i.e., exposure to a fluorinated compound with neurobehavioral measures."
1291,NO — This is an in vitro biochemical study of microtubule motor proteins (using aluminum fluoride as a nucleotide analogue) with no animal exposure or neurotoxicity outcomes reported.
1292,YES — Animal study of sodium fluoride exposure in adult rats reporting neurotoxic outcomes (memory impairment in open-field habituation) and associated changes in brain monoamine levels.
1293,YES — investigates the effect of internal fluoride on nerve cell membrane currents (a neurotoxicity-relevant outcome); animal/in vivo status is not specified in the title so inclusion is unclear but relevant.
1294,"YES — Animal (guinea-pig) study of sarin (isopropyl methylphosphoryl fluoridate, a phosphoryl–fluoride nerve agent) exposure, but the title focuses on dermal absorption/barrier effects so reporting of neurotoxicity outcomes is unclear."
1295,"NO — This is a medicinal chemistry/pharmacology study of ring-substituted histaprodifen H-1 agonists (one analogue is aryl‑fluorinated) reporting receptor/contractile activity in isolated guinea-pig and rat tissues, not an animal study of fluoride exposure or any neurotoxicity outcome."
1296,"NO — This is an animal study of a selective estrogen receptor modulator (MDL 103,323) on bone in ovariectomized ewes, not an investigation of fluoride/analogues or neurotoxicity outcomes."
1297,"NO — This is a general review of fluorinated organic compounds and their medical/diagnostic applications, not an animal study and it does not report neurotoxicity outcomes."
1298,"NO — This study examines lithium (Li) exposure (including LiCl) and its effects on signal transduction in cells, rats, and humans, not fluoride or fluoride analogues, so it does not meet the exposure criterion."
1299,YES — Animal study (Xenopus laevis embryos/tadpoles) reporting effects of the fluorinated anticholinesterase methanesulphonyl fluoride on synaptic currents/acetylcholinesterase (neurophysiological outcome).
1300,YES — an ex vivo animal study reporting effects of aluminum fluoride on hippocampal field potentials (a neurophysiological outcome relevant to neurotoxicity).
1301,NO — The study examines cAMP metabolism and calcium currents in Helix pomatia neurons and does not involve exposure to fluoride or its analogues.
1302,"NO — this is a biochemical study of organosulfonyl fluoride derivatives showing inhibition of mouse brain FAAH and CB1 binding (likely in vitro), not an in vivo animal study of fluoride exposure nor reporting neurotoxicity outcomes."
1303,"YES — Primate (monkey) brain study reporting effects of sodium fluoride (NaF) on frontal-cortex adenylate cyclase activity, a neurochemical outcome relevant to neurotoxicity."
1304,"NO — This is a biochemical study of G-protein/calmodulin interactions using bovine brain/transducin preparations and does not involve exposure to fluoride (or analogues), neurotoxicity outcomes, or an in vivo animal exposure."
1305,"NO — Materials-science study of slag crystallization using B2O3/TiO2 with no fluoride exposure, no neurotoxicity outcomes, and not an animal study."
1306,"YES — Study used rat cerebral cortex membranes (animal tissue) and examined F(−)-stimulated adenylate cyclase activity (GTP-binding protein function) following exposures, so it reports a fluoride-related neurochemical outcome in an animal-derived system."
1307,YES — Animal study in mice exposing offspring to sodium fluoride (with lead) via drinking water and reporting neurotoxicity-related outcomes (behavioral deficits and hippocampal proteomic changes).
1308,"YES — Animal (rat) study testing phenylmethanesulphonyl fluoride (a sulfonyl fluoride compound) for promotion of peripheral neuropathies, so it reports neurotoxicity outcomes from a fluoride-related exposure."
1309,"YES — The paper examines sodium fluoride (NaF) effects on adenylate cyclase activity in rat brain synaptosomes (an animal-derived neurochemical outcome), meeting the fluoride exposure and neurotoxicity/animal-study criteria."
1310,"NO — This is an in vitro biochemical study on purified bovine neurohypophysial membranes showing fluoride-activation of adenylate cyclase, not an in vivo animal study and it does not assess neurotoxicity outcomes."
1311,"YES — Rat study of cerebral cortex development that reports fluoride-stimulated adenylate cyclase activity, so it involves fluoride exposure and a neurochemical (neurophysiological) outcome in an animal model."
1312,"NO — This is an in vitro biochemical study using soluble chicken brain fractions examining PMSF (a sulfonyl fluoride) interactions with esterases and OPIDN mechanisms, not an in vivo animal neurotoxicity study."
1313,"NO — Although this animal study involves fluorinated drugs (5‑FC/5‑FU) and 19F MRS, it reports tumor response, intratumoral drug metabolism, and survival measures rather than any neurotoxicity outcomes."
1314,YES — Animal study: rats exposed chronically to fluoride (NaF in drinking water) with neurotoxicity outcomes measured (cortical neuronal apoptosis and Bax/Bcl-2 expression).
1315,"NO — This is an engineering study of a PVDF ultrasound receiver and in vivo ultrasound/BBB monitoring in rats, not an animal study of exposure to fluoride (or its analogues) or reporting neurotoxicity outcomes."
1316,"YES — Describes chronic administration of the sulfonyl fluoride compound phenylmethylsulfonyl fluoride (a fluoride analogue) with selective inhibition of brain acetylcholinesterase, a neurotoxicity outcome consistent with an animal study."
1317,"NO — This is a chemistry/PET-tracer development paper using 18F labelling and in vitro autoradiography on rat brain tissue, not an animal study of fluoride (or analogue) exposure assessing neurotoxicity outcomes."
1318,"YES — Animal study (chickens) exposing subjects to phenylmethylsulfonyl fluoride (a sulfonyl‑fluoride compound) with reported neurotoxicity outcomes (motor deficits, axonal degeneration/OPIDN)."
1319,"YES — Animal study in albino rabbits given subcutaneous sodium fluoride (0–50 mg/kg/day for 15 weeks) reporting neurotoxicity outcomes by brain histopathology (Purkinje cell damage, loss of layers, vacuolization) and neurological signs."
1320,"NO — This is an in vitro study on osteoblasts/osteoclasts examining bone-related outcomes after incorporation of fluoride (and other ions) into calcium phosphate films, not an animal study and it does not report any neurotoxicity outcomes."
1321,NO — This is an in vitro biophysical study of cationic lipid–counterion interactions (including fluoride) and does not involve animals or report any neurotoxicity outcomes.
1322,"NO — This is an enzymology study of dolichol kinase in developing rat testis (using NaF in vitro as an inhibitor), but it does not assess neurotoxicity outcomes and is not a neurotoxicity-focused animal study."
1323,"YES — Animal study of perfluorinated compounds (hexafluorobenzene and perfluoro-15-crown-5-ether) reporting behavioral/mobility outcomes (open-field, grip strength, catwalk) and tissue toxicity after exposure, which are relevant to neurotoxicity screening."
1324,"NO — the study exposes ovine osteoblasts in vitro to sodium fluoride and measures osteocalcin mRNA (bone-related endpoints), not any neurotoxicity outcomes or an in vivo animal neurotoxicity assessment."
1325,NO — This is an animal study in rabbits but it examines potassium depletion effects on renal adenylate cyclase and not exposure to fluoride (or analogues) nor any neurotoxicity outcomes.
1326,NO — This is an animal electrophysiology study of prostaglandin E2 effects on Na+ currents in neonatal rat nodose ganglion neurons and does not involve exposure to fluoride or its analogues.
1327,"NO — This is a biochemical characterization of human epidermal transglutaminase (protein analysis) and does not involve fluoride exposure, neurotoxicity outcomes, or an animal model."
1328,"NO — although this is an animal (rat) study of sodium fluoride (3–100 ppm) it measured serum protein components and enzyme activity, not any neurotoxicity or nervous‑system outcomes."
1329,"NO — Although fluoride ions are mentioned as modulators of adenylyl cyclase in sheep olfactory tissue, this is a physiological study of olfactory transduction rather than an animal study measuring neurotoxicity outcomes."
1330,"NO — this is an anatomical study in rats using ""fluoride-resistant acid phosphatase"" as a histochemical marker, not a study of exposure to fluoride/analogues or neurotoxic outcomes."
1331,"NO — This is a hydrogeological/geochemical study of fluoride in groundwater and sediments (with mention of dental fluorosis), not an animal study and it does not report any neurotoxicity outcomes."
1332,"NO — This is an in vitro rat DRG cell culture study that only mentions a ""fluoride-resistant acid phosphatase"" marker and does not involve exposure to fluoride/analogues or report neurotoxicity outcomes in animals."
1333,NO — This is an animal study of ACTH molecular forms in fetal sheep pituitaries and does not involve exposure to fluoride or its analogues nor report neurotoxicity outcomes.
1334,"NO — Animal study of fluoride exposure, but outcomes measured are bone maturity and cortical thickness (skeletal effects), with no neurotoxicity or nervous-system outcomes reported."
1335,"NO — This is an in vitro photochemistry study of bacteriorhodopsin using fluorine-substituted retinal analogs, not an animal study nor reporting any neurotoxicity outcomes."
1336,NO — This study examines cathepsin D/E-mediated proteolysis of apolipoprotein E in human (and some mouse tissue) in the context of Alzheimer's disease and does not involve exposure to fluoride or its analogues nor an animal neurotoxicity exposure study.
1337,"NO — This is an in vitro materials/mechanical study of dental crowns (using bovine roots) and not an in vivo animal study, and it does not investigate fluoride exposure or any neurotoxicity outcomes."
1338,"NO — This is a rat histochemical study of dorsal root ganglia focusing on markers including ""fluoride-resistant acid phosphatase"" (an enzyme name), but it does not describe exposure to fluoride or fluoride analogues, so it fails the exposure criterion."
1339,"YES — Animal (isolated perfused rat liver) study of 5-fluorouracil (a fluorinated compound) that measures formation of neurotoxic fluorinated catabolites (fluoroacetate, FHPA, fluoride) and discusses neurotoxic side-effects, though it does not report direct behavioral or neuropathological neurotoxicity outcomes."
1340,"NO — This is an animal study of UV laser (ArF excimer) use for vitreoretinal surgery, not a study of chemical fluoride/fluoride analog exposure nor does it report neurotoxicity outcomes."
1341,"NO — Animal study of fluoride exposure in rabbits that reports skeletal/bone outcomes (skeletal fluorosis, cortical thickness) in immobilized limbs, with no neurotoxicity-related outcomes."
1342,"YES — The title indicates an experimental biological study of hydrofluosilicic acid salts (fluoride-related compounds), but it does not specify the outcome measures or whether animals were used, so relevance is unclear and it should be included for full-text screening."
1343,"NO — Animal study of sodium fluoride exposure (150 ppm NaF) but reports serum protein electrophoresis changes, not any neurotoxicity-related outcome."
1344,YES — The study used sodium fluoride (NaF) as an exposure in rat brain slice experiments and measured Ca2+ uptake/homeostasis (a neurophysiological outcome relevant to neurotoxicity) in an animal model.
1345,"NO — This is an in vitro study using a human neuroblastoma cell line examining bFGF effects on IGFBP-2 proteolysis, not an animal study and it does not involve fluoride or related exposures or neurotoxicity outcomes."
1346,"YES — This is an animal (rat) study exposing animals to a fluorinated compound (trifluoromethane, CHF3) and measuring a neurological outcome (cerebral blood flow by 19F-NMR), so it meets the exposure requirement though it does not directly assess neurotoxicity."
1347,"NO — Animal study of sodium fluoride exposure in rats (150 ppm) measuring oxidative stress in heart, liver, and kidney but it does not report any neurotoxicity-related outcomes."
1348,"YES — The title does not specify fluoride or its analogues and it's unclear whether the paper reports animal data or neurotoxicity related to fluoride, so full text is needed to confirm inclusion."
1349,"NO — Animal study of fluorine/fluoridated iodine effects on thyroid iodine content and pituitary autoradiography (endocrine measures), with no outcomes related to neurotoxicity reported."
1350,"NO — It is an animal (rat) study of fluoride exposure (25 ppm) but reports only bone-related outcomes (disuse atrophy, Ca/F content) and does not measure or report any neurotoxicity outcomes."
1351,"NO — Animal study of ammonium fluoride exposure but reports fluoride levels and general biochemical/physical parameters (and bone accumulation), with no neurotoxicity-related outcomes (behavioral, cognitive, or neural measures)."
1352,YES — This is an animal (pig) study using perfluorocarbon (a fluorinated compound) as the exposure medium and reports retinal tissue ablation/thermal damage (effects on neural retinal tissue).
1353,"NO — Sodium fluoride is only mentioned as an in vitro pharmacological stimulator of adenylyl cyclase in a study of cardiac adrenergic changes in diabetic hamsters, not as an exposure study of fluoride (and no neurotoxicity outcomes are reported)."
1354,"NO — This is an animal study of organophosphate (leptophos) and PMSF effects on delayed neurotoxicity in hens, but it does not involve fluoride or fluoride analogues."
1355,"NO — This is a methods paper describing an ELISA using PVDF microplates and validation in rat brain homogenate, not an animal study of exposure to fluoride or its analogues nor reporting neurotoxicity outcomes."
1356,"NO — This is an anatomical tracing study in rats mapping viscerotopic sensory pathways and only uses the term ""fluoride-resistant"" as a histochemical descriptor, not as exposure to fluoride or an investigation of fluoride-related neurotoxicity."
1357,"NO — the study examines sodium fluoride effects on neuro-related signaling in cultured rat C6 glioma cells (in vitro), not an in vivo animal study, so it fails the animal-study inclusion criterion."
1358,"NO — Although NaF (sodium fluoride) was used to stimulate adenylate cyclase in assays, the study is an animal tissue enzymology investigation of denervation effects and does not examine fluoride/analog exposure as an experimental neurotoxicant or report fluoride-related neurotoxicity outcomes."
1359,NO — This is an animal study of fluoride effects on the mineral–organic interface of rat cortical bone and does not report any neurotoxicity-related outcomes.
1360,YES — The record studies fluorine exposure in drinking water and reports effects on neuromuscular excitability (a neurotoxicity-related outcome) and includes experimental studies (implying animal experiments) alongside clinical observations.
1361,"NO — This is an analytical method paper for measuring AZD1152 and its metabolite (with sodium fluoride used only as an anticoagulant/phosphatase inhibitor during sample handling), not an animal study of fluoride exposure or neurotoxicity."
1362,"NO — This is an animal study of chronic propranolol effects on cardiac beta-receptors/adenylate cyclase; fluoride is only mentioned as an in vitro activator of the enzyme, not as an exposure, and no neurotoxicity outcomes are reported."
1363,"NO — Animal study on anandamide/FAAH and cannabinoid-related anxiolytic effects in rats, not about fluoride or its analogues."
1364,"NO — Animal study of monofluorophosphate exposure in rats but reports only bone outcomes (bone mass, density, strength) with no measures of neurotoxicity."
1365,NO — This is a chemical synthesis and spectroscopic/thermal characterization study of fluorine-containing compounds and does not report any animal experiments or neurotoxicity outcomes.
1366,"NO — This chapter discusses conditioned taste aversion and drugs of abuse in animal models but does not involve exposure to fluoride or its analogues, so it does not meet the inclusion criterion."
1367,"NO — This is an in vitro study of amyloid-β effects on cGMP/kinin release in cultured bovine and rat endothelial cells, not an animal study of fluoride or its analogues nor reporting neurotoxicity related to fluoride."
1368,"YES — Animal studies (chickens, quail, rats, ferrets) report neuronal degeneration (neurotoxicity) after exposure to organophosphorus compounds including diisopropylphosphorofluoridate (DFP), a fluoridate/fluoride-containing analogue."
1369,"NO — This is a rat ischemia study examining phospholipase activity and effects of a phospholipase C inhibitor and an NMDA antagonist, with no exposure to fluoride or its analogues."
1370,"NO — This is an animal neurotoxicology study but the exposure is to organophosphorus compounds/PMSF, not fluoride or fluoride analogues."
1371,NO — This is an isotope study of oxygen and carbon in rodent bones/teeth for palaeoenvironmental reconstruction and does not involve fluoride (or analogues) exposure nor report any neurotoxicity outcomes.
1372,"NO — Although this animal study tests fluorinated thrombin inhibitors in rats, it reports anticoagulant and thrombosis outcomes rather than any neurotoxicity-related measures."
1373,"YES — Rat cerebral cortex tissue exposed to sodium fluoride (NaF) with measured effects on adenylate cyclase activity, a neurochemical outcome in an animal study."
1374,"NO — This is an in vitro study using PC-12 cells (not an animal study), and sodium fluoride is only mentioned as an in vitro inhibitor of the kinase rather than as an animal exposure assessing neurotoxicity."
1375,"NO — This is a biochemical characterization of a cat brain carboxypeptidase inhibited by phenylmethylsulfonyl fluoride (a serine protease inhibitor), not a study of fluoride/fluoride-analogue exposure or neurotoxicity outcomes in animals."
1376,NO — The study examines DCMC-induced calcium phosphate materials and bone regeneration (in sheep and humans); it does not investigate fluoride (as a primary exposure) nor report any neurotoxicity outcomes.
1377,"NO — The study examines in vitro effects of growth hormone on phosphofructokinase activity in rat epididymal adipose tissue, not exposure to fluoride/analogues nor any neurotoxicity outcomes."
1378,YES — Animal study of prenatal exposure to methanesulfonyl fluoride (a sulfonyl fluoride compound) reporting neurodevelopmental/neurotoxicity outcomes (forebrain morphology and gene expression) in rats.
1379,"NO — Study investigates formaldehyde effects on acid phosphatases in rat bone/tooth development, not fluoride exposure or neurotoxic outcomes."
1380,YES — Rat neuronal/glial cell study exposing brain cells to sodium fluoride and reporting effects on adenylate/guanylate cyclase activity (neurobiological outcomes relevant to neurotoxicity).
1381,"YES — Study involves mammalian exposure to fluoroacetic acid (a fluorinated analogue) indicating an animal study of a fluoride analogue, though the title suggests metabolic outcomes (conversion to amino acids) so neurotoxicity relevance is unclear."
1382,NO — The record only discusses fluoride as an osteoporosis therapy in humans/reviews and does not describe an animal study nor report any neurotoxicity outcomes.
1383,YES — an animal (adult rat) study of perfluorooctane sulfonate (a fluorinated compound/PFAS) reporting dose-dependent neurochemical and histological neurotoxicity in the corpus striatum.
1384,"NO — This is an animal study of capsaicin and electroacupuncture effects on DRG enzyme activity in rats, but it does not involve fluoride or fluoride analogues (exposure criterion not met)."
1385,"YES — This is an animal (guinea-pig) study in which sodium fluoride (a fluoride compound) was used among tested agents, and neuronal electrophysiological outcomes (membrane hyperpolarization/outward currents) relevant to neurotoxicity were reported."
1386,NO — This is an animal study of connexin43 phosphorylation in rat brain with no exposure to fluoride (or analogues) and no neurotoxicity outcomes reported.
1387,"NO — Although the implanted glass beads contain CaF2 (a fluoride compound) and the study used rats, it only assessed mechanical degradation/bending strength of bone cement and did not report any neurotoxicity-related outcomes."
1388,"NO — Animal study of sodium fluoride exposure, but reports teratogenic skeletal and feather effects in chick embryos with no outcomes related to neurotoxicity."
1389,"NO — This is a materials/physical-chemistry study of Al nanoparticle reaction mechanics (only a passing mention that fluorination might show a similar mechanism); it does not involve fluoride exposure as a primary experimental variable, reports no neurotoxicity outcomes, and is not an animal study."
1390,"YES — Reports effects of aluminum fluoride (AlF) on nonselective cation currents in guinea-pig chromaffin cells (animal-derived), providing a neurophysiological outcome relevant to neurotoxicity."
1391,"NO — This is an in vitro biochemical study of myosin S1 cross-linking (protein conformations) with no fluoride/analog exposure, no neurotoxicity outcomes reported, and not an animal study."
1392,"NO — This is a materials/catalysis study on Co-Mo and Co-W sulfide catalysts and sulfidation behavior for hydrodesulfurization, not an animal study nor research involving fluoride or neurotoxicity."
1393,"NO — This is a synthetic organic chemistry study describing CsF-catalyzed alkylation reactions and product formation with fluorinated pyridines, not an animal study and it reports no neurotoxicity outcomes."
1394,YES — Animal (turtle) retinal pigment epithelial cells were exposed to fluoride (pipette anion) and the study reports electrophysiological/voltage-dependent current outcomes relevant to neural/retinal function.
1395,NO — Methods/materials paper describing fabrication of fluorinated PDMS substrates and in vitro cell-culture applications (no animal study and no neurotoxicity outcomes; exposure is to a fluorinated polymer surface rather than systemic fluoride/analogue neurotoxicity).
1396,NO — This is a materials tribology study of ionic-liquid lubricants (mentions fluorinated anions and surface fluorides) with no animal subjects and no outcomes related to neurotoxicity.
1397,"YES — Animal study of sulfuryl fluoride exposure (a fluoride-containing fumigant) in rats with measurements of fluoride levels in brain and other tissues, relevant to neurotoxicity endpoints."
1398,"YES — Rat brain (animal) study that includes fluoride as a stimulus and reports effects on adenylate cyclase activity in striatum, a neurobiological outcome relevant to neurotoxicity."
1399,"NO — this animal study exposes Rana pipiens to fluoride but reports developmental/hatching outcomes and hatching-gland histology, not any neurotoxicity-related measures."
1400,"NO — This is a human epidemiological study of fluoride exposure and dental caries in young adults, not an animal study and it does not report any neurotoxicity outcomes."
1401,"NO — This is a medicinal chemistry/pharmacology study of fluoro-substituted adrenergic agonists reporting receptor activity and binding in cell lines and isolated animal tissues, not an in vivo animal neurotoxicity study nor reporting neurotoxic outcome measures."
1402,"NO — This is an in vitro enzymology study on phosphotriesterase hydrolysis of phosphofluoridates (e.g., DFP, sarin) and does not report any animal experiments or neurotoxicity outcome measures."
1403,"YES — Rat study examining sodium fluoride (NaF) effects on muscarinic receptor–coupled inositol phospholipid hydrolysis in cerebral cortex, a neurochemical outcome relevant to neurotoxicity."
1404,"NO — The title indicates synthesis and pharmacological testing of fluorinated benzilic acid esters, with no indication of an animal study, exposure to fluoride/analogues as an environmental toxicant, or any neurotoxicity outcomes."
1405,NO — This is an in vitro study of mouse embryonic stem cell colonisation on fluoride-substituted hydroxyapatite (not an in vivo animal study) and does not report any neurotoxicity outcomes.
1406,"NO — This is a clinical/experimental literature review of iontophoresis (with one clinical fluoride study) focused on pain treatment, not an original animal study and it does not report neurotoxicity outcomes."
1407,"YES — Animal (mouse) study of a fluorinated compound (SR‑4554, a trifluoropropyl 2‑nitroimidazole) that reports brain distribution and comments on CNS penetration/toxicity, so it involves a fluoride-containing analogue and is potentially relevant to neurotoxicity (though direct neurotoxic endpoints are not clearly reported)."
1408,"NO — This is a methods review about intracellular patch‑clamp solutions, not an animal study of fluoride (or analogues) exposure or neurotoxicity outcomes."
1409,NO — This is an animal study of renal renin–angiotensin and kallikrein systems in African lungfish and does not involve fluoride exposure or any neurotoxicity outcomes.
1410,"NO — This is a geological/petrological study of fluorine-bearing minerals and REE mobility during metamorphism, not an animal exposure study and it reports no neurotoxicity outcomes."
1411,"NO — This is an in vitro antimicrobial study on bacterial cultures (Actinomyces viscosus) testing fluoride compounds, not an animal study and it does not report any neurotoxicity outcomes."
1412,"NO — This is an in vitro biochemical study of G-protein/ARF1 interactions using AlF4- and membrane preparations, not an animal study nor reporting any neurotoxicity outcomes."
1413,"NO — This is an animal study of alfacalcidol and alendronate effects on glucocorticoid-induced osteoporosis in minipigs (bone outcomes), not exposure to fluoride/analogues nor reporting neurotoxicity outcomes."
1414,"NO — although this animal study exposes mice to fluorinated polyamines (2‑fluoroputrescine, 2,2‑difluoroputrescine), it reports tissue distribution/metabolism and not any neurotoxicity outcomes."
1415,NO — Methods paper on laser microprobe analysis that only mentions a fluorinated drug and elemental measurements (including cerebral tissue) but does not report an animal study of fluoride/analogue exposure or any neurotoxicity outcomes.
1416,"NO — Although this is an animal study and fluoride is mentioned as a pharmacologic activator of adenylate cyclase, the paper uses fluoride in an assay context (not as an exposure/toxicant) and reports brown adipose tissue adenylate cyclase responsiveness and sympathetic activity rather than any neurotoxicity outcomes."
1417,"NO — This is a clinical case series of 25 human patients with organic fluoride poisoning (not an animal study), so it does not meet the animal-study inclusion criterion."
1418,"NO — Materials-science study describing fluorination as a surface-treatment step for aluminium moulds, with no animal subjects and no neurotoxicity outcomes reported."
1419,"NO — This is an animal neurotoxicity study in hens of organophosphorus esters (triphenyl phosphite, TOCP, DFP, etc.), not an exposure to fluoride or fluoride analogues, so it does not meet the fluoride-exposure inclusion criterion."
1420,NO — This is an animal/metabolism study of the fluorinated anesthetic enflurane (and detection of fluoride and metabolites) but it reports elimination/metabolism by F-19 NMR rather than any neurotoxicity outcome measures.
1421,"NO — Sodium fluoride exposure but this is an in vitro study on primary mouse osteoblasts examining proliferation/apoptosis and oxidative stress (bone-related outcomes), not an animal study and it does not assess neurotoxicity."
1422,"NO — Animal study of fluorinated indeno[1,2,3-cd]pyrene probes reporting tumorigenicity and DNA-adducts in mice, not any neurotoxicity outcomes (and it uses organofluorine PAHs rather than fluoride/ion analogues relevant to neurotoxicity)."
1423,"NO — This is an in vitro biochemical study of fluoride/Mg2+-mediated G‑protein activation using NMR and fluorescence, not an animal study and it does not report any neurotoxicity outcomes."
1424,"YES — The study is an animal (squid) neurophysiology experiment measuring axon excitability after exposure to multiple anions (a neurotoxicity-related outcome), but the abstract does not specify whether fluoride or its analogues were among the tested anions, so inclusion is unclear."
1425,"NO — Animal study of fluoride-substituted apatite in rat tibia, but outcomes assess bone formation and histology (osteoblast/osteoclast activity), not any neurotoxicity measures."
1426,NO — sodium fluoride is only mentioned as an in vitro activator in an adenylate cyclase assay; the study is an animal hypertension/antioxidant study without experimental fluoride exposure or any neurotoxicity outcomes.
1427,"NO — this rat study used ""fluoride"" only as an in vitro activator of adenylate cyclase in biochemical assays, not as an exposure, and it does not assess fluoride-related neurotoxicity."
1428,"NO — This is a human-focused review about sugar and dental caries that only briefly mentions fluoride as a contextual factor, does not examine fluoride exposure or any neurotoxicity outcomes, nor report an animal study."
1429,"NO — This is an animal study of intradental nerve activity testing K+ and divalent cation solutions (KNO3, CaCl2) and does not report exposure to fluoride or fluoride analogues (fluoride is only mentioned in background)."
1430,"NO — This is an animal study of chronic lithium exposure (not fluoride or a fluoride analogue), so it does not meet the exposure criterion."
1431,"NO — Animal study of fluoride exposure in mice, but the reported outcomes concern reproduction, growth, and mortality rather than any neurotoxicity measures."
1432,"NO — The title and topic concern cyclic nucleotide-mediated calcium flux in motor nerve terminals and do not indicate any exposure to fluoride or its analogues, so it does not meet the exposure criterion."
1433,"NO — the study examines effects of activated human polymorphonuclear leukocytes on red blood cell aggregability in vitro and does not involve fluoride exposure, neurotoxicity outcomes, or animal subjects."
1434,"NO — this is an ex vivo mouse nerve-terminal uptake study of α-ketoglutarate in which fluoride is only marginally mentioned as affecting uptake, and no neurotoxicity outcomes are reported."
1435,"YES — The study examines fluorinated compounds tested for insecticidal activity in animals (insects), but it does not clearly report neurotoxicity-specific outcome measures, so relevance is unclear."
1436,"NO — This rabbit study examines effects of high-dose fluoride on bone mineral (mineralization, crystal size, microhardness, composition) with no measures or outcomes related to neurotoxicity."
1437,"NO — The study exposes rats to tetrodotoxin, not to fluoride or fluoride analogues (the mention of ""fluoride-resistant acid phosphatase"" refers to an enzyme assay, not fluoride exposure)."
1438,"YES — Mouse study administering sodium fluoride (with/without arsenic) and reporting brain biochemical markers (lipid peroxidation, antioxidant enzyme and glutathione changes) indicative of neurotoxicity."
1439,"YES — Animal (frog) study measuring synaptic transmission (frequency augmentation-potentiation, a neurophysiological/neurotoxicity-relevant outcome) that includes testing of aluminium fluoride (a fluoride analogue)."
1440,"YES — Animal (rat) study reporting neurophysiological/neurotoxic outcomes after exposure to AChE inhibitors including methanesulfonyl fluoride (a sulfonyl-fluoride compound), with measures of miniature end-plate currents and AChE activity."
1441,"YES — Study involves exposure to a fluoride-containing analogue (sulfuryl fluoride) in F344 rats (animal study); however, the title focuses on pharmacokinetics/metabolism and does not specify any neurotoxicity outcomes, so relevance to neurotoxicity is unclear."
1442,"NO — This hamster study uses fluoride ion only as an in vitro activator in adenylyl cyclase assays rather than as an exposure of interest, reports cardiac/G-protein outcomes (not neurotoxicity), so it does not meet the fluoride-exposure + neurotoxicity animal study criteria."
1443,"NO — This is a molecular/biophysical study using fluorinated phenylalanine to probe tetrodotoxin binding in sodium channels, not an animal study of fluoride (or analogue) exposure reporting neurotoxicity outcomes."
1444,"NO — This is a canine renal physiology study of phosphorus deprivation (with NaF used only as an in vitro adenylate cyclase activator), not an animal study of fluoride/analogue exposure nor does it report any neurotoxicity outcomes."
1445,"NO — This is a clinical double-blind placebo-controlled study in 95 human patients of sodium fluoride for otospongiosis, not an animal study."
1446,NO — Animal implant study of CaCl2 hydrothermal treatment assessing bone bond strength and osteoconductivity in rats; it does not involve fluoride (or analogues) exposure nor report neurotoxicity outcomes.
1447,"YES — Animal study using rat cerebral-cortical membranes that assesses effects of sodium fluoride (NaF) on phospholipase C activity in brain tissue, a neurobiological outcome relevant to neurotoxicity."
1448,"NO — The study investigates kappa-opiate agonists' effects on adenylate cyclase in rat spinal cord, not fluoride or its analogues, so it does not meet the exposure criterion."
1449,"NO — This is a methods paper about detecting antitrypsin activity in fish using esterase inhibition (PMSF) and does not involve fluoride exposure, neurotoxicity outcomes, or relevant experimental exposure."
1450,"NO — This is an enzyme characterization in guinea-pig brain homogenates that only uses NaF as an in vitro phosphatase inhibitor, not an in vivo fluoride-exposure animal study reporting neurotoxicity outcomes."
1451,"NO — This is a histological methods paper describing use of sodium fluoride in the digestion buffer for tissue section processing, not an animal study of fluoride exposure or any neurotoxicity outcome."
1452,NO — This is a human-focused review on child nutrition and health that only briefly mentions water/toothpaste fluoridation for dental outcomes and does not report any animal study or neurotoxicity outcomes related to fluoride.
1453,"YES — Mouse study of soman (pinacolyl methylphosphonofluoridate), an organophosphorus phosphonofluoridate (fluoride-containing analogue), so exposure and animal model match inclusion criteria though the title doesn’t make clear if neurotoxicity outcomes are reported."
1454,"NO — The study investigates organophosphorus esters (e.g., mipafox) and esterase fractionation in chicken brain, not fluoride or fluoride analogues, so it does not meet the exposure criterion."
1455,"NO — Materials/corrosion electrochemistry study of organic/Dacromet coatings pretreated with gamma-APTS with no fluoride exposure, no neurotoxicity outcomes, and not an animal study."
1456,YES — Animal study (hens/chicks) of phenylmethanesulfonyl fluoride (a sulfonyl fluoride) reporting promotion/elicitation of neuropathic outcomes (organophosphate‑induced delayed polyneuropathy).
1457,"YES — Rat hippocampal slices were briefly exposed to NaF/AlCl3 (AlF4-) and the study measured effects on synaptic transmission/LTP-like neurophysiological outcomes, qualifying as an animal (ex vivo) neurotoxicity-related study."
1458,"NO — Although sodium fluoride is mentioned as a phosphatase inhibitor in isolation buffers, this is an in vitro biochemical study using rat tissues (not an in vivo animal exposure study) and it does not assess any neurotoxicity outcomes."
1459,"YES — Study exposes rats (and PC12 cells) to fluoride and reports neurotoxicity-related outcomes (decreased nicotinic acetylcholine receptors, oxidative stress, and membrane lipid changes)."
1460,NO — This is an animal (porcine) study that uses sodium fluoride as a pharmacologic activator of Gs in myocardial tissue but examines cardiac beta-adrenergic/adenylyl cyclase function after brain death and does not report any neurotoxicity-related outcomes.
1461,"YES — The study includes animal (monkey) exposure to an F-18–labeled fluoro-analogue (FDOPA), though it reports tracer metabolism for PET rather than any neurotoxicity outcomes."
1462,"NO — This is an in vitro study of valproic acid (VPA) effects in C6 glioma cells, not an animal study and not an exposure to fluoride or its analogues."
1463,"NO — This is a biochemical study of a human urinary serine endopeptidase (endopeptidase H-2), not an animal study and it does not involve fluoride exposure or report neurotoxicity outcomes."
1464,"YES — Animal (rat) study of soman (o-1,2,2-trimethylpropyl methylphosphono-fluoridate, a phosphonofluoridate/fluoride analogue) exposure reporting neurotoxic outcomes (EEG seizures and neurotransmitter changes)."
1465,"NO — This is a molecular study of the RGS21 protein in taste bud cells and does not involve fluoride exposure, neurotoxicity outcomes, or an animal exposure study."
1466,"NO — This is an immunocompetent rodent glioma gene‑therapy study using fluorinated prodrugs (5‑FC/5‑FU) that reports tumor transduction, immune response, and survival outcomes but does not assess fluoride (or analogue) neurotoxicity."
1467,"NO — This is a geochemical study of fluorine behavior during phosphorite formation in the ocean, not an animal study nor reporting any neurotoxicity outcomes."
1468,"NO — this is a rat brain (hypothalamus) histamine-release study that does not involve exposure to fluoride or its analogues, so it does not meet the inclusion criteria."
1469,"YES — Rat study that employed NaF (sodium fluoride) perfusion and reports neurochemical and protein phosphorylation measures in striatum (neurobiological outcomes), although NaF was used here as a phosphatase inhibitor rather than to assess fluoride neurotoxicity per se."
1470,"NO — This is a materials-chemistry study of fluorinated polymer/aluminum nanocomposites and combustion behavior, with no animal experiments or any neurotoxicity outcome measures reported."
1471,NO — this is an imaging methods study using a fluorinated ligand to detect amyloid plaques in transgenic mice and does not assess fluoride (or analogue) exposure effects or any neurotoxicity outcomes.
1472,"YES — Animal (rat and cat) electrophysiology study that included fluoride (F−) in ion-substitution experiments altering GABA-activated chloride channel properties, i.e., a neurophysiological outcome relevant to neurotoxicity."
1473,YES — Mouse pharmacology study exposing animals to fluorine-containing (fluorinated) arylglyoxals/hydantoins and reporting neurological outcomes (anticonvulsant and analgesic activity).
1474,"YES — Animal study in mice examining exposure to β,β-difluorophenylethylamine (a fluorinated analogue) that reports CNS effects (increased locomotor activity and behavioral changes), meeting the exposure and neurotoxicity outcome criteria."
1475,NO — This is a geological geochemistry study of allanite/REE mobilization in a uranium deposit (not an animal study) and it does not assess fluoride exposure or any neurotoxicity outcomes (fluoride is only briefly hypothesized as a complexing agent).
1476,NO — The title describes effects of inhaled gas density on respiration/respiratory center activity and does not involve exposure to fluoride or its analogues (nor indicate an animal neurotoxicity study).
1477,"YES — The study exposed bovine (animal) pineal gland microvesicles to fluoride and reported fluoride-induced inhibition of vesicular L‑glutamate uptake, a neurophysiology/neurotoxicity-relevant outcome."
1478,YES — Rat brain synaptosomal membranes were used and the study reports effects of fluoride (F−) on Na+/K+-ATPase and membrane properties (neuro-relevant outcomes) in an animal-derived preparation.
1479,YES — Animal study in rats exposing them to diisopropyl phosphorofluoridate (a fluorophosphate organophosphate) and measuring cholinesterase activity (a neurotoxicity-related outcome).
1480,"NO — The record describes characterization of an endogenous Ca2+-dependent brain activator protein (adenylate cyclase/phosphodiesterase) and does not involve exposure to fluoride (or analogues), neurotoxicity outcomes, nor an animal-exposure study."
1481,"NO — This is a 1998 narrative review of ultratrace elements (mentioning fluorine) focused on nutritional roles/speculation, not an animal study nor reporting neurotoxicity outcomes."
1482,"NO — This is an animal study in rats involving lysozyme fluoride, but the reported outcome concerns experimental dental caries behavior, not any neurotoxicity measures."
1483,"NO — This is a radiochemistry/PET tracer study reporting synthesis and mouse brain distribution of an 18F-labeled ligand, not an animal study of fluoride (or analogue) exposure assessing neurotoxic outcomes."
1484,"NO — This is a marine geochemistry study of yttrium and rare earth element sorption (with only incidental reference to fluoride complexation), not an animal study and it reports no fluoride exposure or any neurotoxicity outcomes."
1485,NO — Animal study of cerebral ischemia using NMR mentions fluorine-containing tracer gas (Freon-23) for blood-flow measurement but does not involve exposure to fluoride or its analogues as the experimental exposure nor assess fluoride-related neurotoxicity.
1486,"NO — This is an animal study measuring AChE, but the exposure is sodium fluorescein (a fluorescent dye), not fluoride or a fluoride analogue, so it does not meet the fluoride-exposure criterion."
1487,"NO — This is a synthetic organic chemistry paper describing halogen/metal exchange and organolithium reactions of fluorinated binaphthyls, not an animal study and it reports no neurotoxicity outcomes."
1488,"NO — This study examines effects of the local anesthetic bupivacaine on rat synaptosomal membrane enzymes (an ex vivo membrane assay), not exposure to fluoride or its analogues, so it does not meet the exposure criterion."
1489,"YES — Animal study in Limulus photoreceptors where bathing eyes in fluoride altered intracellular ATP and photoreceptor activity (discrete event frequency and light responsiveness), so it reports neural functional outcomes after fluoride exposure."
1490,"NO — This is a neurophysiology paper about the substantia gelatinosa that only mentions ""fluoride-resistant acid phosphatase"" as a biochemical marker and does not report an animal study of exposure to fluoride or its analogues or any neurotoxicity outcomes."
1491,"YES — Animal study in Golden Syrian hamsters exposed to 2,2,2-trifluoroethanol (a fluorinated compound) reporting brain lesions (coagulation necrosis), indicating a neurotoxic outcome."
1492,"NO — This is a cross-sectional human study of fluoride exposure and male reproductive hormones (endocrine outcomes), not an animal study and it does not report neurotoxicity outcomes."
1493,"NO — Although this is an animal study of exposure to sodium fluoride, the reported outcomes are vascular contractile responses in arteries (vasoconstriction and signaling), not any neurotoxicity-related measures."
1494,"YES — Animal (mouse) study reporting neurochemical outcomes (striatal tyramine and hypothalamic octopamine levels) after administration of phenelzine and a para-fluorinated derivative (p-fluorophenelzine), i.e. a fluorinated analogue."
1495,"NO — this is an in vitro study testing novel imidazolidine compounds (one bearing a fluoro substituent) on Schistosoma mansoni adults, not an in vivo animal study of fluoride (or fluoride salts) with neurotoxicity outcomes."
1496,"NO — This is an in vitro biochemical study (using bovine tissues) characterizing G-proteins/PLC activation; although aluminum fluoride is mentioned, it is not an animal study nor does it report any neurotoxicity outcomes."
1497,"NO — This is an in vitro biochemical study of solubilized beef-heart cytochrome oxidase (not an animal exposure study) and, although fluoride is mentioned, it does not report any neurotoxicity outcomes."
1498,"NO — This is an animal study of Xenopus neuronal Ca2+ currents examining effects of nickel and amiloride on T-type channels, and it does not involve exposure to fluoride or its analogues nor report fluoride-related neurotoxicity outcomes."
1499,YES — Animal study in rats exposed to sodium fluoride (IP and in drinking water) reporting hypothalamic 5‑HT content/turnover (a neurochemical/neurotoxicity outcome) and pituitary prolactin changes.
1500,NO — This is a polymer synthesis/characterization study of fluorinated materials (PVDF-g-PS) with no animal subjects and no neurotoxicity outcomes reported.
1501,"YES — Animal (frog) study examining neurophysiological outcomes (ionophoretically-evoked end-plate currents/ACh receptor function) after exposure to methanesulfonyl fluoride (MSF), a sulfonyl-fluoride analogue of fluoride, and thus meets the exposure and neurotoxicity criteria."
1502,"YES — Animal (rabbit) study of sevoflurane (a fluoride-generating anesthetic) that measured inorganic fluoride deposition in brain tissue, though it did not report direct neurotoxicity outcomes."
1503,"YES — Study tests fluoride (reports ""but not fluoride"" in K+-stimulated Ca uptake experiments) in rat brain synaptosomes (animal-derived tissue) and reports Ca uptake/voltage-sensitive Ca channel measures relevant to neurotoxicity."
1504,NO — Materials/physics study of X-ray photoelectron spectra of rare-earth fluoride thin films with no animal subjects or neurotoxicity outcomes reported.
1505,"NO — This is a materials/implant-surface review about anodization (mentioning fluorine solutions) focused on bone/implant responses, not an animal study nor reporting any neurotoxicity outcomes from fluoride exposure."
1506,"NO — this rat study’s exposures are 6-hydroxydopamine and SKF 38393; NaF is only used as a pharmacological stimulant in an adenylyl cyclase assay, not as an experimental fluoride/analogue exposure."
1507,"NO — this rat study of a sulfonyl fluoride (PMSF) reports testicular lipid metabolism and serum testosterone/LH effects (reproductive/endocrine outcomes), not any neurotoxicity measures."
1508,"NO — although it tests fluorinated phenylephrine analogues in animal tissues (guinea-pig brain membranes and synaptoneurosomes), the study reports receptor pharmacology and signaling outcomes, not any measures of neurotoxicity."
1509,YES — This is an animal (rat striatal slice) study reporting neurochemical outcomes (adenylate cyclase activity and membrane-bound calmodulin) and it specifically includes sodium fluoride (NaF) as an agent whose activation of adenylate cyclase is measured.
1510,"YES — the study exposes animal-derived retinal neurons in vitro to phenylmethylsulfonyl fluoride (a sulfonyl fluoride) and reports effects on growth-cone activity, a neurodevelopmental/neurotoxicity endpoint, so it could meet the ""fluoride analogue"" exposure and neurotoxicity criteria (though it is an in vitro tissue study rather than in vivo)."
1511,"NO — this is an in vitro/artificial-mouth study of fluoride retention in dental plaque/enamel (using bovine enamel), not an animal study and it does not report any neurotoxicity outcomes."
1512,"YES — the record studies acetylcholinesterase re-synthesis after inhibition by pinacolyl methylphosphonofluoridate (a fluoridated organophosphate nerve agent), a neurotoxicity-relevant exposure; the title does not specify whether an animal model was used (unclear)."
1513,NO — This is an amphibian study of cyclic nucleotides (cAMP/cGMP) effects on lymphatic pacemaker activity and does not involve fluoride or its analogues nor reports neurotoxicity outcomes.
1514,"NO — This is an in vitro/biochemical study of bovine rhodopsin using fluorinated retinal analogues, not an animal study and it does not report any neurotoxicity outcomes."
1515,"NO — This is an in vitro enzymology study of GABA aminotransferase inactivation by a fluorinated compound (3-amino-4-fluorobutanoic acid), not an animal study and it does not report any in vivo neurotoxicity outcomes."
1516,YES — The study examines effects of fluorine acetate (a fluorinated analogue) on nervous-system radiosensitivity (a neurotoxicity-related outcome) and is presumably an experimental animal study (species not specified).
1517,"NO — This is an in vitro enzymology study of glucose analogs on muscle and potato phosphorylases, not an animal study of fluoride exposure or any neurotoxicity outcome."
1518,"NO — This is a chemistry review on synthesis and polymerization of fluorinated monomers (materials science), not an animal study and it does not report any neurotoxicity outcomes."
1519,"NO — This is an observational study in children (human subjects) reporting IQ outcomes related to fluoride exposure, not an animal study, so it does not meet the inclusion criterion requiring animal research."
1520,"NO — This is a human pilot study of skin sensation to laser radiation, not an animal study, and it does not involve fluoride exposure or report neurotoxicity outcomes."
1521,YES — 90-day oral gavage study in Sprague-Dawley rats of potassium perfluorobutanesulfonate (a perfluoroalkyl fluoride analogue) that included neurotoxicity-related endpoints (functional observation battery and motor activity).
1522,NO — This is an in vitro study of rat neuronal cell lines grown on polymer-coated fluorine-doped tin oxide surfaces (not an in vivo animal study) and does not assess exposure to fluoride or its analogues as a neurotoxicant.
1523,"NO — this study examines degenerative atrophy following peripheral nerve transection and changes in enzyme activity, with no exposure to fluoride or its analogues reported, so it does not meet the inclusion criteria."
1524,NO — This is a biochemical characterization of trypsin from hybrid tilapia and does not involve fluoride (or analogues) exposure nor report any neurotoxicity outcomes.
1525,"NO — Study reports NaF-stimulated inositol phosphate accumulation and LH/Ca2+ signaling in (in vitro) pituitary cells, not an animal study and it does not assess any neurotoxicity outcomes."
1526,"NO — This animal study characterizes prostatic acid phosphatase/TMPase and pain mechanisms in mice but does not involve exposure to fluoride or its analogues (TMPase is merely termed ""fluoride-resistant""), so it fails the exposure criterion."
1527,NO — The study reports isolation of a peptide inhibitor from perfused rat livers under hypocalcemic conditions and does not involve fluoride (or analogues) exposure nor report any neurotoxicity outcomes.
1528,NO — This is a general commentary on waste incineration that only briefly mentions halogenated (including fluorinated) compounds and does not report any primary animal study or neurotoxicity outcomes.
1529,"NO — This is an in vitro pig epiblast-derived macrophage cell‑culture study that only mentions sodium fluoride as an esterase inhibitor in an assay, with no experimental fluoride exposure as a neurotoxicant, no neurotoxicity outcomes, and it is not an in vivo animal neurotoxicity study."
1530,"NO — This study focuses on amino acid transport in the median eminence and does not involve exposure to fluoride or its analogues, so it does not meet the exposure criterion."
1531,"NO — This is a materials/coatings study using CaF2 as a buffer layer with in vitro cellular assays, not an animal study and it does not report any neurotoxicity outcomes."
1532,NO — This is a biochemical study of fluoride binding to methemoglobins/metmyoglobin (thermodynamics and structural interpretation) and not an animal study reporting any neurotoxicity outcomes.
1533,"NO — This is an in vitro study of rat pituitary tumor cells (not an in vivo animal study), examines fluoride-stimulated adenylate cyclase and growth-hormone release (endocrine/tumor endpoints), and does not report neurotoxicity outcomes."
1534,"NO — The paper describes localisation of a “fluoride-resistant” enzyme in rat nervous tissue and effects of electrical stimulation, but it does not involve exposure of animals to fluoride (or analogues) nor report neurotoxicity outcomes."
1535,YES. This is an animal study in Wistar rats exposed to sodium fluoride (600 ppm) that reports fluoride-induced oxidative stress in brain tissue (a neurotoxicity-related outcome).
1536,NO — This is a biomechanics study using a PVDF piezoelectric sensor to measure elasticity of Drosophila embryos and does not involve exposure to fluoride/analogues or report any neurotoxicity outcomes.
1537,"YES — Animal (squid) study of fluorinated anesthetics/convulsants (enflurane, isoflurane, flurothyl, trichlorofluormethane) reporting effects on axonal potassium conductance, membrane depolarization and hyperexcitability (neurophysiological/neurotoxicity outcomes)."
1538,"NO — This is a radiotracer development/PET imaging study using an 18F-labeled dopamine D2 ligand in rats and primates to measure receptor binding, not an animal study of fluoride (F−) exposure or any neurotoxicity outcome."
1539,YES — The study exposes primary (animal-derived) neurons to a fluorinated polymer (PVDF-TrFE) scaffold and reports neurite outgrowth (a neuro-related outcome) in an in vitro animal-derived model.
1540,"NO — This is a materials-chemistry study synthesizing and characterizing fluorinated liquid-crystalline polymers, not an animal study and it reports no neurotoxicity or biological exposure outcomes."
1541,"YES — Rodent in vivo study of N‑fluoroalkylated raclopride analogues (fluorinated exposure) reporting dopaminergic D2 receptor binding and tissue biodistribution (neuro-related measures), although it does not report direct neurotoxicity endpoints."
1542,"NO — This is an in vitro electrochemical corrosion study of a dental alloy in artificial saliva examining fluoride effects, not an animal study and it does not report any neurotoxicity outcomes."
1543,NO — The study examines glucose deprivation and H2O2 effects in immunostimulated rat primary astrocyte cultures and does not involve exposure to fluoride or its analogues (and is an in vitro cell study rather than an in vivo animal study).
1544,"NO — Animal study of fluoride exposure in cats, but outcomes concern bone formation/resorption and osteoporosis rather than any neurotoxicity measures."
1545,"NO — Although this is an animal (rat) study that included higher dietary fluoride, the reported outcomes are nutritional and renal/pathological measures (kidney/liver, mineralization, etc.) with no neurotoxicity outcomes described."
1546,"NO — The title indicates a review of cyclic nucleotide regulation in the nervous system and does not mention fluoride exposure, neurotoxicity outcomes, or an animal study."
1547,"NO — This is an in vitro biochemical study of bovine brain adenylate cyclase investigating enzyme activation by fluoride, not an in vivo animal exposure study and it does not report any neurotoxicity outcomes."
1548,"NO — The study investigates effects of arecholine and atropine (not fluoride or fluoride analogues) on carboxypeptidase activities in rat nervous tissue, so it does not meet the exposure criterion."
1549,"NO — This is an animal study of synaptic/axonal protein levels in 5XFAD mice but does not involve exposure to fluoride or its analogues, so it does not meet the exposure criterion."
1550,NO — the study investigates anandamide/Δ9-THC effects on arachidonic acid release in rat astrocyte cultures (not fluoride or its analogues) and does not assess fluoride-related neurotoxicity.
1551,"NO — This is an in vitro biochemical study using rat liver histone H1 and AlF4- (a fluoride analogue), not an in vivo animal study and it does not report neurotoxicity outcomes."
1552,YES — Animal study exposing rats to high fluoride (100 mg NaF/L as NaF) reporting neurotoxicity-related outcomes (offspring learning/memory deficits and brain biochemical measures such as protein and cholinesterase activity).
1553,"NO — This is a computational first-principles molecular dynamics study of tetramethylammonium fluoride (TMAF) and its mixtures with water, not an animal study and it does not report any neurotoxicity outcomes."
1554,"NO — Animal study of a phospholipase C inhibitor (PMSF) in focal cerebral ischemia, but the exposure is not fluoride or a fluoride analogue."
1555,"YES — Animal (rat) study that examines effects of sodium fluoride on adenylate cyclase activation in the pineal gland, a neurochemical/neural outcome related to nervous system function and denervation."
1556,"YES — Animal study in silkworms exposed to 200 ppm fluoride reporting behavioral changes (and developmental/growth effects) and gene-expression alterations, which are relevant neurotoxicity-related outcomes."
1557,"NO — This is an in vitro study using PC12 cells (a cell line), not an animal study, although it examines fluoride effects on neuroreceptor measures."
1558,"NO — This is a medicinal chemistry/pharmacology study where ""fluorine"" refers to a structural substituent in novel H1 antagonists (not exposure to fluoride/analogues), and outcomes are efficacy/pharmacokinetics (not neurotoxicity), although some rat PK data are reported."
1559,"NO — The study examines fluorine-substituted paracetamol in vitro and reports hepatotoxicity (not neurotoxicity), and it is not an animal study."
1560,"NO — This is a rat pharmacokinetic/analytical-method study of caffeic acid phenethyl ester (CAPE) (with only a brief mention of sodium fluoride as an esterase inhibitor in an assay), not an animal study of fluoride (or analogue) exposure nor any neurotoxicity outcome."
1561,NO — Animal isotopic study of diet and drinking water in sheep and deer that does not involve fluoride exposure or report any neurotoxicity outcomes.
1562,"NO — This is a biochemical study of fluorinated coelenterazine analogues and aequorin bioluminescence, not an animal exposure study and it does not report neurotoxicity outcomes."
1563,"NO — this dog implantation study tests PVDF sutures for local biocompatibility and mechanical properties, not exposure to ionic fluoride/analogues with any neurotoxicity outcomes."
1564,YES — Animal study in rats examining sodium fluoride exposure with neurotoxicity-related outcomes (brain oxidative stress measures and histopathological changes).
1565,NO — This is an animal electrophysiology study of Nav1.9 modulation by inflammatory mediators in mouse DRG neurons and does not involve exposure to fluoride or fluoride analogues.
1566,"NO — This is an animal study of organophosphate-induced delayed polyneuropathy in hens (exposure: organophosphates/esterase inhibitors), not fluoride or its analogues, so it does not meet the exposure criterion."
1567,"NO — Animal anatomical/neurochemical study in rats that does not involve exposure to fluoride or its analogues (the term ""fluoride-resistant acid phosphatase"" refers to an enzyme property, not fluoride exposure)."
1568,"NO — Although the paper mentions fluorinated tryptophan analogues, it is a protein/biophysical study of cardiac troponin C (in vitro and muscle fiber assays), not an animal study of fluoride exposure nor does it report neurotoxicity outcomes."
1569,"NO — Although an animal (rat) study and mentioning ""fluoride-stimulated adenylate cyclase,"" the paper uses fluoride as an assay stimulant and reports muscle metabolic/adenylate cyclase outcomes, not any neurotoxicity-related outcomes."
1570,NO — the paper reports in vitro electrophysiology using intracellular fluoride ions to probe Nav1.1 channel gating (not an animal study) and does not assess neurotoxicity outcomes.
1571,"NO — This is an animal study of sodium fluoride in rabbits, but the outcomes report fracture-healing/osteogenesis measures, not any neurotoxicity-related outcomes."
1572,NO — This rat neuroanatomy study does not involve exposure to fluoride or its analogues (it only mentions fluoride-resistant acid phosphatase as an enzyme assay) nor does it report neurotoxicity outcomes.
1573,"NO — This paper characterizes a metalloprotease from Alzheimer's disease brain involved in APP processing (apparently human tissue), with no exposure to fluoride or analogues and not an animal study reporting fluoride-related neurotoxicity."
1574,"NO — although the study uses NaF on rat brain membranes (an animal tissue biochemical assay), it reports effects on forskolin binding/adenylate cyclase activation and does not measure or report any neurotoxicity outcomes."
1575,"NO — This is an NMR/physical-organic chemistry study of proton and fluorine chemical shifts in borane adducts in organic solvents, not an animal exposure study reporting neurotoxicity outcomes."
1576,"NO — This study investigates organophosphate isomalathion's inhibition of hen brain enzymes (in vitro), not exposure to fluoride or its analogues, and thus does not meet the fluoride-exposure animal-study criterion."
1577,"YES — Animal study in adult male rats exposed to sodium fluoride (100 and 300 ppm) that assessed behavioral/neurobehavioral outcomes (reduced aggression and altered sexual behavior), meeting the neurotoxicity-related outcome criterion."
1578,"NO — This is an in vitro cell study of FAAH/anandamide transport using HeLa and RBL-2H3 cells (with FAAH inhibitors), not an animal study and it does not assess fluoride exposure or neurotoxicity outcomes."
1579,NO — This is an in vitro study of mouse neuroblastoma cells grown on a fluorinated polymer (FEP) surface (not an animal study) and does not report exposure to fluoride/analogues as a systemic neurotoxicant.
1580,NO — this is an animal study of anandamide-induced platelet aggregation in rabbits and does not involve exposure to fluoride or report neurotoxicity outcomes.
1581,NO — Animal (rat) study of fluoride effects on bone and growth with no outcomes related to neurotoxicity reported.
1582,"NO — This study examines fluoride inhibition of hormonal activation of fat-cell adenylate cyclase (a metabolic/endocrine endpoint), not a neurotoxicity outcome nor an animal neurostudy."
1583,NO — This is a biochemical characterization of rabbit liver phosphorylase kinase that only mentions fluoride affecting enzyme activity and does not report any neurotoxicity-related outcomes (despite using animal tissue).
1584,"NO — Although this is an animal study involving sodium fluoride exposure, the reported outcomes are cardiovascular and smooth muscle contractile responses, not any neurotoxicity measures."
1585,"YES — Animal (rat) study of cholinesterase activity after exposure to carbamoyl fluorides (fluoride-containing compounds), reporting neurotoxicity-relevant outcomes (return/recovery of esterase activity)."
1586,"NO — In vitro study on 3T3 fibroblasts (not an animal study) where sodium fluoride is mentioned only as a phosphatase inhibitor, with no neurotoxicity outcomes reported."
1587,"NO — This is an animal (rat) study of radiofrequency electromagnetic radiation (RF-EMR) and garlic effects on brain oxidative stress, not an exposure to fluoride or its analogues."
1588,"NO — Although this animal study involves a fluorinated glucose analogue (3‑FDG), it reports preliminary biodistribution data rather than any outcomes related to neurotoxicity."
1589,"NO — This is an animal study of moth behavioral/olfactory responses to fluorinated pheromone analogs, but it reports pheromonal activity and receptor interactions rather than any neurotoxicity-related outcomes."
1590,"NO — the study examines antifungal activity and topical efficacy of a fluorinated triazole in guinea pigs, not exposure to fluoride/analogues in relation to neurotoxicity or any neurobehavioral outcomes."
1591,"YES — the record examines fluorine-containing 4-phenyl piperidine derivatives and reports MAO-related neurotoxicity outcomes using rat (Sprague–Dawley) brain synaptosomal fractions, though the work is an ex vivo enzyme assay of fluorinated organic compounds rather than systemic in vivo fluoride exposure."
1592,"NO — This is a food fumigation/chemical/sensory analysis of sulfuryl fluoride residues in dry-cured ham, not an animal neurotoxicity study and it does not report any neurotoxicity outcomes."
1593,NO — This is a study of a haemorrhagic toxin from Russell's viper tested in mice and does not involve exposure to fluoride/analogues nor report neurotoxicity outcomes.
1594,"NO — although fluoride was used as an inhibitor in enzyme assays on animal liver and kidney membranes, the study reports NTPDase activity and enzymatic inhibition, not any neurotoxicity outcomes."
1595,"NO — The record describes ultraweak luminescence in a frog neuromuscular preparation and does not report exposure to fluoride or its analogues, so it does not meet the fluoride-exposure criterion."
1596,"YES — Animal study in rats examining administration of fluoride with outcomes on the central nervous system, i.e., neurotoxicity-related measures."
1597,"NO — Animal study of chronic sodium fluoride exposure in rabbits reporting skeletal, biochemical, and antidote effects but no neurotoxicity outcomes."
1598,"YES — The study involves fluorinated (fluorine-containing) compounds and reports blood–brain barrier permeability and brain distribution (potentially neuro-relevant), but it is unclear from the abstract whether it is an animal study or reports neurotoxicity outcomes."
1599,"NO — this is a cell-line characterization study (derived from mice) that only mentions sodium fluoride as an assay inhibitor, with no experimental fluoride/analogue exposure, no neurotoxicity outcomes reported, and no in vivo animal exposure."
1600,"NO — Fluoride was used to stimulate adenyl cyclase in rat kidney preparations, but the study reports renal biochemical enzyme activity (adenyl cyclase) rather than any neurotoxicity-related outcomes."
1601,NO — This reports biodistribution of carbohydrate-modified radiolabeled antibodies in mice (using a fluorinated linker reagent) and does not study fluoride/fluoride-analogue exposure nor report any neurotoxicity outcomes.
1602,"NO — This is a chemical/pharmacology study producing fluorinated peptide opioids and reporting receptor binding and in vitro GPI/MVD bioassays, not an animal study nor an assessment of neurotoxicity from fluoride exposure."
1603,"NO — This is a medicinal chemistry/pharmacology study of fluorinated BACE1 inhibitor compounds with mouse pharmacodynamic outcomes (Aβ reduction), not an animal study of fluoride or fluoride-analogue exposure assessing neurotoxicity."
1604,"YES — mouse anticonvulsant study administering phenylamides bearing fluorine and trifluoromethyl substituents that reports seizure-related (neuro) outcomes, though it involves organofluorine compounds rather than inorganic fluoride ion."
1605,NO — This is a review on dentin bonding (clinical/lab dental research) that only briefly mentions fluoride-containing products and does not report animal experiments or any neurotoxicity outcomes related to fluoride exposure.
1606,"YES — Animal (rat) study of fluorinated phenylethylamine compounds reporting effects on central adrenergic receptor binding and monoamine (serotonin) synaptosomal uptake, i.e., neurochemical outcomes relevant to neurotoxicity."
1607,"NO — Although this is an animal (rat) study of fluorinated anesthetic metabolism and renal (nephrotoxicity) outcomes, it does not report any neurotoxicity-related measures."
1608,YES — Animal (Limulus) study exposing photoreceptors to sodium fluoride (10 mM) and reporting neurophysiological effects (fluoride-induced excitation/waves) relevant to neuronal toxicity/functional outcomes.
1609,NO — This medicinal chemistry/PK study of quinazolinone CXCR3 antagonists (including mouse efficacy) does not involve exposure to fluoride or its analogues nor report neurotoxicity outcomes.
1610,"NO — This is an in vitro study using mouse AtT‑20 cell cytosol focused on glucocorticoid receptor transformation (not a neurotoxicity outcome) and not an in vivo animal exposure study, although sodium fluoride is only mentioned as a phosphatase inhibitor."
1611,"NO — Animal study of sodium fluoride in rats reporting dental pulp histological changes (hyperaemia, odontoblastic alterations), not outcomes related to neurotoxicity."
1612,"YES — sodium fluoride was used to block covalent 125I‑beta NGF–receptor complex formation in sympathetic/sensory neurons (animal-derived neuronal preparation), so the paper involves fluoride exposure in a neurobiological (potentially neurotoxic) context and merits inclusion/clarification."
1613,"YES — The study uses rat caudate membranes and reports effects of NaF (sodium fluoride) on dopamine-stimulated striatal adenylate cyclase activity, a neurochemical outcome in an animal model."
1614,YES — Animal study in Wistar rats exposed to fluoride in drinking water (66.3 and 221 mg/L) measuring brain coenzyme Q (a neurobiological/oxidative-stress-related outcome) related to fluorosis.
1615,NO — This is a materials/adsorption study on bone char for fluoride removal (not an animal exposure experiment) and it does not report any neurotoxicity outcomes.
1616,YES — Animal study of rats exposed to sodium fluoride reporting brain biochemical outcomes relevant to neurotoxicity (decreased glutathione peroxidase and increased MDA).
1617,"NO — This is a human cross-sectional occupational study of sulfuryl fluoride (and methyl bromide) reporting neurobehavioral/olfactory outcomes, not an animal study as required."
1618,YES — Study exposes rat-derived neuronal and glial cells to sodium fluoride (NaF) and reports effects on adenylate/guanylate cyclase activities (neurochemical endpoints) in an animal-derived model.
1619,"NO — The study examines ganglioside biosynthesis in primary murine cerebellar neurons using agents like monensin and cytoskeleton/energy inhibitors, with no exposure to fluoride or its analogues and no neurotoxicity outcome reported."
1620,"NO — This appears to be a materials/chemistry study of fluoridated carbonate apatite titration behavior, not an animal study and it does not report neurotoxicity outcomes."
1621,"NO — This is an insecticide efficacy/repellency study on cockroach species (including sodium fluoride) and does not report neurotoxicity outcomes, so it does not meet the inclusion criteria."
1622,"YES — Animal study administering sodium fluoride to rats and analyzing fluoride/aluminum levels and tissue histology including brain, so it may report brain-related (neurotoxicity-relevant) outcome measures (abstract focuses on liver but brain was examined)."
1623,"NO — This is a materials/fabrication study of PVDF‑HFP membranes, not an animal study and it does not assess fluoride exposure or any neurotoxicity outcomes."
1624,"NO — This is an in vitro biochemical purification study using rabbit brain membranes that notes sodium fluoride stimulates PLC activity, but it is not an in vivo animal study and does not report any neurotoxicity outcomes."
1625,"YES — The title reports experimental toxicology of silicon tetrafluoride (a fluoride-containing compound), but it is unclear from the record whether it involves animals or reports neurotoxicity outcomes."
1626,"NO — The study investigates heparin effects on renal adenylate cyclase and urinary cAMP in rats (with only a mention of NaF in an assay), not fluoride exposure or neurotoxicity outcomes."
1627,"YES — The record reports fluorine‑substituted pheromone analogs tested in insect and vertebrate tissues (rats, locusts, catfish), but it focuses on receptor/biochemical studies and does not clearly report neurotoxicity outcomes, so relevance is unclear."
1628,YES — Animal study in adult Wistar rats reporting neurotoxicity-related outcomes (spontaneous and conditioned locomotor behavior and decreased Nissl body expression) after sodium fluoride (150 mg/L) exposure (with/without lead) for 30 days.
1629,"YES — Rat hippocampal tissue was studied and sodium fluoride (NaF, 40 mM) was used affecting ATP hydrolysis/adenylate cyclase activity, so the record involves fluoride exposure in an animal (tissue) neurobiological context (though NaF was used as an assay inhibitor rather than an in vivo exposure)."
1630,"NO — This is an in vitro cell-culture study (SAOs-2 osteosarcoma cells) examining cell attachment to fluoridated hydroxyapatite, not an in vivo animal study and it does not report any neurotoxicity outcomes."
1631,NO — This is a radiochemistry/biodistribution study of [18F] fluoroethanol (imaging tracer) reporting tracer distribution (not neurotoxic outcomes) and does not present animal neurotoxicity measures.
1632,NO — This is an in vitro rodent myelin proteolysis study focused on metalloendoprotease cleavage of myelin basic protein and does not involve exposure to fluoride (or analogues) nor report neurotoxicity outcomes.
1633,"NO — This is a human clinical trial of topical sodium fluoride/CPP-ACP F for dentinal hypersensitivity in patients, not an animal study and it does not report neurotoxicity outcomes."
1634,NO — This rat study only used fluoride as an in vitro stimulant of cardiac adenylate cyclase and does not assess fluoride exposure effects or any neurotoxicity-related outcomes.
1635,"NO — The title and topic describe RNA autolysis and glycolysis inhibition in cortical neurons with no mention of fluoride or its analogues, so it does not meet the exposure criterion."
1636,"YES — Animal (sheep) study of sodium fluoride and superphosphate (contains fluoride) exposure reporting neurological signs (blindness, ataxia, incoordination, depression) consistent with neurotoxicity."
1637,"YES — Newborn pigs were exposed to 4-(2-aminoethyl)benzenesulfonyl fluoride (a sulfonyl fluoride compound) and the study measured blood–brain barrier permeability and vasogenic brain edema, which are neurotoxicity-related outcomes in an animal model."
1638,NO — Materials engineering study of fluoride-containing titania films with in vitro corrosion and surface characterization; no animal work or neurotoxicity outcomes reported.
1639,"NO — Although an animal (rat) study, it does not involve exposure to fluoride or its analogues; “fluoride-resistant acid phosphatase (FRAP)” refers to an enzyme characteristic, not fluoride exposure, and the outcomes concern nerve mapping/plasticity after injury rather than fluoride neurotoxicity."
1640,"YES — The study reports that sodium fluoride (NaF) enhances carbachol-mediated arachidonic acid release from brain plasma membranes (animal-derived tissue), a neurochemical outcome relevant to neurotoxicity."
1641,"NO — This is a chemistry/in vitro receptor-binding study of novel fluorinated D2 ligands using rat striatal membranes, not an in vivo animal study of fluoride exposure nor does it report neurotoxicity outcomes."
1642,"NO — This is an enzymatic purification study in rat brain describing dipeptidyl aminopeptidase properties; it does not assess exposure to fluoride (or relevant analogues) nor report neurotoxicity outcomes (DFP is only mentioned as an inhibitor, not as a neurotoxicity exposure)."
1643,NO — This is an animal study of parathyroid hormone (LY333334/hPTH 1-34) effects on bone porosity in rabbits and does not involve fluoride exposure nor report any neurotoxicity outcomes.
1644,"NO — This is a review/technical article on PET radiotracer design (imaging probes, likely including fluorine-18) focused on in vivo imaging rather than an animal study of fluoride exposure or any neurotoxicity outcomes."
1645,"YES — The study discusses fluoride stimulation of brain adenylate cyclase in brain membranes (a neurochemical outcome) suggesting fluoride exposure in a brain tissue/animal context, though it is unclear whether this is an in vivo animal study or reports explicit neurotoxicity endpoints."
1646,NO — This study investigates adenylate cyclase and chemoreception in a sea anemone and does not involve exposure to fluoride (or its analogues) nor report neurotoxicity outcomes.
1647,NO — This is an environmental monitoring/human health risk assessment measuring fluoride concentrations in fish tissues (including brain) rather than an animal toxicology study reporting neurotoxicity outcomes or experimental exposure-related neurobehavioral/histopathological measures.
1648,"YES — Animal (grape berry moth) study exposing insects to fluorine-substituted (partially fluorinated) pheromone analogs and reporting behavioral (attraction/synergy) outcomes, which are neurobehavioral measures."
1649,"NO — this is an animal study of neonatal capsaicin exposure examining nociception and peptide markers; it does not involve exposure to fluoride or fluoride analogues (FRAP here denotes a marker, not fluoride exposure)."
1650,NO — This is an in vitro study using cultured Sertoli cells (from immature rats) treated with aluminum-fluoride to probe phosphoinositide/G-protein signaling and does not report any neurotoxicity outcomes or an in vivo animal neurotoxicity model.
1651,"NO — This is a radiochemistry/biodistribution note about F-18–labelled DOPA (showing brain uptake ratios in mice), not an animal study assessing neurotoxicity from fluoride exposure."
1652,NO — This is a review of taurine’s protective effects against various toxins and diseases (not an original animal study) and does not report research on fluoride or fluoride-analogue exposure causing neurotoxicity.
1653,"YES — The title describes ""fluoride-sensitive"" acid phosphatase–active neurons in spinal white matter (likely an animal histochemical study potentially involving fluoride exposure/neurotoxicity), but it's unclear from the title alone whether animals were experimentally exposed to fluoride."
1654,"NO — The study is an animal (rat) neurotoxicity investigation but the exposure is microtubule inhibitors (vinblastine/vincristine), not fluoride or a fluoride analogue (the term ""fluoride-resistant acid phosphatase"" refers to an assay), so it fails the fluoride-exposure inclusion criterion."
1655,NO — This rhesus monkey PET study examines brain uptake/pharmacokinetics of F-18–labeled metabolites (including fluoride) but does not report any neurotoxicity outcomes or measures.
1656,"NO — This is a synthetic/chemical study of new macrocyclic ligands and their anion-binding properties (including fluoride) in solution/crystal structures, with no animal experiments or neurotoxicity outcomes reported."
1657,"NO — Although it involves cesium fluoride as an experimental intracellular ionic manipulation in mammalian neurons, this is a neuronal physiology/methods study rather than an animal neurotoxicity study reporting outcomes related to fluoride-induced neurotoxicity."
1658,"YES — This frog neuromuscular (animal) study exposes preparations to 1-fluoro-2,4-dinitrobenzene (a fluoro-substituted analogue) and reports neurotoxic outcomes (changes in end-plate potentials, quantal content, miniature EPP frequency, and neuromuscular transmission block)."
1659,"NO — The study examines sodium fluoride effects in cultured neural tumor cell strains (in vitro), not an animal study, so it does not meet the animal-study inclusion criterion."
1660,NO — This is a methods/analytical paper on detecting CaF2 in (fluoridated) bovine enamel and does not report any animal neurotoxicity outcomes or an in vivo animal exposure study.
1661,"NO — This is an in vitro enzymology paper describing engineered cyclodextrin glucanotransferases that use a glycosyl fluoride donor for transglycosylation; it is not an animal study, does not assess neurotoxicity, and mentions fluoride only as a chemical reagent (glycosyl fluoride), not as an exposure relevant to neurotoxicity."
1662,"NO — This appears to be a pharmacology paper on fluorinated tetralin derivatives' dopamine/serotonin receptor activity, not an animal study of fluoride (or its ionic analogues) exposure or neurotoxicity outcomes."
1663,YES — Reports fluoride exposure (consumption of fluoridated water) and neurotoxicity-related outcomes (neuronal cytoarchitecture in the prefrontal cortex and short-term memory performance); species not specified in the record.
1664,"YES — Animal (bullfrog) study exposing tissue to sodium fluoride and reporting neurophysiological outcomes (e.p.p. amplitude, m.e.p.p. frequency, quantal content) relevant to neuromuscular (neuro)toxicity."
1665,"NO — This is an in vitro biochemical study on porcine renal membranes where NaF was used as a reagent to solubilize adenylate cyclase, not an in vivo animal study of fluoride exposure, and it reports renal enzyme/binding outcomes rather than any neurotoxicity measures."
1666,"NO — Animal study of acute fluoride toxicity in rats reporting survival, cardiovascular, renal and tissue fluoride measures but no neurotoxicity outcomes or measures related to nervous-system effects."
1667,"NO — Animal study measuring fluoride concentrations in tissues (brain, pineal gland, bone) but it does not report any neurotoxicity outcomes or measures (behavioral, histopathological, or functional) related to neurotoxicity."
1668,"NO — This is a biophysical study of myosin structural changes in rabbit muscle fibers (using ADP/ATP and orthovanadate), not an exposure study of fluoride or its analogues nor reporting any neurotoxicity outcomes."
1669,"NO — This is a synthetic chemistry methods paper on preparing fluorinated cyclopropanes and fluoromethano amino acids, not an animal study and it does not report any neurotoxicity outcomes."
1670,"YES — Animal study in frogs examining the effects of fluoride ions on neuromuscular transmission, a direct neurotoxicity-related outcome."
1671,"YES — This is an animal study (Limulus ventral photoreceptors) that used fluoride as a phosphatase inhibitor and reported neurophysiological outcomes (altered photoreceptor depolarization/wave patterns), so it meets the exposure and neurotoxicity-related outcome criteria."
1672,"NO — This is a biochemical purification study of phospholipase A1 from bovine brain and does not involve exposure to fluoride (or analogues), report neurotoxicity outcomes, or describe an in vivo animal exposure study."
1673,"YES — Sodium fluoride was used as an inhibitor in a rat brain–derived cell-free protein synthesis system, so the record involves fluoride exposure and reports a neurobiologically relevant outcome (brain protein synthesis), although the experiments were in vitro/ex vivo rather than in vivo animal exposures."
1674,"YES — Animal study in developing rat cerebellar cortex where fluoride (0.1 mM) was used to inhibit acid para‑nitrophenylphosphatase activity, a neurochemical outcome measure in brain tissue relevant to neurotoxicity."
1675,NO — This is a medicinal chemistry/biochemical study of sulfonyl fluoride FAAH inhibitors using recombinant enzymes (and prior in vivo characterization) and does not report animal neurotoxicity outcomes.
1676,"NO — This is an analytical chemistry study optimizing pyrohydrolytic determination of fluorine in coal, not an animal study and it does not report any neurotoxicity outcomes."
1677,"YES — Animal (rat) study of fluoride exposure (100 ppm) reporting neurotoxic outcomes on learning and memory (T-maze, passive avoidance) and effects of protective agents."
1678,NO — This is a chemical/materials study of synthesized heteraborin molecules (with only fluoride complexation characterized by spectroscopy) and does not involve animals or report any neurotoxicity outcomes.
1679,NO — The study examines proctolin degradation by peptidases in desert locust nervous tissue and does not involve exposure to fluoride or its analogues nor report neurotoxicity outcomes.
1680,"YES — Characterizes a squid-nerve enzyme that hydrolyzes diisopropylphosphorofluoridate (a fluoridated organophosphate nerve-agent analogue), making it relevant to fluoride-analogue neurotoxicity research in animal tissue even though whole-animal neurobehavioral outcomes are not explicit."
1681,NO — the study examines endothelin effects on MAP kinase in mouse astrocyte cultures and does not involve fluoride or its analogues nor report neurotoxicity outcomes.
1682,"NO — This is a synthetic organic chemistry study of Diels–Alder reactions comparing halogen substituents (including trifluoromethoxy/fluorine), with no neurotoxicity outcomes reported and not an animal study."
1683,"NO — Animal (rat) study of 5‑fluorouracil metabolism that reports production of fluorinated metabolites and cardiotoxicity, but it does not report any neurotoxicity outcome measures."
1684,"YES — Reports exposure to fluorinated cyclic ethers (fluoride-containing analogues) and documents CNS effects (anesthesia, convulsions), i.e., neurotoxicity outcomes, though the abstract does not explicitly state whether the tests were in animals (likely preclinical/unclear)."
1685,NO — This is a computational molecular orbital study of fluorinated ether metabolism (fluroxene) and not an animal study nor does it report any neurotoxicity outcomes.
1686,NO — The study investigates rat brain adenylate cyclase stimulation by a Ca2+-binding protein and does not involve exposure to fluoride or related compounds nor report neurotoxicity outcomes.
1687,"YES — Animal (cat) study reporting exposure to sodium fluoride and its acute depressant effect on carotid sinus and intestinal reflexes, i.e., a neurophysiological outcome indicative of neurotoxicity."
1688,"NO — The title does not mention fluoride or its analogues, appears to address neuroendocrine roles in nonspecific resistance rather than fluoride exposure or neurotoxicity, and gives no indication it is an animal study."
1689,NO — This is a soil/forage chemistry study of fluoride accumulation from fertilisers (with only a general mention of potential fluorosis in grazing animals) and does not report an animal experiment or any neurotoxicity outcome measures.
1690,NO — This is an animal study of prolactin proteolysis in estrogenized rat pituitary granules with no exposure to fluoride or its analogues and no neurotoxicity outcomes reported.
1691,"NO — an animal study of sodium fluoride exposure, but outcomes are reproductive (sperm quality, hyperactivation, Catsper1 expression) rather than any neurotoxicity measures."
1692,"NO — this rat study examines flumazenil pharmacokinetics and only mentions sodium fluoride as a blood-stabilizer (not an exposure), and it does not report any neurotoxicity outcomes."
1693,"YES — Animal study of snow geese exposed to very high environmental fluoride with elevated brain fluoride residues reported (outcome was acute mortality/hemorrhage rather than explicit neurotoxic measures), so relevance to neurotoxicity is unclear but plausible."
1694,NO — This is a biochemical study of neurofilament protein kinase in squid axoplasm with no exposure to fluoride or its analogues and thus does not meet the fluoride neurotoxicity animal-study criteria.
1695,"YES — Rat experiment assessing neurotoxicity (functional observational battery) after tabun poisoning that compared K203 and its fluorinated analogue KR-22836, so it involves a fluorinated analogue exposure and neurotoxic outcomes."
1696,"NO — this is an in vitro study using 9L rat brain tumor cells (not an in vivo animal study); although it tests sodium fluoride and reports cellular stress/cytotoxic responses, it is not an animal study reporting neurotoxicity outcomes."
1697,"NO — This pharmacology study tests phenyl alcohol amide anticonvulsants (some with a para‑fluoro substituent) for GABAB receptor binding and anticonvulsant activity in rat tissue, but it does not involve exposure to fluoride (as a neurotoxicant) nor report neurotoxicity outcomes."
1698,"NO — This is a human population study of dental admissions in children (with fluoridation status noted), not an animal study and it does not report neurotoxicity outcomes."
1699,NO — This rat brain biochemical study examines how lipids affect cAMP-phosphodiesterase stability/activity and does not involve exposure to fluoride or report neurotoxicity outcomes.
1700,"NO — Animal study of rats exposed to inorganic fluoride, but outcomes measured liver citrate levels (hepatic biochemistry) rather than any neurotoxicity-related measures."
1701,"NO — This theoretical/observational paper concerns electromagnetic precursors and anomalous animal behavior before earthquakes and does not involve fluoride (or analogues), neurotoxicity outcomes, or an animal experimental study."
1702,"NO — This is an organometallic synthesis and catalysis study (no animal work and no neurotoxicity outcomes); the only fluoride mention is as a ligand substituent formed by aromatic substitution, not an exposure/neurotoxicity study."
1703,"NO — This is a chemical synthesis/analytical/environmental-occurrence study of chlorinated‑fluorinated dioxins/furans, not an animal study and it does not report any neurotoxicity outcomes."
1704,"NO — Animal study of fluoride exposure in rats, but outcomes assess thyroid function/thyrotoxicity (thyroid hormones, enzymes, follicle structure) rather than any neurotoxicity measures."
1705,"YES — study used sodium fluoride (NaF) to probe octopamine-sensitive adenylate cyclase activity in insect (Mamestra configurata) brain, so it is an animal study reporting a fluoride exposure with a neurobiological outcome (enzyme activity), though not explicitly framed as neurotoxicity."
1706,"NO — although an animal (rat) study with sodium fluoride exposure, the outcomes assess cardiac antioxidant enzymes and lipid peroxidation in the heart, not any neurotoxicity-related measures."
1707,"NO — This is an osteoblast/mineralization study of sodium fluoride in mouse-derived calvarial cells reporting bone-related outcomes (ALP, collagen, MMP-2, mineralized nodules), not any neurotoxicity measures."
1708,NO — This is a review about bone ultrastructure and toughness (it only briefly mentions fluoride treatment affecting bone) and does not report animal studies nor any neurotoxicity outcomes.
1709,"NO — This is a materials-chemistry study on synthesis and characterization of highly fluorinated copolymers for optical waveguides, with no animal experiments or neurotoxicity/biological exposure outcomes reported."
1710,"NO — This paper reports chemical synthesis and in vitro receptor-binding affinities of fluorodopamine analogues, not an animal study and it does not assess neurotoxicity outcomes."
1711,"NO — This is an in vitro materials/peptidomimetic study (cell culture, CaCo2 cells) using a fluorine tag for surface analysis, not an animal study, and it does not examine fluoride exposure or any neurotoxicity outcomes."
1712,NO — This is a clinical review of glucocorticoid-induced osteoporosis (mentions sodium fluoride as a potential therapy) but it is not an animal study and does not report any neurotoxicity outcomes.
1713,"YES — Animal (rat isolated phrenic nerve–diaphragm) study using sodium fluoride exposure to assess antagonism of organophosphate-induced neuromuscular toxicity, so it reports neurotoxicity-related outcomes with a fluoride agent."
1714,"NO — This is an animal study of organophosphate (tri-o-cresyl phosphate) effects on phospholipase/NTE and PC/LPC homeostasis, not exposure to fluoride or its analogues."
1715,NO — This is a chemical synthesis paper (mentions AY9944-treated rats as an SLOS model) and does not report exposure to fluoride or fluoride analogues nor any neurotoxicity outcomes in an animal study.
1716,NO — This ex vivo rat lung study examines pulmonary gas trapping from gases including sulfur hexafluoride (SF6) and does not report any neurotoxicity outcomes.
1717,"NO — Animal study with fluoride exposure but outcomes are bone biochemistry (glycosaminoglycans and hydroxyproline in cortical bone), not measures of neurotoxicity."
1718,"YES — Animal study of di-isopropyl phosphorofluoridate (DFP) in mice/rats reporting organ (including brain) uptake and toxicity (neurotoxic effects/death), so meets exposure (fluorinated analogue) and neurotoxicity outcome criteria."
1719,"NO — This is an in‑vitro/ex‑vivo study of fluoride effects on steer cortical bone mineral/dissolution and ash content, not an in vivo animal study and it reports no neurotoxicity outcomes."
1720,"NO — The record concerns brucellosis (a bacterial zoonosis) and does not involve exposure to fluoride or its analogues, report neurotoxicity outcomes, nor describe an animal experimental study."
1721,"YES — The record reports effects of sodium fluoride (NaF) on adenylate cyclase activity in A9/A10 brain regions (a neurochemical outcome related to neural function), and appears to be based on brain tissue likely from animals (animal status not explicitly stated but plausible)."
1722,"NO — Animal (dog) study of fluorine’s effects on jaw bone/calcium deposition and periodontal therapy, but it reports dental/bone outcomes rather than any neurotoxicity measures."
1723,"NO — This is an in vitro physical chemistry study of ionic-liquid ion binding to cyclodextrins (including some fluorinated ions), not an animal study and it does not report any neurotoxicity outcomes."
1724,"YES — The study used sodium fluoride (NaF) on rat brain synaptosomes (animal-derived in vitro model), but it reports synaptic phosphatidic acid signaling measures rather than explicit neurotoxicity endpoints."
1725,"YES — The title indicates exposure to inorganic fluoride but does not specify whether outcomes are neurotoxic or whether the work is an animal study, so relevance is unclear."
1726,"YES — Animal study in male mice exposed to sodium fluoride reporting neurotoxicity-related outcomes (brain oxidative stress markers SOD, CAT, MDA) and testing protective agents."
1727,"NO — ""fluoride-resistant acid phosphatase (FRAP)"" refers to a histochemical staining property, not exposure to fluoride or its analogues; the study describes anatomical distribution in rats and does not assess fluoride exposure or neurotoxic outcomes."
1728,"YES — The study examines fluoride inhibition of Na+/K+-ATPase (a neurorelevant endpoint) and refers to in vivo chronic treatment, but it does not specify whether the in vivo work was performed in animals, so eligibility as an animal neurotoxicity study is unclear."
1729,NO — Animal study of NaF (and AlCl3) measuring fluoride concentrations in serum and femur (bone) with no neurotoxicity-related outcomes reported.
1730,NO — This is a review of aquatic herbicide use and research priorities (focused on plants and environmental management) and does not report an animal study of fluoride (or analogue) exposure or any neurotoxicity outcomes.
1731,YES — Mouse (animal) study that exposed neuromusial preparations to fluoride and measured neurophysiological outcomes (spontaneous and evoked end-plate potentials/quantal content) at the neuromuscular junction.
1732,NO — This is an animal study of cannabinoid compounds' effects on food intake in rats and does not involve fluoride (or its analogues) nor report neurotoxicity outcomes.
1733,"YES — Animal study in PS cDKO mice reporting neurobehavioral and histological neurodegenerative outcomes after chronic administration of EUK1001, a fluorinated derivative (fluorinated analogue) of xanomeline."
1734,"NO — This is an in vitro protein-kinetics study of anion binding (including fluoride) to methemerythrin, not an animal study and it does not report any neurotoxicity outcomes."
1735,"NO — This is an in vitro study on bone-marrow-derived macrophages (not an in vivo animal study) examining NO production and Ca2+ signaling; although AlF3 is used as a stimulus, the paper does not assess neurotoxicity outcomes."
1736,"NO — although the study involves fluoride ion-modified implants and includes an in vivo rat model, its outcomes are limited to osteoblastic differentiation and bone/implant osseointegration with no measures of neurotoxicity."
1737,"NO — This is an in vitro study of IV anesthetics (ketamine, pentobarbital, propofol, tramadol) on substance P receptors in Xenopus oocytes and does not involve fluoride exposure nor an in vivo animal neurotoxicity outcome."
1738,"NO — This study examines ethanol stimulation of jejunal adenylate cyclase (an intestinal enzyme), not exposure to fluoride/analogues nor neurotoxicity in animals."
1739,"YES — Animal study in neonatal rats administering alpha-difluoromethylornithine (DFMO), a difluoromethyl (fluorinated) analogue, with measured neurodevelopmental/neurotoxic outcomes (adenylyl cyclase signaling and neurotransmission)."
1740,"NO — This is a chemistry/materials study of synthesis and physical-chemical characterization of (hemi)fluorinated surfactants, not an animal study and it reports no neurotoxicity outcomes."
1741,NO — This is an in vitro biochemical study of N-chloroacetylhydrazones on adenylate cyclase in bovine brain membranes and does not involve exposure to fluoride or its analogues nor report neurotoxicity outcomes (it only notes altered sensitivity to fluoride ion).
1742,"NO — This is an animal study of T3 effects on synaptosomal receptors where sodium fluoride was used only as an in vitro stimulator of adenylyl cyclase (not as an exposure), so it does not investigate fluoride/analog neurotoxicity."
1743,NO — This is a biochemical/genetic characterization of bacterial organophosphorus hydrolases (enzyme engineering) and does not report an animal exposure study nor neurotoxicity outcome measures.
1744,"NO — This in vitro study uses fluorine-doped tin oxide as a conductive support and examines electrical stimulation effects on insulin secretion from murine islets, not exposure to fluoride/analogues and it does not report neurotoxicity outcomes."
1745,"NO — The title indicates a biochemical study of adenylate cyclase and phosphodiesterase regulation of brain cAMP, with no mention of fluoride exposure/analogues or an animal neurotoxicity outcome."
1746,"NO — Although this is an animal study of fluorinated dopamine analogues, the outcomes reported are cardiovascular/adrenoceptor pharmacology (pressor and chronotropic effects), not measures of neurotoxicity."
1747,"NO — The study is an animal (rat) neuropharmacology paper examining effects of 6-hydroxydopamine, not exposure to fluoride or fluoride analogues (the phrase ""fluoride-sensitive adenylate cyclase"" refers to an assay, not a fluoride exposure)."
1748,"YES — Animal study administering the fluorinated analogue 4-fluorotranylcypromine to rats and measuring neurochemical/neuropharmacological outcomes (brain monoamines, MAO activity), which are relevant neurotoxicity-related endpoints."
1749,"NO — Study describes biochemical properties of acid phosphatases in chicken liver and only mentions fluoride as an in vitro inhibitor/resistant agent, without any fluoride exposure related to neurotoxicity outcomes."
1750,NO — the paper only uses aluminum fluoride as an artificial G-protein activator in cultured shark rectal gland tubules and does not assess fluoride exposure-related neurotoxicity in an animal study.
1751,"NO — This is a review of green tea and bone metabolism (human, animal and cell studies) and does not involve exposure to fluoride or its analogues nor report any neurotoxicity outcomes."
1752,"NO — This is a methods paper describing an assay for guanylate cyclase in retina and neural tissue, not an animal study of exposure to fluoride or its analogues nor reporting neurotoxicity outcomes."
1753,"YES — the abstract mentions fluoride effects but focuses on bone mechanostat theory and does not clearly report animal-based neurotoxicity outcomes, so inclusion is uncertain."
1754,"NO — although this is an animal study of fluoride exposure, the outcomes reported concern thymus apoptosis and immune markers (caspase expression), not any neurotoxicity or neural outcome measures."
1755,NO — This is an in vitro study of rat parotid acinar cells cultured on biomaterials (including PVDF) and not an animal study nor does it assess neurotoxicity.
1756,NO — This is a biochemical characterization of a porcine serine protease from pituitary tissue and does not involve exposure to fluoride/analogues nor report any neurotoxicity outcomes.
1757,NO — This is a coal/fluorine geochemistry and washability study (engineering/materials focus) and does not involve animal exposure experiments or any neurotoxicity outcomes.
1758,"NO — although the study (in mice and dogs) tested a POM material containing 10% fluorine powder, the reported outcomes are biocompatibility, wear/friction, and fixation, with no neurotoxicity measures."
1759,"YES — Squid giant-axon experiments internally perfused with sodium fluoride report effects on axonal sodium conductance (neuronal electrophysiology) in an animal preparation, a relevant neurotoxicity-related outcome."
1760,NO — the study compares serine protease activity in human and rat brain related to amyloid processing/Alzheimer’s and does not involve exposure to fluoride or its analogues.
1761,"YES — Animal (rat) study of fluorinated ether anesthetics and their fluorinated metabolite 2,2,2‑trifluoroethanol reporting acute toxicity/lethality after exposure, so it meets the fluoride-analogue exposure and animal criteria (neurotoxic mechanism not explicitly detailed but plausible)."
1762,"YES — The study uses rat brain synaptosomal membranes (animal-derived) and reports neurophysiological endpoints (acetylcholinesterase, guanylate cyclase, membrane fluidity) and mentions fluoride (F-) in relation to acetylcholinesterase, but it is unclear whether fluoride was applied as an exposure."
1763,"YES — discusses fluoride-related neurotoxic effects (reduced spontaneous motor activity and decreased nicotinic acetylcholine receptors) but does not specify whether the data derive from animal experiments, so inclusion as an animal study is unclear."
1764,"YES — Animal (mouse) study of a fluorinated (difluoroethyl) anticonvulsant with intraperitoneal exposure reporting brain concentrations, anticonvulsant efficacy and GABA-A–related neuropharmacological effects (relevant neurological outcomes)."
1765,NO — Animal study of ATPase activity in Quaking mutant mice that does not involve exposure to fluoride or its analogues.
1766,NO — the study exposes rat pituitary glands to sodium fluoride but reports endocrine effects on LH/FSH in an in vitro/ex vivo pituitary preparation rather than any neurotoxicity outcomes or an in vivo animal neurotoxicity model.
1767,"NO — The study investigates cinchocaine's effects on sarin-induced neuromuscular abnormalities in rats (sarin is an organophosphate nerve agent), not exposure to fluoride or fluoride analogues."
1768,"NO — This is a primate MRS study quantifying a fluorinated drug (dexfenfluramine) in brain, not an animal study of fluoride (fluoride ion/analogue) exposure and it does not report neurotoxicity outcomes."
1769,"NO — This review concerns adverse reactions to general anaesthetics in perioperative care and does not involve fluoride/analogues, neurotoxicity outcomes, or animal experiments."
1770,"YES — Laboratory animal study of fluoride exposure in white‑clawed crayfish measuring neurobehavioral outcomes (escape/tail‑flip response and food consumption) and bioaccumulation, so it meets exposure, outcome (neurotoxicity-related behavior), and animal study criteria."
1771,"NO — This is an animal study measuring neurotoxicity (brain AChE, oxidative stress) but the exposures are arsenic and organophosphate pesticides (DDVP, MCP), not fluoride or fluoride analogues."
1772,"NO — This is a methods/synthesis paper describing production of radionuclides (including fluorine-17) for blood-flow studies, not an animal study of fluoride exposure nor reporting neurotoxicity outcomes."
1773,"NO — Study investigates camphor (not fluoride or fluoride analogues), so it does not meet the exposure criterion."
1774,"NO — The study exposes pregnant rats to dexamethasone (not fluoride); fluoride is only used in vitro as a reagent to maximally activate G-proteins in biochemical assays, and no fluoride/analogue exposure or neurotoxicity outcome is reported."
1775,"NO — This is a materials/tribology study of ionic-liquid lubricants (tetrafluoroborate-containing) on metal surfaces reporting wear chemistry, not an animal study and it does not report any neurotoxicity outcomes."
1776,NO — This is an electrophysiology study on snail neurons that merely notes insensitivity to intracellular fluoride as a reagent and does not assess fluoride exposure-related neurotoxicity outcomes.
1777,NO — This is an animal (rat) study of fluoride exposure but reports thyroid gland/endocrine outcomes rather than any neurotoxicity-related measures.
1778,"NO — Animal study of mice exposed to fluorides, but the reported outcomes are mandible morphological changes (geometric morphometrics), not any neurotoxicity measures."
1779,"NO — This is an ex vivo biochemical study of molybdate activation of adenylate cyclase in rat tissue homogenates (not an in vivo animal neurotoxicity study), and it does not report exposure to fluoride (molybdate is not a fluoride analogue here) nor neurotoxicity outcomes."
1780,NO — This is an ex vivo study of NaF-stimulated adenylate cyclase in turkey erythrocytes (blood cells) and does not report any neurotoxicity outcomes or an in vivo animal neurostudy.
1781,"YES — Animal (Wistar rat) study of fluoride exposure (0–200 ppm) reporting effects on thyroid hormones, TSH/GH levels and decreased pituitary weight, i.e., neuroendocrine outcomes relevant to neurotoxicity."
1782,"NO — The study examines retinoid isomerization in crayfish using retinol/retinyl ester chemistry and enzyme inhibitors, not exposure to fluoride or its analogues nor outcomes related to neurotoxicity."
1783,"NO — Animal study of strontium ranelate effects on bone mineralization in monkeys, not an exposure to fluoride or its analogues and does not report neurotoxicity outcomes."
1784,"NO — this is an animal (rabbit) study using hydrofluoric acid-treated implants, but the outcomes are mechanical and histomorphometric bone/osseointegration measures, not any neurotoxicity endpoints."
1785,NO — the study examines phagocytosis of glutaraldehyde‑treated erythrocytes by macrophages/fibroblasts and does not involve fluoride/analog exposure nor report any neurotoxicity outcomes in an animal model.
1786,"NO — Fluoride is only used here as an in vitro phosphatase inhibitor in biochemical assays on bovine spinal cord tissue, not as an exposure tested for neurotoxic outcomes in an animal study."
1787,"NO — Animal (rabbit) study of fluoride exposure that reports bone and biochemical outcomes (bone mass, strength, IGF‑1, mineral changes) but includes no neurotoxicity-related measures."
1788,"NO — This is a human clinical/management report proposing low-dose sodium fluoride for otospongiosis (hearing disease), not an animal study and it does not report any neurotoxicity outcomes."
1789,"NO — This is an in vitro cell-culture study of embryonic rat neural stem cells on chitosan and PVDF substrates (not an in vivo animal study), and the exposure is to substrates (PVDF polymer), not fluoride/fluoride-ion exposures as defined."
1790,"NO — Animal study measuring hepatic release of fluoride from halothane in dogs, but it reports hepatic/metabolic outcomes rather than any neurotoxicity-related measures."
1791,"NO — Although the study uses AlF4 (NaF+AlCl3) to activate G proteins in rat cerebral arteries, it reports vascular/myogenic tone outcomes rather than any neurotoxicity-related measures."
1792,"NO — Animal study with fluoride exposure (sodium fluoride) but reports only skeletal/bone outcomes (bone area, mineralizing surfaces, serum Ca/P/PTH/osteocalcin) and includes no measures of neurotoxicity."
1793,"NO — Animal study of chronic fluoride exposure in cattle reporting dental, skeletal, and reproductive pathology but no measures or outcomes related to neurotoxicity."
1794,"NO — This is an in vitro electrophysiology study on Xenopus oocytes using n‑alcohols and fluorinated alcohol analogs (not fluoride ion/fluoride salts), so it is not an animal study and does not assess animal neurotoxicity outcomes."
1795,YES — In vivo/in vitro electrophysiology in locust photoreceptors exposed to 10 mM NaF measuring fluoride-induced changes in membrane potential and neuronal activity (neurotoxicity) in an animal model.
1796,"NO — This animal study examines endocannabinoid modulators (e.g., URB‑597, PMSF, OMDM‑2, SR141716A) on intracranial self‑stimulation and does not involve exposure to fluoride or fluoride analogues."
1797,"NO — This is a PET attenuation-correction methods paper using radiotracers (including F-18‑NaF) in animals but it reports imaging quantification in organs (heart, tumor, liver, kidney, spine) and does not assess any neurotoxicity outcomes."
1798,"NO — This is a materials-chemistry paper describing synthesis and electronic properties of fluorinated tetrathiafulvalene semiconductors, with no animal experiments or neurotoxicity outcomes reported."
1799,"NO — This is a medicinal chemistry study synthesizing fluorinated/iodinated clorgyline analogues and assessing MAO-A inhibition, with no animal experiments reported and no neurotoxicity outcomes measured."
1800,"NO — This rat study uses ""fluoride-resistant acid phosphatase"" as an enzymatic marker (FRAP) to characterize nociceptive nerve terminals and does not involve exposure to fluoride (or analogues) nor report neurotoxicity from such exposure."
1801,"NO — this is a physiological study using polyvinylidene fluoride as a detector material (not an exposure to fluoride/fluoride compounds) and it investigates retinal thermal responses in bullfrog, not neurotoxicity from fluoride exposure."
1802,"NO — This is an in vitro SIMS microscopy study of intracellular localization of fluorinated neurotropic drugs in CNS cell cultures, not an animal study and it does not report neurotoxicity outcomes."
1803,NO — This rat immunocytochemistry study investigates GM1 localization and mentions fluoride-resistant acid phosphatase activity but does not involve exposure to fluoride or report neurotoxicity outcomes.
1804,"YES — Animal study examining high fluoride (with low iodine) exposure in offspring rats reporting brain oxidative stress and antioxidant defense outcomes, which are relevant neurotoxicity measures."
1805,"NO — This rat study uses fluoride only as an in vitro G-protein activator in signaling assays, not as an exposure of interest, and it does not investigate fluoride-related neurotoxic effects."
1806,"NO — this paper describes synthesis and ex vivo brain distribution of an 18F-labeled PET ligand in rats, not an animal study assessing neurotoxic outcomes from fluoride (or analogue) exposure."
1807,"NO — This is an in vitro/ex vivo dental study using bovine enamel slabs evaluating enamel demineralization with CO2 laser and fluoride-releasing bonding materials, not an animal study nor reporting any neurotoxicity outcomes."
1808,"NO — This is an in vitro physical-chemistry study of hydrogenated/fluorinated surfactant miscibility and micellization, not an animal study and it does not report any neurotoxicity outcomes."
1809,"YES — The title indicates research on fluorinated methylethyl ethers (fluorinated analogues) as anesthetic agents, but the record gives no information on whether it reports animal data or neurotoxicity outcomes, so eligibility is unclear."
1810,"NO — This is an animal study of an NADPH oxidase inhibitor (AEBSF) and noise-induced cochlear damage, not an exposure to fluoride or a fluoride analogue."
1811,"NO — This is a human pharmacokinetic study of the antidepressant fluoxetine (a fluorinated drug) in healthy volunteers, not an animal study of fluoride/analog exposure and it does not report neurotoxicity outcomes."
1812,YES — Rat study measuring striatal cyclic AMP and adenylate cyclase/phosphodiesterase activities with NaF-induced stimulation (sodium fluoride used) reporting neurochemical outcomes related to neuronal function.
1813,"NO — Animal PET tracer radiosynthesis and biodistribution study using [18F]-labeled ligand in rats, but it does not assess any neurotoxicity outcomes or report fluoride/analogue neurotoxic effects."
1814,"NO — The study investigates neurotoxicity from tri-ortho-cresyl phosphate (an organophosphate), not fluoride or fluoride analogues, so it does not meet the exposure criterion."
1815,"NO — This is an animal study of analgesic efficacy for synthesized fluorinated compounds (phenylquinone writhing and tail-flick tests), not a study of fluoride/analogue exposure producing neurotoxic outcomes."
1816,NO — This is a biochemical characterization of a myelin-associated fatty acylesterase in rat tissue and does not involve fluoride/analogue exposure or report neurotoxicity outcomes.
1817,"YES — Animal (rat) study of chronic fluoride intoxication that measures brain nitric oxide metabolites and oxidative/antioxidative markers, relevant to neurotoxic outcomes."
1818,"NO — This is a biochemical/enzymatic study (adenylate cyclase kinetics, including fluoride-stimulated activity) using cell/tissue preparations from animals and does not report any animal neurotoxicity outcomes."
1819,"NO — The paper only mentions potassium fluoride as an in vitro kinase inhibitor in a biochemical study of embryonic MAP2, not an animal exposure study assessing fluoride (or analogues) effects on neurotoxicity."
1820,"YES — Animal study on guinea-pig isolated ileum exposed to NN-diisopropylphosphodiamidic fluoride (mipafox) reporting effects on acetylcholine release, a neurotoxicity-related outcome."
1821,"NO — This is a clinical review of the fluorinated antibiotic ofloxacin in humans, not an animal study, and it does not report animal neurotoxicity outcomes."
1822,"NO — This is an in vitro materials/chemical solubility study of carbonated apatite with strontium, not an animal study, and it does not involve fluoride (or analogues) nor report any neurotoxicity outcomes."
1823,"NO — Study examines effects of the bisphosphonate pamidronate on hydroxyapatite/bone morphology (rabbits and in vitro), not exposure to fluoride or its analogues, and reports bone crystal outcomes rather than any neurotoxicity measures."
1824,NO — This is a developmental study of esterase expression in Aedes aegypti and does not involve exposure to fluoride or its analogues nor report any neurotoxicity outcomes.
1825,"NO — This is an in vitro study of phenylmethylsulfonyl fluoride on human enzymes (acetylcholinesterase, chymotrypsin, trypsin), not an animal study reporting neurotoxicity outcomes."
1826,"NO — Animal study of fluoride in rats, but reports lethality and nephrocalcinosis/renal calcium outcomes (and magnesium protection), not any neurotoxicity measures."
1827,"NO — the study investigates phenylmethylsulfonyl fluoride (PMSF) effects on cannabinoid behavior in rodents, not exposure to fluoride (e.g., sodium fluoride) or fluoride analogues as causes of neurotoxicity."
1828,"NO — This is a review article summarizing fluoride and aluminofluoride effects (including animal data) rather than an original animal study reporting neurotoxicity outcomes, so it does not meet the requirement that the record be an animal study."
1829,NO — This is an animal study of MMP-9 in eosinophilic meningitis caused by Angiostrongylus cantonensis and does not involve exposure to fluoride or its analogues.
1830,"NO — This is an in vitro biochemical study characterizing a rat brain protein that enhances fluoride-activation of adenylate cyclase, not an in vivo animal study reporting any neurotoxicity outcomes."
1831,NO — This is an engineering/materials study on incorporating Waelz slag into bricks (mentions thermal release of F) and contains no animal experiments or neurotoxicity outcome measures.
1832,"NO — Although fluoride (F-) is mentioned as preventing protein aggregation, this is an in vitro biochemical study using purified bovine brain proteins (not an animal exposure experiment) and it does not report any neurotoxicity outcomes."
1833,"NO — Although this is an animal (insect) study of a fluorinated analog, it reports attraction, consumption, metabolism, and general health of flies, not any neurotoxicity-related outcomes."
1834,NO — the study examines metabolism of a fluorinated PAH (1-fluoropyrene) in animals but reports metabolic/biotransformation outcomes and does not assess any neurotoxicity-related measures.
1835,"NO — This is a medicinal chemistry/pharmacology study of fluorinated benzodiazepine compounds (CNS activity and LD50 in mice), not an investigation of exposure to fluoride/fluoride-ion or its toxic neurodevelopmental effects."
1836,"YES — In vitro study of fluoride exposure in cultured (animal-derived) cerebellar Bergmann glia reporting neurotoxic effects (reduced protein synthesis via eEF2 phosphorylation), so it meets the exposure and neurotoxicity outcome criteria (study is a cell culture model derived from animals, therefore relevant/unclear only if strict in vivo animal studies are required)."
1837,"YES — Rats were dosed with novel serotonin-active compounds including a fluorine-substituted (fluorine analogue) molecule and the study reports neurochemical outcomes (central serotonin levels), so it involves an animal exposure to a fluorinated compound with neuroactive/neurotoxicity-related measurements."
1838,"YES — Rat cortical brain slices (animal tissue) were exposed to sodium fluoride and the study reports fluoride-induced changes in phosphoinositide hydrolysis in central nervous system tissue, a neurochemical outcome relevant to neurotoxicity."
1839,"YES — Animal (rat) study of a fluorinated fatty-acid analogue (difluoropalmitic acid) with measured brain uptake/blood–brain barrier penetration (neuro-related outcome reported though not explicitly an adverse neurotoxicity measure), so relevance is unclear/possible."
1840,"YES — Mouse study of soman (pinacolyl methylphosphonofluoridate), a phosphonofluoridate nerve agent, reporting its toxicity and distribution (neurotoxic outcomes) in animals."
1841,NO — This is a synthetic/medicinal chemistry study of fluorinated aporphine ligands with in vitro D2 binding and not an animal study nor reporting any neurotoxicity outcomes.
1842,"NO — This is an in vitro biochemical study of OP hydrolysis (measuring released fluoride) using liposome-encapsulated enzyme, not an animal study and it does not report neurotoxicity outcomes."
1843,YES — Animal study in rats investigating neurotoxic effects of sodium fluoride (fluoride exposure).
1844,"YES — the record reports use of diisopropyl fluorophosphate (an organofluorophosphate) on rat tissues including brain (animal material), though it is a biochemical study and does not report neurotoxicity outcome measures."
1845,"NO — This is an in vitro study of methylxanthine effects on adenylate cyclase in a smooth muscle cell line (not an animal study), and it does not investigate fluoride/fluoride analogues as an exposure nor report neurotoxicity outcomes (sodium fluoride is only used as an assay stimulant)."
1846,"NO — This is an animal study of a phospholipase C inhibitor (phenylmethylsulfonyl fluoride, PMSF) in focal cerebral ischemia measuring free fatty acid release, not an exposure to fluoride or its relevant analogues nor an assessment of fluoride-related neurotoxicity."
1847,"NO — The record appears to concern artificial hyperfluoridation effects on dental enamel, not an animal study nor reporting neurotoxicity outcomes."
1848,"YES — Rats were exposed to fluoride (30 and 100 ppm in drinking water for 7 months) and the study reports neurotoxicity-related outcomes (decreased nicotinic receptor proteins, reduced MTT, and increased protein/lipid oxidation)."
1849,"NO — This is an animal study but the exposure was nitrous oxide (N2O), not fluoride or fluorinated compounds (the defluorination measurements were in vitro), so it does not meet the required exposure criterion."
1850,"NO — This is a biochemical study of NaF effects on adenylate cyclase in rabbit heart membrane preparations (cardiac enzyme activation), not an animal neurotoxicity study and it reports no neurotoxic outcomes."
1851,"YES — Animal (Drosophila/Lucilia) study that exposes photoreceptors to fluoride ions and measures electrophysiological/neurophysiological responses (photoreceptor excitation/inactivation), a neurotoxicity-relevant outcome."
1852,"NO — This is an animal study of peripheral nerve injury measuring MR relaxation times; the mention of 19‑fluorine MR spectroscopy refers to an imaging method, not exposure to fluoride or its analogues, so it does not meet the fluoride-exposure neurotoxicity criterion."
1853,"NO — This is an animal PET study administering [18F]-fluorinated sigma receptor ligands to monkeys but reports imaging, receptor binding, and metabolism outcomes, not any measures of neurotoxicity."
1854,"NO — The paper reports in vitro enzyme kinetics (fluoride inhibits NUDT7 activity) using recombinant protein and tissue expression data, not an animal exposure study nor any neurotoxicity outcomes."
1855,"YES — Animal study of oral sodium fluoride (200–400 mg/kg) in buffalo calves reporting neurotoxic outcomes (convulsions, coma) after acute poisoning."
1856,YES — Animal study in albino rabbits testing exposure to fluorosilicone oil (a fluorinated compound) with neurotoxicity-relevant outcomes including histopathology and electroretinographic assessment of retinal function.
1857,"NO — Although NaF is used in vitro to inhibit an enzyme in rat sciatic nerve preparations, this is an enzymology study of phospholipase D activity and does not assess fluoride exposure-related neurotoxicity in animals."
1858,"NO — Animal study of fluoride exposure in senescent-accelerated mice reporting bone loss outcomes, not any neurotoxicity measures."
1859,"NO — This is a geochemical study of fluorine and chlorine in volcanic rocks, not an animal exposure study and it reports no neurotoxicity outcomes."
1860,"NO — This is an in vitro spectroscopy study of human methemoglobin (fluoride as a bound ligand), not an animal exposure study and it does not report any neurotoxicity outcomes."
1861,"NO — This is a chemical synthesis/pharmacology paper on fluorinated quinazolone compounds, not a study of fluoride (ionic) exposure, neurotoxic outcomes, or an animal neurotoxicity model."
1862,"NO — the study investigates the effects of atropine in rats, not exposure to fluoride or fluoride analogues, so it does not meet the exposure criterion."
1863,YES — Animal study of experimental sodium fluoride intoxication in pickerel reporting biochemical tissue indices; neurotoxicity outcomes aren’t specified in the title so relevance is unclear.
1864,YES — Study exposes rat dorsal raphe neurons to aluminum fluoride (AlF4-) and reports effects on Ca2+ currents/G‑protein signaling (neurophysiological outcomes) from an animal-derived preparation.
1865,"NO — This is an in vivo rat study using a perfluorocarbon (perfluoro-15-crown-5-ether) label, but the reported outcomes are tumor intracellular pO2 and chemotherapeutic response, not any measures of neurotoxicity."
1866,"NO — Although this is an animal study that uses NaF to probe adenylate cyclase activity, the outcomes are cardiac enzyme/heart-failure measures, not any neurotoxicity-related endpoints."
1867,"NO — This is an in vitro electrophysiology study in Xenopus oocytes (not an in vivo animal study) that only uses aluminum fluoride as a reagent to induce currents, not as an exposure-focused animal neurotoxicity investigation."
1868,"NO — Fluoride is mentioned only as a pharmacological blocker in the electrophysiological protocol, not as an exposure variable in an animal study of fluoride/analogue neurotoxicity."
1869,"NO — This is an animal study of isoproterenol effects on cardiac adenylyl cyclase during development; fluoride is only used as an in vitro reagent to stimulate G-proteins (not as an exposure) and the outcomes are cardiac signaling, not neurotoxicity."
1870,YES — Study used sodium fluoride in experiments on rat cerebellum and reports neurobiological (guanylate cyclase enzymatic) outcomes in an animal model.
1871,"NO — This is an in vitro biochemical study on human renal tissue (not an animal study), examining acetyltransferase activity with NaF in the assay and reporting enzymatic/renal outcomes rather than any neurotoxicity measures."
1872,NO — This is a materials modeling paper (mentions trifluoroleucine in protein stabilization) and does not report an animal study of fluoride/analogue exposure or any neurotoxicity outcomes.
1873,"NO — This is an animal study of PGE2 release in rat skeletal muscle (denervation, sphingolipids, protein synthesis inhibitors) and does not involve exposure to fluoride or its analogues nor report neurotoxicity outcomes."
1874,"NO — This is an in vitro/ex vivo study of fluoride effects on remineralization of bovine tooth enamel and hydroxyapatite pellets, not an in vivo animal study and it does not report any neurotoxicity outcomes."
1875,"NO — This is an in vitro biochemical study of calmodulin phosphorylation using bovine brain kinase with no fluoride exposure, no neurotoxicity outcomes, and not an in vivo animal study."
1876,"NO — This record covers absorption, distribution, metabolism, and excretion of alcohols and phenols, not research on fluoride (or analogues), neurotoxicity outcomes, or an animal study."
1877,"NO — This is a synthetic chemistry paper on fluorine-containing liquid crystals, not an animal study and it does not report any neurotoxicity outcomes or exposure to fluoride as a toxicant."
1878,"NO — Animal study assessing pesticide (carbamate/organophosphate) effects on esterases in crayfish, not exposure to fluoride or fluoride analogues, so it does not meet the fluoride-exposure inclusion criterion."
1879,"NO — this is an animal study reporting fluoride exposure but the measured outcomes are sperm reactivation/motility (reproductive toxicity), not any neurotoxicity endpoints."
1880,"NO — Materials/engineering study using calcium fluoride as a component in glass-ceramic production (no animal subjects, no exposure-related neurotoxicity outcomes reported)."
1881,"NO — This is a review about cobalt and its biological applications (mentioning cobalt compounds), not a study of fluoride/analogues, neurotoxic outcomes, or an animal experiment."
1882,"NO — this rat hippocampal slice study tests oleamide and cannabinoids on LTP, not fluoride or any fluoride analogue."
1883,NO — This is a porcine study of myocardial beta-adrenergic receptor desensitization after brain death (cardiac outcomes); it does not involve exposure to fluoride or its analogues nor report neurotoxicity outcomes.
1884,"YES — Animal (frog muscle) study exposing tissue to methanesulphonyl fluoride (a sulfonyl fluoride cholinesterase inhibitor) and measuring end-plate currents, a neurophysiological outcome relevant to neurotoxicity."
1885,"NO — Animal study of fluoride-coated Mg-Ca alloy implants assessing biodegradation and local biocompatibility in mice, but it does not report any neurotoxicity outcomes."
1886,"NO — This is a human pharmacokinetic study measuring brain levels of the fluorinated drug dexfenfluramine in 12 women, not an animal study and it does not report neurotoxicity outcomes."
1887,"YES — Reports chronic administration of sodium fluoride (with aluminum) and describes vascular lesions and implications for dementia (neurotoxic outcomes), consistent with an animal experimental study (species unspecified)."
1888,"NO — Animal (rat) study of 2‑fluoro‑2‑deoxy‑D‑glucose metabolism using NMR, but it reports metabolic/biochemical outcomes rather than any neurotoxicity-related measures."
1889,"NO — although an animal study of fluoride exposure in rats, the reported outcomes are bone fluoride content and cortical bone microhardness, not measures of neurotoxicity."
1890,"YES — Experimental animal study in rabbits exposed to sodium fluoride (5–50 mg/kg/day) reporting alterations in brain lipid measures (total lipids, phospholipids, triglycerides, cholesterol, free fatty acids), i.e., neurotoxicity-related outcomes."
1891,YES — Animal study in rats of chronic fluoride exposure (10–50 mg/L) reporting neuronal outcomes (mitochondrial fragmentation and altered Mfn1 expression in cortical neurons) indicative of neurotoxicity.
1892,NO — This is a developmental study of adenyl cyclase in various rat tissues and does not involve exposure to fluoride or report neurotoxicity outcomes.
1893,"NO — Although an animal study that includes fluoride as an Al ligand, the paper reports only aluminum absorption/pharmacokinetic outcomes (not any measures of neurotoxicity), so it does not meet the neurotoxicity outcome criterion."
1894,NO — This is an enzymatic purification/characterisation study of rat kidney catechol-O-methyltransferase and does not involve fluoride (or its analogues) exposure nor report neurotoxicity outcomes.
1895,"NO — This is an in vitro biochemical study of fluorinated/hydrogenated nanoparticles on Aβ peptide fibrillogenesis (CD/TEM), not an animal study reporting neurotoxic outcomes."
1896,"NO — This is an organosilicon chemistry study of pentacoordinate disilanes (one with a fluorine substituent) reporting synthesis/structure/reactivity, not an animal study and it does not report any neurotoxicity outcomes."
1897,"NO — This is an in vitro pharmacology study of synthetic 3‑fluoro‑myo‑inositol analogues using pig cerebellar membranes and SH‑SY5Y cells to assess IP3 receptor binding/Ca2+ mobilization, not an in vivo animal neurotoxicity study."
1898,"YES — Rat primary retinal cultures (animal-derived cells) were exposed to perfluorohexyloctane (a perfluorinated analogue) and showed neurotoxic outcomes (increased apoptosis and loss of neurites), though the work is in vitro rather than an in vivo animal study."
1899,"YES — Rat study exposing animals to fluorine (and aluminum) in drinking water and measuring fluorine concentrations in CNS regions (cerebellum, cortex, hippocampus), an outcome relevant to neurotoxicity."
1900,"NO — Animal study of a fluorinated drug (fluphenazine) reporting noninvasive F-19 NMR detection and brain concentrations, but it does not report any neurotoxicity-related outcomes."
1901,NO — This is a biochemical purification study of an endothelin-1–degrading peptidase from rat kidney and does not involve fluoride (or analogues) exposure nor report any neurotoxicity outcomes.
1902,"NO — This is a chemistry/materials study of chromium–fluoride molecular clusters and their magnetic/inelastic neutron scattering properties, not an animal study and it reports no neurotoxicity outcomes."
1903,"NO — although it involves fluoride exposure, the study examines desensitization of gonadotropin-sensitive adenylate cyclase in bovine luteal cells (an endocrine/reproductive cell outcome, likely in vitro), not an animal neurotoxicity outcome."
1904,"NO — This is a methods paper assaying anandamide amidase in rat brain microsomes and only tests a sulfonyl fluoride inhibitor in vitro, not an in vivo animal fluoride exposure study nor reporting any neurotoxicity outcomes."
1905,NO — This is an in vitro study of rat adipocytes examining glycerol production after fluoride exposure (not an in vivo animal study) and it does not report any neurotoxicity outcomes.
1906,"YES — Primary rat cortical astrocyte cultures were exposed to sodium fluoride (20 mM) and astrocyte glutamate uptake, a neurofunctional outcome relevant to neurotoxicity, was measured."
1907,"YES — Animal study (bullfrog paravertebral sympathetic ganglia) that exposed tissue to fluoride (2–5 mM) and measured neuronal electrophysiological responses (adrenaline-induced hyperpolarization) and cAMP levels, outcomes relevant to neurotoxicity."
1908,"NO — investigates sodium fluoride effects on muscle cell contraction and calcium mobilization (cellular physiology), not reporting neurotoxicity outcomes and appears to be a cell-based rather than an animal study."
1909,NO — This is an in vitro neuronal culture study of micropatterned surfaces (not an animal study) and does not investigate systemic exposure to fluoride or its analogues nor neurotoxicity outcomes.
1910,"YES — Isolated neurons from mollusks (animal study) were exposed to intracellular fluoride, which specifically blocked calcium currents, reporting neurophysiological (ion-channel) outcomes relevant to neurotoxicity."
1911,NO — This is an in vitro study using HeLa cells and primary human fibroblasts (aluminum fluoride used as a G-protein activator) and does not report animal data or neurotoxicity outcomes.
1912,NO — This is a biochemical enzymology study of fluoroacetate defluorination in mouse liver cytosol and does not report any in vivo neurotoxicity outcomes or neurobehavioral measures.
1913,"NO — This is an animal study of polyvinylidene fluoride sutures assessing biocompatibility/biostability in dogs, not any neurotoxicity outcome, so it does not meet the outcome criterion."
1914,"NO — This is an animal neurotoxicity study in chickens but investigates organophosphate (phenyl saligenin phosphate) and lasalocid exposures, not fluoride or its analogues."
1915,YES — Rat study of cinnarizine and its fluorinated derivative flunarizine (a fluorine-containing analogue) reporting striatal pharmacokinetics and D2-receptor binding related to parkinsonism/neurotoxicity.
1916,NO — This is an in vitro materials/biochemistry study of fluorinated core-shell nanoparticles and insulin fibrillation (no fluoride exposure in animals and no neurotoxicity outcomes reported).
1917,NO — Materials-chemistry study synthesizing and characterizing a fluorinated waterborne polyurethane; no animal experiments or neurotoxicity outcomes reported.
1918,"NO — Although the study uses rabbit kidney slices and mentions F- effects on renal PAH transport, it reports renal transport physiology rather than any neurotoxicity outcomes."
1919,"NO — although this is an animal study of fluorinated anesthetic exposure (isoflurane/desflurane), the outcomes reported are renal (ceramide accumulation/tubule injury) rather than any neurotoxicity measures, so it does not meet the inclusion criteria."
1920,"NO — Although the mouse study mentions NaF effects on adenylate cyclase, it reports biochemical measures in parotid glands (cyclic AMP metabolism) rather than any neurotoxicity outcomes."
1921,NO — This study investigates ATPγS effects in isolated rat synaptosomes (with sodium fluoride mentioned only as a control reagent) and does not evaluate fluoride or fluoride-analogue exposure as a neurotoxicity outcome in animals.
1922,"NO — The study examines motor end plate changes after acetylcholinesterase inhibition in rats, not exposure to fluoride or its analogues, so it does not meet the exposure criterion."
1923,NO — This is an environmental/geochemical study of high-fluoride groundwater and does not involve animal experiments or report any neurotoxicity outcomes.
1924,NO — This is a biochemical study of esterase variation in herring (animal) with no exposure to fluoride or its analogues and no neurotoxicity outcomes reported.
1925,NO — this is an in vitro biomaterials study (SBF immersion of titanium discs) assessing calcium phosphate formation (one surface was fluoridated) and does not involve animals nor report any neurotoxicity outcomes.
1926,"NO — Although fluoride was used as a modulator, this is an animal (bovine) sperm phosphorylation study focused on reproductive/cellular regulation, not any neurotoxicity outcome."
1927,"NO — although fluorinated retinal analogs are used, this is an in vitro/biochemical study of visual pigment pKa (not an animal exposure study assessing neurotoxicity outcomes)."
1928,"YES — The title reports acute fluoride intoxication causing fibrillary skeletal muscle twitching (a neuro/neuromuscular toxicity outcome), though the record does not specify whether the study was conducted in animals."
1929,"YES — The title studies fluorine-substituted dopamine compounds (a fluorine-containing exposure) but it is unclear whether it is an animal study or reports neurotoxicity outcomes, since it appears focused on adrenergic/vascular pharmacology."
1930,"YES — Animal study in rats exposed to sodium fluoride (12 mg/kg SC for 12 weeks) reporting morphological and functional changes in the hypothalamo–hypophyseal neurosecretory system, a neurotoxic outcome."
1931,NO — This is a geological study of fluorine in magmas/minerals with no animal experiments and no neurotoxicity outcomes reported.
1932,"YES — Title alone provides no information on whether the paper examines fluoride (or analogues), neurotoxic outcomes, or animal experiments, so the record is unclear and requires full-text review."
1933,YES — The study used sodium fluoride (10 mM) in rabbit carotid body preparations and reports neurochemical and neurophysiological outcomes (adenylate cyclase activity and chemoreceptor discharge) in an animal model.
1934,NO — This is a biochemical study of melatonin receptor modification in chicken brain using protein-modifying reagents (not fluoride or its analogues) and does not assess neurotoxicity outcomes.
1935,"NO — This is a rat ovary membrane study of hCG-induced Gs protein coupling and does not involve fluoride exposure, its analogues, nor any neurotoxicity outcomes."
1936,"YES — Animal study exposing rats to sodium fluoride (20–40 mg/kg for 60 days) that reports neurotoxicity-related outcomes including spontaneous locomotor activity, motor coordination, and cholinesterase/biochemical measures."
1937,"NO — The study investigates methamidophos-induced NTE inhibition in hens (using KF only as an assay reactivator), so it does not examine fluoride or fluoride-analogue exposure as the neurotoxicant."
1938,YES — Animal study exposing bullfrogs to fluoride and measuring effects on synaptic transmission (a neurotoxicity-relevant outcome).
1939,NO — This is an in vivo canine study of parathyroid hormone effects on renal adenylate cyclase/protein kinase C with no fluoride (or analogue) exposure and no neurotoxicity outcomes reported.
1940,"NO — This study characterizes fish-venom proteins (natterins) and their kininogenase activity/nociceptive effects, not exposure to fluoride or its analogues, so it does not meet the exposure criterion."
1941,"NO — although an animal (feline) study that briefly uses aluminum fluoride as a G-protein activator, it reports esophageal smooth-muscle contractile responses and neural signaling mechanisms, not any neurotoxicity-related outcome from fluoride exposure."
1942,"YES — Animal (rat) study that measured fluoride-stimulated adenylate cyclase activity in the corpus striatum, a neurobiological outcome relevant to neurotoxicity."
1943,"NO — This is an animal (rat) study of sodium fluoride/aluminum chloride effects on calcium signaling in parotid acini (salivary gland cells), not reporting any neurotoxicity-related outcomes."
1944,"NO — This is a geochemistry/experimental petrology study of fluorine-bearing magmas and rare-earth element partitioning, not an animal study and it does not report any neurotoxicity or biological exposure outcomes."
1945,"NO — This is an in vitro biochemical study using porcine brain-derived kinesin where sodium fluoride is only a reagent in the purification protocol, and it does not assess fluoride (or analogues) exposure effects, neurotoxicity outcomes, or an in vivo animal study."
1946,"NO — This is an animal (mouse) study of cadmium fluoride but reports IDO activity in liver and kidney only, with no neurotoxicity/brain or behavioral outcomes."
1947,"YES — Animal study in hens exposed to diisopropyl phosphorofluoridate (DFP, an organophosphorus fluoridate) reporting neurotoxic outcomes (delayed peripheral and spinal cord neuropathy)."
1948,"NO — although an animal study that used sodium fluoride (NaF) as a G-protein activator, the outcomes reported concern renal adenylate cyclase responses (kidney function/prostaglandin signaling), not any neurotoxicity measures."
1949,YES — Ex vivo rat brain tissue slices from rats were exposed to NaF (sodium fluoride) and calcium uptake (a neurotoxicity-related outcome) was measured.
1950,"NO — Although bone samples were treated with fluoride ions, this ex vivo bovine bone mechanics study measures bone mechanical properties (moduli/density) rather than any neurotoxicity outcomes and is not an in vivo animal neurotoxicity study."
1951,"NO — Animal study reporting fluoride exposure and general health/biochemical measures in sheep (organ and bone fluoride levels, clinical inspections) but no neurotoxicity or neurobehavioral outcomes are assessed."
1952,"NO — This is an animal study of streptozotocin-induced diabetes (with a passing mention of sodium fluoride in prior assay comparisons), not research exposing animals to fluoride or its analogues, so it does not meet the fluoride-exposure inclusion criterion."
1953,"NO — This is an animal neurohistochemical study in rats but the exposures are drugs (marsilid, reserpine, eserine), not fluoride or its analogues, so it does not meet the inclusion criterion."
1954,"NO — although sodium fluoride was used as an activator in the histochemical assay on Torpedo marmorata tissue, this is a localization/methods study of adenylate cyclase activity and does not examine fluoride (or analogue) exposure effects or any neurotoxicity outcomes."
1955,"YES — This is a rat sciatic nerve animal study that used polyvinylidene fluoride (PVDF, a fluorinated polymer) as the exposure and reports neural outcomes (axon counts, epineurial thickness, nerve morphology)."
1956,"NO — Although HF etching introduces fluoride into implant oxide layers and pull-out data from rabbits are mentioned, the study examines surface/material properties and implant fixation rather than any neurotoxicity outcomes."
1957,"NO — This study examines electrical stimulation from a poly(vinylidene fluoride) piezoelectric substrate on cultured rat neurons, not exposure to fluoride (or its chemical analogues) nor investigation of fluoride-related neurotoxicity."
1958,NO — This is a biochemical characterization of a rat liver trypsin-like protease with no exposure to fluoride (or analogues) and no neurotoxicity outcomes reported.
1959,"NO — Although the study examines fluoride effects on bovine bone zeta potential (animal tissue), it reports physicochemical bone-surface outcomes rather than any neurotoxicity-related measures."
1960,"YES — The study uses dog brain synaptosomal plasma membranes (animal tissue) and reports effects of fluoride (F−) on Na+/K+-ATPase activity and membrane fluidity, i.e., neuro-related outcomes following fluoride exposure."
1961,NO — This is a materials/tribology study of PTFE transfer films on ceramic bearings (not an animal study) and does not report any neurotoxicity outcomes or relevant fluoride exposure in an animal model.
1962,"NO — This is an in vitro biochemical study (bovine rhodopsin/transducin) using NaF as a G-protein activator, not an animal study and it does not report any neurotoxicity-related outcomes."
1963,NO — This is a biochemical study on isolation and properties of 5'-nucleotidase from rat cerebellum and does not involve fluoride (or analogues) exposure or report neurotoxicity outcomes.
1964,"NO — The record investigates protein phosphatase activity against a coronavirus nucleocapsid in cell lines and brain homogenates and does not involve fluoride exposure, its analogues, or animal neurotoxicity outcomes."
1965,NO — this is an ex vivo/biophysical 19F NMR study of the distribution of fluorinated anesthetics in erythrocytes and rabbit tissues and does not report any neurotoxicity outcomes.
1966,"YES — The single-word title provides insufficient detail to determine whether the study involves fluoride (or analogue) exposure, reports neurotoxicity-related outcomes, or is an animal study, so its relevance is unclear."
1967,YES — Animal study in rats exposed to aluminium fluoride (AlF4−) reporting neurotoxicity-related outcomes (oxidative stress markers and histopathology) and testing neuroprotective effects.
1968,"NO — This study examines antiviral (including some fluorinated nucleoside) effects on HSV reactivation in explanted mouse trigeminal ganglia, not exposure to fluoride/analogues as a neurotoxicant, and it reports viral reactivation outcomes in explant cultures rather than an in vivo animal neurotoxicity endpoint."
1969,NO — This is a biochemical study of lysosomal enzyme/receptor phosphorylation in monkey brain and does not involve exposure to fluoride (or analogues) nor report any neurotoxicity outcomes.
1970,"YES — The title links fluoride to paralysis (a neurotoxic outcome), but the record lacks details on study design and species so it is unclear whether this is an animal study reporting neurotoxicity."
1971,"NO — This is an enzymology study purifying a dipeptidyl-aminopeptidase from porcine brain tissue and does not involve fluoride (or analogues), neurotoxicity outcomes, or an exposure experiment."
1972,YES — Animal study of rats exposed to 100 mg/L fluoride in drinking water reporting ultrastructural damage including to the ulnar nerve (neurotoxic outcome) as assessed by electron microscopy.
1973,NO — This is an in vitro enzymatic characterization using embryonic chicken brain membranes that only briefly tests sodium fluoride as a non-inhibitor and does not report any animal fluoride-exposure neurotoxicity outcomes.
1974,"NO — Although this is an animal study of a fluorinated analogue (3-deoxy-3-fluoro-D-glucose) examining tissue metabolism and distribution (including brain), it reports biochemical metabolism outcomes rather than any measures of neurotoxicity."
1975,"YES — Animal (Helisoma) study reports exposure to aluminum fluoride (a fluoride analogue) and examines neuronal signaling/protein secretion outcomes (mechanistic neurophysiology rather than explicit toxic effects), so relevance to neurotoxicity is unclear."
1976,"YES — This is an animal (goldfish/teleost) study that applied sodium fluoride and measured adenylate cyclase/cAMP activity in retina, a neurochemical outcome relevant to neurotoxicity."
1977,"NO — This is an in vitro immunochemistry study of murine monoclonal antibodies binding fluorinated sugar ligands, not an animal study of fluoride exposure nor does it report any neurotoxicity outcomes."
1978,YES — Rodent in vivo study exposing rats to soman (a phosphoryl-fluoride organophosphate) and reporting CNS distribution/accumulation relevant to neurotoxic effects.
1979,"NO — This is an analytical methods paper on fluoride measurement using silicon carbide, not an animal study and it does not report any neurotoxicity outcomes."
1980,"NO — Animal study of sodium fluoride in rabbits reporting lens/cataract changes (ocular effects), not outcomes related to neurotoxicity."
1981,NO — This is an animal study of kallikrein-binding protein differences in hypertensive vs normotensive rats but does not involve exposure to fluoride (or analogues) nor report any neurotoxicity outcomes.
1982,NO — This is a biochemical purification study of the tetrodotoxin (TTX) receptor from lobster nerve and does not involve exposure to fluoride or fluoride analogues (nor does it assess fluoride-related neurotoxicity).
1983,"NO — This is an in vitro methods study using a fluorinated‑silane surface for neuron patterning, not an animal study of fluoride (or analogue) exposure and it does not report neurotoxicity outcomes."
1984,"NO — The title refers to a fluoride-resistant acid phosphatase enzyme/system used to identify nociceptive dorsal root afferents, not to an experimental exposure to fluoride or its analogues, so it does not meet the fluoride-exposure criterion."
1985,"YES — The study is an animal (green mussel) exposure experiment with perfluorinated chemicals (fluorinated analogues) using multiple biomarkers, but the abstract does not explicitly state whether any neurotoxicity-related outcomes were measured, so relevance is unclear."
1986,"NO — This is a materials-chemistry study on synthesis and characterization of fluorinated liquid-crystalline polymers, not an animal study and it does not report any neurotoxicity outcomes or biological exposure to fluoride/analogues."
1987,"NO — Although sodium fluoride is tested, the study measures intracellular Ca++ signaling in dog thyroid cell monolayers (in vitro endocrine/cellular endpoints), not any neurotoxicity-related outcomes or an in vivo animal neurostudy."
1988,"YES — Animal study (hens and Japanese quail) reporting neurotoxicity (organophosphate‑induced delayed neuropathy) after exposure to diisopropylfluorophosphate (an organofluorophosphate), so relevant or at least unclear with respect to ""fluoride analogues."""
1989,"YES — Rat study with fluoride exposure (50 ppm, 45 days) reporting brain oxidative stress markers and altered neurotransmitter levels (neurotoxicity outcomes)."
1990,NO — This study concerns zinc currents in Helix neuronal membranes and does not involve fluoride (or analogues) exposure or report neurotoxicity outcomes.
1991,"YES — Rat striatal slice study exposing tissue to aluminum fluoride (a fluoride analogue) and measuring NMDA-stimulated dopamine release, a neurophysiological outcome."
1992,"NO — This is an animal study of FAAH inhibitors (PMSF, URB597) on cocaine- and food-related behaviors, not an exposure to fluoride/inorganic fluorides or a study of fluoride-related neurotoxicity."
1993,NO — This study investigates anandamide synthesis/degradation (using rat brain homogenates) and does not involve fluoride or its analogues nor report neurotoxicity outcomes.
1994,NO — this is an in vitro enamel-mineralization study of fluoride effects (dialysis chamber model) and not an animal study nor does it report any neurotoxicity outcomes.
1995,"YES — Animal study in rats and mice of anticonvulsant derivatives that includes a fluorine-substituted compound and reports seizure models, motor activity, sedation and LD50 (neurobehavioral/toxic) outcomes, so it is relevant or unclear with respect to fluoride-analogue exposure."
1996,"NO — This is an in vitro enzymology study of peroxidase mutants (heme ligand binding, including fluoride) and not an animal study nor does it report neurotoxicity outcomes."
1997,"NO — This is an animal study of trigeminal nerve axotomy reporting neuropeptide changes; the term ""fluoride-resistant acid phosphatase"" refers to a histochemical marker, not an exposure to fluoride or its analogues, so it does not meet the fluoride-exposure criterion."
1998,"NO — Although fluoride is used, this is an in vitro biochemical study of adenylyl cyclase in fat cell membranes (not an animal neurotoxicity study) and reports enzyme kinetics rather than any neurotoxic outcomes."
1999,"NO — Although this is an animal study using an 18F-labeled radioligand, it examines PET receptor binding and tracer pharmacology, not exposure to fluoride (or its analogues) as a neurotoxicant nor any neurotoxicity outcomes."
2000,"YES — Animal study of sodium fluoride exposure in rats reporting effects on the hypophysis (pituitary) and other glands; neurotoxicity relevance is unclear from the title but potentially neuroendocrine-related, so include for full-text screening."
2001,YES — Animal study of chronic fluoride exposure in rats that measured neurobehavioral outcomes (operant/appetitive-based learning).
2002,"YES — The study examines effects of fluorinated quinazolone compounds on pyruvic acid oxidation in rat brain homogenates, so it involves fluorinated analogues and a neuro-related outcome using animal tissue (ex vivo), though it may not be an in vivo animal experiment."
2003,"NO — This rat study examines SSeCKS localization and uses ""fluoride-resistant acid phosphatase"" as a histochemical marker, but it does not involve exposure to fluoride or its analogues or assess fluoride-related neurotoxicity."
2004,"NO — Although an animal study of sodium fluoride in rabbits, the outcomes are bone-related (periosteal growth, load to failure, stiffness) and no neurotoxicity-related measures are reported."
2005,NO — This is a review on adenylate cyclase in neuropsychiatric disease and does not involve exposure to fluoride or its analogues nor report animal neurotoxicity outcomes.
2006,"NO — Animal study exposing rats to fluoride compounds but outcomes examine vascular smooth muscle (vascular effects), not any neurotoxicity measures."
2007,"NO — This paper describes production and characterization of monoclonal antibodies against rat glandular kallikrein and assay development, with no exposure to fluoride/analogues or neurotoxicity outcomes."
2008,"NO — Although the conduit material is polyvinylidene fluoride (a fluorinated polymer), the study is an animal nerve-repair experiment assessing surgical techniques and motoneuron apoptosis, not an exposure study of fluoride (or its analogues) causing neurotoxicity."
2009,"NO — This is an in vitro cell-attachment study on fluorinated ethylene propylene (FEP) surfaces using neuroblastoma cells and rat endothelial cells, not an animal study nor an investigation of neurotoxicity from fluoride/fluoride analog exposure."
2010,"NO — This is an in vitro human endothelial cell culture study of brain- and liver-derived growth factors, not an animal study, does not involve fluoride or its analogues, nor reports neurotoxicity outcomes."
2011,"YES — Multigenerational rat study administering high-fluoride water (100–200 ppm) that reports neurotoxic outcomes including brain histopathology (degenerating neurons, Purkinje cell changes), reduced acetylcholinesterase activity, and impaired learning and memory."
2012,"YES — Study examines NaF (fluoride) effects on adenylate cyclase activity and membrane turbidity using chick brain microsomes (animal-derived tissue), i.e., neurobiological outcomes from an animal model."
2013,NO — This is a geological study of boron/pegmatite and fluid inclusions (with incidental mention of F) and is not an animal study nor does it report any neurotoxicity or fluoride-exposure outcomes.
2014,"NO — This is an animal (rat) study of dietary cholesterol/clofibrate effects on membrane lipid phase and adenylate cyclase activity, not exposure to fluoride or its analogues and not reporting neurotoxicity outcomes."
2015,NO — Animal study of fluoride exposure in Xenopus larvae measuring bone/osteogenic gene expression and skeletal effects (with limited oxidative stress markers) but no neurotoxicity-related outcomes.
2016,"YES — Aged rats were chronically exposed to methanesulfonyl fluoride (an organosulfonyl fluoride), an animal study reporting neurobehavioral outcomes (reward learning) and brain AChE activity."
2017,"NO — Although this is an in vivo animal study involving a magnesium fluoride (MgF2) coated alloy, the outcomes assessed are corrosion and local tissue effects in the sinus mucosa, with no measures of neurotoxicity reported."
2018,NO — This is an in vitro/ex vivo study of UV laser corneal ablation (213‑nm solid‑state laser) with no exposure to fluoride/fluoride analogues and no neurotoxicity outcomes reported.
2019,"NO — This is an in vitro study using a mouse neuroblastoma cell line cultured on fluoropolymer substrates (FEP, PVDF) examining neuronal outgrowth, not an in vivo animal study of fluoride (ion) exposure or neurotoxicity."
2020,"NO — This is an animal study that uses NaF (sodium fluoride) as a Gs activator, but the outcomes reported are vascular/ductus arteriosus physiology and signaling, not any neurotoxicity measures."
2021,"NO — This is an engineering study modeling fluoride adsorption on bone char with ANNs and reports kinetics/isotherms for water treatment, not an animal study nor any neurotoxicity outcomes."
2022,"NO — Title/content indicates a study on protein synthesis and transferase I with no indication of fluoride exposure, neurotoxicity outcomes, or an animal study."
2023,"YES — the title indicates fluoride exposure/safety but the record lacks details on outcomes and study species, so it’s unclear whether it reports animal neurotoxicity data."
2024,"YES — Animal (rat) study of triflusal, a fluorinated (fluoride-containing) derivative of aspirin, reporting neurotoxicity-related outcomes (brain slice cell death, oxidative stress, NO/prostaglandin measures) after anoxia-reoxygenation."
2025,"YES — The study tests a fluorinated polymer (PVDF-TrFE) for effects on neurite extension using rat-derived PC12 cells and dorsal root ganglion explants (neuro outcomes), but it is unclear whether this counts as an animal (in vivo) study or as exposure to ""fluoride/analogues."""
2026,"NO — This is a materials chemistry study of PNIPAM polymer monolayers (including some fluorinated side chains) at the air–water interface, not an animal study, and it does not report fluoride exposure or any neurotoxicity outcomes."
2027,"NO — This is an animal study of ibuprofen's inhibition of anandamide deamidation, not an exposure to fluoride or fluoride analogues, nor a report of neurotoxicity outcomes."
2028,"NO — This is an animal pharmacology study of alkylated anandamide (cannabinoid) analogs and their behavioral/receptor effects, not an exposure to fluoride or its analogues."
2029,NO — This is an animal study of UV-B/argon-fluoride excimer laser effects on rabbit corneal healing and does not examine exposure to fluoride compounds/analogues nor report any neurotoxicity outcomes.
2030,"NO — Engineering study of a PVDF piezoelectric strip with no animal subjects and no neurotoxicity outcomes (material/physics research, not biological fluoride exposure)."
2031,"NO — This is an in vitro rat neuronal study of anandamide/VR1/CB1 actions (and capsaicin), not an exposure to fluoride or its analogues, so it does not meet the inclusion criteria."
2032,"NO — This is an in vitro biochemical kinetics study using soluble fractions of chicken peripheral nerve incubated with PMSF (a sulfonyl fluoride) reporting esterase inhibition parameters, not an in vivo animal neurotoxicity study nor reporting neurobehavioral/neuropathological outcomes."
2033,"NO — Animal study measuring fluoride release during halothane anesthesia in dogs, but it does not report any neurotoxicity-related outcomes."
2034,NO — This is a biochemical purification study of dipeptidyl aminopeptidase III from guinea-pig brain and does not involve exposure to fluoride (or its analogues) nor report any neurotoxicity outcomes.
2035,NO — Animal (rabbit) study of the perfluorocarbon perfluorotributylamine measuring vitreous oxygen kinetics; it does not report any neurotoxicity outcomes.
2036,"NO — Animal study measuring fluoride bioavailability/distribution in Wistar rats fed sepiolite, but it does not report any neurotoxicity-related outcomes."
2037,"NO — Animal study of fluoride exposure in pigs measuring hepatic antioxidant/oxidative-stress outcomes (liver SOD, GSH, MDA), not any neurotoxicity-related outcomes."
2038,"NO — this is a methylmercury study on rat cortical synaptosomes reporting Zn2+/Ca2+ changes, not exposure to fluoride or its analogues."
2039,"NO — Animal study of chronic fluoride exposure in sheep reporting skeletal/bone outcomes (osteoporosis, fragility fractures, mineralization) with no neurotoxicity or neurological outcome measures reported."
2040,"NO — this is an environmental monitoring/assessment of aquatic herbicides (e.g., glyphosate, diquat, copper, fluridone) and does not involve exposure to fluoride or its analogues nor report animal neurotoxicity outcomes."
2041,"YES — Animal (mice) in vivo study exposing mice to fluoride (120 ppm) with measured neurotoxicity outcomes (lipid peroxidation, hippocampal neurodegeneration)."
2042,"NO — This is an animal study of peripheral axotomy and changes in neuropeptides (VIP, SP, etc.); ""fluoride-resistant acid phosphatase (FRAP)"" is an enzymatic marker, not exposure to fluoride or its analogues."
2043,"YES — Reports in vivo (animal tumor model) testing of fluorinated nitroimidazole radiosensitizers (e.g., KU-2285) and discusses neurotoxicity, LD50 and clearance, meeting exposure (fluorinated compound), outcome (neurotoxicity) and animal study criteria."
2044,NO — This is an animal study of protease inhibitors on histidine decarboxylase in rat tissues and does not involve fluoride (or analogues) nor report neurotoxicity outcomes.
2045,NO — the paper tests fluorinated nucleoside analogues for cytostatic/antiviral activity in tumor cell lines and does not report any neurotoxicity outcomes nor present an in vivo (animal) study.
2046,NO — Animal study uses a perfluoropolyether tracer for 19F MRI to track T-cell migration in a diabetes model but does not assess any neurotoxicity outcomes.
2047,"YES — Rat cerebral cortex particulate preparations were exposed to NaF (sodium fluoride) and effects on brain adenylate cyclase activity (a neurobiological outcome) were measured, so it involves fluoride exposure in an animal-derived study relevant to neurotoxicity."
2048,"NO — This is an in vitro/ex vivo biochemical study of albumin–cholesterol effects on isolated rat synaptosomal membranes with only a brief use of fluoride as an in vitro modulator, not an in vivo animal study assessing neurotoxic outcomes."
2049,"NO — although an animal study of an 18F-fluoro analogue (PET probe) in rats and baboons, the paper reports receptor imaging outcomes and not any measures of neurotoxicity."
2050,"YES — Animal study (neuronal cells from the marine mollusc Hermissenda) examining effects of aluminum fluoride (a fluoride analogue) on neuronal K+ and Ca2+ currents, i.e., neurophysiological outcomes related to neurotoxicity."
2051,"YES — Cat sympathetic nerve/ganglion preparations were exposed to sodium fluoride, which inhibited intra-axonal transport of noradrenaline-containing vesicles (a neurotoxicity-related outcome) in an animal tissue study."
2052,"NO — The paper studies ultrastructure and an enzyme (""fluoride‑resistant acid phosphatase"") in rat spinal tissue after dorsal root transection, not exposure to fluoride or its analogues nor outcomes assessing fluoride neurotoxicity."
2053,"NO — This paper describes biochemical work on purifying an inhibitor of adenosine 3',5'-monophosphate (cAMP) and does not involve fluoride exposure, neurotoxicity outcomes, or an animal study."
2054,NO — This is a chemistry/radiosynthesis paper describing F-18 labeling of fluoxetine with no animal experiments or neurotoxicity outcomes reported.
2055,YES — Animal study testing a fluorinated analog (KR-22836) and reporting neurotoxicity-related outcomes (acetylcholinesterase reactivation and reduction of tabun-induced lethal/toxic effects) in rats and mice.
2056,NO — This is a methodological review about reduced water intake in rodent toxicity studies and does not report an animal study of fluoride (or analogues) exposure nor any neurotoxicity outcomes.
2057,YES — Animal study in hens examining neurotoxic effects (OPIDN and brain NTE inhibition) of phosphonofluoridate/phosphorofluoridate compounds (fluoridated organophosphorus analogs).
2058,"YES — Mouse cerebral cortex slices were exposed to the metabolic inhibitor fluoride and showed fluoride-induced (neuro)chemical effects (Ca2+-dependent purine release), so this is an animal study reporting a neurotoxicity-related outcome."
2059,NO — This is a biochemical study characterizing porcine pancreatic kallikrein (with an acute hypotensive test in a dog) and does not involve fluoride/analog exposures nor report neurotoxicity outcomes.
2060,"NO — This is an animal neurotoxicity study but the exposures are cholinergic drugs (arecoline, atropine, nicotine, mecamylamine), not fluoride or fluoride analogues, so it does not meet the exposure criterion."
2061,"NO — Although the study uses a perfluorinated polymer (PFPE) and includes in vivo imaging in mice, it investigates nanoemulsion cell labeling and imaging (cell uptake and migration) and does not report any neurotoxicity-related outcomes."
2062,YES — Animal study administering difluoropiperidine acetic acids (fluorinated analogs) with reported neuro-related outcomes (selective lowering of Aβ42 in a genetically engineered mouse model) and safety data in rats.
2063,"NO — This is an animal study of carbohydrate antigens in rat dorsal root ganglion neurons and does not involve exposure to fluoride or its analogues nor report any neurotoxicity outcomes (the phrase ""fluoride-resistant acid phosphatase"" refers to an enzyme property, not fluoride exposure)."
2064,"NO — This is a chemical synthesis paper describing fluorination methods to make monofluorocyclobutanes, not an animal study nor reporting any neurotoxicity outcomes."
2065,NO — This is a human questionnaire survey of pediatricians' knowledge about oral health (not an animal exposure study) and does not report fluoride exposure experiments or any neurotoxicity outcomes.
2066,"NO — This study investigates phosphate adsorption on metal-ion-loaded collagen fibers and does not involve fluoride (or its analogues), neurotoxicity outcomes, or animal experiments."
2067,NO — This is a study of regional and subcellular distribution of cyclic AMP in rat brain and does not involve exposure to fluoride or its analogues nor report fluoride-related neurotoxicity outcomes.
2068,YES — Rat study of aluminum and fluoride exposure reporting behavioral outcomes (impaired open-field performance and body weight regulation) indicating neurotoxic effects.
2069,"NO — This is a medicinal chemistry study of omega-conotoxin mimetics (one having a fluoro substituent) measuring in vitro affinity for rat brain Ca(v)2.2 channels, not an animal exposure study of fluoride/analogues nor reporting neurotoxicity outcomes."
2070,"YES — the paper reports exposure to sodium fluoride in experiments on embryonic sensory neurons (animal-derived) examining nerve growth factor handling (a neuronal outcome), although it appears to be an in vitro cellular study rather than a clear in vivo animal neurotoxicity study."
2071,"NO — This is an animal neuroanatomy study using ""fluoride-resistant acid phosphatase"" as a histochemical marker, not a study of exposure to fluoride/analogues or of fluoride-related neurotoxicity."
2072,"NO — the work is an in vitro/ex vivo cell study (AtT-20 cell line and rat pituitary melanotrophs) reporting cellular Golgi dispersal after fluoride exposure, not an in vivo animal study."
2073,"YES — Animal study in rats exposed to fluoride (10 and 50 mg/L) that measures neuronal outcomes (Drp1 expression in cortical neurons), indicating fluoride-related neurotoxic effects."
2074,NO — This is a polymer chemistry study of copolymerization of fluorinated acrylic monomers with styrene and does not report any animal experiments or neurotoxicity outcomes.
2075,YES — Primary rat cerebellar granule neuronal cultures were exposed to NaF (sodium fluoride) and the study reports effects on neuronal protein phosphorylation (a neurobiological outcome) in an animal-derived model.
2076,"NO — This is a review of environmental fluorosis and its effects in plants, animals, and humans (including mentioned nervous complications) rather than an original animal study reporting neurotoxicity outcomes."
2077,"NO — This is a chemical sensor/synthesis study testing anion (including F−) and metal detection in solution and solid supports, not an animal study nor reporting any neurotoxicity outcomes."
2078,"YES — Animal study reporting neurotoxicity/neurobehavioral outcomes after exposure to organophosphorus compounds including fluoride-containing reagents (e.g., octylsulfonyl fluoride and organophosphorus fluoridates), so relevant to fluoride analogues."
2079,NO — This is a chemical sensing study on thiacalix[4]arene fluorescent chemosensors for F−/CN− with no animal experiments or neurotoxicity outcomes reported.
2080,"YES — The record examines fluoride's effect on brain membrane polyphosphoinositide (PPI) hydrolysis, a neurochemical outcome relevant to neurotoxicity, though the title does not specify whether the experiments were performed in animals or in vitro."
2081,NO — This in vitro study investigates the proteolytic action of tetanus toxin on [3H]-noradrenaline release from cultured bovine adrenomedullary cells and does not involve fluoride/analogues or an in vivo animal exposure.
2082,NO — This is an in vitro materials/bioactivity study of Ti/fluorapatite composites (ion release in simulated body fluid) and not an animal study nor does it report any neurotoxicity outcomes.
2083,NO — This is a review article summarizing fluorosis findings in animals (including mentions of brain effects) rather than a primary experimental animal study reporting original neurotoxicity outcome data.
2084,"NO — This is a review on endocannabinoid hydrolases (FAAH) and related enzymology/FAAH-deficient mice, not a study of fluoride or its analogues nor of fluoride-related neurotoxicity."
2085,"NO — Although the record tests the effect of fluoride on rat liver HMG-CoA reductase phosphatases (a biochemical/enzymatic study using animal tissue), it does not report any neurotoxicity outcomes."
2086,"NO — This is a materials/engineering study on using thermally-treated spent pot liners in cement and reports concrete/mortar properties (not an animal study, nor measures of neurotoxicity from fluoride exposure)."
2087,"YES — Animal study (F344 rats) reporting neurotoxicity (ataxia/neuropathy) following exposure to phenylmethanesulfonyl fluoride (a sulfonyl‑fluoride compound) and p‑bromophenylacetylurea, showing potentiation of BPAU-induced neurotoxicity."
2088,"NO — This is a materials science study of phase transitions in polymers (poly(vinylidene fluoride) and trans-1,4-polyisoprene), not an animal neurotoxicity study of fluoride exposure."
2089,"NO — although internal fluoride was used experimentally, this is an in vitro study in a rat clonal (GH3) pituitary cell line reporting electrophysiological properties of Ca2+ currents, not an animal study or a measured neurotoxicity outcome."
2090,"NO — Fluoride is mentioned only as a reagent in the phosphate assay, not as an exposure or experimental treatment; the study examines sodium amytal effects on cat ganglia rather than fluoride/neurotoxicity."
2091,NO — This study examines in vitro denervation effects on nicotinic acetylcholine receptors in frog skeletal muscle and does not involve exposure to fluoride or its analogues (nor reports fluoride-related neurotoxicity).
2092,YES — In vivo animal study testing fluorinated MPTP analogs (2'-F-MPTP and 2'-CF3-MPTP) that reports potent dopaminergic neurotoxicity.
2093,"NO — This is an in vitro study of Ras–ERK signaling in PC-12 cells (not an animal study), with no fluoride/analogue exposure or neurotoxicity outcomes reported."
2094,"YES — Animal study administering sodium fluoride (alone and with arsenic) to rats and reporting neurobehavioral outcomes (open-field motor activity, rearing, immobility) relevant to neurotoxicity."
2095,"NO — This is a methods study using a fluorinated voltage-sensitive dye to record action potentials in neurons and isolated rat myocytes, not an animal exposure study of fluoride/analogues or reporting any neurotoxicity outcomes."
2096,"NO — This is a materials-science study of surface films on molten Mg-Nd alloy exposed to fluorine-bearing gases and reports SEM/EDX chemistry, not an animal study nor any neurotoxicity outcomes."
2097,NO — This is an animal study of PTH and the bisphosphonate tiludronate on bone turnover in sheep and does not involve fluoride (or its analogues) nor report any neurotoxicity outcomes.
2098,"NO — This is an animal (minipig) study of sodium fluoride focused on bone biomechanical and histomorphometric outcomes (strength, modulus, turnover) and does not report any neurotoxicity-related measures."
2099,"YES — The study uses an animal model (pond snail neurons) and includes exposure to sodium fluoride (NaF) with measured neurophysiological outcomes (EPSCs/ACh currents/heterosynaptic facilitation), which meets the exposure and neurotoxicity outcome criteria."
2100,"NO — Animal PET study using [18F]fluoride as a bone imaging tracer in pigs measuring vertebral bone blood flow, not any neurotoxicity-related outcome."
2101,"NO — This study tests fluorinated arylcycloheptylamine drugs (organofluorine NMDAR antagonists) for pharmacology and neuroprotective/anticonvulsant effects in vitro and in rats, not exposure to fluoride ion or fluoride analogues in the context of fluoride neurotoxicity."
2102,NO — This is a basic electrophysiological study of hippocampal long-term potentiation in neurons and does not involve exposure to fluoride or its analogues nor report fluoride-related neurotoxicity.
2103,"YES — Animal study (mouse/rat) examining effects of sodium fluoride on adenylate cyclase activity in striatum and cerebral cortex, a neurochemical outcome relevant to neurotoxicity."
2104,NO — This is a materials/dental chemistry study of apatite and bovine enamel dissolution in fluoride-containing solutions and does not report any neurotoxicity outcomes in animals.
2105,"NO — Although this is an animal study of fluoride exposure (toad bladder), the outcome measures concern hydroosmotic/vasopressin-mediated bladder function (epithelial/renal physiology), not neurotoxicity."
2106,"NO — this is a molecular study of Trypanosoma brucei variant surface glycoproteins and calmodulin binding, with no fluoride/analogue exposure, no neurotoxicity outcomes, and not an animal study."
2107,"NO — This is a bioanalytical/methods paper and mouse PK study for the fumitremorgin C analogue Ko143, not research on fluoride or its analogues nor any neurotoxicity outcomes (the only mention of fluoride is sodium fluoride in blood-collection tubes to inhibit esterase activity)."
2108,"NO — although sodium fluoride was administered, the study reports tumourigenic and local/toxic effects in mice (lungs, skin, neoplasia) and does not report any neurotoxicity-related outcome measures."
2109,"NO — Although the study involves a fluorinated nucleic acid and includes an animal experiment, it reports antisense efficacy and biochemical/structural properties, not any neurotoxicity-related outcome measures."
2110,"NO — This is a materials/chemistry paper on synthesis and physical properties of fluorinated benzoxazole compounds, not an animal study and it reports no neurotoxicity outcomes."
2111,"NO — This is a medicinal chemistry/receptor-binding study of delta opioid ligands (with one fluorinated substitution) reporting affinity and bioassay results, not an animal study of fluoride (or analogue) exposure or neurotoxicity."
2112,"NO — This is a materials-chemistry paper describing synthesis and sulfonation of dendritic copoly(ether-sulfone)s (the term ""fluor"" refers to aromatic substituents), not an animal study of fluoride exposure or any neurotoxicity outcomes."
2113,YES — This animal study on Limulus photoreceptors exposed tissue to fluoride (and analog vanadate) to activate adenylate cyclase and reports electrophysiological/neurophysiological outcomes (discrete excitation events).
2114,"NO — This is an animal study of anandamide (an endogenous cannabinoid) and memory impairment, not an exposure to fluoride or fluoride analogues."
2115,"NO — This is a medicinal-chemistry/pharmacology study of fluorine-substituted nipecotic acid derivatives (in vitro mGAT1 inhibitor characterization), not an animal study and it does not examine fluoride exposure or neurotoxic outcomes."
2116,"NO — The study uses a neodymium:yttrium-lithium-fluoride laser as the light source (a laser crystal name) and investigates laser-induced RPE cell damage in an ex vivo porcine model, not exposure to fluoride/fluoride analogues nor any neurotoxicity outcome in an in vivo animal study."
2117,"NO — an animal study of fluoride effects on bone glycosaminoglycans in rabbits, addressing bone biochemical outcomes rather than any neurotoxicity measures."
2118,"YES — Wistar rats were exposed to high fluoride (NaF in drinking water) and the study reports neurotoxicity-related outcomes (learning–memory deficits and brain biochemical markers such as ChE, T-AOC, and protein levels)."
2119,"NO — This is a materials/adsorption study on using un-tanned pigskin-based adsorbents to remove fluoride from water, not an animal experiment nor one reporting any neurotoxicity outcomes."
2120,"NO — The study investigates chronic ethanol effects on brain adenylate cyclase rather than exposure to fluoride or its analogues, so it does not meet the exposure criterion."
2121,NO — This is a chemical synthesis/materials study of fluorinated liquid-crystal mesogens with phase behavior characterization and does not involve animal experiments or report any neurotoxicity outcomes.
2122,"NO — Although the study involves a fluorinated PET ligand and includes rat and baboon biodistribution, it does not assess any neurotoxicity outcomes (only binding/uptake/pharmacology), so it fails the neurotoxicity outcome criterion."
2123,"NO — Animal study of fluorine (fluoride) deposition in mineralized tissues (e.g., bone/teeth) related to pituitary influence, not reporting neurotoxicity outcomes."
2124,"NO — Although this is an animal study of a fluorinated peptide, it reports analgesic potency after central injection rather than any neurotoxicity-related outcomes (and is not about fluoride ion exposure)."
2125,"NO — the term ""fluoride-stimulated activity"" refers to fluoride used as an in vitro activator in adenylyl cyclase assays, not an exposure to fluoride/analogues, and the study examines adrenergic desensitization in neonatal rats rather than fluoride-related neurotoxicity."
2126,"NO — This is an animal (rabbit) study of renal fluoride transport in cortical collecting duct (pH-dependent fluoride flux), not reporting any neurotoxicity outcomes."
2127,"NO — This is an in vitro enzyme immobilization study using Na,K-ATPase from rat brain and examines inhibition by HgCl2 and CdCl2, not an animal exposure study involving fluoride or neurotoxicity outcomes."
2128,YES — This guinea-pig hippocampal slice study applied various anions including fluoride (F−) and measured excitatory amino acid-induced cyclic AMP accumulation (a neurobiological outcome) in animal tissue.
2129,"NO — This is a human study of the antidepressant fluoxetine (a fluorinated drug), not an animal study, and it does not examine fluoride (ionic) exposure or neurotoxicity outcomes."
2130,"NO — This is an in vitro materials/chemistry study of carbonated apatite solubility in fluoride-containing solutions, not an animal study and it reports no neurotoxicity outcomes."
2131,NO — Materials science study of DLC/ionic liquid/graphene coatings for space tribology (mentioning a fluorinated tribofilm) with no animal subjects and no neurotoxicity outcomes.
2132,"NO — Although this is an animal study of a fluorinated anesthetic (sevoflurane), it reports pharmacokinetics (tissue uptake/elimination) rather than any neurotoxicity outcomes."
2133,"NO — This is an in vitro biochemical study of adenylyl cyclase in fat cell membranes using fluoride as a reagent, not an animal study and it does not report any neurotoxicity outcomes."
2134,"NO — This is an animal (rat) study of sodium fluoride exposure but it reports reproductive outcomes (sperm parameters, testicular enzymes, and hormones), not any neurotoxicity-related measures."
2135,"NO — Although an animal (rat) study, it is an enzymatic characterization of an endothelin-1 peptidase and does not involve exposure to fluoride or its analogues nor report any neurotoxicity outcomes."
2136,"YES — Animal (guinea pig) study of exposure to soman (pinacolyl methylphosphono fluoridate, a phosphonofluoridate) reporting neurotoxic outcomes (lethality and behavioral incapacitation)."
2137,"NO — Although NaF is used to stimulate adenylate cyclase, this is an in vitro renal membrane biochemical study (not an animal neurotoxicity study) and reports no neurotoxicity-related outcomes."
2138,"NO — This paper describes development and use of fluorescent zinc (Zn2+) probes (ZnAFs) for cellular imaging, not studies of fluoride exposure, neurotoxicity outcomes, or an animal-exposure experiment."
2139,"NO — this is an animal (rat) study of fluoride exposure but measures liver lipid composition and oxidative-stress markers, not any neurotoxicity-related outcomes."
2140,NO — This study examines 19F-NMR properties of fluorinated anesthetics in rat tumor versus normal tissue (tissue chemistry/metabolic imaging) and does not report any neurotoxicity outcomes.
2141,"NO — This study describes secreted serine peptidases from Coccidioides immitis (fungal protease characterization) and does not involve fluoride exposure, neurotoxicity outcomes, or an animal study."
2142,"NO — this is an in vitro biochemical study of glucocorticoid receptor transformation (sodium fluoride used as a reagent), not an animal exposure study nor reporting neurotoxicity outcomes."
2143,NO — This is a systematic review summarizing human and animal studies on fluoride neurotoxicity rather than an original animal study reporting primary experimental outcomes.
2144,YES — Animal study in hens examining delayed neurotoxicity (neurotoxic esterase phosphorylation/aging) from organophosphorus compounds and noting effects of sulphonyl fluorides (fluoride-containing analogues).
2145,"NO — Animal study of fluoride transport in isolated rabbit renal cortical collecting ducts focused on renal physiology (electrochemical gradients and fluid flux), not neurotoxicity outcomes."
2146,"NO — This is an animal study of organophosphate (TOCP)–induced neurotoxicity in hens (with PMSF pretreatment), not an exposure to fluoride or its analogues."
2147,YES — In vivo (Kunming mice) and in vitro (primary mouse hippocampal neurons) study of sodium fluoride exposure reporting neurotoxicity outcomes (intracellular Ca2+ flux changes and apoptosis).
2148,"YES — The record involves fluoride exposure (plasma fluoride during halogenated anesthetic administration) but the title does not specify whether it is an animal study or reports neurotoxicity outcomes, so relevance is unclear."
2149,NO — The study concerns binding of desialylated glycoproteins to rat liver plasma membranes and does not involve fluoride/analogues or neurotoxicity outcomes.
2150,"NO — this is an animal (toad) study of fluoride exposure but measures bladder hydro‑osmotic response, cAMP/calmodulin activity and metabolism, not any neurotoxicity outcomes."
2151,"NO — This review discusses bone biomechanics and osteoporosis therapies (bisphosphonates, PTH) and does not report fluoride exposure, neurotoxicity outcomes, or animal experiments."
2152,"NO — This paper describes development/evaluation of F-18–labeled receptor radiotracers and receptor binding/selectivity (diagnostic imaging), not an animal study of fluoride (or analogue) exposure with neurotoxicity outcomes."
2153,"NO — The study examines ethanol (not fluoride or fluoride analogues) effects on mouse cortical adenylate cyclase, so it does not meet the required exposure criterion."
2154,NO — In vitro formulation/skin-permeation study of various fluorinated drugs using porcine skin with no animal neurotoxicity outcomes reported (not an animal neurotoxicity study).
2155,NO — This is an in vitro NMR/metabolite characterization of the fluorinated glucose analogue FDG (not an animal study) and it does not report any neurotoxicity outcomes.
2156,NO — This is a materials-chemistry study of fluorinated liquid-crystalline elastomers with no animal experiments or neurotoxicity outcomes reported.
2157,"NO — This is an environmental groundwater chemistry study on in situ transformation of trichlorofluoroethene, not an animal study and it does not report any neurotoxicity outcomes."
2158,"YES — Animal study in rats assessing neurotoxicity (EEG changes, ataxia, loss of righting reflex) following exposure to midaflur, a highly fluorinated anesthetic, with measurements of fluoride release/metabolism."
2159,YES — Animal study in rats testing phenylmethylsulfonyl fluoride (a sulfonyl fluoride compound) and reporting neurotoxicity-relevant outcomes (extracellular glutamate and brain arachidonic acid) after cerebral ischemia.
2160,"NO — This is an in vitro dental microradiographic study of fluoride's effects on bovine enamel remineralization, not an animal study reporting any neurotoxicity outcomes."
2161,"NO — This is an animal study of cobalt-ATP vs Na-ATP effects on spinal cord regeneration and does not involve exposure to fluoride or fluoride analogues (FRAP here is an enzyme marker, not an exposure)."
2162,"NO — This is a biophysical DSC study on glycerinated rabbit psoas muscle fibres using nucleotide and phosphate analogues (e.g., AlF4, BeFx), but it does not assess neurotoxicity outcomes nor constitute an in vivo animal neurotoxicity study."
2163,YES — Animal study in rats administering phenylmethylsulfonyl fluoride (a sulfonyl fluoride compound) and measuring hippocampal CA1 neuronal density as a neurotoxicity outcome after ischemia.
2164,"NO — this in vitro study concerns oleamide/FAAH biochemistry in mouse neuroblastoma cells and does not involve exposure to fluoride (or analogues), neurotoxicity outcomes, or an animal experiment."
2165,"NO — This mouse study tests a fluorinated sugar (4‑F‑GlcNAc) on leukocyte migration and contact hypersensitivity and reports immunological/inflammatory outcomes, not any neurotoxicity measures."
2166,NO — This is an in vitro study in COS-7 cells (using AlF4- as a G-protein activator) and does not report any neurotoxicity outcomes nor involve animals.
2167,"NO — This is a plant study of photolysis of PAHs (fluorene/fluoranthene/phenanthrene) on Kandelia candel leaves, not an animal study, does not involve fluoride/fluoride analogues, and reports no neurotoxicity outcomes."
2168,"NO — This is a polymer chemistry study of fluorinated titanium catalysts and polyethylene copolymer synthesis, not an animal study and it reports no neurotoxicity outcomes or biological exposure to fluoride."
2169,"YES — Animal study in cats assessing effects of sodium fluoride on the neuromuscular junction (anti-curare action), so it examines fluoride exposure with a neurophysiological/neurotoxicity-relevant outcome."
2170,"YES — Dog mesenteric nerve (animal) tissue was exposed to sodium fluoride (10 mM) and the study reports its (lack of) effect on axonal high-affinity Ca2+-ATPase activity, a neuronal biochemical outcome."
2171,"NO — This is a materials/optics study of energy transfer in Er3+-doped fluoride glasses (fluoride glass chemistry/photophysics), not an animal study and it reports no neurotoxicity outcomes."
2172,"NO — although sodium fluoride is used as a biochemical activator in isolated murine melanoma cell membranes, the study is an in vitro tumor/cell biochemistry paper (not an animal study) and does not report any neurotoxicity outcomes."
2173,"NO — This is an in vitro biochemical study of transducin subunit interactions (using AlF4- as a biochemical activator), not an animal study and it does not assess neurotoxicity outcomes or fluoride exposure effects."
2174,NO — This study examines effects of potassium salts and proteases on squid giant axon excitability (an animal preparation) and does not involve fluoride or its analogues.
2175,"YES — Study exposes rat brain tissue to sodium fluoride and reports effects on inositol phospholipid breakdown and related enzymes (phosphoinositide cycle), a neurochemical outcome in an animal model."
2176,"NO — This is a materials science study of CaO–SiO2–TiO2 slags examining viscosity and structure (TiO2 effects), with no fluoride exposure, no neurotoxicity outcomes, and no animal subjects."
2177,NO — This is an in vitro biochemical study purifying a lamb-brain enzyme (with inhibition noted by DFP) and does not report an animal exposure study of fluoride/analogues or any neurotoxicity outcomes.
2178,NO — This is a chemical/materials study of a fluorinated photochromic diarylethene's photophysical properties and does not involve animal experiments or any neurotoxicity outcomes.
2179,"YES — describes in situ 19F NMR study of a fluorinated compound (2-fluoro-2-deoxy-D-glucose) metabolism in cerebral tissue in a living subject, so it involves exposure to a fluorinated analogue but is unclear whether it is an animal study and does not explicitly report neurotoxicity outcomes."
2180,"YES — Study exposes squid axon (animal-derived neural tissue) to fluoride and other anions and measures protein release correlated with changes in axonal excitability, a neurophysiological outcome relevant to neurotoxicity."
2181,"YES — Acute rat thalamic neurons were exposed intracellularly to fluoride (cesium fluoride) and the study reports reversible suppression of high-voltage-activated calcium currents, a neurophysiological outcome relevant to neurotoxicity."
2182,"NO — Animal study of sodium fluoride exposure but reports only thyroid hormone outcomes (thyroxine/triiodothyronine), with no measures of neurotoxicity."
2183,YES — Animal study of fluoride (fluorosis/sodium fluoride) in rats reporting effects on prolactin secretion (pituitary neuroendocrine outcome) in vivo and in vitro.
2184,NO — The study examines leech glial cell responses to the peptide myomodulin (not fluoride or its analogues) and does not report neurotoxicity outcomes.
2185,"NO — This is an animal (bovine bone) materials/biomechanics study of hydroxyapatite crystallite orientation and ultrasonic wave velocity, not an exposure study of fluoride/analogues nor does it report any neurotoxicity outcomes."
2186,NO — This rat study examines anterior pituitary adenylate cyclase responses to prostaglandins and LHRH and does not involve fluoride/analog exposure or neurotoxicity outcomes.
2187,"YES — Discusses sodium fluoroacetate exposure (a fluoride analogue) with neurotoxic outcomes (seizures, brain glutamine depletion, citrate accumulation) and explicitly references animal (rodent) data."
2188,"NO — This is an animal study of anandamide’s effects on cannabinoid receptors and adenylyl cyclase in rat brain membranes, not a study of fluoride or its analogues."
2189,"NO — Sodium fluoride was used only as an in vitro phosphatidic acid phosphatase inhibitor in enzyme assays on rat brain nuclei, not as an exposure to study fluoride neurotoxicity or any neurobehavioral/neuropathological outcome."
2190,"NO — Although fluoride partially inhibited fibroblast phagocytosis in this in vitro rat fibroblast study, it is not an in vivo animal study and reports no neurotoxicity outcomes."
2191,"YES — Experimental animal (rabbit) study administering sodium fluoride that reports neuromuscular outcomes (muscle atrophy/hypertrophy, necrosis and changes described as following patterns of peripheral neuropathy), meeting the fluoride-exposure and neurotoxicity-related outcome criteria."
2192,NO — This is an animal study of strontium incorporation into bone (not fluoride or fluoride analogues) and reports bone distribution outcomes rather than any neurotoxicity measures.
2193,"NO — this is an animal study of molinate (a thiocarbamate herbicide) and DBDCVP organophosphate-induced neuropathy, not exposure to fluoride or fluoride analogues."
2194,"YES — Animal study in mice testing a fluorinated compound (NESS002ie) with in vivo neurobehavioral outcomes (formalin nociception/analgesia assays), so it reports exposure to a fluorinated analogue and neurological outcome measures."
2195,"YES — The study examines acetylcholinesterase inhibition and recovery in brain subcellular fractions after exposure to pinacolyl methylphosphonofluoridate (soman), an organophosphorus phosphonofluoridate, reporting neurotoxicity-related outcomes in an experimental (likely animal) model."
2196,"NO — This is an in vitro biochemical study on phosphatase activity in bovine brain tubulin/MAP preparations (not an in vivo animal exposure study) and it does not report neurotoxicity outcomes, only effects of sodium fluoride on enzyme activity."
2197,"NO — This is an in vitro biochemical study of the fluorinated GTP analogue (GTP[γF]) on tubulin polymerization using calf brain tubulin, not an in vivo animal study and it does not report neurotoxicity outcomes."
2198,"NO — This is a human clinical study of enamel defects in children (not an animal study) assessing dental outcomes, not neurotoxicity, although it mentions fluoride exposure as a nonassociated risk factor."
2199,"NO — This study examines effects of cholera and pertussis toxins on GnRH signaling and LH release in gonadotropes, not exposure to fluoride/analogues, and does not assess neurotoxicity or report an animal study."
2200,NO — This is a human epidemiological study of pediatric dental hospital admissions (dental caries) that notes water fluoridation status but is not an animal study and does not report any neurotoxicity outcomes.
2201,"NO — Animal study of sodium fluoride exposure, but outcomes are histological/histochemical measures in liver and kidney (no neurotoxicity or nervous‑system outcomes reported)."
2202,"YES — The title describes exposure to sulfur hexafluoride (a fluorinated compound), but the record gives no clear information on whether this is an animal study or reports neurotoxicity outcomes, so relevance is unclear."
2203,"YES — This erratum refers to a mouse study titled ""Adverse effects of fluoride and/or arsenic on the cerebral hemisphere of mice…"" which reports animal data on neurotoxic effects of fluoride (and arsenic), meeting the exposure and outcome criteria."
2204,"NO — although the study uses fluoride/AlF4- on guinea pig atrial tissue, it investigates G-protein/ion-channel activation mechanisms in cardiac tissue rather than reporting any neurotoxicity outcomes."
2205,"NO — This study tests fluorinated gamma-butyrolactone derivatives on GABA currents in cultured hippocampal neurons (in vitro), not an in vivo animal study reporting neurotoxic outcomes."
2206,"NO — This is an in vitro study of receptor desensitization in S49 lymphoma cells (adenylyl cyclase) and does not involve fluoride exposure, neurotoxicity outcomes, or an animal model."
2207,NO — This is a human questionnaire study of dental fear in 12–14-year-old children (not an animal study) and does not investigate fluoride exposure effects on neurotoxicity (it only notes use of fluoride supplements as an oral-health behavior).
2208,"NO — This is an animal study of chronic hypoxia and NADPH oxidase/ROS effects on rat carotid body chemoreceptor sensitivity, not an exposure to fluoride or its analogues and it does not report neurotoxicity outcomes."
2209,"NO — Study examines sodium fluoride effects in pituitary cell cultures on gonadotrope responsiveness (endocrine endpoints) in vitro, not an in vivo animal study and it does not report neurotoxicity outcomes."
2210,"NO — This is an in vitro study of cultured cerebellar granule neurons examining NADPH oxidase/ROS-mediated apoptosis using KCl and staurosporine (and NADPH oxidase inhibitors), with no fluoride or analogue exposure and not an in vivo animal study."
2211,"NO — This is an in vitro study of Acanthamoeba proteases on human brain endothelial cells (blood–brain barrier model), not an animal study and it does not involve fluoride or its analogues."
2212,"YES — In vivo whole-cell recordings in anuran midbrain neurons used cesium fluoride (a fluoride compound) to manipulate inhibition, reporting electrophysiological outcomes (neuronal firing, EPSPs) in an animal study relevant to neurofunctional effects."
2213,"NO — This is a descriptive histochemical study in rats identifying a fluoride-resistant acid phosphatase isozyme in nociceptive neurons, not an animal exposure study investigating fluoride (or analogues) as a neurotoxicant."
2214,"NO — ""fluoride-resistant acid phosphatase"" (FRAP) refers to a histochemical marker, not exposure to fluoride compounds, and the study describes neuronal projections/neuropeptide localization rather than an animal study of fluoride-induced neurotoxicity."
2215,"NO — Animal study of fluoride exposure in rabbits measuring fluoride concentration in cortical bone, not reporting any neurotoxicity-related outcomes."
2216,"NO — The study examines neurotoxicity of the organophosphate insecticide dipterex (trichlorfon), not fluoride or fluoride analogues, so it does not meet the exposure criterion."
2217,NO — this is an in vitro biomaterials/cell-culture study (NG108-15 cells) about photoimmobilized laminin on fluorinated polymers and does not involve an animal model nor assess exposure to fluoride (or its analogues) or neurotoxicity outcomes.
2218,"NO — This is an animal study of opioid peptide/receptor binding and internalization in rat brain slices, not a study of exposure to fluoride or its analogues nor reporting neurotoxicity outcomes."
2219,"NO — This is an analytical nanoelectrospray mass spectrometry methods paper (using ammonium fluoride as a reagent) characterizing brevetoxin ionization/fragmentation, not an animal study assessing fluoride (or analogue) exposure or neurotoxicity outcomes."
2220,"NO — This is an animal study of fluorescent dyes (calcein and sodium fluorescein) assessing blood–retinal barrier leakage in diabetic rats, not exposure to fluoride or its analogues nor reporting neurotoxicity outcomes."
2221,"NO — This is a review of the synthesis and bioactivity of fluorinated barbituric acid derivatives, not a primary animal study reporting neurotoxicity outcomes from fluoride (or analogue) exposure."
2222,NO — This is an in vitro insect/microfilariae study of melanization and enzyme inhibitors (no fluoride or analogue exposure) and does not report any neurotoxicity outcomes in animals.
2223,"YES — the record investigates parafluoroaniline (a fluorinated analogue) and its toxic mechanism, but the title does not specify whether it involves animal experiments or neurotoxicity outcomes, so inclusion is unclear and warrants screening."
2224,NO — This is a clinical counseling/review article for human pediatric care that only mentions fluoride toothpaste in passing and does not report any animal research or neurotoxicity outcome measures.
2225,"NO — This is a human cohort study of prenatal PFOS/PFOA exposure and maternally reported infant developmental milestones, not an animal study."
2226,"NO — This is a materials-science study of fluorinated chromophore-containing polymers and their optical properties (Langmuir–Blodgett films), not an animal study and it does not assess fluoride exposure or neurotoxicity outcomes."
2227,YES — Animal study exposing Sprague–Dawley rats to chronic fluoride (50 ppm) that reports neurotoxic outcomes (learning and memory deficits in Morris water maze) and related molecular changes (reduced M1/M3 mAChR expression and increased oxidative stress).
2228,NO — This is a bench adsorption study of fluoride onto bone char (materials/chemistry) and does not involve animals or report any neurotoxicity outcomes.
2229,"NO — This rat study exposed animals to a fluorinated radiolabeled tyrosine probe and measured its distribution/metabolism and tyrosine hydroxylase labeling, but did not report any neurotoxicity-related outcomes."
2230,NO — This biochemical study characterizes a porcine liver carboxylesterase enzyme and does not involve exposure to fluoride/analogues or report any neurotoxicity outcomes.
2231,"NO — This study examines baicalin/baicalein as prolyl oligopeptidase inhibitors using in vitro methods (NMR, PAMPA) and does not involve fluoride/analogues nor report animal neurotoxicity outcomes."
2232,"NO — This is a chemical synthesis and in vitro receptor-binding study of fluorinated catecholamines, not an animal study nor a report of fluoride exposure producing neurotoxicity outcomes."
2233,NO — Materials science study of fluorinated diamond films for lubrication (C-F compounds detected) with no animal subjects or neurotoxicity outcomes reported.
2234,"NO — This is an in vitro study on NGF-differentiated PC12 cells (not an animal study); although NaF was tested, the record does not meet the animal-study criterion."
2235,"NO — this is an in vitro 19F NMR structural study using a fluorinated label on actin, not an animal study and it does not report any neurotoxicity outcomes."
2236,"YES — reports fluoride altering neomycin’s inhibition of [125I]omega-conotoxin GVIA binding to neuronal membranes (a neuro-related outcome), though it is an in vitro neuronal membrane assay so the animal-study status is unclear."
2237,"YES — the record concerns aluminum‑fluoride complexes (a fluoride exposure) and is described as preclinical (animal) studies likely examining neurotoxic effects, so it meets or is unclear but likely meets the inclusion criteria."
2238,"NO — The study examines guanyl nucleotides and parathyroid hormone effects on adenylyl cyclase in renal cortical membranes, not fluoride exposure, neurotoxicity outcomes, or an animal-behavior/neuro study."
2239,"NO — This is a UK public-health review about water fluoridation in human populations and related outcomes (dental caries, fluorosis, bone/cancer concerns), not an animal study reporting neurotoxicity outcomes."
2240,"NO — The record concerns organophosphorus compounds and neuropathy target esterase/OPIDN (in hens, rats, cell lines), not exposure to fluoride or fluoride analogues, so it fails the exposure criterion."
2241,"NO — This is an in vitro receptor-binding/photoaffinity study of a fluorinated opioid ligand (FOXY), not an animal study and it does not report neurotoxicity outcomes or relevant fluoride exposure."
2242,"NO — Although an animal study, the exposure is 193 nm excimer laser irradiation (ArF laser) and outcomes concern bone damage/healing, not chemical fluoride/analogue exposure or neurotoxicity."
2243,NO — this rat study examines intratumoral pharmacokinetics/metabolism of the fluorinated drug 5‑fluorouracil in tumors and does not report any neurotoxicity-related outcomes.
2244,"NO — This is an in vitro biocompatibility/toxicity study of fluorapatite/hydroxyapatite nanoparticles using mouse fibroblast cells (cell culture), not an animal study, and it does not report neurotoxicity outcomes."
2245,"NO — This is an animal study of organofluorine small-molecule inhibitors of Abeta42 aggregation (fluorine-substituted compounds), not research on exposure to fluoride (fluoride ion) or its analogues, so it does not meet the exposure criterion."
2246,NO — This is a chemistry review about inorganic solute speciation in solvents (including HF and fluoride complexes) and does not report any animal study or any neurotoxicity-related outcomes.
2247,"NO — the paper reports synthesis of fluorinated peptide analogs and tests opioid receptor binding and analgesic activity in mice, but does not assess neurotoxicity outcomes (and is not an exposure study of fluoride ion/its neurotoxic effects)."
2248,"YES — Unclear whether this paper involves animal exposure to fluoride and reports neurotoxicity outcomes: it mentions fluoride detection via a plant bioindicator and also studies on intestinal endocrine/nerve ganglia and effects in mammalian models, but does not explicitly state that mammals were exposed to fluoride or that neurotoxicity measures were reported."
2249,NO — The record concerns a fluoride-resistant acid phosphatase enzyme in nociceptive dorsal root afferents rather than an animal study of exposure to fluoride or its analogues and neurotoxic outcomes.
2250,NO — This is a geological/geochemical study of rare earth elements in bauxite (mentions fluoride-bearing minerals/complexes) and contains no animal experiment or neurotoxicity outcomes.
2251,"YES — Animal (rat) study of prenatal fluoride exposure (1, 5, 25 mg F/L) reporting neurobehavioral alterations (motor coordination, auditory reaction, pain sensitivity, cognitive responses) and reduced cerebral cortex thickness, consistent with neurotoxicity."
2252,"NO — This is an in vitro enzymology study of pig kidney trehalase hydrolyzing alpha-D-glucosyl fluoride (and trehalose), not an in vivo animal exposure study and it reports no neurotoxicity outcomes."
2253,"NO — Although fluoride is mentioned as modestly stimulating adenylate cyclase in bovine/rat brain microtubule preparations, this is an in vitro biochemical characterization, not an in vivo animal neurotoxicity study and it does not report neurotoxicity outcomes."
2254,"YES — Reports CNS depressant/neuroactivity outcomes (pentobarbital sleeping time, pentylenetetrazol convulsions) for fluorinated quinazolone derivatives in in vivo assays, i.e., animal neurotoxicity of fluorinated compounds."
2255,"NO — This is an environmental chemistry study of boron/fluoride leaching from coal fly ash, not an animal study and it does not report any neurotoxicity outcomes."
2256,"NO — This is an in vitro biophysical/thermodynamic study of fluoride (and other ligands) binding to human methemoglobins (and protein structure), not an animal study and it reports no neurotoxicity outcomes."
2257,"NO — the study involves sodium fluoride treatment in animal bone/osteoporosis models but reports bone microstructure outcomes, not any neurotoxicity measures."
2258,"YES — The record examines central (CNS) effects of fluorinated benzodiazepines (organofluorine exposures) versus diazepam, indicating neuroactive outcomes, though the title does not specify whether the study was conducted in animals."
2259,"YES — This is an animal (rat) study of phenylmethylsulfonyl fluoride (an organosulfonyl fluoride compound) reporting effects on brain mitochondrial function (neurotoxicity-relevant outcomes), although it is unclear whether PMSF is considered a relevant ""fluoride"" exposure for the review."
2260,NO — This is a chemical/pharmacology report on synthesis and adrenergic receptor activity of ring-fluorinated epinephrines (organofluorine compounds) and does not describe an animal study or any neurotoxicity outcomes.
2261,NO — This is an animal study of Acanthamoeba protease–induced allergic airway inflammation in mice and does not involve fluoride (or analogues) exposure nor any neurotoxicity outcomes.
2262,"NO — Although this rat study includes fluoride-containing materials as the exposure, the outcomes reported are bone structural measures for osteoporosis, not any neurotoxicity endpoints."
2263,"NO — This is a materials-chemistry dissolution study of ceramic phases in fluoride-bearing solutions, not an animal study and it does not report any neurotoxicity outcomes."
2264,"NO — This is an animal (rat) study of renal arginylesteropeptidase and renotrophic responses after unilateral nephrectomy, and it does not involve fluoride (or its analogues) exposure or any neurotoxicity outcomes."
2265,"NO — this is a chemical synthesis/in vitro enzyme inhibition study (no animal experiments), and although one compound has a fluorine substituent it does not report fluoride exposure or any animal neurotoxicity outcomes."
2266,NO — This animal study investigates alcuronium's protection of muscarinic receptors in rat tissues and does not involve exposure to fluoride or its analogues nor report neurotoxicity outcomes.
2267,"YES — The study exposes rat brain cortex (animal) membranes to fluoride and measures effects on phospholipase C activity and polyphosphoinositide synthesis, a neurochemical outcome relevant to neurotoxicity."
2268,"NO — Animal study of antipsychotic/NMDA antagonist effects (MK-801, M100907, LY379268, clozapine) reporting behavioral and molecular outcomes, but there is no exposure to fluoride or its analogues."
2269,"YES — Animal study exposing rabbits to decafluoro-di-n-pentyl ether (a partially fluorinated ether) with retinal histology and electroretinography outcomes reported, addressing neurotoxicity."
2270,"NO — this is an animal study of dietary fluoride exposure in heifers but reports growth, tissue fluoride levels, hematology, thyroid function and digestibility, not any neurotoxicity-related outcomes."
2271,"NO — This review discusses cytochemical markers (e.g., ""fluoride-resistant"" acid phosphatase) in sensory neurons but does not study fluoride or its analogues as an exposure nor report animal neurotoxicity outcomes."
2272,"NO — This is a medicinal chemistry/receptor-binding study of fluorinated dopamine ligands using rat striatal homogenates, not an in vivo animal study of fluoride (or analogue) exposure and it does not report neurotoxicity outcomes."
2273,"NO — The record describes a molecular/biochemical study of an adenylate cyclase system sensitive to sodium fluoride, not an animal study reporting neurotoxicity outcomes."
2274,NO — This is a geological fluid-inclusion/mineralogy study (mentions fluorine in fluids) with no animal research or neurotoxicity outcomes reported.
2275,"NO — This is a materials characterization study (solid-state P-31 NMR of bone and synthetic fluoridated apatite, using pulverized rabbit bone in vitro) and does not report any animal neurotoxicity outcomes despite involving a fluoridated material."
2276,"YES — Animal study of chronic fluoride exposure in carp that reports tissue distribution including brain fluoride accumulation and toxicity measures (oxidative stress and enzyme inhibition), so potentially relevant though neuro-specific outcomes are limited."
2277,"NO — Study examines biochemical effects of fluoride on adenylate cyclase in bovine adrenal cortex membranes (an endocrine/biochemical ex vivo animal tissue study), not any neurotoxicity outcomes."
2278,"NO — This is an in vitro biochemical study on bovine adrenal cortical membranes about ACTH analogs and fluoride activation of adenylate cyclase, not an animal study and it does not report neurotoxicity outcomes."
2279,NO — The study title concerns thyroxine transport in the median eminence and does not involve exposure to fluoride or its analogues (nor specifically report fluoride-related neurotoxicity).
2280,"YES — Animal (rat) study reporting effects of sodium fluoride exposure on axonal transport (a neurotoxicity-related outcome), including dose-dependent acceleration/deceleration of transport."
2281,YES — Animal (rat) study reporting neurochemical outcomes: adenylate cyclase activity in rat cerebral cortical membranes including responsiveness to sodium fluoride (fluoride exposure).
2282,NO — The record concerns electrophysiological study of calcium-dependent K+ conductance in nerve cells and does not mention exposure to fluoride or its analogues nor an animal neurotoxicity outcome.
2283,"YES — A 4-week feeding trial in White Rock chicks exposed to gypsum with quantified high fluoride content (up to 3.5–5.5%) reported marked growth reduction and ""nervous disorders,"" satisfying the animal, fluoride-exposure, and neurotoxicity criteria."
2284,"YES — Reports effects of sodium fluoride exposure on neurophysiological outcomes (field potentials) recorded in vitro from dentate gyrus granule cells, presumably using animal brain tissue."
2285,YES — Animal (rat) study exposing animals to sodium fluoride (NaF) with measured neurotoxicity-related outcomes (Bcl-2 and Bax protein expression and Bcl-2/Bax ratio) in hippocampus and cerebral cortex.
2286,YES — Animal (mouse) study of sodium fluoride exposure reporting neurotoxic outcomes (impaired learning-memory and hippocampal synaptic structural changes).
2287,"YES — Animal (rat) study reporting effects of fluoride (NaF) on brain adenylate cyclase activity, a neural biochemical endpoint relevant to neurotoxicity."
2288,"NO — this is an animal study of the fluorinated chemotherapy 5‑fluorouracil reporting pharmacokinetics and embryotoxicity/placental transfer, not ionic fluoride exposure nor any neurotoxicity outcomes."
2289,"NO — This is a plant (soybean cell) study of aluminum exposure (with sodium fluoride used only as a protective agent), not an animal study and not primarily a fluoride-exposure experiment."
2290,"NO — This study examines squid giant axon excitation in sodium-free external media and does not involve exposure to fluoride or its analogues, so it does not meet the inclusion criteria."
2291,NO — This is a chemical synthesis/materials chemistry paper about perfluorinated dithioesters and polymerization (no animal study and no neurotoxicity outcomes reported).
2292,"NO — This rat study examines hepatic microsomal defluorination/metabolism of fluorinated ether anesthetics after ethanol exposure, but does not report any neurotoxicity-related outcomes."
2293,"YES — The study examines effects of fluoride on Na+-K+-dependent ATPase and K+-dependent phosphatase (outcomes relevant to neuronal function), though the record does not make clear whether the work used animals or in vitro preparations."
2294,"NO — This is an in vitro biochemical study of phosphatidate phosphatase in isolated bovine retinal tissue; fluoride is only used as an inhibitory reagent, with no animal fluoride exposure or neurotoxicity outcomes reported."
2295,"NO — Although this rat study examines a fluorinated DHEA analogue (fluasterone), it reports endocrine/hormonal outcomes rather than any neurotoxicity measures."
2296,"NO — this study examines anandamide binding to L-type calcium channel dihydropyridine sites and does not involve fluoride or its analogues, nor report animal neurotoxicity outcomes."
2297,"NO — This is an animal study of eosinophilic meningitis caused by Angiostrongylus cantonensis measuring MMP-9 induction, not a study of fluoride or its analogues."
2298,"NO — This is a coal pyrolysis/chemical analysis study of HCl and chlorine species (not fluoride exposure), with no animal experiments or neurotoxicity outcomes reported."
2299,"NO — Animal neurotoxicity study of triphenyl phosphite (TPP) in hens, but the exposure is TPP (a phosphorus ester), not fluoride or a fluoride analogue."
2300,"YES — Animal (Swiss mice) study with fluoride (NaF) exposure reporting mitochondrial enzyme/TCA enzyme impairments and oxidative stress in discrete brain regions, indicating neurotoxic outcomes."
2301,"NO — This is an animal study of anandamide and related fatty acid ethanolamides (and PMSF effects) in mice, not an exposure to fluoride or fluoride analogues, so it does not meet the inclusion criteria."
2302,"NO — This is an animal (canine) study of fluoride effects on cardiac Purkinje fiber electrophysiology, not any neurotoxic outcome or neural tissue, so it does not meet the neurotoxicity inclusion criterion."
2303,NO — This is an in vitro enzymatic assay using rat liver FAAH and inhibitor testing (including a fluorophosphonate inhibitor) and does not report an in vivo animal study or neurotoxicity outcomes from fluoride or its analogues.
2304,NO — This paper studies in vitro gastrointestinal bioaccessibility of fluoride from seafood (not an animal experiment) and does not report any neurotoxicity outcomes.
2305,YES — Animal study of sodium fluoride exposure in buffalo calves reporting clinical neuro-related signs (muscle weakness) and biochemical measures relevant to neurotoxicity (whole-blood cholinesterase) along with other systemic outcomes.
2306,"NO — The study title describes intrinsic developmental/regional variation in rat brain adenylate cyclase systems without any indication of exposure to fluoride or its analogues, so it does not meet the exposure criterion."
2307,"NO — This is a metallurgical engineering study about flotation and removal of fluorine-bearing minerals in ore processing, not an animal study and it does not report any neurotoxicity outcomes."
2308,NO — This is a methodological paper on ion beam analysis measuring fluorine and other elements in calcified tissues (teeth/bone) and does not report any neurotoxicity outcomes in animals.
2309,NO — this is an in vitro study on cultured rat glioma cells (not an in vivo animal study) measuring cyclic GMP production after sodium fluoride exposure and does not report animal neurotoxicity outcomes.
2310,"NO — The paper mentions a fluoride-resistant enzyme but does not report experimental exposure to fluoride or its analogues (it maps enzyme/neuropeptide distribution in experimental conditions), so it does not meet the fluoride-exposure criterion."
2311,NO — The study is an animal pharmacokinetic investigation of tritium-labeled buprenorphine (with only a speculative mention of a possible 18F-labeled derivative) and does not involve exposure to fluoride or its analogues nor report neurotoxicity outcomes.
2312,"NO — While this is an animal study noting that acid phosphatase in neonatal rat substantia gelatinosa is fluoride-resistant, it does not involve exposure to fluoride or its analogues as a treatment nor report any neurotoxicity outcomes."
2313,"NO — This is a methodological histochemical study in fish using fluoride as a reagent for calcium precipitation, not an experimental exposure to fluoride/analogues assessing neurotoxicity outcomes."
2314,"NO — This is a medicinal chemistry/pharmacology paper on fluorinated quinazolone derivatives’ synthesis and CNS activity, not a study of fluoride (ionic fluoride) exposure or an animal neurotoxicity study."
2315,"NO — This is an in vitro biochemical study using human erythrocyte membranes treated with fluoride to isolate Gs protein, not an animal study and it does not report any neurotoxicity outcomes."
2316,"NO — Exposure is cadmium (Cd), not fluoride or its analogues, and the study examines cardiotoxicity in neonatal rat cardiomyocytes in culture rather than fluoride-related neurotoxicity in an animal study."
2317,"NO — this is an in vitro study of murine cell lines examining RFC1 transport (fluoride was used as an inorganic anion in buffer), not an animal study and it does not report any neurotoxicity outcomes."
2318,"YES — Animal (squirrel monkey) study of fluoride exposure (0, 1, 5 ppm in drinking water) that measured cytochemical/enzymatic outcomes in the nervous system (as well as kidney and liver), meeting the exposure and neurotoxicity-related outcome criteria."
2319,"YES — Study reports effects of fluoride (F−) on cAMP concentrations in subcellular fractions of rat brain tissue (animal-derived), a neurochemical outcome relevant to neurotoxicity."
2320,"YES — Animal study of chronic sodium fluoride exposure in lambs (4.7 mg F/kg BW) reporting fluoride accumulation including in the pineal gland (a brain structure), so it includes outcomes relevant to neurotoxicity screening."
2321,"NO — This paper reports biochemical purification/stimulation of anterior pituitary adenylate cyclase by sodium fluoride (an enzymatic study), not an animal neurotoxicity outcome."
2322,YES — Animal (rat) inhalation study of methane sulfonyl fluoride exposure (a sulfonyl fluoride analogue) reporting neurotoxicity-related outcomes including behavior and cholinesterase inhibition (and tissue F- measurement).
2323,"NO — This paper reports biochemical studies of amyloid β truncation and protease inhibition in rat brain, not an animal study of exposure to fluoride or its analogues assessing neurotoxic outcomes."
2324,NO — This is a materials study of mechanical properties of resin-modified glass‑ionomer cements (with brief implantation in rats) and does not evaluate fluoride exposure effects or any neurotoxicity outcomes.
2325,NO — This is an animal study characterizing adrenal kallikrein in rats and does not involve exposure to fluoride (or analogues) nor report any neurotoxicity outcomes.
2326,"NO — This in vitro study uses long-term cryopreserved human hepatocytes on biomaterial surfaces (including polyvinylidene fluoride) and does not involve an animal model, fluoride exposure as a toxicant, or any neurotoxicity outcomes."
2327,NO — This is a biochemical study of anandamide hydrolysis in rat brain (not an exposure to fluoride or its analogues) and does not report neurotoxicity outcomes.
2328,"NO — This is a biochemical enzyme purification study of bovine aminopeptidase H with no fluoride exposure, neurotoxicity outcomes, or an in vivo animal exposure study."
2329,NO — This is an immunohistochemistry study of angiotensin II in rat brain and does not involve exposure to fluoride or its analogues nor report neurotoxic outcomes.
2330,"NO — This is an animal study of sodium fluoride exposure in rabbits, but the outcomes reported are bone mineralization and mechanical properties, not any neurotoxicity measures."
2331,"NO — this is an animal study of organophosphate (O-n-hexyl S-methyl phosphorothioamidate)–induced delayed neuropathy in hens, not exposure to fluoride or its analogues."
2332,"NO — The title indicates a study on Purkinje cell maturation under metabolic blockades and does not mention fluoride or its analogues, so it does not meet the exposure criterion."
2333,"NO — animal study of fluoride exposure but measures erythrocyte antioxidant enzymes and lipid peroxidation (systemic oxidative stress), not any neuro- or brain-specific outcomes or behavioral/neurochemical measures."
2334,NO — Paper describes fluorinated vesicle chemistry and pharmacokinetics (circulation half-lives in mice) but does not report any neurotoxicity outcomes and is not an animal neurotoxicity study.
2335,"NO — Although the study uses NaF (sodium fluoride) in vitro on rat aortic rings (an animal model), the outcomes measured are vascular/vasoconstrictor responses, not any neurotoxicity-related endpoints."
2336,"NO — In vitro study using human HEK-293 kidney cells (not an animal study) examining enzymatic adenylyl cyclase activation by aluminum fluoride, not neurotoxicity outcomes."
2337,"NO — This is a review/commentary about fluoride in parenteral nutrition focusing on bone effects and toxicity concerns, not an animal study and it does not report any neurotoxicity outcomes."
2338,"NO — This study investigates membrane-catalyzed deamidation of an Aplysia neuropeptide and does not involve fluoride (or analogues), neurotoxicity outcomes related to fluoride, nor a relevant fluoride exposure."
2339,"YES — Mouse study of halogenated aromatics that includes fluorinated compounds (e.g., fluorobenzene, 4‑fluorophenol, 4,4'‑difluorodiphenyl ether) with reported general behavioral adverse effects and biochemical endpoints (oxidative stress) though outcomes are primarily hepatic, so relevance to neurotoxicity is possible but not clearly specified."
2340,"YES — Animal study in female rats of fluoride (acute fluorosis) measuring cholinesterase inhibition and recovery in serum and salivary glands, a neurotoxicity-related outcome."
2341,"NO — Although this is an animal study of fluorinated estradiol analogs in hamsters, it reports renal carcinogenesis and metabolic outcomes rather than any neurotoxicity-related measures."
2342,"YES — Rat study exposing male Wistar rats to sodium fluoride (20 mg/kg/day, 30 days) reporting brain neurotoxicity-related outcomes (protein/DNA/RNA changes, enzyme activities, oxidative stress markers)."
2343,"NO — This is a QSAR modeling study predicting inhalation LC50 for per-/polyfluorinated chemicals in rat and mouse, not an experimental animal study and it does not report any neurotoxicity outcomes."
2344,YES — Rabbit tissue study reporting that fluoride (5 mM) reduces high‑affinity muscarinic agonist binding (a neurochemical/neurotoxicity‑related endpoint) in rabbit ileal submucosal membranes.
2345,"NO — Materials-chemistry paper on synthesis/characterization of fluorinated polysiloxanes, with no animal study or neurotoxicity outcomes reported."
2346,NO — The study merely uses a PVDF film as a thermal detector and does not investigate exposure to fluoride or its analogues or neurotoxic effects from such exposure in the animals.
2347,"YES — The study tests sodium fluoride (NaF) as an inhibitor of calmodulin-dependent protein phosphatase isolated from bovine brain (animal tissue), so it involves fluoride exposure and a neurobiologically relevant outcome (enzyme activity), though it does not report direct neurotoxicity endpoints."
2348,YES — Rat brain synaptosome study includes exposure to sodium fluoride (NaF) and reports effects on neuronal measures (Ca++ transport and adenylate cyclase activity) in an animal model.
2349,"NO — This is a materials-engineering study of fluorine ion implantation for oxidation protection of Ti–Al alloys, not an animal study and it does not report any neurotoxicity outcomes."
2350,"NO — This is an in vitro study of lithium (Li+) effects on a recombinant G-protein, not an animal study and not an exposure to fluoride or its analogues."
2351,"NO — This is an animal neurochemistry study of prenatal phenobarbital/heroin exposure; sodium fluoride was only used as an in vitro pharmacological stimulator in the assay, not as an exposure to fluoride/analogues."
2352,"YES — Study on Helix pomatia neurons (animal) reporting effects of intracellular perfusion with fluoride-containing solutions on neuronal Ca2+ currents, i.e. a neurophysiological outcome after fluoride exposure."
2353,NO — This is a materials-corrosion study (titanium/palladium) that only mentions fluoride's effect on corrosion current and does not involve animals or report any neurotoxicity outcomes.
2354,"NO — This is an animal study of streptozocin-induced diabetes affecting acetylcholine release and succinylcholine sensitivity in mice, not an exposure to fluoride or any fluoride analogue."
2355,"NO — This is an animal study of organophosphate-induced neuropathy in chicks (exposures: DBDCVP, DFP, PMSF), not exposure to fluoride or fluoride analogues."
2356,"YES — The study exposes guinea-pig (animal) tissue to fluorinated volatile anesthetics (including perfluorobenzene) and reports neural-related stimulant effects (postganglionic nerve excitation) on smooth muscle, so it may be relevant/unclear for fluoride/fluorinated-analogue neurotoxicity."
2357,"YES — in vivo cat study of motor nerve terminal function that used sodium fluoride (NaF) to activate adenylate cyclase, reporting neurophysiological (neurotoxicity-relevant) outcomes."
2358,"NO — Chemistry methods paper using tetrabutylammonium fluoride as a reagent, not an animal study and does not report any neurotoxicity outcomes."
2359,YES — Rat cerebral cortical preparations were used and the study reports effects of fluoride on adenylate cyclase activity (a neurochemical outcome) in animal-derived brain tissue.
2360,NO — This is an in vitro study of neural stem/progenitor cell differentiation in fluorinated hydrogels (not an animal study) and assesses differentiation/oxygenation rather than neurotoxicity outcomes.
2361,"NO — This is a physical/chemical study of heterometallic fluoride-containing rings and magnetic properties, not an animal study nor reporting any neurotoxicity or biological exposure outcomes."
2362,YES — Study exposes rat hippocampal slices to NaF/AlCl3 (AlF4−) and reports neurophysiological outcomes (prolonged enhancement of synaptic transmission) in an animal tissue model.
2363,"NO — Although this rabbit study includes sodium fluoride exposure, it measures colonic macromolecular transport (not any neurotoxicity-related outcomes), so it does not meet the neurotoxicity criterion."
2364,"YES — Animal (rabbit) experimental study of methoxyflurane (which degrades to fluoride ions) reporting retinal damage resembling a flecked retina (retinal pathology involving neural tissue), although the lesions are attributed to oxalate crystal deposition."
2365,"YES — The study reports that common anions including fluoride alter repetitive structural and electrophysiological changes in synthetic gels and squid giant nerve fibers (animal tissue), providing neurophysiological outcomes relevant to neurotoxicity."
2366,NO — This is a medicinal chemistry/pharmacology study of p‑fluoro‑phenyl anticonvulsant compounds testing seizure protection (not neurotoxicity) and does not report an animal study of fluoride (ionic) exposure or neurotoxic outcomes.
2367,"NO — This is a materials/adsorption study on removing fluoride from water using activated tamarind shell carbon, not an animal study and it does not report any neurotoxicity outcomes."
2368,"NO — This is a review of neuropathy target esterase and organophosphorus-induced polyneuropathy (mechanistic/molecular work), not a study of fluoride or its analogues and does not report animal fluoride neurotoxicity."
2369,"NO — animal study measuring fluoride levels in bone after maternal exposure to fluorinated anesthetics (enflurane/methoxyflurane), but it reports tissue fluoride deposition rather than any neurotoxicity outcomes."
2370,NO — This is an in vitro study of cultured astrocytes investigating bradykinin/cAMP/endothelin-1 signaling (no fluoride or analogue exposure) and is not an animal study of neurotoxicity.
2371,"NO — Animal study of hydrofluoric-acid–treated titanium implants in ovariectomized rats measuring bone osseointegration and mechanical outcomes, with no neurotoxicity-related outcomes reported."
2372,"NO — This is an in vitro study using rat GH1 pituitary cell lines (not an animal study) examining cAMP/adenylate cyclase mechanisms (fluoride only used as a cyclase activator), and it does not assess any neurotoxicity outcomes."
2373,"NO — Although aluminium/beryllium fluoride phosphate analogues are used, this ex vivo rabbit skeletal muscle myosin structural study reports biophysical outcomes (DSC/EPR) not any neurotoxicity measures."
2374,"NO — This is an in vitro study on rat anterior pituitary fragments/cell cultures that merely uses sodium fluoride as a pharmacological stimulator of adenylate cyclase, not an in vivo animal study nor one reporting neurotoxicity outcomes."
2375,"NO — This rat study tests cardiovascular adrenoceptor effects of aromatic fluorine-substituted 3,4-dihydroxytolazoline derivatives (organofluorine compounds) and does not assess exposure to fluoride (or its ionic analogues) nor report neurotoxicity outcomes."
2376,"NO — The title indicates a general review of adenylate cyclase regulation with no mention of fluoride exposure, neurotoxicity outcomes, or animal experiments."
2377,NO — This study examines serine proteases and regeneration in the worm Lumbriculus variegatus and does not involve fluoride/analog exposure or report neurotoxicity outcomes.
2378,"NO — This is a receptor-labeling study of a fluorinated opiate antagonist (cycloFOXY) used as a radioligand, not an animal study of fluoride (or analogue) exposure measuring neurotoxic outcomes."
2379,"YES — Animal study administering fluorinated (organofluorine) phenytoin analogs and reporting neurological outcomes (maximal electroshock and pentylenetetrazol seizure assays), so it involves fluorinated exposure and neuro-related endpoints."
2380,"NO — The title indicates a physiological study of arteriolar sensitivity and muscle chemoreceptors with no mention of fluoride exposure, neurotoxicity outcomes, or clear animal-model use."
2381,"YES — Investigates neural stem cell apoptosis with fluoride co‑exposure (meets exposure and neurotoxicity criteria), though the record does not make clear whether this is an animal (in vivo) study and needs further checking."
2382,"NO — This is an imaging tracer synthesis and biodistribution study using an 18F-labeled celecoxib in animals (rodent and baboon PET), reporting de[18F]fluorination and brain uptake but not any outcomes related to neurotoxicity."
2383,"NO — This is a radiochemistry/PET ligand study of 18F-labeled benzamides reporting binding and distribution (not neurotoxicity outcomes), so it does not report animal neurotoxic effects despite in vivo distribution work."
2384,NO — Animal study of frogs exposed to fluoride reporting muscle metabolic and contractile effects (rigidity) but not any neurotoxicity-related outcome measures.
2385,"YES — Animal study exposing rats to fluoride and measuring lipid peroxidation (a marker of oxidative damage) in rat tissues, which may include brain tissue and is therefore relevant to neurotoxicity."
2386,"YES — Reports administration of a fluorinated compound (5‑fluorotryptophan) to mice with accumulation of citrate in the brain consistent with fluoroacetate neurotoxicity, so it is an animal study of fluoride-analogue exposure with neurotoxic outcomes."
2387,"NO — This rodent study investigates a chiral anandamide analog ((R)-methanandamide) and cannabinoid pharmacology, not exposure to fluoride or fluoride analogues, so it does not meet the inclusion criteria."
2388,"NO — This human urine biochemistry study examines bradykinin-hydrolyzing enzymes and does not involve fluoride/analog exposure, neurotoxicity outcomes, or animal subjects."
2389,"YES — Animal (rat) experimental study of fluoride (NaF and brick-tea fluoride) exposure that measured tissue distribution including brain fluoride levels, so it is relevant (or at least unclear) for neurotoxicity-related outcomes."
2390,"NO — This is an animal neurotoxicity study of chlorpyrifos (an organophosphate) in cats, not an exposure to fluoride or fluoride analogues."
2391,"NO — This study investigates extracellular proteases and virulence of Vibrio carchariae in groupers, not exposure to fluoride or its analogues, so it does not meet the inclusion criteria."
2392,"NO — Although it involves sodium fluoride exposure, the study measures adenylate cyclase activity in kidney homogenates (renal biochemical endpoints), not any neurotoxicity outcomes, so it does not meet the neurotoxicity/animal-study inclusion criteria."
2393,"NO — Animal (rat) study of fluoride absorption and the effects of nephrectomy, but it reports pharmacokinetic/absorption outcomes rather than any neurotoxicity or neurological outcome measures."
2394,"YES — In vivo rabbit study of perfluorocarbon/semi‑fluorinated alkane exposures (perfluorohexyloctane, perfluorodecalin, etc.), assessing retinal neurotoxicity outcomes (ERG, retinal histology and TEM)."
2395,"NO — This is a biochemical purification study of a bovine brain enzyme with no fluoride exposure, no neurotoxicity outcomes reported, and not an animal exposure study."
2396,NO — This is an animal histochemical study of lysosomal protease localization in the rat lens and does not involve fluoride (or analogues) exposure nor report any neurotoxicity outcomes.
2397,"NO — This is a historical/methods chapter on electrophysiology/patch-clamp and does not involve fluoride exposure, neurotoxicity outcomes, or an animal study."
2398,"NO — Although this is an animal study involving sodium fluoride, it measures adenylate cyclase activity in fetal rabbit lungs (not any neurotoxicity-related outcomes)."
2399,NO — This is a chemical synthesis/methods paper describing fluorophosphonate and sulfonyl fluoride probes for CB1 receptor binding (candidate probes for mouse brain) and does not report an animal study assessing fluoride-related neurotoxicity outcomes.
2400,"NO — This is an in vitro biochemical characterization of a pig brain phosphatase noting inhibition by fluoride, but it is not an animal neurotoxicity study and does not report any neurotoxicity outcome measures."
2401,NO — This review concerns endocannabinoid inactivation mechanisms and mentions sulfonyl fluoride enzyme inhibitors but does not study fluoride (or fluoride analogue) exposure causing neurotoxicity in animals.
2402,"NO — although aluminum fluoride was used as a G-protein activator, the study is a mechanistic assay on phospholipase D activity in canine synaptosomes and does not assess fluoride (or analogue) exposure-related neurotoxicity outcomes."
2403,"YES — Animal study in rats of sodium fluoride exposure reporting neurotoxicity outcomes (suppressed spontaneous motor activity, impaired rota-rod performance, decreased brain acetylcholinesterase) so it meets the inclusion criteria."
2404,NO — This is an in vitro enzymology study of a pituitary granule Mg2+-ATPase that only notes fluoride as an inhibitory anion and does not report any animal neurotoxicity outcomes.
2405,"YES — Reports exposure to methanesulfonyl fluoride (a sulfonyl fluoride analogue), includes rodent experiments, and measures erythrocyte acetylcholinesterase inhibition (a neurotoxicity-related outcome)."
2406,"NO — Animal biomonitoring study measuring fluoride concentrations in roe deer antlers/mandibles, but it does not report any neurotoxicity outcomes or measures."
2407,"YES — an animal (squid axon) study examining effects of fluoride salts (NaF, KF, CsF) on neuronal Na+ and K+ currents, i.e., neurophysiological outcomes relevant to neurotoxicity."
2408,"NO — This rat study examines fluoride’s effects on gastric emptying and gastrointestinal toxicity (not any neurotoxicity outcomes), so it does not meet the neurotoxicity outcome criterion."
2409,NO — The study examines thymidylate kinase activity in developing rat anterior pituitary and does not involve fluoride (or analogue) exposure nor report neurotoxicity outcomes.
2410,YES — The paper examines the central (CNS) actions of flurothyl and methoxyflurane (fluorinated agents/analogues) addressing neuroactive effects and is likely an animal experimental study (title does not specify species).
2411,"YES

This is an animal study in albino rats of sodium fluoride exposure reporting neurotoxic outcomes in the cerebellar cortex (Purkinje cell shrinkage and molecular layer thinning), with assessment of a vitamin E protective effect."
2412,"YES — The record examines fluoride's effects on brain adenyl cyclase (a neurobiology/neurotoxicity-relevant outcome), though the title does not specify whether the study used animals or in vitro tissue."
2413,YES — Study uses squid giant axons (animal tissue) internally perfused with 30 mM NaF (fluoride exposure) and reports electrophysiological neurotoxicity-related outcomes (action potentials and Na+/K+ channel currents).
2414,NO — This is an in vitro biocompatibility study of partially fluorinated surfactants (cell lines and rabbit red blood cells haemolysis) with no animal exposure experiments and no neurotoxicity outcomes reported.
2415,YES — Animal (rat) inhalation study of a fluorinated compound (norbornene fluoroalcohol) that measured urinary fluoride and reported degeneration of the nasal olfactory mucosa (a nervous-tissue-related outcome).
2416,NO — This is an animal study of amphetamine/methylphenidate effects on striatal D1 receptor/adenylate cyclase function in rats and does not involve fluoride or fluoride analogues.
2417,NO — This is an in vitro/materials study describing fluorinated/aminated culture-surface chemistry (not an animal study) and does not report any neurotoxicity outcomes.
2418,"NO — The article discusses NGF/c‑jun-mediated neuroplasticity and neurotomy models (mentioning ""fluoride‑resistant acid phosphatase"" as an enzyme marker) but does not involve exposure to fluoride or its analogues nor report an animal study of fluoride neurotoxicity."
2419,"NO — This is an in vitro biochemical inhibition study of human brain and mouse liver enzyme (including fluoride as an inhibitor), not an in vivo animal neurotoxicity study and it does not report neurotoxicity outcomes."
2420,NO — This is a materials/chemistry study on BF2 fluorescent chelates with no animal experiments and no neurotoxicity outcomes reported.
2421,"NO — This is a computational/physical chemistry study of ionic hydration (including fluoride) and reports free energies, not any animal experiments or neurotoxicity outcomes."
2422,"NO — This is an in vitro study of benzyl alcohol–induced fusion of rat erythrocytes (membrane/protease biochemistry), not an animal study of fluoride (or analogues) exposure nor any neurotoxicity outcome."
2423,"YES — Chronic dietary exposure to fluoride (NaF) was tested in mink (animal study) and the report includes a neurobehavioral/neurotoxicity outcome (“hyperexcitability”), so it meets the exposure, outcome, and animal criteria."
2424,"NO — This is a pharmacology/clinical summary of fluorinated anticancer drugs (eniluracil + 5‑FU) reporting pharmacokinetics and systemic toxicities (neutropenia, diarrhea), not an animal study nor reporting neurotoxicity outcomes."
2425,"NO — This is an animal study of anandamide (cannabinoid) analogs and their cannabimimetic behavioral effects (drug discrimination), not an investigation of fluoride or fluoride analogue exposure nor neurotoxicity outcomes."
2426,"NO — This is an in vitro mechanistic/cytotoxicity study of vinflunine (a fluorinated vinca alkaloid) focusing on tubulin interactions, not an animal study and it does not report any neurotoxicity outcomes."
2427,"YES — Chronic NaF exposure was administered to male mice and the study measured neurobehavioral outcomes (open-field activity, novel object recognition memory) and hippocampal SNARE-complex mRNA, meeting the animal + fluoride + neurotoxicity criteria."
2428,"NO — This is an analytical chemistry/materials methods paper about a fluorinated monolithic stationary phase for CEC, not an animal study and it reports no neurotoxicity outcomes."
2429,"NO — This is an engineering paper on fiber-optic W-fibers (mentions fluorine in cladding) and does not involve an animal study, fluoride exposure experiments, or any neurotoxicity outcomes."
2430,"NO — This is a chemical/pharmacological synthesis and receptor-binding study of a fluorinated compound, not an animal study and it does not report any neurotoxicity outcomes."
2431,"NO — This is a geological study of oxygen isotopes in quartz-pebble conglomerates (gold/uranium provenance) and does not involve fluoride exposure, neurotoxicity outcomes, or animal experiments."
2432,"YES — The title indicates an investigation of sodium fluoride toxicity (with glutamic acid), so it involves fluoride exposure and likely an animal toxicology model, though the record does not specify whether animals were used or whether neurotoxicity outcomes were assessed."
2433,"YES — The paper reports application of beryllium fluoride (a fluoride-containing analogue) to Aplysia neurons (an animal preparation) and measures neuronal K+ conductance, a neurophysiological outcome."
2434,"YES — Animal study in Wistar rats exposed to sodium fluoride (NaF) reporting neurotoxicity-related outcomes (learning/memory, hippocampal neuronal damage, oxidative stress and apoptosis markers)."
2435,"NO — This is a synthetic organic chemistry study of reactions with fluoro electrophiles (molecular reagents), not an animal study nor reporting any neurotoxicity outcomes."
2436,"YES — The record reports fluorine (fluoride) ion exposure causing inhibition of acetylcholinesterase (a neurotoxicity-relevant outcome), and although the species isn’t specified in the title/record, it appears to be experimental and thus is relevant/unclear for inclusion."
2437,NO — This is a materials-chemistry paper on synthesizing/characterizing fluorinated polysiloxanes with no animal experiments or neurotoxicity outcomes reported.
2438,"YES — The study examines exposure to VX (a phosphonofluoridate, i.e., a fluoride-containing organophosphate) and its effects on nerve-cell electrical function (neurotoxicity); the model (animal vs. in vitro) is not specified in the title."
2439,"NO — although NaF (sodium fluoride) was used in the culture medium, the study measures Ca-uptake in embryonic chick tibia in vitro (a bone endpoint) rather than any neurotoxicity outcome, and it is an in vitro organ culture rather than an animal neurotoxicity study."
2440,"NO — This is an animal study of prenatal heroin exposure (not fluoride or fluoride analogues), so it does not meet the exposure criterion."
2441,"NO — Materials science study of PVDF/TiO2 nanocomposites evaluating mechanical/tribological properties, not an animal study and does not report neurotoxicity outcomes or biological fluoride exposure."
2442,"YES — Rat choroid plexus/kidney slice experiments included testing sodium fluoride and measured a neurochemical outcome (5‑HIAA accumulation), so it involves fluoride exposure and a neurotoxicity‑related outcome in animal tissue."
2443,"YES — Animal study of anandamide analogs that includes hydroxyl-to-fluorine substitutions and reports in vivo neurobehavioral outcomes (antinociception, hypomotility, tail-flick), though it examines organofluorine analogs rather than ionic fluoride exposure."
2444,"YES — Study reports fluoride exposure in rats and finds increased intracellular calcium ([Ca2+]i) in brain (and other organs), indicating a neurobiologically relevant outcome in an animal model."
2445,"NO — The title indicates a general discussion of cholinesterase function with no indication of fluoride exposure, neurotoxicity outcomes, or an animal study."
2446,"YES — Animal study of fluorine-substituted phenyl acetate derivatives reporting neurobehavioral outcomes (LORR, recovery times) and GABAA electrophysiology in mice, rats and rabbits."
2447,NO — This is an in vitro/chemical study of peroxovanadium complexes (including BSA oxidation) that only mentions fluoride as a chemical additive and does not involve animals or report any neurotoxicity outcomes.
2448,"NO — This is a clinical/drug review of fluconazole (a fluorinated antifungal), not an animal study of fluoride exposure and it does not report neurotoxicity outcomes."
2449,"YES — An animal (squid giant axon) study that exposes tissue to fluoride and measures neuronal Na+-K+-Cl- cotransporter function, a neurophysiological outcome relevant to neurotoxicity."
2450,NO — This is an in vitro biochemical study using bovine tissues about G-protein beta-gamma regulation (it only mentions fluoride-stimulated Gs mechanistically) and is not an animal exposure study of fluoride/analogues reporting neurotoxicity outcomes.
2451,YES — Animal study in which rats were exposed to methanesulfonyl fluoride (a fluorinated compound) and cognitive/behavioral retention (a neurobehavioral outcome relevant to neurotoxicity) was measured.
2452,NO — This is a materials-chemistry study on synthesizing and characterizing fluorinated block copolymers (no animal exposure) and reports electronic/material properties rather than any neurotoxicity outcomes.
2453,"NO — This is a review about dietary aluminum (only briefly mentioning aluminum fluoride salts), not an animal study and it does not report animal research of fluoride exposure or neurotoxicity."
2454,NO — This is a review of PFOA exposure and health effects (not an original animal study) and the abstract does not report any animal neurotoxicity outcomes.
2455,"YES — Sodium fluoride (NaF) was applied to squid synaptosome (animal) preparations and effects on Ca2+/calmodulin-dependent protein kinase II activity (a neural biochemical outcome) were reported, though NaF was used as a phosphatase inhibitor rather than to study fluoride neurotoxicity explicitly."
2456,"NO — This is a medicinal chemistry study on spiropiperidine orexin-2 receptor antagonists and does not involve fluoride exposure, neurotoxicity outcomes, or an animal study."
2457,NO — This is an animal histochemistry study of 5'-nucleotidase and acid phosphatase in cat and mouse spinal cord/brain and does not involve exposure to fluoride or its analogues nor report neurotoxicity from fluoride.
2458,"YES — Animal (rat) study with fluoride exposure (150 ppm) that measured acetylcholinesterase activity in plasma, RBCs, heart and brain (a neurotoxicity biomarker)."
2459,"YES — examines the effect of NaF (sodium fluoride) on adenylate cyclase from rat brain (animal tissue), but it is an in vitro biochemical mechanism study and does not report explicit neurotoxicity outcomes, so relevance is uncertain."
2460,"YES — Reports effects of aluminium fluoride on inositol phospholipid hydrolysis in guinea-pig and rat brain slices (animal tissue), providing a neurochemical outcome relevant to neurotoxicity."
2461,"NO — This is a rat neuroanatomy/immunocytochemistry study of trigeminal neuron subpopulations with no exposure to fluoride or its analogues and no neurotoxicity outcomes (the phrase ""fluoride-resistant acid phosphatase"" refers to an assay, not fluoride exposure)."
2462,"NO — This is an animal study of spinal deafferentation and uses a fluoride-resistant acid phosphatase histochemical marker (FRAP) for labeling, but it does not involve exposure to fluoride or its analogues nor report neurotoxic outcomes from such exposure."
2463,YES — Experimental animal study (rat pups) with maternal NaF (fluoride) exposure reporting behavioral impairments and brain morphological/ultrastructural changes indicative of neurotoxicity.
2464,"NO — The study examines effects of neonatal thyroid hormone deficiency on cerebrocortical adenylate cyclase activity, not exposure to fluoride or fluoride analogues."
2465,"YES — The study examines effects of an organofluorophosphate (O,O-diisopropylphosphorofluoridate/DFP) and other organophosphorus inhibitors on chicken brain enzymes (animal tissue) with outcomes discussed in relation to acute cholinergic and delayed neurotoxicity."
2466,"NO — This is an in vitro study of cell adhesion and antimicrobial properties of fluorine-containing glass ceramics using cell lines (Saos-2, L929), not an animal study and it does not report neurotoxicity outcomes."
2467,NO — This is an animal neuroanatomy/tracer study in rats (retrograde/transganglionic labeling) and does not involve exposure to fluoride or its analogues nor assess fluoride-related neurotoxicity.
2468,"YES — Rat study exposing animals to synthesized fluorinated phenylethylamines and measuring neurochemical outcomes (adrenergic receptor binding and inhibited serotonin synaptosomal uptake), meeting the exposure and neurotoxicity outcome criteria."
2469,"NO — The title indicates a histochemical detection of acid phosphatase in the cochlear plexus and does not mention fluoride exposure, fluoride analogues, neurotoxicity outcomes, or an animal study."
2470,NO — This is a biochemical study of phosphorylation/dephosphorylation of microtubule-associated proteins from bovine pituitary and does not involve fluoride exposure nor report animal neurotoxicity outcomes.
2471,NO — The study examines sodium fluoride effects on thyroid adenylate cyclase (an endocrine outcome) with no indication of neurotoxicity measures or that it is an animal neurotoxicology study.
2472,"NO — This is a descriptive histochemical study of a fluoride‑resistant enzyme in rat adrenal chromaffin cells, not an animal exposure study of fluoride (or analogues) reporting neurotoxicity outcomes."
2473,"YES — Animal (rat) study of chronic fluoride exposure (fluorosis via drinking water) reporting neurotoxicity-related brain outcomes (changes in cortical P-glycoprotein and NF-κB protein/mRNA), so it meets the inclusion criteria."
2474,"NO — This is a clinical review of inhalational anaesthetics in humans noting inorganic fluoride as a metabolite (renal toxicity), not an animal study and it does not report neurotoxicity outcomes."
2475,"NO — This study examines Cd(II), Hg(II), and Pb(II) paracetamol complexes with hepatic/hematological outcomes (antihepatotoxicity and liver antioxidant measures), not exposure to fluoride or its analogues nor any neurotoxicity outcomes."
2476,"YES — The record reports animal data on fluorinated anesthetics (desflurane/sevoflurane) and describes central nervous system effects in animals (rats), meeting the exposure to fluoride analogues and an animal neurotoxicity-related outcome (though outcomes are generalized)."
2477,NO — This is a radiochemistry/biodistribution methods paper using F-18 to label antibodies (with brief biodistribution in mice) and does not assess fluoride (or analogue) neurotoxicity outcomes in an animal study.
2478,"YES — Animal study of rats exposed to fluoride (25 mg F/L) that reports brain oxidative-stress measures (GSH, GPx, CAT, TBARS), which are relevant neurotoxicity-related outcomes."
2479,NO — This is a molecular cloning/characterization study of a rat carboxylesterase with no exposure to fluoride or its analogues and no neurotoxicity outcomes reported.
2480,"NO — This is an in vitro biophysical 19F-NMR study using a fluorinated GTP analogue to probe tubulin structure, not an animal study and it does not assess fluoride (or analogue) exposure or any neurotoxicity outcomes."
2481,NO — This is an environmental soil-column study of fluoride retention/transport in soils and does not involve animals or report any neurotoxicity outcomes.
2482,"YES — Animal study in Wistar rats assessing brain-cell DNA damage (comet assay) after exposure to high fluoride (NaF in drinking water), thus meeting exposure and neurotoxicity outcome criteria."
2483,"NO — This is an in vitro biochemical study of protein methylation/demethylation in bovine brain cytosol and does not involve exposure to fluoride/analogues, nor report neurotoxicity outcomes or an in vivo animal exposure."
2484,"NO — This is a biochemical enzyme purification study of adenylosuccinate synthetase from rabbit tissues and does not involve fluoride (or analogues), neurotoxicity outcomes, or an exposure experiment."
2485,NO — this is an animal (guinea pig) study of sodium fluoride-induced airway smooth muscle contractility (lung/tracheal strips) and does not report any neurotoxicity-related outcomes.
2486,YES — Chronic exposure study in rats administering aluminum-fluoride (AlF3) and sodium fluoride in drinking water that reports neuronal and cerebrovascular alterations indicative of neurotoxicity.
2487,"NO — Fluoride/antimonate were used as precipitation reagents for Ca2+ localization, not as an exposure to study fluoride neurotoxicity; the paper describes embryonic neurodevelopmental anatomy rather than an animal study of fluoride-related neurotoxic outcomes."
2488,"NO — This is an in vitro study on baker's yeast (a fungus), reporting biochemical effects of fluoride on respiration/fermentation rather than an animal model or any neurotoxicity outcomes."
2489,"NO — This is an in vitro materials study of fluorinated perfluorocarbon-conjugated hydrogels tested on fibroblast cultures for wound-healing/oxygen delivery, with no animal experiments or neurotoxicity outcomes reported."
2490,YES — Animal (spotted owlet) experimental study of sodium fluoride reporting histological changes in hypothalamic neurosecretory neurons (SON/PVN and neural lobe) indicative of altered neurosecretory function (neuro-related outcome).
2491,"NO — This is an animal study of prenatal ethanol (alcohol) exposure and its effects, not fluoride or a fluoride analogue, so it does not meet the exposure criterion."
2492,YES — Animal (in vivo cat) study reporting effects of sodium fluoride (NaF) on motor nerve terminal and muscle responses (neurophysiological outcomes) relevant to neurotoxicity.
2493,"NO — Although this rabbit ex vivo study examines the fluorinated anesthetic methoxyflurane and fluoride concentrations, it reports renal PAH uptake and electrolyte/water changes (kidney outcomes), not any neurotoxicity measures."
2494,"NO — Although the paper mentions aluminum fluoride (AlF4-) as a biochemical reagent, it is a molecular/biochemical study of a G-protein mutant (not an animal study) and reports no neurotoxicity outcomes."
2495,"NO — in vitro cell-culture study of fluoride-surface–modified alloy assessing osteoblast/fibroblast/macrophage biocompatibility and oxidative stress, not an animal study and it does not report neurotoxicity outcomes."
2496,"YES — Rat brain study reporting changes in adenylate cyclase ""fluoride sensitivity"" (an outcome related to neural signaling), but it is unclear whether fluoride was used as an experimental exposure or merely as an assay reagent and whether effects indicate neurotoxicity."
2497,"NO — The study investigates effects of proteases (thrombin, collagenase, trypsin, etc.) on NGF production in cultured rat astrocytes, not exposure to fluoride or its analogues."
2498,"YES — Animal study of acetylcholinesterase regeneration after intoxication with pinacolyl methylphosphono-fluoridate (an organophosphorus fluoridate), reporting a neurotoxicity-related outcome."
2499,NO — this rat study uses sodium fluoride in fixation/assay to measure fluoride-resistant acid phosphatase distribution but does not investigate fluoride (or analogues) as an exposure or report neurotoxic outcomes.
2500,"NO — an in vitro biophysical study of the AICD-47 peptide (using fluorinated solvents TFE/HFIP) with no animal experiments, no intentional fluoride exposure relevant to environmental/toxicology, and no neurotoxicity outcomes reported."
2501,"YES — Reports oral sodium fluoride exposure and measures fluoride penetration/kinetics into brain (BBB passage and brain levels), a neurotoxicity-relevant outcome (animal status not explicit/unclear)."
2502,"NO — Although fluoride exposure is tested, this study examines effects on cortical bone compressive properties (not neurotoxicity) and does not report an animal neurotoxicology outcome."
2503,"NO — The study examines endocannabinoids (2-AG, AEA, etc.) and CB1 receptor G-protein activation in rat cerebellar membranes, not exposure to fluoride or its analogues, so it does not meet the fluoride/neurotoxicity inclusion criteria."
2504,"YES — The title describes fluorine-containing compounds with pharmacologic (antihelminthic and spasmolytic) effects but does not specify animal experiments or neurotoxicity outcomes, so relevance is unclear."
2505,"NO — Study uses NG108-15 cell homogenates (an in vitro neuronal cell line) measuring adenylate cyclase activity after NaF exposure, not an in vivo animal study nor an outcome clearly assessing neurotoxicity."
2506,"YES — Animal (rat) study of elevated plasma fluoride reporting histopathologic effects, so it involves fluoride exposure and potentially relevant tissue/neurotoxic outcomes even though the title doesn't specify the organ."
2507,"NO — Although the implants contain calcium fluoride (CaF2), this rabbit study examines bone bonding/interface and mechanical failure loads, not any neurotoxicity outcomes."
2508,"YES — Animal study administering sodium fluoride to rabbits that reports neuro-related outcomes (thermoregulatory effects and decreased hypothalamic norepinephrine), meeting the exposure and neurotoxicity criteria."
2509,"YES — The study used sodium fluoride on tissues from an animal parasite and reports effects on neural-related enzymes (AChE/NSE) as measured histochemically, which meets the exposure (fluoride), neurotoxicity-related outcome (cholinesterase activity), and animal study criteria."
2510,"NO — This is an in vitro study of rat GH1 pituitary cell lines (not an in vivo animal study), focuses on cAMP derivatives/adenylate cyclase (with only a brief mention of fluoride as an activator) and reports growth-related outcomes rather than any neurotoxicity measures."
2511,"YES

Dog (animal) study of S-1, a fluorinated pyrimidine (tegafur/5-FU prodrug) formulation, reporting CNS-related signs (reduced spontaneous movement, sedation) and histopathology (vacuolation of the cerebral fornix and anterior commissure) consistent with neurotoxic outcomes."
2512,"NO — Although fluoride is used experimentally, the study examines phosphorylation and pigment droplet dispersion in goldfish xanthophores (biochemical/cellular pigment effects), not any neurotoxicity outcome."
2513,YES — Animal study in adult mice exposed orally to sodium fluoride (± arsenic) reporting neurotoxic outcomes (cerebral hemisphere histology and neurochemical changes including DNA/RNA levels and acetylcholinesterase activity).
2514,"NO — this is an in vitro mouse keratinocyte cell-culture study of aluminum fluoride effects on signaling and differentiation, not an in vivo animal study nor does it report neurotoxicity outcomes."
2515,"YES — Animal study administering sodium fluoride intraventricularly in rats and measuring central (pressor) effects, so it involves fluoride exposure in animals with CNS-related outcomes and is potentially relevant to neurotoxicity."
2516,NO — this is a biochemical characterization of a DFP-hydrolyzing enzyme in squid/rat tissues and does not report animal neurotoxicity outcomes following exposure to fluoride or fluorinated compounds.
2517,"NO — This is an environmental biomagnification/monitoring study of perfluorinated compounds in a food web (concentrations and risk assessment in wildlife), not an animal experiment reporting any neurotoxicity outcomes."
2518,"NO — This paper studies 2‑arachidonoylglycerol analogues inhibiting MAGL/FAAH (endocannabinoid pharmacology), not fluoride or its analogues, and does not report animal neurotoxicity outcomes."
2519,NO — This is a physico-chemical study of adsorption and micellisation of fluorinated surfactants and does not report any animal experiments or neurotoxicity outcomes.
2520,"NO — This is an in vitro study of Acanthamoeba encystation (using the serine protease inhibitor phenylmethanesulfonyl fluoride), not an animal study and it does not examine fluoride exposure or any neurotoxicity outcomes."
2521,NO — This is a medicinal chemistry study of fluorinated GABA analogues assessing GABA-AT inhibition (likely in vitro) and does not report animal data or neurotoxicity outcomes.
2522,"NO — This is an in vitro 19F NMR structural study using fluorinated amino-acid labels on a bacterial binding protein and reports protein stability/binding, not an animal study nor any neurotoxicity outcomes."
2523,"NO — This is a human clinical study (not an animal study), fluoride appears only as an assay reagent (cesium fluoride) rather than an exposure, and the outcomes concern platelet adenylyl cyclase/depression rather than animal neurotoxicity."
2524,"NO — This is a review of synthesized bis-pyridinium oxime reactivators (mentioning some fluorinated analogs) for organophosphate poisoning, not an animal study of fluoride (or fluoride analogue) exposure reporting neurotoxicity outcomes."
2525,NO — This is an in vitro study of fluoride effects on cortical bone mechanical/ultrasonic properties (not an animal study) and reports no neurotoxicity outcomes.
2526,"YES — The study used sodium fluoride (20 mM NaF) as an inhibitor and reported effects on histidine decarboxylase activity in hypothalamic tissue from animals (rat/cerebellum etc.), i.e. an animal neurochemical outcome related to neurotoxicity."
2527,"NO — This is a medicinal chemistry study describing fluorinated drug analogues and CYP3A4 metabolism, not an animal study nor reporting any neurotoxicity outcomes."
2528,"NO — this is an in vitro biochemical study on purified mammalian brain tubulin (microtubule assembly) mentioning fluoride effects, not an in vivo animal exposure study and it does not report animal neurotoxicity outcomes."
2529,"NO — Although this is an animal (guinea pig) study, sodium fluoride was only used as an in vitro/pharmacologic reagent to block phosphatase in assay solutions (not as a fluoride exposure), and the paper reports adrenal cholesterol/steroidogenesis measures rather than any neurotoxicity outcomes."
2530,NO — This is a clinical/pharmacology review of the fluorinated anesthetic enflurane (with some animal cardiac data) but it is not an animal study reporting neurotoxicity outcomes.
2531,NO — the study examines tetramethylammonium (TMA) effects on squid giant axon sodium channels and does not involve fluoride or fluoride analogues.
2532,"YES — Animal study in rats exposed to fluoride (100 ppm) reporting neurotoxicity-related outcomes (brain and region weights, lipid peroxidation, and antioxidant enzyme levels)."
2533,"YES — Chronic oral sodium fluoride exposure was given to Sprague-Dawley and Lou/C rats and pain sensitivity/neuropathy outcomes (thermal hyperalgesia, mechanical allodynia) were assessed."
2534,NO — This is an in vitro study of APP proteolytic cleavage in PC-12 cells and does not involve fluoride/analogues or report animal neurotoxicity outcomes.
2535,"NO — This is an animal study that includes sodium fluoride treatment but measures bone collagen/mineral nanostructure in osteoporosis, not any neurotoxicity outcomes."
2536,NO — This is a human exposure/risk assessment of fluoride in black tea (tea samples and participant questionnaires) and does not report an animal study or animal neurotoxicity outcomes.
2537,"YES — This is a rat (animal) study of a fluorinated compound (8-2 fluorotelomer alcohol, a fluoride analogue) that included neurobehavioral assessments as neurotoxicity outcome measures (reported as no treatment-related neurobehavioral changes)."
2538,"NO — Although the paper involves fluorinated nucleosides (5-fluoro-2′-deoxycytidine) and includes a preliminary mouse leukemia assay, it is a synthesis/anticancer study and does not report any neurotoxicity outcomes."
2539,"NO — this is an in vitro study of neuronal and astrocyte cell lines examining aluminum species (including aluminum fluoride) and cellular toxicity/distribution, not an animal neurotoxicity study."
2540,"YES — Wistar rats were exposed to fluoride (with arsenic) across two generations and assessed for neurobehavioral outcomes (early reflexes, learning/memory, swimming/anoxia times) and brain pathology, meeting the exposure (fluoride), neurotoxicity outcome, and animal study criteria."
2541,NO — This is an equine diagnostic study on Western blot test specificity for Sarcocystis neurona antibodies and does not involve fluoride exposure or report any neurotoxicity outcomes.
2542,"YES — Insect (animal) study exposing Choristoneura occidentalis to an omega-fluorinated pheromone analogue (14F‑E11‑14:Al) reporting electroantennogram (neurophysiological), behavioral, and survival outcomes."
2543,NO — This is an in vitro receptor/adenylate cyclase study that uses fluoride as an assay activator in striatal membranes and does not report an animal study of fluoride exposure or any neurotoxicity outcomes.
2544,"NO — Although fluoride is mentioned as an enzyme inhibitor in bovine retinal extracts, this is a biochemical enzyme-kinetics study (not an in vivo animal neurotoxicity study) and reports no neurotoxicity outcomes."
2545,"YES — Primary rat hippocampal neurons were exposed in vitro to sodium fluoride and the study reports neurotoxicity outcomes (reduced cell survival, neurite growth, and decreased NCAM mRNA/protein levels)."
2546,"YES — Animal (rat) study of fluoride exposure assessing neurotoxicity-related brain oxidative stress outcomes (MDA, GSH, SOD, GPx, GR, CAT) and effects of melatonin/pineal proteins."
2547,"NO — Although this is an animal (rat) study, sodium fluoride is only mentioned as an in vitro inhibitor used in the histochemical assay (0.2 mM), not as an exposure to fluoride/analogue nor as an investigation of fluoride-related neurotoxicity."
2548,"NO — This is a chemical/pyrolysis study of fluoroborate waste characterizing gaseous fluorine species (SiF4, BF3, HF) and does not involve animal experiments or report any neurotoxicity outcomes."
2549,"YES — The study examines nitrogen trifluoride (a fluorinated compound) in vitro and in vivo, so it involves a fluoride analogue and in vivo experiments, but it's unclear from the title whether the in vivo work is in animals and whether any neurotoxicity outcomes were assessed."
2550,"NO — The paper appears to be an in vitro biochemical study of sodium fluoride-mediated inactivation of phosphopyruvate hydratase (enolase), not an animal study nor reporting neurotoxicity outcomes."
2551,"YES — Animal study in mice reporting oral sodium fluoride exposure (6 and 12 mg/kg/day) that caused dose‑dependent reductions in protein content in cerebral hemisphere, cerebellum and medulla oblongata (neurotoxicity-related outcomes), with amelioration by black tea."
2552,"NO — This is an in vitro methods paper on mRNA/protein extraction from a fungus using anhydrous hydrogen fluoride, not an animal study and it does not report any neurotoxicity outcomes."
2553,"NO — Animal study of fluoride distribution in bone (femur growth plate and cortical bone) in uremic rats, but it reports bone fluoride content rather than any neurotoxicity-related outcomes."
2554,"YES — This is an animal (baboon) study of a fluorinated cocaine analogue (4'-fluorococaine, an organofluorine compound) with in vivo PET brain imaging and in vitro neurotransmitter reuptake assays, although the outcomes are pharmacokinetic/receptor-binding measures rather than explicit neurotoxicity endpoints."
2555,"NO — This is a human study of osteopontin proteolysis in urine from kidney stone patients and does not involve fluoride/analogues, neurotoxicity outcomes, or animal experiments."
2556,"NO — This is a human biomonitoring/methods study using fluoride ions as a lab reagent to reactivate cholinesterase in serum from sarin victims (not an animal study), and it does not examine neurotoxicity outcomes from fluoride exposure."
2557,"NO — Although sodium fluoride was used on isolated porcine and bovine basilar arteries (animal tissue), the study measures endothelial/vascular tone responses, not any neurotoxicity-related outcomes."
2558,NO — This rat study investigates VIP stimulation of pituitary adenylate cyclase and does not involve fluoride or its analogues nor report neurotoxicity outcomes.
2559,"NO — The paper describes synthesis and in vitro photoaffinity probe binding/photoinactivation experiments on bovine brain membranes with a fluorinated arylazide, not an in vivo animal study of fluoride (or analogue) neurotoxicity."
2560,"NO — This is an in vitro biochemical study of recombinant transducin using aluminofluoride (AlFx) as a GTP-mimic, not an animal exposure study and it does not report any neurotoxicity outcomes."
2561,NO — This is an in vitro/biochemical study of fluorinated L-DOPA analogs and PET tracer kinetics (with discussion of potential mechanisms) rather than an animal study and it does not report any neurotoxicity outcomes.
2562,"NO — The study uses fluoride-treated bovine bone samples to assess mechanical/acoustic properties (ex vivo bone), not any neurotoxicity outcomes."
2563,"NO — Although the study exposes rat tissues to fluoride (NaF) and uses animal-derived membranes, it measures hepatic adenylate cyclase enzymatic activity (a biochemical outcome) and does not report any neurotoxicity-related outcomes."
2564,"YES — The title reports acute fluoride exposure affecting Substance P–containing myenteric varicosities (a neurochemical/neuroanatomical outcome of the enteric nervous system), indicating a neurotoxicity-relevant measure and likely an animal study."
2565,"NO — this rabbit study used ammonium hydrogen fluoride-modified implants (an exposure to a fluoride compound) but measured osseointegration/bone apposition, not any neurotoxicity outcomes."
2566,NO — This is a molecular/biochemical study of endocannabinoid hydrolysis in expressed enzymes/COS-7 cells (using rat enzyme cDNA) and does not involve exposure to fluoride or analogues nor report any animal neurotoxicity outcomes.
2567,"YES — Animal study exposing aquatic snails (Potamopyrgus antipodarum) to fluoride with behavioural endpoints (velocity, immobility) measured, which are relevant neurotoxicity-related outcomes."
2568,"YES — Animal study exposing mice to 18F-labeled fluorinated compounds ([18F]fluoride-derived tracers) with reported brain uptake (blood–brain barrier passage), though no explicit neurotoxicity endpoints are reported, so relevance to neurotoxicity is unclear."
2569,NO — This is an animal study of renal/vasopressin action in mice that only mentions sodium fluoride as a nonspecific in vitro stimulator of adenylate cyclase and does not report any neurotoxicity outcomes.
2570,"NO — This is an in vitro biochemical study (using human samples and rat brain homogenate) showing cholinesterase inhibition by fluoride, not an in vivo animal study."
2571,"NO — This is an in vitro study of osteoblast (MC3T3-E1) responses to annealed titania nanotubes (with a note of fluorine loss) and does not involve fluoride exposure as the experimental variable, any neurotoxicity outcomes, or an animal model."
2572,"NO — Although this is an animal (rat) study involving fluoride-stimulated adenylate cyclase activity, it measures liver biochemical responses, not any neurotoxicity-related outcomes."
2573,"NO — This is a human-focused review about transition metals (e.g., aluminum, copper, zinc, iron) and Alzheimer's disease, not an animal study of fluoride or its analogues."
2574,"NO — although an animal study, ""FRAP"" here refers to fluoride/formalin-resistant acid phosphatase enzyme activity (a histochemical marker), not exposure of animals to fluoride or its analogues, and the outcomes are enzymatic/nociceptive markers rather than neurotoxicity from fluoride exposure."
2575,"NO — Although rat brain tissue was studied and sodium fluoride is mentioned in assay conditions, this appears to be an in vitro reagent used during enzyme measurements rather than an animal exposure study reporting neurotoxicity outcomes."
2576,"NO — The study tests fluorinated ceramide analogues in hippocampal neuron cultures (in vitro) rather than reporting an in vivo animal study of fluoride exposure, so it fails the required ""animal study"" inclusion criterion."
2577,"NO — Study is a biochemical characterization of a rat brain enkephalin-degrading aminopeptidase, with no exposure to fluoride (or analogues) and no neurotoxicity outcomes reported."
2578,"NO — Although an animal study of rat trigeminal brainstem biochemistry, the paper investigates a ""fluoride‑resistant"" enzyme and lectin binding rather than research involving exposure to fluoride or its analogues as an agent."
2579,"YES — Sodium fluoride was used and the study (in rat pituitary tissue) reports effects on adenylate cyclase activity, cAMP accumulation and hormone release, i.e., neurochemical outcomes in an animal model."
2580,NO — This is a molecular/immune characterization of a serine protease in striped murrel with enzyme and antibacterial outcomes and contains no exposure to fluoride (or analogues) nor any neurotoxicity measures.
2581,"NO — Human in situ clinical study of CHX/NaF mouthrinse reporting enamel remineralisation and fluoride uptake (not neurotoxicity), and it is not an animal study."
2582,NO — This record concerns sodium channel gating mechanisms in nerves and does not describe an animal study of fluoride (or analogues) exposure or related neurotoxic outcomes.
2583,"NO — This is a materials-chemistry study of perfluorinated liquid-crystalline compounds reporting synthesis and phase behavior, with no animal experiments or neurotoxicity outcomes."
2584,"NO — This is a geochemical thermodynamic modeling study of REE–fluorite interactions in hydrothermal fluids, not an animal study and it does not report any neurotoxicity or biological fluoride exposure outcomes."
2585,"NO — This is an in vitro study of vitamin A metabolism in human Caco-2 cells and does not involve fluoride exposure, neurotoxicity outcomes, or an animal model."
2586,"NO — This guinea pig study examines 5-hydroxytryptamine (serotonin) uptake in the myenteric plexus and does not involve fluoride or its analogues, so it fails the exposure criterion."
2587,YES — Animal (rabbit) study of aluminum fluoride (a fluoride analogue) reporting neurophysiological/neurochemical outcomes (modulation of GTP‑protein activity and catecholamine release in the carotid body).
2588,"NO — This in vitro study of anandamide metabolism in the unicellular protozoan Tetrahymena pyriformis does not involve fluoride exposure, neurotoxicity outcomes, or an animal model."
2589,"NO — the study examines organophosphorus pesticide effects on rat acetylcholinesterase/membrane fluidity, not exposure to fluoride or its analogues."
2590,NO — Engineering study on fluoride adsorption using laterite columns; not an animal study and reports no neurotoxicity outcomes.
2591,"NO — This is an engineering/robotics study using PVDF film as a sensor for a biomimetic minirobot, not an animal study, and it does not report exposure to fluoride (or analogues) nor any neurotoxicity outcomes."
2592,"NO — This is an animal study of organophosphorus cholinesterase inhibitors (paraoxon, DFP, mipafox) in hen brain and does not examine exposure to fluoride (or fluoride ion/fluoride-class compounds) as the exposure of interest."
2593,YES — The study exposes animal brain slices to sodium fluoride (NaF) and reports effects on amino-acid uptake (a neurophysiological outcome relevant to neurotoxicity).
2594,"NO — Animal study of chronic fluorosis in guinea pigs reporting metabolic and tissue-respiration outcomes (liver, suprarenal, etc.), not any neurotoxicity or nervous-system outcome measures."
2595,"NO — This is a rat study of blood-retinal barrier permeability using sodium fluorescein (NaFl) and FITC-dextrans as fluorescent markers, not an exposure to fluoride (F−) or fluoride analogues, nor does it report neurotoxicity outcomes."
2596,"NO — The study uses cultured rat skeletal muscle cells and only mentions NaF as an AC stimulant (not as a primary fluoride exposure), reports adenylate cyclase activity in muscle (not neurotoxicity outcomes), and is an in vitro muscle-cell study rather than an animal neurotoxicity study."
2597,"NO — this is an in vitro study of ovine pituitary (pars tuberalis) cells treated with melatonin (with aluminium fluoride used only as a biochemical tool), not an animal study of fluoride exposure, and it reports signalling outcomes rather than any neurotoxicity measures."
2598,"NO — This is an in vitro study in DDT1 MF-2 cells (not an animal study), focuses on adenosine receptor desensitization rather than neurotoxicity, and only briefly mentions sodium fluoride as a general activator rather than reporting fluoride exposure effects in animals."
2599,"YES — This is an animal (rat) study of fluorinated histidine analogs (organofluorine compounds) assessing receptor binding in brain regions, involving fluorinated exposure and neurobiological outcomes (though not explicitly labeled as toxicity)."
2600,"YES — Animal (rabbit) study reporting retinal neuroepithelium damage and altered tissue -SH levels following intravenous exposure to sodium fluoride (with potassium permanganate), i.e., a neurotoxic outcome."
2601,"NO — the study examines lithium (LiCl) effects in NGF-differentiated PC12 cells (in vitro), not exposure to fluoride or its analogues and not an animal neurotoxicity study."
2602,"NO — Although this is an animal (bovine) study exposed to fluoride ions, the outcomes are bone mechanical properties (elastic modulus, tensile strength) and not any measures of neurotoxicity."
2603,"NO — chemistry synthesis and structural characterization of organoantimony difluorides, with no animal study or neurotoxicity outcomes reported."
2604,"NO — This is an in vitro study on human MG63 osteoblast-like cells exposed to fluorohydroxyapatite-coated implants assessing bone-cell markers (alkaline phosphatase, osteocalcin), not an animal study nor reporting neurotoxicity outcomes."
2605,"NO — Although this is an animal study of fluorinated phenyl ethanolamines in rats, the reported outcome is hyperglycemia (metabolic) induced by catecholamines rather than any neurotoxicity measure."
2606,"NO — This is a materials-science paper on covalent B–F bond formation in organic electronic devices using fluoride counteranions, not an animal study and it does not report any neurotoxicity outcomes."
2607,"NO — Rat inhalation study of fluoro-substituted 1,1,1-trihaloethanes reporting PBPK, liver/lung glutathione and serum enzyme markers (general toxicity), but no neurotoxicity outcomes were measured."
2608,"NO — This is a medicinal-chemistry/pharmacology paper on fluorinated BACE1 inhibitor drug candidates reporting pharmacodynamic reduction of beta-amyloid in mice, not an animal study of exposure to fluoride/fluoride analogues nor outcomes assessing neurotoxicity."
2609,"NO — Animal study of intraocular gas bubbles (perfluoropropane, sulfur hexafluoride) reporting intraocular pressure/retinal outcomes, not fluoride ion exposure nor any neurotoxicity outcome."
2610,YES — Animal (mouse) study of fluorinated valproic acid analogues (including 2‑Fluoro‑VPA‑hydroxamic acid) with measured neurotoxicity outcomes (rotarod TD50) and teratogenicity.
2611,"NO — This is an engineering paper describing PVDF-based micro/nano sensors for robots, not an animal study and it does not assess fluoride exposure or any neurotoxicity outcomes."
2612,YES — Animal study exposing Labeo rohita fingerlings to fluoride (as NaF) that reports behavioral outcomes (no apparent adverse effects) and fluoride accumulation.
2613,"NO — this is an in vitro cell-adhesion study using fluorinated polymer substrates and neuronal cell lines (NG108-15, PC12), not an animal exposure study and it does not report neurotoxicity outcomes."
2614,"YES — Animal study of the fluorine-containing pesticide MNFA reporting central and peripheral nervous system effects including EEG changes indicative of severe brain impairment, so it meets exposure (fluorine analogue) and neurotoxicity outcome criteria."
2615,"NO — This study concerns synthesis and toxicity (LD50) of tin-based dendrimers (organotin exposure), not fluoride or fluoride analogues, and it does not report neurotoxicity outcomes."
2616,"YES — Study uses aluminum fluoride (AlF) as the fluoride analogue exposure in guinea-pig chromaffin (animal-derived) cells and reports electrophysiological outcomes (inwardly rectifying K+ and nonselective cation currents), which are neurophysiology-relevant measures."
2617,"NO — Animal study administering sodium fluoride to ovariectomized rats, but outcomes are bone mass and osteogenic markers (BMD/BMC, osteocalcin), with no neurotoxicity measures reported."
2618,"NO — This is an in vitro enzymatic characterization in a Drosophila tumorous cell line (not an in vivo animal study) measuring lysosomal enzyme activities (not neurotoxicity outcomes), although fluoride is mentioned as an inhibitor."
2619,"NO — Although this is an animal study of 18F-fluoroalkyl glucose tracers (fluoride-containing exposure) reporting biodistribution and some brain uptake, it does not assess or report any neurotoxicity outcomes."
2620,"NO — This is an in vitro NMR screening methods paper using fluorine-containing substrates to identify protease inhibitors, not an animal study of fluoride exposure or neurotoxicity."
2621,"YES — The record contains only the vague title ""The future will be better"" with no information on fluoride exposure, neurotoxicity outcomes, or animal subjects, so relevance is unclear and full text retrieval is needed."
2622,"NO — This is a materials-science study of polymer blend morphology (macrocyclic carbonates and maleated polypropylene), not an animal study, and it does not involve fluoride exposure or report any neurotoxicity outcomes."
2623,"NO — This pharmacology study examines pyrazolopyridines' effects on GABA/benzodiazepine binding in rat cerebellum and only notes fluoride as an anion that does not support binding, but it does not involve exposure to fluoride/analogues nor report neurotoxicity outcomes."
2624,NO — This is a biochemical study using NaF to activate adenylate cyclase in solubilized tissues (pig and rat membranes) and does not report any neurotoxicity outcomes nor an in vivo animal exposure relevant to neurotoxicity.
2625,"YES — Animal study in rats testing methanesulfonyl fluoride (MSF), a fluoride-containing cholinesterase inhibitor, reporting effects on scopolamine-induced amnesia (neurobehavioral/neurotoxicity outcome)."
2626,"NO — This is an in vitro cell-culture study of poly(vinylidene fluoride) (PVDF) surface properties and cell proliferation/fibronectin adsorption, not an animal study, and it does not investigate fluoride exposure as a neurotoxicant."
2627,NO — This is an in silico QM/MM molecular dynamics study of soman inhibiting acetylcholinesterase and does not involve any animal experiments or report neurotoxicity outcome measures.
2628,"NO — although fluoride is used as a biochemical activator in rat brain membrane assays, this is a mechanistic neurochemistry study of opiate effects on adenylate cyclase (not an animal study of fluoride exposure nor does it report neurotoxicity outcomes)."
2629,"NO — Although the study uses aluminium fluoride, it reports vascular contractile responses in isolated rat mesenteric arteries (vascular physiology), not any neurotoxicity-related outcomes."
2630,"YES — Rabbit eyes were experimentally exposed to perfluorocarbon (fluorinated) liquids and retinal histology/immunohistochemistry were reported, meeting the animal-exposure and neurotoxicity outcome criteria."
2631,"NO — Although an animal (rat) study involving fluoride-containing implants is described, the reported outcome concerns bone fixation/implant integration, not any neurotoxicity measure."
2632,"YES — Frog (Xenopus) oocyte (animal) study that uses intracellular fluoride ion injection and measures metabotropic glutamate receptor-mediated PLC activity and electrophysiological (neuronal signaling) outcomes, making it relevant (though it reports neurophysiological rather than explicit toxic damage)."
2633,"NO — This study investigates cysteine sulfhydryl involvement in adenylate cyclase activation by biogenic amines in mollusk and rat tissues, not exposure to fluoride or its analogues nor fluoride-related neurotoxicity."
2634,"NO — The title refers to bone mechanical properties/composition with no indication of fluoride exposure, neurotoxic outcomes, or an animal study, so it does not meet the inclusion criteria."
2635,"NO — This is a materials-science study of polymer blends using modulated DSC (poly(butylene terephthalate)/polycarbonate) and does not involve fluoride exposure, neurotoxicity outcomes, or animal experiments."
2636,"NO — This is a mechanistic review of sodium channel inactivation by toxins and drugs (e.g., batrachotoxin, aconitine) and does not involve exposure to fluoride/analogues nor report animal neurotoxicity outcomes."
2637,"NO — This is an animal study of renal adenylate cyclase and parathyroid hormone in vitamin D–deficient rats that only mentions ""fluoride-stimulated enzyme activity"" as an assay, not exposure to fluoride/analogues, and it reports renal/cellular endpoints rather than any neurotoxicity outcomes."
2638,"NO — although fluoride is mentioned as mimicking ATP, the study investigates K+ channel regulation in mouse kidney (renal epithelium) and does not assess any neurotoxicity outcomes."
2639,"NO — This animal study investigates in vivo muscarinic receptor binding and pharmacokinetics of an 18F-labeled ligand (a radiotracer), not neurotoxicity outcomes related to fluoride exposure."
2640,"NO — This study reports synthesis and evaluation of 18F-labeled μ-opioid receptor imaging agents (binding and brain uptake, including autoradiography on rat brain tissue) but is not an animal neurotoxicity study and does not report outcomes related to neurotoxicity or systemic fluoride exposure."
2641,NO — This is an orthopedic study of lumbar vertebral prosthesis in dogs and does not involve fluoride/analogue exposure or report neurotoxicity outcomes.
2642,"YES — the record reports effects of sodium fluoride on synaptic plasma membrane Ca2+-stimulated ATPase activity (a neurophysiology/neurotoxicity–relevant outcome) in synaptic membrane preparations (presumably from animal brain), though it appears to be an in vitro membrane biochemical study rather than a clear in vivo animal exposure."
2643,"YES — Animal study administering 5-fluorouracil (a fluorinated compound) with neurobehavioral outcomes (water maze, tail suspension, open field) relevant to neurotoxicity, so inclusion is relevant/uncertain regarding whether 5-FU counts as a ""fluoride analogue."""
2644,"YES — Animal study in rats measuring serum fluoride after sevoflurane anesthesia (exposure to fluoride), but the reported outcome is cytochrome P-450 (neurotoxicity relevance unclear from the title)."
2645,"NO — This is an in vitro cancer cell study (C6 rat glioma, U251, primary astrocytes) investigating metformin; sodium fluoride is only used as a glycolysis inhibitor in cell culture, and no in vivo animal study of fluoride-related neurotoxicity is reported."
2646,"YES — Animal (mouse) study of dermal hydrofluoric-acid exposure that reports organ fluorine content including the brain (brain fluorine concentration was measured), so it includes an outcome relevant to neurotoxicity (though no behavioral/neurohistological brain effects were reported)."
2647,"NO — This is an in vitro bovine adrenocortical cell study of fluoride's role in calcium-induced steroidogenesis (endocrine outcome), not an animal study reporting neurotoxicity outcomes."
2648,NO — The study involves rat synaptosomal adenylate cyclase activity (a neuro measure) but the record gives no indication of exposure to fluoride or its analogues.
2649,NO — This is an organometallic chemistry study of triflate coordination (crystallography and VT NMR) and does not report any animal experiments or neurotoxicity outcomes.
2650,"NO — This is a methods paper describing synthesis and PET use of an F-18-labelled tracer in monkeys, not a study of fluoride (or analogues) exposure producing neurotoxic outcomes."
2651,NO — Animal study of developmental enzyme changes in rat brain that does not mention exposure to fluoride or its analogues (not a fluoride neurotoxicity study).
2652,"NO — the study tests AEBSF (a serine protease inhibitor containing a sulfonyl fluoride moiety) on PI3K inhibitor–induced CHOP expression (molecular/cell work), not exposure to fluoride as a neurotoxicant, and it is not an animal neurotoxicity study."
2653,NO — This is an animal study of cannabidiol's effects on airway smooth muscle in guinea pigs and does not involve fluoride (or its analogues) nor report neurotoxicity outcomes.
2654,"NO — This is an animal (rat) study that used sodium fluoride to modulate forskolin binding, but it reports receptor binding/distribution data rather than any neurotoxicity-related outcomes."
2655,"NO — This is a review on regulation of Ca2+/calmodulin-dependent protein kinases and protein phosphatases, not an animal study of fluoride (or analogues) exposure or neurotoxicity outcomes."
2656,"NO — This is a clinical review of osteoporosis treatments in postmenopausal women (human studies), it only mentions fluoride as a therapeutic agent and does not report animal data or neurotoxicity outcomes."
2657,"NO — Animal study of sodium fluoride in mice reporting LD50 and growth/gastrointestinal effects, but it does not report any neurotoxicity-related outcomes."
2658,"YES — The title involves ""fluoride CCG analogues"" acting on metabotropic glutamate receptors (relevant exposure and neuro-related target), but it is unclear from the record whether this is an animal study or reports neurotoxicity outcomes."
2659,"YES — Animal study in rat pups exposed to sodium fluoride (with/without lead) reporting changes in hippocampal NMDAR1 gene and protein expression, a neurotoxicity-related outcome."
2660,"YES — Animal study exposing rats and anaesthetized cats to methylisopropoxyphosphoryl fluoride (sarin) and related organophosphate analogues, reporting neurotoxic outcomes (neuromuscular block, respiratory failure)."
2661,"NO — This is a biochemical study of canine kidney Na+,K+-ATPase with no fluoride (or analogue) exposure and no neurotoxicity outcomes reported, so it does not meet the inclusion criteria."
2662,"NO — This is a geochemical/materials study of ceramic emissions (mentions fluoride) and leaching, but it does not involve any animal experiments nor report neurotoxicity outcomes."
2663,NO — This is a methodological paper using phenylmethylsulfonyl fluoride (a protease inhibitor used during tissue preparation) and reports protease activity in rat tissues but does not examine exposure to fluoride (or fluoride analogues) as an experimental exposure nor report any neurotoxicity outcomes.
2664,"NO — Animal study of NaF in chickens that reports bone proliferation/mineralization outcomes (osteoid, cortical diameter) with no neurotoxicity-related measures."
2665,"NO — This is a biochemical EPR study of a bovine enzyme complex (in vitro), describing fluoride binding modes, not an in vivo animal exposure study and it does not report any neurotoxicity outcomes."
2666,NO — This is an animal PET pharmacokinetic/biodistribution study of 18F‑labeled octreotide in rats and does not report any neurotoxicity outcomes.
2667,YES — Animal study of chronic fluoride exposure in cattle (bovine fluorosis); title indicates fluoride exposure but it is unclear from the record whether neurotoxicity outcomes were assessed.
2668,"NO — The study examines halide effects (including fluoride) on chicken cone pigment spectral properties (a biochemical/photopigment study), not neurotoxicity outcomes in an animal model."
2669,YES — Animal (rabbit) study of exposure to decafluoro-di-n-pentyl ether (a partially-fluorinated ether) reporting neurotoxic outcomes (ERG changes and retinal histology including photoreceptor dropout and inner retinal thickening).
2670,"NO — This is an in vitro biochemical study on APP solubilization using PC12 cell membranes (cell culture), with no exposure to fluoride or analogues and not an animal neurotoxicity study."
2671,"NO — This is a materials-synthesis/characterization study of trifluoromethyl-containing polysiloxanes and does not report animal experiments, exposure assessments, or any neurotoxicity outcomes."
2672,"YES — Rat study measuring striatal adenylate cyclase (a neurobiological outcome) that reports effects of NaF (sodium fluoride) on enzyme activity, meeting the fluoride-exposure, animal, and neurotoxicity-related outcome criteria."
2673,NO — This is a materials/soil chemistry study on extracting anions (including fluoride) from solids and does not involve animals or any neurotoxicity outcomes.
2674,NO — This is a medicinal chemistry/pharmacology paper on a fluorinated mGluR2 antagonist (in vitro pharmacology and PK) and does not report an animal neurotoxicity study or neurotoxicity outcomes.
2675,"YES — Animal study in rats exposing them to fluorinated aromatic compounds (o-difluorobenzene, hexafluorobenzene) and measuring dorsal horn neuronal responses to noxious stimulation (a neurophysiological outcome relevant to neurotoxicity)."
2676,"NO — This is a rat study that used sodium fluoride (NaF) as a metabolic inhibitor, but outcomes measured intestinal albumin transport rather than any neurotoxicity-related endpoints, so it does not meet the inclusion criteria."
2677,"NO — This is a chemical synthesis paper using hydrogen fluoride as a reagent, not an animal study and it reports no neurotoxicity outcomes."
2678,NO — This is an in vitro study of acetylcholine's effects on phospholipid labeling in guinea pig nerve-ending particles and does not involve fluoride or its analogues (no relevant neurotoxicity exposure).
2679,"YES — This is an animal (squid giant axon) study that exposes axons to fluoride (5 mM) and reports neurophysiological effects on Na+-K+-Cl- cotransporter function, a neuronal outcome relevant to neurotoxicity."
2680,"YES — Title indicates use of a sodium fluoride–sensitive technique to study nervous tissue injuries, but it is unclear whether sodium fluoride was used as an exposure/agent and whether the work involved animal neurotoxic outcomes, so inclusion is warranted pending full-text review."
2681,NO — This is a materials/tribology study of PFPAE thermal degradation with chemical analyses and reports no animal experiments or neurotoxicity outcomes.
2682,"NO — This is an animal (mouse) study of fluoride exposure but reports bone formation, mineralization and mechanical outcomes, not any measures of neurotoxicity."
2683,"NO — This is a human observational study measuring serum PFOS (a fluorochemical) in elderly participants, not an animal study and it does not report neurotoxicity outcome measures."
2684,"NO — This is a materials-science study of spherulite morphologies in poly(heptamethylene terephthalate), not an animal study and it does not involve fluoride exposure or any neurotoxicity outcomes."
2685,NO — This is a human clinical study of sodium fluoride effects on calcium/bone metabolism (patients with metabolic bone disease) and reports no neurotoxicity outcomes; it is not an animal study.
2686,"YES — study reports exposure to sodium fluoride (1 mM) and measures neurophysiological effects (attenuation of dentate granule cell evoked field potentials) in hippocampal brain slices, an animal-derived preparation."
2687,"NO — This is a historical review of electrophysiology methods with no exposure to fluoride or its analogues, no neurotoxicity outcomes, and not an animal study."
2688,"NO — Animal study with fluoride exposure, but outcomes are fluoride absorption/retention (bioavailability) rather than any neurotoxicity-related measures."
2689,"NO — this rat study exposes animals to fluoride but measures effects on incisor enamel/ameloblast morphology and mineralization, not any neurotoxicity outcomes."
2690,"YES — The study uses rat striatal tissue (animal-derived) and reports effects of fluoride (F−)-stimulated adenylate cyclase and dopamine D1 receptor activity, a neurochemical outcome relevant to neurotoxicity."
2691,"YES — Animal (hen) study of delayed neurotoxicity reporting effects of organophosphorus compounds and sulphonyl fluorides (fluoride-containing inhibitors), so it meets the neurotoxicity and animal criteria and may be relevant to ""fluoride/analogues."""
2692,"NO — This is a review about fluoride effects on the male reproductive system (sperm, hormones) rather than any neurotoxicity outcomes, and it is not an original animal study."
2693,"NO — Materials-chemistry study on fluorinated terthiophenes and OFET device performance, not an animal study nor reporting any neurotoxicity outcomes or exposure experiments."
2694,"NO — This is an environmental/combustion study measuring fluoride speciation and emissions from coal, not an animal study and it does not report any neurotoxicity outcomes."
2695,YES — Animal (rat) study of chronic fluoride exposure reporting neurotoxicity-related outcomes (ROS levels and mitochondrial fission/fusion gene expression) in cortical neurons.
2696,"YES — The study examines phenylmethanesulfonyl fluoride (a sulfonyl‑fluoride compound) promoting organophosphate‑induced delayed polyneuropathy (a neurotoxic outcome), consistent with an animal model of OP‑induced neuropathy."
2697,NO — The paper studies fatty acid activation in bovine brain mitochondria and does not involve exposure to fluoride (or its analogues) nor report neurotoxicity outcomes.
2698,"NO — This is an in vitro biochemical study of myosin using phosphate analogs (BeF3−, AlF4−), not an animal study and it reports no neurotoxicity outcomes."
2699,"NO — Animal study of fluorinated ether anesthetics (enflurane/isoflurane) reporting liver and blood heme‑metabolism enzyme changes, but it does not report any neurotoxicity outcomes (and the exposure is to fluorinated anesthetics rather than fluoride ion)."
2700,NO — This is an engineering tribology study of PTFE and aluminum journal bearings with no animal subjects or neurotoxicity outcomes (PTFE is a fluorinated polymer but the paper does not report fluoride exposure-related neurotoxic effects).
2701,YES — The study uses a 2-fluorinated quinuclidine benzamide (LMA 10203) tested on cockroach neurons (an animal model) and reports neurophysiological/neuroexcitatory effects.
2702,"NO — Title indicates a review on bone quality in osteoporosis with no indication of fluoride exposure, neurotoxicity outcomes, or animal experiments."
2703,YES — Experimental intravitreal administration of sodium fluoride investigating retinal physiopathology indicates an animal study of fluoride's neurotoxic effects on retinal (neural) tissue.
2704,"YES — Animal (snail, Helix pomatia) study examining fluoride-stimulated adenylate cyclase in neurons and its role in neuronal bursting, i.e., a neurobiological outcome relevant to neurotoxicity."
2705,"YES

Title indicates chronic administration of aluminum fluoride and sodium fluoride with a neurotoxicological evaluation, meeting the exposure and outcome criteria and likely representing an animal study."
2706,"NO — This is an animal biochemistry study on enzyme stabilization by DTT, carotenoids, and protease inhibitors in rabbit intestine, not an exposure to fluoride or its analogues nor reporting neurotoxicity outcomes."
2707,NO — This study examines adenylate cyclase activity in lymphoid organs during graft-versus-host reactions and does not involve exposure to fluoride or report animal neurotoxicity outcomes.
2708,"NO — This is a basic enzymology study of calmodulin-dependent kinase using animal tissues (rat, bovine, canine) and does not involve exposure to fluoride/analogues nor report neurotoxicity outcomes."
2709,"YES — Animal (rat) study of halogenated volatile anesthetics (dioxychlorane, enflurane, methoxyflurane) that measured serum/urine fluoride levels and cortical activity depression with implanted electrodes (neurophysiological outcome)."
2710,NO — This is an engineering/modeling study of hydrogen fluoride dispersion (HGSYSTEM/HFPLUME/HEGADAS) and does not report any animal research or neurotoxicity outcomes.
2711,"NO — This is an animal study of oxytocin in buffalo milk and examines peptide stability, not exposure to fluoride or its analogues nor any neurotoxicity outcomes."
2712,"NO — The paper does not involve exposure to fluoride or its analogues; ""fluoride-resistant acid phosphatase"" refers to an enzyme property, not a fluoride exposure, so it does not meet the exposure criterion."
2713,"NO — This is a clinical review of Sjögren’s syndrome therapies mentioning topical fluorides for the mouth in humans, not an animal study nor one reporting neurotoxicity outcomes."
2714,"YES — Animal study in rats that examined effects of sodium fluoride (NaF) on axoplasmic transport rates, a neurophysiological outcome relevant to neurotoxicity."
2715,NO — This is a review/survey about osteoporosis therapies (mentioning fluoride's effects on bone) and not an animal study nor does it report any neurotoxicity outcomes.
2716,NO — This is an enzymology study purifying a bradykinin‑hydrolyzing enzyme from 2‑day‑old rat epidermis and does not involve fluoride/analogue exposure or report any neurotoxicity outcomes.
2717,"YES — Feline (animal) study exposing tissues to fluorinated polymers (expanded polytetrafluoroethylene reinforced with fluorinated ethylene propylene), but it reports ocular/biocompatibility outcomes rather than neurotoxicity so relevance to fluoride neurotoxicity is uncertain."
2718,YES — Animal study exposing frog sciatic nerve to di-isopropyl fluorophosphate (DFP) and fluoride ion with measured effects on nerve function (neurotoxicity).
2719,"NO — although this is an animal (rat) neuroanatomical study, it does not involve exposure to fluoride or fluoride analogues (the term ""fluoride-resistant acid phosphatase"" is a marker, and no fluoride exposure or neurotoxic outcomes are reported)."
2720,NO — In vitro materials study of fluoride release to hydroxyapatite and enamel with no animal subjects and no neurotoxicity outcomes reported.
2721,NO — This study concerns Chrysamine G as a beta-amyloid imaging probe (with in vitro work and mouse distribution) and does not involve fluoride/analogues or report neurotoxicity outcomes.
2722,NO — this animal study examines pharmacological effects of fluorinated norepinephrine analogues (receptor activity and contractile responses) but does not report any neurotoxicity-related outcomes.
2723,NO — The title indicates a chemical/interaction study of fluorine and aluminum with no indication it is an animal study or reports any neurotoxicity outcomes.
2724,"NO — This is a geological/geochemical study of fluorine in magmatic pegmatite melt inclusions, not an animal study and it does not report any neurotoxicity outcomes."
2725,"NO — Animal study of sodium fluoride in mice examining uterine carbohydrate metabolism, reproductive/endocrine measures and systemic biochemistry (e.g., glycogen, glucose, serum proteins, catecholamines) but it does not report any neurotoxicity-specific outcomes."
2726,NO — This is a geochemical experimental study of Sc distribution in fluoride-bearing melts (not a biological/animal study) and does not report any neurotoxicity outcomes.
2727,"NO — This is a materials/electrochemical study of bone corrosion with fluoride ions, not an animal study and it does not report any neurotoxicity outcomes."
2728,"YES — Rat study examining effects of aluminum fluoride (a fluoride analogue) on the suprachiasmatic hypothalamic phosphoinositide system, so it involves fluoride-analogue exposure in an animal neural tissue (neurotoxicity relevance unclear from title)."
2729,"NO — This is an in vitro study using the C17.2 neural progenitor cell line (cell culture) reporting cytotoxicity/apoptosis with arsenic and fluoride coexposure, not an animal study."
2730,"NO — This is an environmental passive air sampling study reporting indoor concentrations of fluorinated chemicals (FTOHs/PFASs), not an animal experiment and it does not report any neurotoxicity outcomes."
2731,"NO — Animal study of fluorinated nitroimidazole radiosensitizers reporting radiosensitizing activity and pharmacokinetics in tumors, not any neurotoxicity outcomes (and not an exposure to fluoride ion per se)."
2732,YES — title indicates exposure to a fluorinated amphetamine analogue with reported effects on monoamines and behavior (neuro-related outcomes); animal study status is not specified in the record but the exposure and outcomes meet inclusion or are unclear.
2733,"YES — Rat brain homogenate study reports that F− (fluoride) inhibits phosphatidylinositol kinase activity in brain tissue, a biochemical effect in animal-derived tissue relevant to neurotoxicity."
2734,"NO — Animal-focused report on fluoride effects in livestock describing dental, skeletal, and production outcomes but no neurotoxicity measures."
2735,"YES — Guinea pig study of sodium fluoride exposure examining the neurosecretory system, an animal model assessing neurotoxicity-related outcomes."
2736,YES — The study used cesium fluoride in the intracellular pipette solution on isolated rat prefrontal cortex neurons (fluoride exposure) but is an ex vivo electrophysiological study measuring receptor currents rather than explicit in vivo neurotoxicity endpoints.
2737,NO — This is a polymer chemistry paper on copolymerization of fluorinated monomers and does not report any animal experiments or neurotoxicity outcomes.
2738,"NO — This is an in vitro biochemical study using beryllium fluoride to probe tubulin/GTPase kinetics, not an animal study and it does not report any neurotoxicity outcomes."
2739,NO — Human epidemiological study of fluoride and dental caries in adults (not an animal study) and does not report neurotoxicity outcomes.
2740,"NO — Materials-engineering study of fluorinated versus non-fluorinated polyimide composites testing wear in tribology assays, with no animal subjects, no fluoride exposure relevant to biological neurotoxicity, and no neurotoxicity outcomes reported."
2741,"NO — This is an animal (rat) study of fluoride exposure focused on bone repair markers (RANKL, OPG, TRAP, histomorphometry) and does not report any neurotoxicity-related outcomes."
2742,"NO — This medicinal chemistry paper only notes a fluorine substituent in SAR for EP1 antagonists and reports efficacy in a rat pain model, not an exposure to fluoride/fluoride analogues nor any neurotoxicity outcomes."
2743,"YES — Animal study exposing dogs, monkeys, and guinea pigs to fluoride-containing organic compounds (dichlorodifluoromethane and dichlorotetrafluoroethane) reporting toxicity symptoms, so relevant though specific neurotoxicity endpoints are not detailed."
2744,"NO — This is a materials-chemistry study on synthesis and thermal/flame-retardant properties of phosphorus-containing polyesterimides and does not involve fluoride exposure, neurotoxicity outcomes, or any animal experiments."
2745,"NO — This is a pharmacological study of fluorine-substituted adrenergic agonists assessing receptor activity in cells and isolated animal tissues (guinea pig/rat), not an in vivo animal neurotoxicity study nor does it report neurotoxicity outcomes."
2746,"YES — Animal (frog sympathetic neuron) study that applied fluoride and aluminum fluoride and reported suppression of neuronal M-current, a neurophysiological outcome relevant to neurotoxicity."
2747,NO — this is an electrophysiological study in rat sensory neurons that uses internal fluoride in the recording solution but does not assess fluoride (or analogue) exposure effects on neurotoxicity outcomes.
2748,"NO — This study examines hydrolysis of an organophosphorus compound (HDCP) in hen plasma (with use of organophosphate inhibitor DFP) and does not involve exposure to fluoride or fluoride analogues, so it does not meet the inclusion criteria."
2749,"NO — this rat study examines sodium fluoride effects on urinary bladder prostanoid synthesis and signaling pathways, not any neurotoxicity-related outcomes."
2750,"NO — this study examines noradrenaline’s effect on 32P incorporation into brain phospholipids, not exposure to fluoride or its analogues nor reporting fluoride-related neurotoxicity outcomes."
2751,"YES — Primary rat hippocampal neurons were exposed in vitro to sodium fluoride and the study reports neurotoxicity-related outcomes (oxidative stress, ROS levels, and apoptosis)."
2752,"YES — Animal (male rat) study of fluoride (alone and with arsenic) that reports neuro-related outcomes (neuromuscular transmission and blood acetylcholinesterase activity), meeting exposure and neurotoxicity criteria."
2753,"NO — this is an animal study of protease activity in rats with experimental allergic encephalomyelitis but does not involve exposure to fluoride or its analogues, so it fails the exposure criterion."
2754,"YES — the study uses fluoride as an activator in experiments on rat brain membranes and slices (animal-derived tissues), but it reports biochemical outcomes (adenylate cyclase activation and cAMP levels) rather than explicit neurotoxicity endpoints, so its relevance to neurotoxicity is unclear."
2755,"NO — Methods paper describing long-term neuron culture using a fluorinated polymer membrane (fluorinated ethylene‑propylene) and in vitro rat cortical cultures, not an in vivo animal study nor a study of fluoride (or analogue) exposure or neurotoxicity outcomes."
2756,NO — This is an animal (mouse) study of sodium [18F]fluoroacetate reporting synthesis and tissue distribution (bone accumulation from defluorination) but it does not report any neurotoxicity-related outcomes.
2757,"NO — This is a biochemical study of protein kinase phosphorylation in rat myelin and does not involve exposure to fluoride or its analogues, so it does not meet the inclusion criteria."
2758,NO — Study examines effects of ionic strength on inactivation and threshold in perfused squid (Loligo) nerve fibers and does not involve fluoride or its analogues as the exposure.
2759,"YES — Rat study exposing animals to sodium fluoride (± iodine) and reporting changes in brain-cell phospholipid and fatty acid composition, a neurotoxicity-related outcome."
2760,"YES — the record involves sodium fluoride exposure but the title focuses on metabolic disturbances and does not indicate whether it is an animal study or reports neurotoxicity outcomes, so relevance is unclear."
2761,"NO — Animal study using 18F‑fluoride tracer, but outcomes assess bone remodeling and glucose metabolism in the lumbar spine (osteoporosis model), with no neurotoxicity outcomes reported."
2762,NO — This is a geochemistry study of aluminum speciation in crustal fluids (not an animal study) and does not report any neurotoxicity outcomes despite mentioning fluoride chemistry.
2763,"YES — Animal study (rats and mice) of fluorinated phenothiazine/butyrophenone derivatives (fluorine-containing analogues) reporting neurobehavioral/neuroleptic outcomes (catalepsy, conditioned escape reflex, aggressivity, algesimetry), so it meets the exposure and neurotoxicity outcome criteria."
2764,"NO — This is an animal study of fluoride uptake into rat cortical and trabecular bone (bone distribution measurements), not reporting any neurotoxicity-related outcomes."
2765,NO — This is an animal study on PTH regulation of renal adenylate cyclase in phosphate-deprived/acidotic dogs and does not involve fluoride (or analogues) nor any neurotoxicity outcomes.
2766,NO — This is a receptor pharmacology study of fluorinated indiplon derivatives (binding and electrophysiology in rat brain homogenates and recombinant receptors) and does not report neurotoxicity outcomes or in vivo animal neurotoxic effects.
2767,"NO — This is a materials-chemistry study on synthesis and surface properties of fluorinated maleimide/bismaleimide polymers, not an animal study and it reports no neurotoxicity outcomes."
2768,"YES — Animal study of cyclofoxy, a fluorinated analog of naltrexone, involving in vivo exposure in rats (though the outcomes are receptor-binding autoradiography with only a brief note of low toxicity rather than specific neurotoxicity measures)."
2769,"YES — The record studies sulfonyl fluorides (fluoride-containing compounds) as CNS-selective cholinesterase inhibitors (a neurotoxicity-relevant outcome), though the title does not specify whether the work is in animals or in vitro."
2770,"NO — Animal study of a fluorinated estrogen (2-fluoroestradiol) reporting carcinogenic and endocrine outcomes (tumors, hormone levels, organ weights) with no measures of neurotoxicity."
2771,"NO — this is an animal study of fluoride exposure in rats, but the outcomes reported (vertebral bone mass and biomechanical competence) are bone-related, not measures of neurotoxicity."
2772,"NO — this is a materials/tribology study of ammonium-based ionic liquids as lubricants and does not involve fluoride exposure, neurotoxicity outcomes, or animal experiments."
2773,"NO — Fluoride is only mentioned as an in vitro inhibitor of esterase activity (sodium fluoride) rather than an exposure in an animal study, and the paper is a descriptive study of microglial morphology rather than reporting neurotoxic outcomes."
2774,"NO — This is an in vitro photophysical/photocytotoxicity study of a fluorinated chlorin on cultured human keratinocytes (not an animal study), and it does not examine fluoride exposure or any neurotoxicity outcomes."
2775,"NO — This rat study examines effects of desipramine on cortical cAMP/adenylate cyclase activity; sodium fluoride is only used as an in vitro activator in assays, not as an experimental fluoride exposure related to neurotoxicity."
2776,NO — This is a qualitative human study of mothers' toothbrushing routines (mentioning fluoridated toothpaste) and does not involve animal experimentation or report any neurotoxicity outcomes from fluoride exposure.
2777,"NO — The title indicates a study of cyclic nucleotides and neuromuscular transmission, with no mention of fluoride or its analogues, so it does not meet the exposure criterion."
2778,"YES — Animal study administering sodium fluoride (NaF) to mice, dogs and cats with organophosphate (Sarin/Tabun) poisoning and reporting neurotoxicity-related outcomes (brain/muscle cholinesterase activity and neuromuscular function)."
2779,"YES — Murine study of fluorinated 2‑nitroimidazole compounds reporting brain and peripheral nervous tissue pharmacokinetics (tissue levels and biological half‑lives), which is neuro-relevant exposure to fluorinated chemicals though it does not explicitly report toxicity outcomes."
2780,"YES — title reports sodium fluoride exposure altering cyclic AMP in the vagus nerve (a neural outcome), implying an experimental (likely animal) study of fluoride's effects."
2781,NO — This is an environmental review of perfluoroalkyl acids and water treatment methods and does not report any animal study or neurotoxicity outcomes.
2782,YES — Animal study in rats examining exposure to phenylmethylsulfonyl fluoride (a sulfonyl fluoride compound) with measured neurotoxicity outcome (protection from mipafox-induced delayed neuropathy).
2783,"NO — This is an in vitro biochemical study of actin–myosin dynamics (using nucleotide analogues like AlF4−) and does not examine fluoride exposure, neurotoxic outcomes, or any animal model."
2784,YES — Ex vivo rat brain cortical slices were exposed to fluoride and the study reports neurochemical/neurotoxicity-relevant outcomes (marked depletion of polyphosphoinositides and inhibition of phospholipase C) in an animal-derived model.
2785,"YES — Animal (frog) study exposing muscle tissue to fluoride (and sulphite) reporting physiological effects on muscle, which could reflect neuromuscular/neurotoxic outcomes (unclear from title but potentially relevant)."
2786,"NO — This is an animal (frog) study of extracellular ATP effects on synaptic transmission and oxidative signaling, not an exposure to fluoride or its analogues, so it does not meet the exposure criterion."
2787,"YES — Study uses sodium fluoride (NaF) exposure on brain extracts from guinea pig/rat/rabbit and reports effects on microtubule stability and GTP-hydrolysis, a neurobiologically relevant outcome in animal-derived tissue."
2788,"NO — This paper studies ACTH-stimulated adenylate cyclase distribution in the adrenal cortex and does not involve fluoride/analogues, neurotoxicity outcomes, or an animal study of fluoride exposure."
2789,NO — This is a geological study of F‑rich granites/mineralization (not an animal exposure experiment) and does not report any neurotoxicity outcomes.
2790,"NO — the title indicates a biochemical study of an enzyme (dihydrosphingosine-1-phosphate aldolase), not research on fluoride/analogues, neurotoxicity outcomes, or an animal exposure study."
2791,"NO — This is a pharmacology study of anandamide and a fluorinated cannabinoid analogue (fluoroanandamide) assessing antinociception in mice, not exposure to fluoride (fluoride ion or common fluoride compounds) nor measures of neurotoxicity."
2792,"NO — This is an animal study of dietary xylitol effects on bone biomechanics in rats, not an exposure to fluoride or its analogues nor reporting neurotoxicity outcomes."
2793,NO — This is a crystallography/structural chemistry study of fluorobenzenes (C–H···F interactions) and does not involve animals or report any neurotoxicity outcomes.
2794,NO — This animal ex vivo study examines angiotensin II-induced sensory plasticity in the carotid body via Nox2 and does not involve fluoride (or analogues) nor report neurotoxicity outcomes.
2795,"YES — The title does not specify the agents tested, and as an animal (locust) neuromuscular pharmacology study it could involve fluoride/analogues and reports neurophysiological outcomes, so relevance is unclear and it should be included for screening."
2796,"NO — This is a radiochemistry/PET ligand development paper describing synthesis and receptor-imaging potential of 18F-labeled neuroleptic analogs, not an animal study of fluoride exposure nor a report of neurotoxicity outcomes."
2797,"YES — Primary cultured mouse cerebral cortical neurons were exposed to NaF (sodium fluoride) and the paper reports effects on adenylate cyclase/cAMP signaling, a neurophysiological outcome relevant to neurotoxicity."
2798,"NO — This is a biochemical/in vitro reconstitution study of an adenylate cyclase system using sodium fluoride, not an animal study and it does not report neurotoxicity outcomes."
2799,"NO — although aluminum fluoride (AlF4-) was used as a pharmacological G-protein activator, this is a basic neurophysiology study of 5-HT modulation of Ca2+ currents in Xenopus larvae, not an animal study of fluoride (or analogue) exposure assessing neurotoxic outcomes."
2800,"NO — Animal study of halothane/methoxyflurane in dogs measuring renal/hemodynamic and fluid balance (and serum/urine inorganic fluoride), but it does not report any neurotoxicity-related outcomes."
2801,"NO — Although the study uses rat brain cryosections and mentions aluminium fluoride (AlFx-), it investigates LPA signaling/LPP enzymology ex vivo and does not report any neurotoxicity outcomes."
2802,"NO — Animal study of PCTFE (a fluorinated polymer) reporting pharmacokinetics, metabolism (including released fluoride) and hepato-/nephrotoxicity in rats, but it does not report any neurotoxicity outcomes."
2803,YES — Animal study of sodium fluoride exposure in developing rats reporting neurotoxicity-relevant outcomes (hippocampal α-CaMK II mRNA/protein decreases linked to learning/memory impairment).
2804,"NO — Methods-focused analytical chemistry paper on measuring fluorine/chlorine/sulfur in incinerator residues, with no animal study or neurotoxicity outcomes reported."
2805,YES — Rat study examining effects of sodium fluoride on hippocampal adenylate cyclase activity (a neurochemical outcome relevant to neurotoxicity).
2806,"NO — Although this is an animal study of a fluoride-containing compound (tin fluoride colloid), it reports physicochemical characterization and biodistribution/therapeutic behavior in rats, not any neurotoxicity-related outcomes."
2807,"NO — This is an aging rat study measuring cortical adenylate cyclase and phosphodiesterase activity where fluoride was used only as an assay reagent (to stimulate enzyme activity), not as an experimental exposure, and it does not assess fluoride-related neurotoxicity."
2808,NO — This is a medicinal chemistry study of 3'-fluoro analogues' synthesis and A3 receptor binding (no animal experiments and no neurotoxicity outcomes reported).
2809,"NO — The study investigates morphine uptake into brain slices, not exposure to fluoride or its analogues, so it does not meet the exposure criterion."
2810,"NO — Although an animal study of fluoride exposure in mice, the reported outcomes are bone/teeth fluoride incorporation and dental fluorosis, not any neurotoxicity measures."
2811,"NO — Although sodium fluoride was used as a biochemical stimulator in rat tissues, the study examines adenylate cyclase responsiveness in heart, aorta and liver in a diabetes model, not fluoride exposure effects or any neurotoxicity outcomes."
2812,"NO — This is an in vitro molecular biology/biochemistry study expressing and characterizing recombinant Gs alpha (with fluoride only used as a biochemical activator of adenylyl cyclase), not an animal exposure study nor reporting neurotoxicity outcomes."
2813,"NO — This is a physical chemistry study of fluorocarbon sulfonate surfactant micellization and thermodynamics, not an animal study and it does not report any neurotoxicity outcomes."
2814,"NO — This is an analytical chemistry study about synthesizing and testing an electrochemical sensor for fluoride detection, not an animal study and it reports no neurotoxicity outcomes."
2815,"NO — This is an animal biodistribution/NMDA-receptor targeting study of Tc-99m-PQQE in mice; stannous fluoride is used only as a radiolabeling reagent, and the paper does not investigate exposure to fluoride/analogues or neurotoxicity outcomes."
2816,"YES — Rat study of PFOS (a perfluorinated fluorine-containing compound) reporting neurodevelopmental/endpoints (delayed eye opening, air and surface righting reflexes, pinna unfolding) consistent with neurotoxicity."
2817,"NO — Animal study of fluoride-modified titanium implants in rabbits, but outcomes are bone formation/mineralization and implant osseointegration rather than any neurotoxicity measures."
2818,"YES — the report uses sodium fluoride on olfactory cilia from Rana catesbeiana (animal tissue) and measures adenylate cyclase activity (a neuronal biochemical outcome), though it is an ex vivo biochemical reconstitution rather than an explicit in vivo neurotoxicity study."
2819,NO — The record reports synthesis and in vitro characterization of fluorinated U-50488 analogs for PET studies and does not describe animal experiments or report neurotoxicity outcomes.
2820,NO — This is an enzymology study purifying rat brain acyl-CoA hydrolase and does not involve fluoride (or its analogues) exposure nor report any neurotoxicity outcomes.
2821,NO — This study examines melatonin effects on ovine pars tuberalis cells and does not involve fluoride exposure or report neurotoxicity outcomes.
2822,"NO — This is a PET radiotracer development study (an 18F-labeled ligand) reporting in vitro binding and in vivo brain uptake in rats, not an investigation of fluoride/fluoride-analogue exposure related to neurotoxicity or neurotoxic outcomes."
2823,"NO

This is a human postmortem study of iodine, bromine, and chlorine in Alzheimer's patients and controls, not an animal study and it does not examine fluoride or its analogues."
2824,"NO — The record discusses retrograde transport and markers (including ""fluoride-resistant acid phosphatase"") and NGF-related degeneration but does not report animal exposure to fluoride or its analogues or neurotoxicity outcomes from such exposure."
2825,"NO — This is an in vitro materials/filtration study of polyvinylidene fluoride (PVDF) membrane fouling and adhesion forces, not an animal study nor a report of fluoride (or analogue) exposure-related neurotoxicity outcomes."
2826,"YES — In vivo mouse study that administered sodium fluoride and reported effects on brain glycolysis (changes in glycogen and lactate), a neurochemical outcome relevant to neurotoxicity."
2827,"NO — This is an adsorption study on removal of methylene blue using red mud (no fluoride or analogue exposure), reports no neurotoxicity outcomes, and is not an animal study."
2828,NO — This is a biochemical purification/characterization of a myelin basic protein kinase from sea star oocytes that only notes in vitro insensitivity to sodium fluoride and does not report an exposure study or any neurotoxicity outcomes.
2829,"NO — This is an in vitro biocompatibility study culturing rat cortical neurons on a fluorinated polymer (P(VDF-TrFE)) for cochlear implants, not an in vivo animal study assessing neurotoxicity from fluoride or its analogues."
2830,YES — Cat (animal) study of exposure to diisopropylfluorophosphate (DFP) reporting electrophysiologic and ultrastructural measures of delayed neuropathy (neurotoxic outcomes); DFP is a fluorophosphate organophosphorus compound.
2831,NO — This is an animal study about alcohol and the endocannabinoid system (CB1 receptors) and does not involve exposure to fluoride or its analogues.
2832,"NO — This is a broad review of MR spectroscopy for cancer metabolism and therapy (mentioning fluorinated drugs), not an animal study of fluoride/analogue exposure nor reporting neurotoxicity outcomes."
2833,"NO — This is an animal study of renal cAMP metabolism in unilateral ureteral obstruction (using NaF as an in vitro adenylate cyclase stimulator), with kidney outcomes only and no measures of neurotoxicity or fluoride exposure effects per se."
2834,"YES — Canine (animal) study that involves sodium fluoride (NaF) during membrane solubilization and reports neurobiological outcomes (dopamine binding and adenylate cyclase activity), though fluoride appears used as an experimental reagent rather than an in vivo toxicant."
2835,"YES — The study examines methanesulfonyl fluoride (MSF), a sulfonyl‑fluoride cholinesterase inhibitor (a fluoride analogue), and reports effects on acetylcholine‑activated ion channels (a neurotoxicity‑related outcome) in patch‑clamp experiments (likely on animal/isolated tissue, not fully specified)."
2836,"NO — This is an insect (animal) study exposing tissues to sodium fluoride but only reports biochemical stimulation of adenylyl cyclase in corpora allata, not any neurotoxicity-related outcome."
2837,NO — This is a medicinal chemistry/pharmacology study of benzophenone derivatives (fluorine used as a substituent) reporting H3-receptor antagonist potency (not fluoride exposure) and does not assess neurotoxicity outcomes in animals.
2838,"YES — discusses a fluorinated nitroimidazole radiosensitizer (KU-2285) with in vivo/LD50 data and explicit discussion of neurotoxicity concerns, so it potentially meets the fluoride-analogue exposure and animal neurotoxicity outcome criteria."
2839,"NO — This is a geological/petrological study of fluorine in granites and mineralization, not an animal study and it does not report any neurotoxicity outcomes."
2840,"NO — This is a synthetic chemistry study describing enantioselective preparation and receptor binding of fluorinated ligands, with no animal experiments or neurotoxicity outcome measures reported."
2841,"YES — Female rats were inhalationally exposed to cryolite and hydrogen fluoride (fluoride compounds) and the study reports development of retardation processes in the central nervous system, satisfying the animal-exposure and neurotoxicity criteria."
2842,"YES — Mouse study of methanesulfonyl fluoride (a sulfonyl fluoride) exposure reporting neurotoxicity-related outcomes (acetylcholinesterase inhibition, brain acetylcholine levels, and behavioral effects)."
2843,"YES — The record describes fluorinated amphetamine analogs (1,1,1-trifluoropropanes), so it concerns fluoride-containing analogues relevant to neuroactive compounds, though it’s unclear from the title alone whether it reports animal experiments or neurotoxicity outcomes."
2844,YES — Animal study exposing rats to sodium fluoride (chronic fluorosis) that measures neuronal outcomes (cortical neuron ROS levels and mitochondrial fission–fusion abnormalities) indicative of neurotoxicity.
2845,"YES — Animal study in rats and guinea pigs reporting neurotoxic outcomes (cholinesterase inhibition and cholinergic death) after exposure to methylphosphonic difluoride and its hydrolysis products, including fluoride."
2846,"NO — This is a methodological paper on a particle-swarm-based solver for estimating mass-transport parameters from laboratory through-diffusion experiments and does not involve fluoride (or analogues), neurotoxicity outcomes, or any animal study."
2847,NO — This is an in vitro enzymology study (using purified trehalase from rabbit kidney and yeast) of glucosyl fluoride substrates and does not report any animal-based neurotoxicity outcomes.
2848,"NO — Although this is an animal (rat) study with fluoride (potassium fluoride) exposure, the reported outcomes are growth and incisor pigment, not any neurotoxicity or neurobehavioral measures."
2849,NO — This is a chemical synthesis/solvolysis study of fluoroalkyl co-oligomers (in vitro/chemical reaction conditions) and does not report any animal experiments or neurotoxicity-related outcomes.
2850,"NO — Sodium fluoride (NaF) was used only as a metabolic inhibitor in an embryonic chicken neuron biochemical study of NGF–receptor disulfide bonding, not as an exposure assessing fluoride neurotoxicity, and the paper does not report animal neurotoxicity outcomes."
2851,"YES — the record describes fluorinated tropane derivatives (fluorine-containing ligands) relevant to fluoride analogues, but the title does not indicate whether it is an animal study or reports any neurotoxicity outcomes, so relevance is unclear."
2852,"NO — This is an insect physiological study using fluoride as a G-protein–activating tool in electrophysiology, not an animal neurotoxicity study reporting adverse neurotoxic outcomes."
2853,"NO — This is an animal enzymology study of ethanol effects that only mentions fluoride as an in vitro activator of adenylate cyclase (not as an exposure/analogue), and it reports enzyme activity parameters rather than any neurotoxicity outcomes."
2854,"NO — This is a physicochemical study of fluorinated surfactants measuring surface-tension properties, not an animal study and it does not report any neurotoxicity outcomes or in vivo fluoride exposure."
2855,"YES — This is an animal (cat) study exposing animals to Freon-22 (a fluorinated compound) and reporting cerebral blood flow changes, a neurophysiologic outcome relevant to neurotoxicity."
2856,"NO — This is a materials-science study on synthesis and electrochemical performance of FeF2/CoF2 for Li-ion batteries, not an animal study nor does it report any neurotoxicity outcomes."
2857,YES — Animal (rabbit) study of sodium fluoride exposure reporting retinal degeneration and ultrastructural changes of neural retinal tissue consistent with neurotoxic effects.
2858,"NO — This is an in vitro study of L929 fibroblast responses to poly(vinylidene fluoride) films assessing cell metabolism and ECM deposition, not an animal study nor reporting neurotoxicity outcomes."
2859,"NO — This is an in vitro corrosion/biocompatibility study of orthodontic arch wires (electrochemical tests and L-929 cell culture), not an animal study, and it does not examine fluoride exposure or any neurotoxicity outcomes."
2860,"NO — Animal study of dietary fluorine in calves reporting histopathological changes in liver, kidney and bone but no outcomes related to neurotoxicity or nervous-system measures."
2861,"YES — The paper tests fluorine-containing (fluorinated) α-aminophosphoryl compounds for anticholinesterase activity and demonstrates neuromuscular blockade on a rat isolated diaphragmal preparation, meeting the exposure (fluorinated compounds), neurotoxicity outcome, and animal-model criteria."
2862,"NO — This is an animal (pig) study of NaF exposure reporting growth, serum biochemical and antioxidant/liver measures (MDA, SOD, T‑AOC, etc.), but it does not report any neurotoxicity-related outcomes."
2863,"YES — Animal study using NaF (sodium fluoride) exposure in rat cerebral cortex that measures evoked GABA and ACh release, a neurophysiological outcome relevant to neurotoxicity."
2864,"NO — Human renal study reporting fluoride effects on renal (acid phosphatase) targets and nephrotoxicity, not an animal study nor reporting any neurotoxicity outcomes."
2865,YES — Animal study of rats chronically exposed to sodium fluoride (NaF) reporting neurotoxic outcomes (impaired learning/memory in the Morris water maze and altered ERK1/2 expression in brain).
2866,"NO — This appears to be a chemistry methods paper about tetrabutylammonium bifluoride as a fluorinating reagent, not an animal study reporting neurotoxicity outcomes."
2867,"NO — Animal study of rat brain adenylyl cyclase modulation by agents such as suramin, DTT, Fe(2+), and ascorbic acid, but it does not involve fluoride or its analogues nor report fluoride-related neurotoxicity."
2868,"YES — The study uses rat superior cervical ganglion (animal tissue) and reports that 10 mM NaF (sodium fluoride) alters adenylate cyclase activity, so it examines a neural outcome following fluoride exposure (albeit in cell-free homogenates)."
2869,NO — This is an environmental leaching study of fly ash (reports fluoride in leachates) and does not involve any animal experiments nor report neurotoxicity outcomes.
2870,"YES — Animal (rat) study that includes exposure to NaF (sodium fluoride) and reports effects on enteric nervous system–mediated intestinal transport (using neural inhibitors like tetrodotoxin and atropine), so it documents fluoride exposure with outcomes related to nervous-system function."
2871,"NO — This is an in vitro study on TM3 mouse Leydig (testicular) cells reporting cell-cycle/apoptosis/DNA damage after NaF exposure, not an in vivo animal study nor an assessment of neurotoxicity."
2872,"YES — Primary rat hippocampal neurons were exposed in vitro to sodium fluoride and the study reports multiple neurotoxicity outcomes (cell survival, LDH, ROS, apoptosis, oxidative stress markers, and NCAM mRNA/protein changes)."
2873,"NO — the paper reports in vitro neuroblastoma cell (SH-SY5Y) experiments with sulfonyl fluoride inhibitors (PMSF and analogues), not an animal study (and the exposure is to organosulfonyl fluorides rather than an in vivo fluoride animal exposure)."
2874,NO — The study examines magnesium- and calcium-dependent protein kinase activity in rat myelin and does not involve exposure to fluoride or its analogues nor report fluoride-related neurotoxicity outcomes.
2875,"NO — Materials-chemistry study on synthesis and physical characterization of fluorinated polythiophene derivatives, with no animal experiments or neurotoxicity outcomes reported."
2876,"YES — study examines effects of halide ions including fluoride on GABAA receptor (a neurorelevant) binding outcome, but appears to be an in vitro receptor-binding assay and not clearly an animal study."
2877,"NO — This is an in vitro study on human SK-N-MC neurotumor cells exposed to PMA (a phorbol ester), not fluoride/analogues, and is not an animal study nor reporting neurotoxicity outcomes."
2878,"NO — This is a materials/chemistry review of synthesis and uses of trifluoromethyl-containing monomers and polymers, not an animal study nor reporting any neurotoxicity outcomes."
2879,"NO — the study examines effects on renal function (kidney), not any neurotoxicity outcomes, so it does not meet the inclusion criteria."
2880,"NO — This is a medicinal chemistry/SAR study of ifenprodil (including a fluorinated derivative) reporting receptor activity, not an animal study and it does not report neurotoxicity outcomes."
2881,"NO — This is a materials-chemistry study on synthesis and mesomorphic properties of fluorinated liquid crystals, not an animal study and it does not report any neurotoxicity outcomes."
2882,"NO — This is a biochemical NMR study of fluorinated amino-acid-labeled avian lysozymes (in vitro structural work), not an in vivo animal study and it reports no neurotoxicity outcomes."
2883,"NO — This is an ecotoxicology study of nitrate (NO3-) effects on crayfish (food consumption, escape response, mortality), not exposure to fluoride or its analogues and it does not report neurotoxicity outcomes."
2884,"YES — The paper examines a fluorinated analogue (alpha‑FM‑Dopa), reports in vivo inactivation of brain DOPA decarboxylase (a neurochemical/neurotoxicity‑relevant outcome), and includes animal-based experiments (e.g., hog kidney enzyme and in vivo brain/liver effects)."
2885,YES — Animal (rat) study of chronic fluoride exposure (30 or 100 ppm) reporting brain membrane lipid changes and related biochemical alterations indicative of neurotoxicity.
2886,NO — The study uses fluoride in an ex vivo bovine coronary artery contracture model (animal tissue) but reports vascular/cAMP outcomes rather than any neurotoxicity-related measures.
2887,"NO — This is a materials/physical chemistry study of fluorinated liquid crystals and their phase behavior, with no biological exposure, neurotoxicity outcomes, or animal experiments reported."
2888,"YES — This review discusses fluoride among aluminum chelators and summarizes animal models and neurodegenerative outcomes, so it may contain relevant animal neurotoxicity data (though it is not itself a primary animal study)."
2889,"NO — This is a materials/engineering study of polypyrrole/PVDF actuators for microfluidics and robotics, not an animal study and it does not examine exposure to fluoride (or analogues) or any neurotoxicity outcomes."
2890,"YES — Animal study of chronic fluoride exposure in rats measuring brain neurotoxicity-related outcomes (malondialdehyde, fatty acid composition, and oxygen consumption) indicating oxidative stress."
2891,"YES — The title indicates it examines fluoride distribution to the central nervous system (a neurotoxicity-relevant outcome), and although the species is not specified in the record, the study is relevant or at least unclear for inclusion."
2892,"YES — Animal (frog) study reporting exposure to sodium fluoride (NaF) with dose-dependent effects on miniature end-plate potential frequency at the neuromuscular junction, a neurophysiological outcome relevant to neurotoxicity."
2893,"YES — The study is an animal (insect) brain study that examines the effect of sodium fluoride on adenylate cyclase activity, a neurochemical outcome related to nervous-system function."
2894,"NO — This is an in vitro muscle biophysics study using aluminum fluoride to induce a myosin pre-powerstroke state, not an animal neurotoxicity study nor reporting neurotoxicity outcomes."
2895,"NO — This is an animal study of enzyme changes after nerve injury and uses the term ""fluoride-resistant acid phosphatase"" as an enzyme property, but it does not involve exposure to fluoride or its analogues."
2896,"NO — the paper studies fluoride effects on adenylate cyclase in cultured rat glial tumor cells (in vitro), not an in vivo animal study, and reports enzyme activity rather than an animal neurotoxicity outcome."
2897,"NO — Animal study of PVDF (a fluorinated polymer) implants reporting bone/osteogenesis outcomes (callus formation, alkaline phosphatase) with no neurotoxicity outcomes."
2898,"NO — This is an animal study using fluorinated compounds in rabbits, but it reports respiratory and cardiovascular measures (PO2, PCO2, pH, pressures, ECG) and does not assess any neurotoxicity or neurological outcomes."
2899,"NO — This is an animal study of a cannabinoid CB1 agonist (ACEA) and PMSF on antiepileptic drug effects in mice (measuring seizures, motor coordination, memory), and does not involve fluoride or fluoride analogues."
2900,"NO — The study uses fluoride as a biochemical stimulant in rabbit luteal tissue but examines luteal cAMP signaling/reproductive endpoints, not any neurotoxicity outcomes."
2901,"NO — Although sodium fluoride (NaF) was used to activate adenylate cyclase in rat uterine tissue, this animal study measured uterine enzyme activity during the estrous cycle/pseudopregnancy (not any neurotoxicity outcomes) and NaF was used as an in vitro activator rather than assessing neurotoxic effects."
2902,"YES — This is an animal (cockroach) neurophysiology study that includes intracellular injection of fluoride and reports neuronal electrophysiological outcomes (GABA receptor ionic responses), meeting exposure and neurotoxicity-related outcome criteria."
2903,"NO — This study examines volatile anesthetics (isoflurane, halothane) effects on coronary artery smooth muscle and Ca2+ mobilization, not exposure to fluoride (or reporting neurotoxic outcomes) in an animal neurotoxicity context."
2904,"YES — This is an animal (rat) study of exposure to high fluoride (NaF) reporting DNA damage in brain cells measured by comet assay, a neurotoxicity-relevant outcome."
2905,NO — This is a mechanistic/review paper about fluoride's effects on osteoblastic TRACP and bone formation (not an animal study) and does not report any neurotoxicity outcomes.
2906,NO — The study examines cyanide binding/dissociation in Parascaris equorum hemoglobin and does not involve fluoride (or analogues) nor report any neurotoxicity outcomes.
2907,"NO — This is a polymer chemistry/materials-extraction study (functionalized oligo(vinyl acetate) and metal ion extraction in supercritical CO2) and does not involve fluoride exposures, neurotoxicity outcomes, or any animal experiments."
2908,"YES — The study examines fluorinated methyl isopropyl ethers (fluoride-containing analogues) for anesthetic/CNS activity, so it is potentially relevant though it’s unclear from the title whether it reports animal experiments or specific neurotoxicity outcomes."
2909,YES — Animal study exposing frogs to sodium fluoride and measuring effects on neuromuscular end-plate membrane desensitization (a neurophysiological/neurotoxicity outcome).
2910,"NO — This is a materials-chemistry paper about fluorinated organogelators for hydrophobic/oleophobic surface coatings and does not report an animal study, biological fluoride exposure, or any neurotoxicity outcomes."
2911,NO — Animal studies describe Biomin H® effects on bone/cartilage (osteoporosis models) and do not investigate fluoride (fluorine) exposure as the primary exposure nor report any neurotoxicity outcomes.
2912,"NO — Animal study of fluoride exposure, but outcomes focus on bone/amelogenesis and proteomics, not any neurotoxicity-related measures."
2913,"NO — This is a materials/biomedical review of fluorinated micro-/nanophases and perfluorocarbons, not an animal study and it does not report any neurotoxicity or fluoride-exposure outcomes."
2914,"NO — Animal study of ultrasonic measurement and bone strength in rats, not involving fluoride (or analogues) exposure nor reporting neurotoxicity outcomes."
2915,"NO — This is a review on organophosphorus nerve agents and clinical/diagnostic/therapeutic approaches (not an animal study) and only mentions fluoride in the context of a laboratory reactivation assay, not as an exposure or neurotoxicity outcome in animals."
2916,NO — Animal study measures defluorination/metabolism and plasma fluoride levels after exposure to fluorinated anesthetics but does not report any neurotoxicity-related outcomes.
2917,"NO — This is a materials/ polymer synthesis and characterization study of phosphorus-containing copoly(ester-imide)s and does not involve fluoride exposure, neurotoxicity outcomes, or any animal research."
2918,"NO — This is an in vitro cell-culture study (mouse fibroblasts) assessing cytotoxicity from fluoride/aluminium release of ionomeric cement, not an animal study and it does not report any neurotoxicity outcomes."
2919,"NO — This is a biophysical study of myosin-actin structural dynamics using spin labels in muscle fibers and does not involve fluoride exposure, neurotoxicity outcomes, or an animal-exposure study."
2920,"NO — This is a biophysical study (uses polyvinylidene fluoride film as a sensor) and does not examine exposure to fluoride or its analogues, nor report animal neurotoxicity outcomes."
2921,"NO — This is a rat brain enzymology study of FAAH using PEA/AEA and inhibitors (e.g., ibuprofen), not an animal study of fluoride (or its analogues) or neurotoxicity outcomes."
2922,"NO — This is an animal study of neonatal dexamethasone exposure (assessing hepatic and cardiac adenylyl cyclase signaling); fluoride is only mentioned as an in vitro G‑protein activator, not as the experimental exposure, and the outcomes are metabolic/cardiac rather than neurotoxicity."
2923,"YES — Animal inhalation study of methane sulfonyl fluoride (a sulfonyl fluoride/fluoride analogue) in rats reporting a neurotoxicity-related outcome (significant depression of RBC cholinesterase), so it meets the exposure and outcome criteria."
2924,NO — This is an animal study with fluoride exposure (15 ppm) but reports only dental outcomes (caries and erosion) and does not measure or report any neurotoxicity outcomes.
2925,YES — Animal (Limulus) study exposing photoreceptors to fluoride (and analogues) and reporting effects on neuronal function (prolonged/clustering light-evoked and spontaneous responses).
2926,NO — This is an in vitro study of human skin fibroblast proteases (using inhibitors like DFP) and not an animal study nor does it assess neurotoxicity from fluoride exposure.
2927,"NO — This is an animal study of parathyroid hormone effects on renal adenylate cyclase; fluoride is only mentioned as an activator in the assay, not as an exposure being studied, and no neurotoxicity outcomes are reported."
2928,NO — This is a methods chapter on MR oximetry (only mentioning an injected fluorinated imaging agent) and does not report an animal study of fluoride/analogue exposure or any neurotoxicity outcomes.
2929,"NO — This is a synthetic polymer chemistry paper about nucleophilic aromatic substitution of a difluorophenyl sulfone and polymer properties, with no animal study or neurotoxicity outcomes reported."
2930,NO — This is an electrophysiological study of G-protein–mediated muscarinic sodium currents in rabbit sympathetic neurons and does not involve fluoride (or analogues) exposure or report neurotoxicity outcomes.
2931,"NO — This is a materials-science study of fluorinated copolymers' electro-optic properties (poling-induced r33, thermal stability), not an animal study nor reporting any neurotoxicity outcomes."
2932,"NO — This is an in vitro mechanistic enzymology study using isolated pig brain GABA transaminase (not an in vivo animal neurotoxicity experiment), so it does not meet the animal-study requirement despite involving a fluorinated compound."
2933,NO — Materials-chemistry paper on synthesis/characterization of trifluoromethylated polymers with electrochemical testing; no animal study or neurotoxicity outcomes reported.
2934,"YES — Mouse behavioral study of a fluorinated analog (3α‑fluoro‑5α‑pregnan‑20‑one) showing selective reduction in aggression (a neurobehavioral outcome), so it is an animal study of a fluoride-containing exposure relevant to neurotoxicity."
2935,"YES — Unclear: this is an animal in vivo study reporting neurobehavioral outcomes (antinociception, stereotypies, anxiolytic effects) but the exposure is FAAH inhibitor drugs (some bearing fluorinated aromatic rings) rather than direct fluoride/fluoride‑ion exposure, so relevance to ""fluoride and its analogues"" is ambiguous."
2936,"YES — The study exposes chick brain membranes to aluminum fluoride (AlF4−/NaF) (a fluoride analogue) and examines effects on N-type Ca2+ channel binding in animal (chick) tissue, a neuronal outcome relevant to neurotoxicity."
2937,"NO — Although the record uses an aluminum-fluoride reagent, the work is an in vitro/cell-free study (PC12-derived systems) rather than an animal study and does not report neurotoxicity outcomes."
2938,"YES — Study uses animal-derived (sheep) tissue and reports fluoride-induced inhibition of acetylcholinesterase activity, a neurotoxicity-relevant outcome."
2939,NO — this is an animal (fish) study measuring fluoride accumulation (including in brain) and human hazard calculations but it does not report any neurotoxicity outcomes or endpoints.
2940,"YES — Rat hippocampal and cortical slice study includes exposure to NaF (sodium fluoride) and reports effects on inositol phosphate accumulation, a neurochemical outcome relevant to neurotoxicity."
2941,"YES — Reports in vivo testing of alpha-mono- and alpha-difluoromethyl tryptophan (fluorinated analogues) with effects on serotonin levels (a neurochemical/neurotoxicity-related outcome), implying animal experiments."
2942,"NO — This is a materials/metallurgy study of CaF2-containing slags' surface tension and wetting at high temperature, not an animal study and it reports no neurotoxicity outcomes."
2943,"YES — This is an animal (squid giant axon) electrophysiology study that used CsF (cesium fluoride) perfusion and reports neuronal conductance/displacement-current measures, which are neurophysiological outcomes relevant to neurotoxicity."
2944,YES — An animal (rat) study of high NaF exposure that reports brain damage/neurotoxicity outcomes (hippocampal neuronal pathology and NMDAR2B expression) along with thyroid measures.
2945,"NO — This is an in vitro biochemical study of a kinase in insulin-treated 3T3-L1 cells that only notes fluoride as an inhibitor, not as an exposure linked to neurotoxicity, and it is not an animal study."
2946,"NO — Animal study measuring fluoride accumulation in invertebrates near an aluminum plant, but it does not report any neurotoxicity outcomes or measures."
2947,"NO — Although an animal (rat) study that used sodium fluoride in vitro, its outcome is testicular protein biosynthesis, not any neurotoxicity-related measure."
2948,"NO — Animal study measuring bone fluoride concentrations and skeletal/dental fluorosis in kangaroos, but it does not report any neurotoxicity-related outcomes."
2949,"NO — Although sodium fluoride is briefly used in an in vitro assay, the study examines Ah receptor binding in rat thymic/hepatic cytosol (immunology/molecular endpoints) and does not report any neurotoxicity outcomes."
2950,"YES — Title is ambiguous about whether the agents studied are fluoride/analogues and whether the work is an animal neurotoxicity study, so it should be included for further screening."
2951,"NO — This is an in vitro study of fluorinated glycolipids and selectin-mediated cell rolling (model membranes and cells), not an animal study and it does not report any neurotoxicity outcomes."
2952,"YES — Animal (kitten) study administering sodium fluoride (an analogue) that caused obliteration of retinal vessels, a neuro-related outcome in the developing retina."
2953,"NO — This is an in vitro rat lung study of 3H-metaraminol uptake, not an animal study of fluoride (or analogues) nor reporting neurotoxicity outcomes."
2954,"NO — This is a materials chemistry study on thermotropic liquid crystal copolyesters modified with bisphenol AF, not an animal study and it does not report any neurotoxicity outcomes."
2955,"NO — This is a molecular characterization of the RGS13 protein (human/cloned tissues) and does not involve fluoride exposure, neurotoxicity outcomes, or an animal study."
2956,NO — This is a chemistry paper on anionic polymerization of fluorinated vinyl monomers and does not report any animal study or neurotoxicity outcomes.
2957,"NO — Although it is an animal study that uses 18F‑fluoride for imaging, the paper describes PET scanner processing and bone-scan reconstruction methods and does not report any neurotoxicity outcomes."
2958,"NO — This is a narrative review of fluoride's general metabolism and toxicity (focusing on bone and cellular mechanisms), not an original animal study nor reporting neurotoxicity outcomes."
2959,"NO — This study investigates cannabinoid signaling in rat cerebellar granule cells (cannabinoid agonists/antagonists), not exposure to fluoride or its analogues, so it does not meet the inclusion criteria."
2960,NO — This is a materials/chemistry study of fluoride-responsive conjugated polymer films (electrochemical behavior) and does not involve animals or report any neurotoxicity outcomes.
2961,"NO — This is an animal (rat) study of 5‑fluorouracil pharmacokinetics, tumor response, and systemic/tissue toxicity, but it does not report any neurotoxicity or nervous‑system outcome measures."
2962,NO — this is an animal study of squid metabolism and swimming under oxygen limitation and does not involve exposure to fluoride (or analogues) nor report any neurotoxicity outcomes.
2963,"NO — This is an animal study of lung microvascular injury and isolation of a serine protease in sheep following endotoxin/oleic acid/air emboli exposure, with no fluoride (or analogue) exposure nor any neurotoxicity outcomes reported."
2964,YES — Animal (rat) study of fluoride exposure examining central nervous-system mediation of fluoride-induced hyperglycemia; meets the exposure and animal criteria and involves CNS endpoints (neurotoxicity relevance unclear from the title).
2965,"NO — Study is an animal (rat) sodium fluoride toxicity study but reports cardiovascular and respiratory outcomes, not any neurotoxicity measures."
2966,"NO — the study investigates organophosphorus compounds (PSP, mipafox, paraoxon, PMSF) in cultured neuronal cells/primary chick DRG and does not involve fluoride or its analogues (and is in vitro rather than an in vivo animal study)."
2967,NO — This is an environmental assessment of fluoride in volcanic ash/leachates and does not report animal experiments or any neurotoxicity outcome measures.
2968,NO — This is a biochemical/structural study using fluorinated retinal analogues and does not report an animal neurotoxicity study or neurobehavioral outcomes.
2969,YES — Rat hippocampal CA1 pyramidal cells were exposed to NaF (sodium fluoride) and effects on HVA Ca2+ currents (a neurophysiological/neurotoxicity-relevant outcome) were measured in an animal-derived preparation.
2970,NO — This rat study investigates sea-anemone peptides (APHC1/3) on TRPV1-mediated bladder contractility in diabetic rats and does not involve exposure to fluoride or its analogues nor report neurotoxicity outcomes.
2971,"NO — This study examines sodium fluoride effects on bull sperm motility (a reproductive endpoint, not a neurotoxic outcome), so it does not meet the neurotoxicity inclusion criterion."
2972,"NO — the study investigates effects of food restriction on dopamine signaling in rats and only mentions NaF as an in vitro reagent for adenylyl cyclase assays, not as an exposure or as an investigation of fluoride-related neurotoxicity."
2973,"NO — This is a biochemical purification/characterization of an endoprotease from bovine neurohypophyseal granules, with no fluoride (or analogue) exposure, no neurotoxicity outcomes, and not an in vivo animal exposure study."
2974,"NO — This is an in vitro methodological study developing a colorimetric assay for pyrophosphatase activity (using Au-NPs, Cu2+, and PPi) and does not involve fluoride exposure, neurotoxicity outcomes, or any animal experiments."
2975,"NO — This is an environmental monitoring study of trace pollutants (mentions fluoride) in power-plant water streams, not an animal exposure study and it does not report any neurotoxicity outcomes."
2976,"NO — Title addresses anesthesia and pressure effects, not exposure to fluoride or analogues, and does not report animal neurotoxicity outcomes."
2977,"NO — This is an electrochemical/surface-chemistry study of hydroxypyridine adsorption from fluoride-containing electrolyte on Pt(111), with no animal experiments and no neurotoxicity outcomes reported."
2978,"YES — the study examines sodium fluoride effects on rat hippocampal slices (animal-derived tissue) and reports fluoride-induced hippocampal volume reduction, a neurotoxic outcome."
2979,"NO — This is a biochemical characterization of chymotrypsins from Japanese sea bass hepatopancreas and does not involve fluoride exposure, neurotoxicity outcomes, or an in vivo animal exposure study."
2980,"NO — This is an in vitro polymer chemistry F-19 NMR study of a perfluoroalkyl-modified polymer, not an animal study and it does not report any neurotoxicity outcomes."
2981,"NO — This is an in vitro study on NG-108-15 neuroblastoma/glioma cells investigating rabies-virus effects on receptor signaling; it is not an animal study and only mentions fluoride as a biochemical stimulant, not as an exposure/analogue assessed for neurotoxicity."
2982,NO — This is a human clinical bone-healing study reporting PET fluoride uptake in patients (not an animal study) and it measures bone repair outcomes rather than any neurotoxicity endpoints.
2983,"NO — This is an in vitro study in GH3 pituitary cells investigating phorbol esters (with NaF used as a biochemical probe), not an animal study of fluoride exposure or neurotoxicity."
2984,"NO — This is an analytical/methods study profiling endocannabinoid metabolites in rat brain and testing a FAAH inhibitor (AM374), not an exposure to fluoride or its analogues nor an investigation of neurotoxicity."
2985,NO — This rat exposure study measured halothane and metabolite concentrations in tissues (including brain) but did not report any neurotoxicity outcome measures.
2986,NO — The record addresses ionic (K+/Cl−) effects on IPSP and acetylcholine reversal potentials and gives no indication of exposure to fluoride or its analogues (nor explicit reference to an animal neurotoxicity study).
2987,NO — This is a biochemical study of rat hepatic meperidine esterase that only notes fluoride ions as an in vitro inhibitor and does not involve fluoride exposure experiments or report any animal neurotoxicity outcomes.
2988,NO — This is a molecular/biochemical characterization of a mouse brain serine proteinase (mentioning inhibitors such as diisopropyl fluorophosphate) and does not involve exposure to fluoride/fluoride analogues or report any neurotoxicity outcomes from an animal exposure study.
2989,"YES — Animal study of m-aminobenzotrifluoride (a trifluoromethyl-containing/organofluorine compound) reporting prolonged toxicity in experimental animals, but the title does not make clear whether neurotoxicity outcomes were measured."
2990,"NO — The study examines L-lysine’s effects on benzodiazepine/GABA receptors and seizure activity, not exposure to fluoride or fluoride analogues, so it does not meet the inclusion criterion."
2991,NO — This is an animal bone histology study using xylenol orange to detect microcracks in ewe bone and does not involve exposure to fluoride/analogues or report any neurotoxicity outcomes.
2992,"NO — Animal study on asphyxia effects in cat brain measuring adenylate cyclase, not involving fluoride or its analogues, so it does not meet the exposure criterion."
2993,"NO — Although fluoride ion was used to stimulate adenylyl cyclase in rat GH pituitary cell preparations, this is an in vitro pituitary tumor cell biochemical study with no neurotoxicity outcomes reported and not an in vivo animal neurotoxicity study."
2994,"NO — Animal study of fluoride retention in bones/teeth after hypophysectomy, focusing on mineralization and endocrine effects, with no neurotoxicity outcomes reported."
2995,NO — This is a materials corrosion study of stainless steel in fluoride-containing acid solutions and does not involve animal experiments or report any neurotoxicity outcomes.
2996,"NO — Animal study of sodium fluoride exposure but outcomes concern ectopic bone formation, collagen synthesis, and mineralization, not any neurotoxicity measures."
2997,"YES — Animal study in garter snakes examining effects of methanesulfonyl fluoride (a sulfonyl‑fluoride compound) on end‑plate currents and ACh receptor‑channel function, reporting neurophysiological outcomes relevant to neurotoxicity."
2998,"NO — This is an anatomical/histochemical mouse study describing fluoride-resistant acid phosphatase (FRAP) as a marker in afferent terminals, not an exposure to fluoride (or analogues) nor an assessment of neurotoxic outcomes."
2999,NO — this is an enzymatic characterization in calf brain microsomes that only notes in vitro sensitivity to fluoride as an inhibitor and does not report an animal fluoride-exposure study or any neurotoxicity outcome measures.
3000,"YES — Animal (rat) study investigating a ""fluororesistant"" acid phosphatase isoenzyme in the spinal cord, but the title does not make clear whether animals were exposed to fluoride, so relevance to fluoride exposure/neurotoxicity is unclear."
3001,NO — This is a 2011 review of perfluorinated compounds (PFCs) discussing neurotoxicity among other endpoints but it is not an original animal study reporting experimental neurotoxic outcomes.
3002,"YES — This study examines the effects of fluoride (NaF) on adenylate cyclase activity in beef brain cortex (animal-derived tissue), a neurochemical endpoint relevant to neurotoxicity, so it meets the exposure and animal-based outcome criteria."
3003,"YES — The record indicates a mouse study of fluorinated phenethylamine compounds (fluorinated analogues), which is potentially relevant to fluoride-related exposures and neurotoxicity, though the specific outcomes are not specified."
3004,"YES — Animal study in mice exposed to sodium fluoride (and AlCl3) that reports effects on cholinesterase activity and altered neurotransmission in muscle/liver, which are relevant neurotoxicity outcomes."
3005,"NO — This is a clinical report on using sulfur hexafluoride gas to treat retinal detachment, not an animal study and it does not report neurotoxicity outcomes related to fluoride exposure."
3006,YES — Animal (mouse) study exposing dams and offspring to sodium fluoride and reporting neurotoxicity-related outcomes (behavioral maze performance and cerebral cortex morphological changes).
3007,NO — This record discusses aluminum exposure and human epidemiology (Alzheimer's) and only tangentially mentions fluoride; it is not an animal study of fluoride or its analogues reporting neurotoxicity.
3008,"NO — This is a biochemical study characterizing a calcium-dependent bacterial metalloprotease from Flavobacterium psychrophilum and does not involve fluoride (or analogues), neurotoxicity outcomes, or an animal exposure study."
3009,"NO — Materials science study of Pb2MnO4 and Sr-doped Pb2MnO4 powders (high-pressure behavior, decomposition, and electronic/thermal properties); it does not involve fluoride exposure, animal experiments, or neurotoxicity outcomes."
3010,"NO — This is an in vitro biochemical study of bovine brain microtubules using inorganic phosphate analogues (BeF3-, AlF4-) to probe polymerization dynamics, not an animal study nor reporting neurotoxicity outcomes."
3011,"NO — Animal PET tracer study of a fluorine-18–labeled sigma-1 ligand reporting radiosynthesis, biodistribution and receptor binding in rats, not an exposure study of fluoride/analogues with any neurotoxicity outcomes."
3012,"NO — This study examines MMP activity during hippocampal LTP (mf-CA3 pathway) and does not involve exposure to fluoride or its analogues, so it does not meet the inclusion criteria."
3013,NO — The paper does not study fluoride exposure (cesium fluoride is only mentioned as a catalyst in synthesis); it tests newly synthesized gamma‑carboline derivatives on rat brain mitochondria rather than examining fluoride or its analogues as an exposure.
3014,YES — Animal study in rats chronically exposed to sodium fluoride (5 and 50 mg/L) reporting increased brain phospho-JNK (a neurotoxicity-related molecular outcome) correlated with blood fluoride levels.
3015,NO — This is an in vitro biophysical study of 6-fluorocholesterol in lipid bilayers (no animals used) and it does not report any neurotoxicity outcomes.
3016,"YES — Cultured mouse spinal cord neurons were exposed to fluoride (150 mM replacement) and the study reports fluoride-induced changes in glycine-activated chloride channel properties (a neurophysiological outcome), though it does not report explicit toxicity endpoints."
3017,"NO — Although sodium fluoride was used as a biochemical stimulant, the study examines beta-adrenoceptors and cAMP in pig skeletal muscle (splayleg) and does not report any neurotoxicity-related outcomes."
3018,"NO — This is an animal study of hypertensive rats measuring cardiac beta-adrenergic receptors; fluoride is only mentioned as an in vitro stimulant of adenylate cyclase (not an exposure), and the outcomes are cardiac, not neurotoxicity."
3019,NO — the paper is an in vitro study on GH3 pituitary cell membranes (a cell line) that only mentions sodium fluoride activating phosphoinositide hydrolysis and does not report animal data or neurotoxicity outcomes.
3020,"NO — This is an analytical/methods study measuring sarin/cyclosarin metabolites in minipig plasma (pharmacokinetics/analytical validation), not a fluoride-exposure neurotoxicity animal study and it does not report neurotoxic outcome measures."
3021,NO — This is an in vitro bioassay using rat renal adenylyl cyclase focused on parathyroid hormone assay performance (with only passing mention of fluoride) and does not report an animal study of fluoride exposure or any neurotoxicity outcomes.
3022,"NO — Although fluoride ions were tested for effects on polymer rheology, this is an in vitro material/rheology study (not an animal study) and it does not report any neurotoxicity outcomes."
3023,"NO — This is a human study of fluoride exposure assessing thyroid function (endocrine outcomes), not an animal study nor reporting neurotoxicity outcomes."
3024,"YES — Rat study of tributyltin fluoride exposure reporting significant retention of monobutyltin and inorganic tin in the brain, a neuro-relevant outcome measure."
3025,"NO — although this is an animal (mouse embryo) study, sodium fluoride is only used as an in vitro inhibitor to test acid phosphatase reactivity in cytochemistry, not as an exposure assessed for neurotoxic outcomes."
3026,"NO — This is a formulation/physical chemistry study of fluorinated surfactant microemulsions and drug solubilization in HFC‑134a, not an animal study and it reports no neurotoxicity outcomes."
3027,"NO — Although animals were used and aluminum fluoride is mentioned as an assay reagent, the paper studies intraocular pressure and enzyme activity in eye tissues (ocular/biochemical outcomes) and does not report any neurotoxicity-related outcomes."
3028,"YES — Reports in vivo (animal) effects of fluoromethyl (fluoride-containing) analogues showing potent inhibition of GABA‑transaminase, a neurochemical outcome relevant to neurotoxicity."
3029,NO — This study investigates thiokynurenate (kynurenic acid derivatives) effects on NMDA/glycine receptors in animal tissues and does not involve fluoride or fluoride analogues as the exposure.
3030,"YES — Animal study of sodium fluoride exposure in rhesus monkeys and other laboratory animals assessing acute toxicity, which meets the fluoride exposure criterion and may include neurotoxic outcomes though the title does not explicitly state neurotoxicity."
3031,"YES — Discusses high fluoride (with low iodine)–induced DNA damage in brain cells and refers to rat studies and effects in parents/offspring, meeting the fluoride exposure and neurotoxicity criteria (though it’s unclear if this record reports primary animal experiments)."
3032,NO — This is an in vitro cell-culture study of glycosylation in C127 cells (mentions sodium fluoride as an inhibitor) and does not involve animals or report any neurotoxicity outcomes.
3033,NO — This study investigates syndecan-1 ectodomain shedding and cleavage sites in cell lines and transgenic mice and does not involve fluoride (or its analogues) exposure nor report any neurotoxicity outcomes.
3034,"NO — This is a biochemical study of cholera toxin activation of adenylate cyclase (in cell fractions/intact fat cells) and does not investigate exposure to fluoride or its analogues, neurotoxic outcomes, nor is it an animal study of fluoride effects."
3035,"YES — Study exposes rat neuronal and glial cell fractions to sodium fluoride and reports effects on adenylyl cyclase activity in cerebral cortex tissue, a neurobiological outcome in an animal model."
3036,NO — This animal study measures lysosomal acid phosphatase activity in rat and rabbit kidney segments and does not involve fluoride exposure or any neurotoxicity outcomes.
3037,NO — This study concerns capsaicin/TRPV1 effects in mice (capsaicin neonatal treatment and knockouts) and does not involve exposure to fluoride or its analogues.
3038,"YES

This is an animal (rat) study of chronic NaF exposure reporting neurotoxicity-related outcomes (synaptosomal Ca2+ concentration and hippocampal NF-κB p65 expression), so it meets the inclusion criteria."
3039,"NO — The paper refers to a “fluoride-resistant” enzyme property and studies CGRP and capsaicin effects in rats, not exposure to fluoride (or its analogues) as an experimental neurotoxicant."
3040,"NO — This animal PET study uses an 18F-labeled THC analog to report biodistribution and pharmacokinetics in mice and baboon but does not assess any neurotoxicity outcomes (and the exposure is a radiolabeled tracer, not fluoride neurotoxicity)."
3041,"NO — This is an in vitro study of protease secretion by cultured rat microglia with no exposure to fluoride or its analogues and no reported neurotoxicity outcomes, so it does not meet the animal fluoride–neurotoxicity criteria."
3042,"YES — Tests ring-fluorinated (fluoro-) dopamine compounds on dopamine receptor binding and adenylate cyclase activity in rat and calf striatal tissue (animal-derived tissue), so it reports neurofunctional outcomes after exposure to fluorinated analogues."
3043,"NO — This is a clinical review on dentine hypersensitivity and preventive/treatment measures (mentions topical fluoride use) in human dental care, not an animal study nor reporting neurotoxicity outcomes."
3044,"YES — The study uses rat spinal cord tissue (animal-derived) and reports neural biochemical outcomes (NaF-stimulated adenylyl cyclase activity/G-protein coupling) involving a fluoride compound (sodium fluoride), although NaF appears used as an assay stimulant rather than as a toxicant exposure."
3045,"YES — Isolated squid axons (animal tissue) were internally perfused with potassium fluoride and voltage-clamp membrane currents were measured, a neurophysiological outcome relevant to neurotoxicity."
3046,NO — This is an animal (rat) neuroanatomy/physiology study of synaptic vesicles and perfusion effects but does not involve exposure to fluoride or its analogues.
3047,"NO — The study examines hepatotoxicity of fluorine-substituted paracetamol (liver toxicity), not neurotoxicity, so it does not meet the outcome criterion."
3048,"NO — This is a retrospective human study of fluorinated steroids (dexamethasone) reporting obstetric/fetal outcomes, not an animal study nor reporting neurotoxicity endpoints."
3049,NO — This is an in vitro molecular/cell biology study (using AlF4− in binding assays with bovine brain extracts and cell lines) and does not report an in vivo animal exposure or any neurotoxicity outcome.
3050,NO — Study examines effects of glucocorticoids (dexamethasone/ACTH) on cAMP signaling in rat brain slices and does not involve exposure to fluoride or fluoride analogues.
3051,"NO — this is an in vitro study of 25‑fluorocholesterol effects on HMG‑CoA reductase in CHO‑K1 cells, not an animal study and it does not report any neurotoxicity outcomes."
3052,"NO — This is a materials-chemistry study on tetraphenylethylene-containing polyimides reporting synthesis, photophysical and thermal properties, with no fluoride exposure, no neurotoxicity outcomes, and not an animal study."
3053,"NO — This is an in vitro biochemical study of pig brain GABA aminotransferase involving a fluorinated analogue, not an in vivo animal study reporting neurotoxicity outcomes."
3054,"YES — Unclear: this is an animal (rat brain) study that mentions inhibition by diisopropyl fluorophosphate (a fluorophosphorus compound), but it does not investigate fluoride exposure or report neurotoxicity outcomes directly."
3055,"NO — This is an animal (mouse) study of a cannabinoid agonist (ACEA) and antiepileptic drugs, not an exposure to fluoride or its analogues, so it does not meet the fluoride-exposure inclusion criterion."
3056,"NO — This is a high-pressure mineralogical/geochemistry experiment on fluorine-bearing minerals and phase stability, not an animal study nor reporting any neurotoxicity outcomes."
3057,NO — This is a chemistry/materials paper on fluorinated zirconium catalysts and polymerization (no animal experiments and no neurotoxicity outcomes reported).
3058,"YES — Animal (rat) study of sodium fluoride (NaF) exposure (600 ppm) reporting brain neurotoxicity-related outcomes (TBARS, GSH, SOD, catalase) and effects of treatment."
3059,"NO — This is a biochemical study of bovine rhodopsin pigments altered with fluorinated/chlorinated retinal analogues, not an animal study assessing neurotoxicity outcomes."
3060,"NO — Although this is an animal (rat) study with fluoride (NaF) exposure, the outcomes reported are bone mechanical properties, not any measures of neurotoxicity."
3061,"NO — This is a polymer chemistry study about the polymerization efficiency of a semi-fluorinated methacrylate (materials science), with no animal model nor any neurotoxicity outcomes reported."
3062,"NO — Although this is an animal study that includes sodium fluoride exposure, the reported outcome (blood sugar response to thiopental in rabbits) is a metabolic/endocrine measure, not a neurotoxicity outcome."
3063,"YES — Animal study in rats administering 4‑fluorotranylcypromine (a fluorinated analogue) with measured regional brain monoamine and metabolite levels, which are neurotoxicity-related outcomes."
3064,NO — Animal study of sodium fluoride exposure examining bone and bone marrow morphology; no neurotoxicity outcomes or measures are reported.
3065,"NO — The study investigates lithium (Li) effects (with cesium fluoride used only as an in vitro reagent), not exposure to fluoride or fluoride analogues, so it does not meet the fluoride-exposure animal neurotoxicity criterion."
3066,NO — This is a human forensic/analytical case report of 4‑fluoroamphetamine detection in two individuals (not an animal study) and does not report animal neurotoxicity outcomes.
3067,NO — This is a medicinal chemistry/efficacy study of fluorinated-substituted sodium-channel blocker compounds (not fluoride/fluoride-analogue exposure) and reports analgesic efficacy in rats rather than any neurotoxicity outcomes.
3068,"YES — Animal (rat) study of acute fluoride exposure that reports tissue fluoride concentrations including brain (and other toxicity-related physiological outcomes), so it is relevant to neurotoxicity screening even though behavioral/neurofunctional endpoints were not reported."
3069,"NO — This is an in vitro biochemical study using hen brain particles examining organophosphoramidates (including a phosphoramido‑fluoridate) and reactivation with KF, not an in vivo animal study of fluoride exposure reporting neurotoxicity outcomes."
3070,"NO — This is an animal/biochemistry study of adrenergic desensitization in hamster brown adipose tissue where fluoride is mentioned only as a reagent to stimulate adenylate cyclase, not as an exposure/toxicant, and no neurotoxicity outcomes are reported."
3071,"NO — This is an in vitro study of GnRH receptor fragments in transfected COS-7 cells, with no exposure to fluoride or its analogues, no neurotoxicity outcomes reported, and it is not an animal study."
3072,"NO — This is a materials-chemistry study on chromophore synthesis and nonlinear optical properties, not an animal study, and it does not involve fluoride exposure or any neurotoxicity outcomes."
3073,"YES — Animal study in mice exposed to sodium fluoride (NaF, 20 mg/kg for 14 days) that reports fluoride accumulation and altered brain enzyme activities (e.g., decreased SOD, GST, catalase, AChE, and membrane ATPases), indicating neurotoxic effects."
3074,"NO — This is a chemistry methods paper about synthesizing fluorescent chemosensors for detecting fluoride in solution, not an animal study and it does not report any neurotoxicity-related outcomes."
3075,"NO — This is a materials-science review of fluorinated liquid crystals and polymers, not an animal study nor reporting neurotoxicity outcomes."
3076,NO — This is a pharmacology study of fluorinated catecholamine binding to adrenergic receptor subtypes (likely in vitro) and does not report an animal neurotoxicity outcome.
3077,"NO — This is an animal study of capsaicin and electroacupuncture effects (measuring Fluoride‑resistant acid phosphatase activity), but it does not involve exposure to fluoride or fluoride analogues."
3078,"YES — Animal study (edible mudskipper) exposed to sodium fluoride (40 and 80 ppm) reporting brain histopathological changes (reduced telencephalic cytoplasm, nuclear material and Nissl substance), indicating neurotoxic effects."
3079,"NO — This is a mineralogy/petrology study of Ti‑andradite in ultramafic rocks and does not involve fluoride exposure, neurotoxicity outcomes, or any animal experiments."
3080,"YES — The record reports use of a fluorinated analogue (α‑monofluoromethyldopa) in spontaneously hypertensive rats and describes central neurochemical effects (catecholamine depletion and dopa‑decarboxylase inhibition), fulfilling exposure = fluorinated analogue, neurotoxicity‑related outcomes, and animal study criteria."
3081,"YES — Animal (goldfish) study that exposed Mauthner cell axoplasm to a fluorocarbon (Fluorinert, a fluorinated compound) and measured neuronal organelle transport (a neurophysiological outcome), although it may not be an explicit fluoride-toxicity study."
3082,"NO — This is a chemistry/materials study of triazole-based molecular motifs (including covalently bound fluorine substituents) characterizing conformations with DFT, NMR, and X‑ray methods, not an animal study of fluoride exposure or neurotoxicity outcomes."
3083,"NO — This is an animal (rat) biochemical study of guanyl nucleotides (GTP, Gpp(NH)p) on adenylate cyclase in pituitary tissue and does not involve exposure to fluoride or its analogues nor report neurotoxicity outcomes."
3084,"NO — This is a review summarizing neurotoxic effects of perfluoroalkylated compounds (e.g., PFOS, PFOA) and rodent findings but is not a primary animal study, so it does not meet the requirement that the record be an original animal research article."
3085,NO — This is an analytical/pharmacokinetic study of a fluorinated anti-HIV nucleoside in animals (rats/monkeys) and does not report any neurotoxicity outcomes.
3086,"NO — This is an engineering/optics paper about lithium fluoride crystal properties and cryogenic mounting for space instruments, not an animal study and it does not report any neurotoxicity outcomes."
3087,"YES — Rat study administering 6‑fluoro‑DL‑tryptophan (a fluorinated analogue) that reports neurochemical effects on brain serotonin and metabolites, meeting the animal + neurotoxicity-related outcome criteria."
3088,"NO — Although this is an animal study involving sodium fluoride exposure (mice), the reported outcome is platelet aggregation (hematologic), not any neurotoxicity-related measure."
3089,"NO — This is a materials-science study of metal fluoride electrodes for lithium-ion batteries (FeF2, CuF2) and does not involve animal experiments or report any neurotoxicity outcomes."
3090,"NO — Animal study of fluoride exposure assessing bone/implant formation and fluoride levels in rats, but it does not report any neurotoxicity-related outcomes."
3091,"YES — an animal (rat) study of fluoride exposure (20 mg/kg/day for 30 days) reporting neurotoxicity-related outcomes including DNA damage, altered neurotransmitter levels, and oxidative/metabolic changes in brain."
3092,"NO — Sodium fluoride is only used here as an in vitro inhibitor to identify NaF-sensitive esterase activity, not as an exposure being tested for neurotoxicity; the paper describes an animal nerve-injury study rather than fluoride/analogue exposure outcomes."
3093,NO — The study investigates regulation of sn-glycerol-3-phosphate acylation by cytidine nucleotides in rat brains and does not involve exposure to fluoride or its analogues.
3094,"YES — The title indicates study of trifluoromethyl (carbon trifluoride)–substituted phenethylamines (organofluorine compounds that may have neuroactive/toxic effects), but it does not specify outcomes or whether experiments were performed in animals, so relevance is unclear and merits inclusion for screening."
3095,NO — animal biodistribution/PET study of an 18F-labeled radioligand ([18F]RU 52461) reporting tissue uptake and imaging findings but no neurotoxicity outcomes or investigation of fluoride as a toxicant.
3096,"NO — This record reports PAP knockout mouse work on neuronal function and pain/anxiety but does not involve exposure to fluoride or its analogues, so it fails the exposure criterion."
3097,"YES — Animal study exposing rainbow and brown trout to sodium fluoride that reports neurobehavioral/neurological signs (hypoexcitability), respiratory effects, and LC50 toxicity measures."
3098,"NO — Animal study measuring acetylcholinesterase and a ""fluoride-resistant"" acid phosphatase enzyme in rat dorsal root ganglia, but it does not describe exposure to fluoride or its analogues (the term refers to an enzyme type, not a fluoride treatment)."
3099,"NO — Although it examines fluorinated alkanes and retinal cell apoptosis, this is an in vitro study on rat retinal cell cultures rather than an in vivo animal study as required."
3100,YES — Describes chronic fluorine intoxication with central nervous system pathology (neurotoxic outcomes) but does not specify whether the data are from animal experiments (unclear study type).
3101,"NO — This is a materials/chemistry study of fluorinated liquid-crystalline polysiloxanes reporting polymer phase behavior, not an animal study and it does not assess neurotoxicity or biological fluoride exposure."
3102,"NO — This is an engineering paper on active vibration control in pipes using PVDF/PZT transducers, not an animal study nor research on fluoride exposure or neurotoxic outcomes."
3103,"NO — Animal study uses 18F‑sodium fluoride as a PET tracer to assess bone healing in osteoporotic rat femurs, but reports only bone/healing outcomes (no neurotoxicity measures)."
3104,"NO — This rat study uses ""fluoride-resistant acid phosphatase (FRAP)"" as a histochemical marker for cutaneous afferents, not exposure to fluoride or its analogues, and it does not report neurotoxicity outcomes."
3105,"YES — Animal study in rabbits where a highly fluorinated (hydrogen‑fluoroalkane) compound was injected into the vitreous and retinal ultrastructure (neural tissue) was assessed by electron microscopy at multiple time points, reporting penetration and cellular changes (no overt toxicity)."
3106,"NO — This is an in vitro study of liposome binding/endocytosis in J774 cells and human monocytes, not an animal study and it does not involve exposure to fluoride or report neurotoxicity outcomes."
3107,"YES — Animal (mouse) study of halogenated cannabinol derivatives includes a monofluoro-CBN exposure and reports neurobehavioral/neuropharmacological outcomes (hypothermia, catalepsy, sleep prolongation, seizure latency)."
3108,"YES — Animal study in Wistar rats with fluoride exposure in drinking water that reports hypothalamic/pituitary hormone levels (GnRH, FSH, ICSH/LH) and other neuroendocrine outcomes, meeting the exposure and neurotoxicity-related outcome criteria."
3109,YES — Developmental exposure of chicks to a fluorinated (19F‑tagged) 5‑HTP compound with assessment of T‑maze behavior (a neurobehavioral outcome) is an animal study involving a fluorinated analogue.
3110,"NO — Animal (mouse) study of fluoride exposure assessing bone/osteoporosis physical and chemical outcomes (femurs/vertebrae, 45Ca exchange), with no neurotoxicity-related measures reported."
3111,"NO — Although sodium fluoride is mentioned as a serine/threonine phosphatase inhibitor in biochemical experiments, the paper is a molecular/cell-based study of insulin transcription in beta cells (not an animal study) and does not report any neurotoxicity outcomes."
3112,"NO — Although rat tissues were used and NaF (fluoride) is mentioned as an in vitro activator of adenylate cyclase, this is a biochemical/mechanistic assay (not an in vivo animal exposure) and it does not report any neurotoxicity outcomes."
3113,"NO — Although the study uses fluoride-containing phosphate analogues (BeFx/AlFx), it is a biochemical study on Tetrahymena protozoa (not an animal model) and reports molecular dynein solubilization rather than any neurotoxicity outcomes."
3114,"YES — The study is an animal (chicken embryo) study that reports NaF (sodium fluoride)-stimulated brain adenylate cyclase activity (a neurodevelopmental outcome), although NaF appears used as an enzymatic stimulant rather than as a toxicant exposure."
3115,"NO — This is a human drinking-water magnesium analysis (not an animal study), does not investigate fluoride as the exposure, nor report any neurotoxicity outcomes."
3116,YES — Animal study in rats exposed to high-fluoride water (experimental fluorosis) assessing neurotoxicity-related outcomes (c-fos and Caspase-8 expression) in cerebral cortex neurons.
3117,"YES — This is an animal (rat neural tissue) study that tested the effects of various anions, including fluoride, on [3H]glutamate binding (a neurophysiological/neurotoxicity-relevant outcome)."
3118,NO — This is a biophysical 19F NMR study of fluorine-labelled proteins (neurotoxin II) and does not report an animal study of exposure to fluoride/analogues or neurotoxicity outcomes.
3119,NO — Animal study measuring fluoride distribution in bone (rabbits and rats) but does not report any neurotoxicity outcomes.
3120,"NO — Materials-chemistry study of fluorinated azobenzene esters reporting synthesis and mesomorphic properties, with no animal work or neurotoxicity outcomes."
3121,"YES — Animal (rat) study administering sodium fluoride (10.3 mg/kg) with reported neurotoxicity-related outcomes (oxidative stress markers such as lipid peroxidation, nitric oxide, glutathione, and SOD measured in brain tissue)."
3122,"NO — although NaF is mentioned, this hamster study assesses cardiac membrane/enzyme changes in heart failure, not any neurotoxicity outcomes."
3123,NO — This is a methods paper measuring SAM and SAH in mouse embryos and does not involve fluoride (or analogues) exposure nor report neurotoxicity outcomes.
3124,"YES — The study applied aluminium fluoride to rat hippocampal slices (an animal tissue model) and measured neuronal biochemical responses (choline release and phospholipase activities), which are outcomes relevant to neurotoxicity."
3125,NO — This is a biochemical study of electron transfer involving spinach ferredoxin (and a brief note about fluoride dissociation) with no animal experiments and no neurotoxicity outcomes reported.
3126,"NO — Geological/magmatic study discussing F-bearing fluids in granite, not an animal study and it does not report any neurotoxicity-related outcomes."
3127,YES — Animal study of sodium fluoride exposure in American kestrel chicks that reports brain weight (a neuro-related outcome) among measured organ effects.
3128,"NO — This is a mouse model of cystathionine β‑synthase deficiency (homocysteine/AdoHcy effects) rather than exposure to fluoride or its analogues, and it does not report neurotoxicity outcomes."
3129,"NO — This record is a general description of guanylyl cyclase enzyme and does not report an animal study, fluoride exposure, or neurotoxicity outcomes."
3130,"NO — The paper appears to describe enzymatic synthesis and biological activity of a fluorinated GABA analogue, not an animal study reporting neurotoxicity outcomes."
3131,"NO — The study investigates capsaicin applied to rat peripheral nerve (with FRAP as an assay), not exposure to fluoride or fluoride analogues, so it does not meet the exposure criterion."
3132,YES — Subchronic rat (Sprague‑Dawley) gavage study of a fluoroalkylethanol (fluorinated) mixture (with measured blood/plasma/urine fluoride) that explicitly assessed and reported neurotoxicity outcomes (stating no test-substance‑related neurotoxicity).
3133,"YES — the record reports fluoride exposure effects on retinal (neural) rod outer-segment PDE and G-protein activity (outcomes relevant to neurotoxicity), though it appears to be an in vitro membrane-free extract study rather than a clearly described in vivo animal experiment."
3134,NO — The study examines effects of 5‑aminolevulinic acid (ALA) on adenylate cyclase in rat and human brain membrane preparations (in vitro) and does not investigate fluoride or its analogues nor report an in vivo animal neurotoxicity exposure.
3135,"YES — Animal study of fluoride (fluorosis) in albino rats reporting brain biochemical outcomes (glutathione peroxidase/reductase activities, reduced thiols, and lipid peroxidation) relevant to neurotoxicity."
3136,"YES — in vivo study examining release of inorganic fluoride from halothane (a fluoride-containing anesthetic) and metabolite binding, likely an animal metabolic/toxicity study but neurotoxicity outcomes are not specified in the title and thus unclear."
3137,NO — This is an animal implant study assessing bone bonding of a glass-ceramic in rabbit tibiae and does not involve fluoride exposure or any neurotoxicity outcomes.
3138,"NO — This is an animal study of lithium treatment (lithium chloride/carbonate); sodium fluoride is only used as an in vitro assay stimulant, so it does not report research on fluoride exposure or its analogues."
3139,"NO — Although it involves fluorinated drug derivatives in isolated rabbit and rat hearts (animal tissue), the study assesses cardiac antifibrillatory activity, not any neurotoxicity outcomes."
3140,NO — the study investigates a boiled supernatant's effect on cyclic AMP in rat synaptosomes but does not involve fluoride or fluoride analogues.
3141,NO — This is an immunocytochemical study mapping angiotensin II/III localization in rat brain and does not involve fluoride exposure or report neurotoxicity outcomes.
3142,"NO — Animal (calf) study of chronic NaF exposure reporting systemic, skeletal, and gastrointestinal effects and fluoride distribution, but it does not report any neurotoxicity or nervous-system outcomes."
3143,"NO — This is an animal study of calcium deficiency (not fluoride exposure); fluoride is only used as a biochemical stimulant in assays and the outcomes are renal adenylate cyclase responses, not neurotoxicity."
3144,"YES — Animal study of a fluorinated organic derivative (L7810) reporting effects on nerve function (local anesthetic action, conduction velocity and spontaneous frequency) and cardiac electrophysiology in frogs, guinea-pigs, rabbits and dogs."
3145,"NO — Animal study of the fluorinated chemotherapeutic 5‑fluorouracil reporting tumor uptake/metabolism in mice, but it does not assess any neurotoxicity outcomes (exposure is a drug, not fluoride neurotoxicity measures)."
3146,"NO — This is an animal study of sciatic nerve injury and synaptoneogenesis that uses ""fluoride-resistant acid phosphatase"" as a histochemical marker, not an exposure to fluoride or its analogues, so it does not meet the fluoride-exposure inclusion criterion."
3147,NO — This is a chemical synthesis and in vitro pharmacology/radiosynthesis report of a fluorinated PET ligand ([F‑18]VUF 5000) and does not describe an animal study or any neurotoxicity outcomes.
3148,"NO — Human occupational study of perfluorooctanoate (PFOA) reporting lipid, hepatic, and thyroid outcomes (not neurotoxicity) and not an animal study."
3149,"NO — This is a PET tracer comparison in anesthetized monkeys using a fluorinated compound (L-fluorodopa) that reports tracer kinetics/metabolism, not any neurotoxicity-related outcomes."
3150,YES — Animal study of Wistar rats exposed to sodium fluoride (30 and 100 ppm) reporting brain outcomes (lipid peroxidation and antioxidant changes) relevant to neurotoxicity.
3151,"NO — This is an engineering/industrial study of municipal solid waste incineration reporting ash fluoride levels/toxicity, not an animal study nor does it report any neurotoxicity outcomes."
3152,"YES — Animal study (Swiss Albino mice) with maternal NaF (226 ppm F−) exposure reporting neurotoxicity outcomes in pups (brain oxidative stress markers, antioxidant enzyme activities, AChE inhibition, disrupted neuronal migration and laminin distribution)."
3153,"NO — this is an in vitro electrophysiology study on a rat pituitary cell line (GH3) using fluoride-containing solutions, not an animal study and it does not report in vivo neurotoxicity outcomes."
3154,"NO — Although the text mentions a ""fluoride-inhibited"" enzyme as a cytochemical marker, the study is an ultrastructural analysis of crab photoreceptor lysosomal activity and does not involve fluoride (or analogue) exposure nor report neurotoxicity outcomes."
3155,NO — This is an animal study of adenylate cyclase activity in sarcotubular membranes of myopathic hamsters and does not involve fluoride (or analogues) exposure or report neurotoxicity outcomes.
3156,NO — This is an in vitro biochemical study of the drugs cinnarizine and the di‑fluorinated flunarizine on chromaffin granule ghosts (not an in vivo animal study of fluoride/fluoride‑ion exposure or neurotoxicity).
3157,NO — This is an in vitro study of osteoblast-like cell behavior on fluoridated hydroxyapatite coatings (not an animal study) and reports bone/cell proliferation outcomes rather than any neurotoxicity measures.
3158,"NO — This is a semiempirical computational study of organophosphorus ""fluoridates"" correlating chemical reactivity with toxicity (cholinesterase inhibition) and does not report neurotoxicity outcomes from an animal study."
3159,"NO — This is an instrumentation/materials study on fluorescence thermometry using Yb-doped fluoride crystals (CaF2:Yb2+) for cryogenic temperature measurement, not an animal study and it does not assess neurotoxicity outcomes."
3160,YES — Animal study of sodium fluoride exposure in Wistar rats examining effects on fetuses and sucklings; title does not specify neurotoxicity outcomes so relevance to neuro endpoints is unclear.
3161,NO — This is an animal PET pharmacokinetic study using an 18F-labelled drug in monkeys and does not assess fluoride exposure/toxicity or any neurotoxicity outcomes.
3162,"NO — Materials-science study on electron-beam modification of fluoropolymers (PTFE/FEP/PFA) with no animal work, no biological exposure to fluoride, and no neurotoxicity outcomes reported."
3163,"YES — Animal (Wistar rat) study of sodium fluoride (NaF) exposure reporting brain neurotoxicity outcomes (oxidative stress markers: SOD, reduced glutathione, catalase, and TBARS)."
3164,"NO — This is a human FDG-PET study of multiple sclerosis patients using 18F‑fluorodeoxyglucose, not an animal study and not an investigation of fluoride exposure or neurotoxic effects."
3165,"NO — This study describes calcium-dependent regulator protein in S49 lymphoma cell clones and does not involve exposure to fluoride or analogues, neurotoxicity outcomes, nor an animal model."
3166,"NO — Animal study with some fluoride exposure (NaF toothpaste) but reports dental outcomes and general toxicity (mortality, body weight, water consumption) with no neurotoxicity or neurological outcome measures."
3167,NO — this is a materials-chemistry paper on synthesis/characterization of cyclotriphosphazene polymers (mentioning fluorine-containing monomers) and reports no animal study or neurotoxicity outcomes.
3168,NO — The title indicates a medical geology (human health/environment) piece about stones in Sri Lanka and does not appear to be an animal study nor report fluoride exposure-related neurotoxicity.
3169,YES — Animal study in male mice exposed to sodium fluoride (± AlCl3) reporting decreased cholinesterase activity (a neurotoxicity-related outcome) along with other tissue effects.
3170,"YES — Study used an animal preparation (squid giant axons) and assessed neurophysiological outcomes (ionic conductances, membrane and action potentials) after internal perfusion with potassium fluoride."
3171,"YES — Animal study in rats exposed to high fluoride (100 mg NaF/L) reporting brain neurotoxicity-related outcomes (reduced brain protein, altered SOD and MDA, and reduced learning/memory in offspring)."
3172,NO — This record concerns organophosphorus-induced delayed neurotoxicity and NTE in chickens (mentioning inhibitors like phenylmethylsulfonyl fluoride) and does not involve exposure to fluoride or fluoride analogues.
3173,"NO — This is a review of fluoride removal/defluoridation techniques and adsorbents, not an animal study reporting neurotoxicity outcomes."
3174,NO — This is an in vitro enzymology study (mevalonate kinase kinetics using substrate analogs from pig liver) reporting biochemical inhibitor/substrate behavior (with brief mention of fluorinated mevalonates) and does not involve an animal exposure study or any neurotoxicity outcomes.
3175,"YES — Primary hippocampal neurons from fetal rats were exposed to sodium fluoride (± AlCl3) in vitro and neurotoxicity-related outcomes (neurite interconnections, neurofilament staining, and cytoskeletal disruption) were reported."
3176,"NO — This is a review of the pharmacological/toxicological effects of aluminofluoride complexes on cells, tissues, and organs, not an original animal study reporting neurotoxicity outcomes."
3177,NO — This is an animal study about using protease inhibitors to improve extraction of substance P from rat nerve tissue and does not involve exposure to fluoride or its analogues.
3178,"YES — Animal study (freshwater catfish Clarias batrachus) exposed to sodium fluoride with measurement of free amino acid levels in brain tissue, indicating neurotoxicity-related outcomes."
3179,"NO — This is a chemistry/physicochemical study of fluorinated amphiphilic molecules and supramolecular assemblies, not an animal study and it does not report any neurotoxicity outcomes."
3180,"YES — Reviews fluorinated inhalational anaesthetics (sevoflurane, isoflurane, desflurane), reports CNS effects (changes in cerebral blood flow) and cites animal data (compound A nephrotoxicity in rats), meeting the exposure and animal/neuro criteria."
3181,NO — Animal study of fluoride exposure in mice that reports bone/osteoporosis outcomes (femur/vertebra physical and chemical properties) and does not report any neurotoxicity-related measures.
3182,"NO — Animal study of fluoride effects on alveolar bone mineral content and resorption in rats, with no measures or outcomes related to neurotoxicity reported."
3183,"NO — This is an animal study of organophosphorus inhibitors (e.g., phosphonofluoridates, tribufos) and their effects on lysophospholipase/NTE activity and neuropathology, not a study of fluoride (F−) exposure or fluoride analogues."
3184,"NO — this is a materials chemistry study of fluorinated ionic salts and their thermotropic/optical properties, not an animal study and it does not report any neurotoxicity outcomes."
3185,"YES — Animal study in rats reporting neurobehavioral and electrophysiological outcomes (conflict behavior, exploratory behavior, cortical EEG, seizure susceptibility) after administration of benzodiazepine analogues including fluorine-substituted compounds, so it is relevant or at least unclear with respect to the ""fluoride/analogues"" exposure criterion."
3186,YES — Aged monkey study reporting effects on memory (a neuro outcome) that includes methanesulfonyl fluoride (a fluoride-containing compound) as an exposure.
3187,NO — Animal study measuring fluoride concentrations in deer bones/antlers but does not report any neurotoxicity-related outcomes.
3188,"YES — In an animal (cockroach) neuronal preparation the study used fluoride as the intracellular anion and reports electrophysiological (ionic current) changes in isolated neurons, meeting the fluoride exposure and neurophysiological outcome criteria."
3189,"NO — This is a human case report (81‑year‑old) of ocular pigmentation changes after t-PA and sulfur fluoride (likely SF6) gas injection, not an animal study and it reports ophthalmic pigmentation outcomes rather than any neurotoxicity measure."
3190,"NO — This is an animal (OVX rat) study of risedronate and vitamin K-2 effects on bone properties, with no fluoride (or analogue) exposure and no neurotoxicity outcomes."
3191,"NO — This is an engineering study of erbium laser transmission through optical fibres and does not involve fluoride exposure, neurotoxicity outcomes, or animal experiments."
3192,"YES — Study exposes chicken embryo brain tissue to [3H]diisopropylphosphorofluoridate (DFP) and reports labeling/inhibition of acetylcholinesterase and butyrylcholinesterase (neuro-related outcomes) in an animal system, although DFP is an organofluorophosphate and its classification as a ""fluoride analogue"" may be ambiguous."
3193,"YES — Animal (frog) neuromuscular junction study of fluorinated ethers (methoxyflurane, hexafluorodiethyl ether) reporting effects on synaptic transmission (EPP amplitude, quantal content), which are neurotoxicity-relevant outcomes."
3194,NO — This is an in vitro materials study of calcium fluoride-containing dental composites measuring mechanical durability and wear (not an animal study) and reports no neurotoxicity outcomes.
3195,"YES — Animal (Wistar rat) study reporting exposure to fluoride/aluminum fluoride (and phosphatidylserine) with inhibition of insulin-degrading activity in brain cytosol, a biochemical outcome relevant to neurobiology/neurotoxicity."
3196,NO — This is an animal study characterizing a kallikrein-like enzyme in adrenal glands and does not involve fluoride (or analogues) exposure nor report any neurotoxicity outcomes.
3197,"NO — This is an in vitro immunology study of archaeosome uptake using murine cells where fluoride is only a component of an azide+fluoride ATP-depletion reagent (not an exposure of interest), no neurotoxicity outcomes are reported, and it is not an in vivo animal exposure study."
3198,NO — This is an animal (rat) study that includes fluoride ion as a pharmacological stimulus but reports muscle contractile responses after surgical denervation rather than any neurotoxicity-related outcomes.
3199,"NO — This is a human clinical case report of pneumatic retinopexy using sulfur fluoride for retinal detachment, not an animal study and it does not report any neurotoxicity outcomes."
3200,"NO — The study tests fluorinated glucose analogues in cultured neuroblastoma, endothelial, and retinoblastoma cells (in vitro) assessing myo‑inositol transport, not an animal neurotoxicity study."
3201,YES — Rat brain (animal) study reporting neurophysiological outcomes (cAMP levels and adenylate cyclase activity) that includes sodium fluoride as a stimulant of adenylate cyclase in rat brain homogenates.
3202,NO — This is an in vitro study of centrosome microtubule nucleation in Chinese hamster ovary cells that does not assess fluoride exposure relevant to neurotoxicity (aside from incidental mention of protease inhibitors like PMSF/dansyl fluoride) and is not an animal neurotoxicity study.
3203,"NO — This is a synthetic/structural organometallic chemistry paper (phosphorus-bridged group 4 metal complexes) with no fluoride exposure, no neurotoxicity outcomes reported, and it is not an animal study."
3204,"NO — This is a peptide synthesis/stability study using liquid hydrogen fluoride to deprotect and test toxin stability, not an animal study reporting neurotoxicity outcomes following fluoride exposure."
3205,"NO — This study examines mitochondrial acid phosphatase changes after x‑ray irradiation (with sodium fluoride used only as an in vitro histochemical inhibitor/control), not an animal experiment of fluoride (or analogue) exposure or fluoride‑induced neurotoxicity."
3206,"NO — This is a review about 19F magnetic resonance for tracking fluorinated drugs in vivo (mostly clinical/technical discussion), not an animal study reporting neurotoxicity outcomes."
3207,NO — This is a clinical review about corticosteroid-induced myopathy (mentioning fluorinated steroids) and not an animal study of fluoride (or analogue) exposure measuring neurotoxicity outcomes.
3208,"NO — Animal study of sodium fluoride focused on dental caries outcomes in rats, with no neurotoxicity-related outcome measures reported."
3209,"NO — Animal study of sodium fluoride/monofluorophosphate exposure in rats, but outcomes are bone histopathology and biomechanics (inflammation in bone), with no measures of neurotoxicity."
3210,"NO — Title indicates a biochemical study on acyl dihydroxyacetone phosphate (lipid precursors), with no mention of fluoride exposure, neurotoxicity outcomes, or an animal study."
3211,"YES — Animal study exposing rats to sodium fluoride and measuring antioxidant status and free radical damage (oxidative stress), outcomes relevant to neurotoxicity."
3212,"NO — This is an in vitro biochemical study of the fluorinated alcohol 2,2,2-trifluoroethanol on insulin fibrillation, not an animal study and it does not report any animal neurotoxicity outcomes."
3213,NO — This is an animal histochemical study that only mentions sodium fluoride as an in vitro inhibitor of ATPase during enzyme characterization and does not examine fluoride exposure effects or report any neurotoxicity-related outcomes.
3214,"NO — The title describes protein/cytoskeletal interactions (adenylate cyclase regulatory subunit) and does not involve fluoride exposure, neurotoxicity outcomes, or an animal study."
3215,NO — Animal study of traumatic brain injury measuring MAP2 in rat brain with no exposure to fluoride or its analogues reported.
3216,"NO — This is an in vitro biophysical study on photosensitizer binding and gramicidin channel photoinactivation in lipid bilayers/LUVs (with fluoride affecting binding), not an animal study and it does not report neurotoxicity outcomes."
3217,"NO — This is a human observational study relating groundwater fluoride to schoolchildren's IQ (neurodevelopment), not an animal study."
3218,"NO — This is a biochemical purification study of human neutrophil collagenase with no fluoride exposure, no neurotoxicity outcomes reported, and it is not an animal study."
3219,"YES — Mouse study reporting neurotoxic outcomes after exposure to organophosphorus NTE inhibitors including ethyl octylphosphonofluoridate (a phosphonofluoridate containing a P–F moiety), so it is an animal neurotoxicity study involving a fluoride-containing analogue."
3220,"NO — This is a human volunteer inhalation/toxicokinetic study of 1,1-difluoroethane reporting symptom ratings, not an animal study."
3221,"YES — Animal study in rats reporting neuronal ultrastructural changes and locomotor outcomes after implantation of polyvinylidene fluoride (PVDF) conduit (a fluorinated polymer), so it involves a fluoride-containing material and neuro-related outcomes (unclear whether PVDF counts as a fluoride ""analogue"")."
3222,NO — Rat study measures enflurane metabolism and resulting fluoride levels but does not report any neurotoxicity-related outcomes.
3223,"NO — This is a chemical synthesis/receptor-binding study of 2'-fluoro adenosine analogues, not an animal study and it does not report neurotoxicity outcomes."
3224,NO — This is an in vitro biochemical study of transducin activation by fluoride (mechanism/kinetics) and does not involve animals or report any neurotoxicity outcomes.
3225,"NO — The record discusses mechanistic risk assessment for organophosphate-induced neuropathy (OPIDP), not fluoride or its analogues, and does not report an animal study of fluoride-related neurotoxicity."
3226,"NO — Animal study of fluoride exposure, but outcomes are bone/tooth structure and osteoclast-related gene/protein expression (OPGL, M-CSF), with no measures of neurotoxicity."
3227,"YES — This is an animal (rat) study in which polyvinylidene fluoride (PVDF, a fluorinated polymer) tubes were implanted and neural outcomes (motor neuron counts, Bax expression, tracing) were measured, so it either meets or is unclear with respect to the ""fluoride/analogue"" exposure criterion."
3228,NO — Geological/diagenetic study of apatite and REE mobility in sandstones that only mentions fluoride as a possible complexing agent; it is not an animal study and reports no neurotoxicity outcomes.
3229,"NO — This is an in vitro protein NMR study using 6‑fluorotryptophan as a label to examine retinol-binding proteins expressed in E. coli, not an animal study nor an investigation of neurotoxicity outcomes."
3230,"NO — Although this mouse study involves perfluorocarbons (fluorinated compounds), it measures tumor oxygenation (pO2) using nanocapsules rather than any neurotoxicity-related outcomes."
3231,"NO — This record addresses thyrotropin (TSH) release in relation to cold exposure and does not involve fluoride/analogues, neurotoxicity outcomes, or an animal study."
3232,"NO — This study reports synthesis and opioid activity testing of fluorinated enkephalin analogs (pharmacology assays on mouse vas deferens and guinea pig ileum), not an animal exposure study of fluoride/analog neurotoxicity nor reporting neurotoxic outcomes."
3233,"YES — Animal (rat) study of sodium fluoride exposure reporting hippocampal neurotoxicity outcomes (synaptic ultrastructure, PSD‑93/95 expression, NOS activity), with selenium intervention."
3234,"NO — Although fluoride exposure was used on bovine bone samples, the study measures bone mechanical properties (tensile strength, modulus) rather than any neurotoxicity outcomes, so it does not meet the neurotoxicity animal-study criterion."
3235,"YES — Animal study (guinea pig) examining the effect of fluoride on brain mitochondrial oxidative phosphorylation, a neurobiologically relevant outcome indicating potential neurotoxic effects."
3236,"YES — Rabbit study administering sulfur hexafluoride (a fluorinated gas) but outcomes are intraocular electrolyte/protein and structural eye changes rather than explicit neurotoxicity, so relevance to the review is unclear."
3237,NO — This is a historic narrative review of treatments for tooth hypersensitivity that only mentions fluorides as an agent and does not report any animal experiments or neurotoxicity outcomes.
3238,YES — Reports an animal study (rats) of a fluorinated compound (4-fluorosulfonylpiperidine) with neurobehavioral outcomes (effects on slow-wave sleep and awakenings).
3239,"NO — although an animal study of dolichyl ester hydrolase in rat tissues, it does not involve fluoride (or analogues) exposure nor report any neurotoxicity outcomes."
3240,"YES — Animal study (electroplax eel) testing methanesulfonyl fluoride (a sulfonyl-fluoride compound) and other agents on acetylcholine receptor/acetylcholinesterase function, i.e., neurophysiological outcomes relevant to neurotoxicity."
3241,"NO — Animal study of fluoride metabolism in rats measuring plasma fluoride levels (and caffeine effects), but it does not report any neurotoxicity-related outcomes."
3242,"NO — Animal cardiac study that only uses fluoride as a biochemical activator of adenylate cyclase; it reports cardiac G-protein/AC outcomes, not any neurotoxicity measures."
3243,"NO — This is a rat study of benzodiazepine brain uptake and protein binding (mentioning fluorine-containing drugs), not an exposure to fluoride or fluoride analogues nor an assessment of fluoride-related neurotoxicity."
3244,"NO — Although this animal study used fluorinated tracer compounds and reported biodistribution (including limited BBB passage), it did not assess any neurotoxicity outcomes."
3245,"NO — Although sodium fluoride is mentioned as an inhibitor of an enzyme assay, the study does not investigate fluoride exposure or neurotoxicity (it concerns acid phosphatase in renal failure, with animal work on kidney damage)."
3246,"NO — The study examines vinpocetine's effects on nociception/retrograde axoplasmic transport in animals, not exposure to fluoride or fluoride analogues."
3247,"NO — The record reviews toxicity of organotin compounds (organometallics) rather than studies of fluoride or fluoride analogues; although it mentions a triphenyltin fluoride salt, the focus is organotin toxicity, not fluoride exposure."
3248,"NO — This is an organ/cell biology study characterizing rabbit kidney cortical cells and adenylate cyclase responses, with no exposure to fluoride (or analogues) and no neurotoxicity outcomes."
3249,NO — This is a general veterinary toxicology diagnostic procedures record and does not report an animal study of fluoride (or analogue) exposure with neurotoxicity outcomes.
3250,"NO — This is a chemical/pharmacological report of a fluorinated opiate ligand (fluorophen) with receptor-binding assays (and prospective PET use), not an animal study of fluoride exposure nor any neurotoxicity outcome."
3251,"NO — This is a chemistry/receptor-binding study of a fluorinated benzamide using in vitro rat striatal membranes and reports affinity for D2 receptors, not an in vivo animal study or any neurotoxicity outcome."
3252,"NO — This is an in vitro microsomal study (rat liver microsomes and cholinesterase assays) where fluoride was added to incubation mixtures and anticholinesterase activity measured, but there was no live-animal exposure so it does not meet the animal-study criterion."
3253,"NO — This is a pharmacologic study of fluorinated norepinephrine analogues' affinity for pineal beta-adrenergic receptors, not an animal study of exposure to fluoride/fluoride ion reporting neurotoxicity outcomes."
3254,"NO — This is an engineering study on microcantilever sensors for chlorine gas (with only a brief prior mention of HF detection), contains no animal experiments and reports no fluoride-exposure neurotoxicity outcomes."
3255,"YES — The paper investigates fluorinated amphiphilic antioxidant derivatives (fluorinated compounds) and reports protective effects in primary cortical mixed cell cultures and in vivo rotifers (an animal model), meeting the exposure (fluorinated analogues) and neurotoxicity/outcome and animal-study criteria."
3256,NO — The study examines fluoride inhibition of rabbit skeletal muscle AMP deaminase at a biochemical/metallocenter level and does not report animal neurotoxicity outcomes.
3257,"NO — Although it examines fluorine compounds in rat tissues (aorta/diaphragm), the endpoints are cAMP accumulation and vascular/muscle contractility, not any neurotoxicity-related outcome."
3258,"YES — This is an animal (western spruce budworm) study exposing insects to an omega‑fluorinated pheromone analogue (14F‑E11‑14:Al) and reporting neurophysiological (electroantennogram), behavioral (wind‑tunnel flight), and survival (LC50) outcomes."
3259,"NO — The experimental exposure is prenatal dexamethasone in rats; fluoride appears only as an in vitro assay reagent to stimulate G-proteins, not as the study exposure assessing fluoride neurotoxicity."
3260,"NO — This is an in vitro study of Aβ degradation in neuroblastoma cells (using diisopropyl fluorophosphate as a protease inhibitor), not an animal study nor an exposure to fluoride or its analogues reporting neurotoxicity outcomes."
3261,"NO — Although one analogue contains a fluorine atom, this is a medicinal chemistry/pharmacology study of epibatidine analogues assessing receptor binding and antinociception in mice, not an exposure study of fluoride (or fluoride salts/analogues) or reporting neurotoxicity outcomes."
3262,"NO — This review concerns anticholinesterase agents (organophosphorus compounds, carbamates, etc.; only a brief mention of sulfonyl fluorides) and not research on fluoride (e.g., sodium fluoride or fluoride ion) or its analogues as the exposure in animal neurotoxicity studies."
3263,NO — The study concerns polyribonucleotide synthesis in brain tissue fractions and does not involve exposure to fluoride or its analogues nor report neurotoxicity from such exposures.
3264,"YES — Chronic animal study exposing the aquatic snail Potamopyrgus antipodarum to fluoride ion that reports behavioral endpoints (velocity, escape time, space use) indicative of neurotoxicity."
3265,"NO — Animal study of 18F-fluoro-deoxyglucose production and organ distribution in rats, but it reports radiotracer synthesis and organ/blood distribution rather than any neurotoxicity outcomes."
3266,"NO — This is a chemical/photochemistry study of photochromic perfluorocyclopentene in solvents, not an animal study and it does not report any neurotoxicity outcomes or biological fluoride exposure."
3267,YES — Sodium fluoride applied to rat cerebral cortex tissue altered agonist-stimulated inositol phosphate formation (a neurophysiological/neurotoxicity-relevant endpoint) in an animal-derived preparation.
3268,"NO — This is a forestry study of tree mortality after prescribed fires and does not involve fluoride exposure, neurotoxicity outcomes, or animal experiments."
3269,"YES — Animal study in rats examining high fluoride (with low iodine) exposure and reporting brain histopathology in offspring, a neurotoxicity-related outcome."
3270,"YES — Animal (rat) study of fluoride exposure (1–100 ppm in drinking water) reporting neurotoxicity-related outcomes (whole-brain biogenic amines, neurological variables, oxidative stress) plus histopathology."
3271,"NO — This is an in vitro receptor-binding study using rat brain membrane preparations of fluorinated catecholamines (pharmacology), not an in vivo animal study reporting any neurotoxicity outcomes."
3272,"NO — Although fluoride is mentioned as a reagent, this is an in vitro biochemical study on bovine rod outer segments measuring phospholipase C activity, not an animal (in vivo) study and it does not report any neurotoxicity outcomes."
3273,"NO — This is an in vitro study using BV-2 microglial cell line (cell culture), not an animal study, so it fails the required animal-study inclusion criterion despite involving fluoride and neurotoxicity-related outcomes."
3274,"YES — The title is ambiguous and may cover animal toxicology (potentially including fluoride/analogues and neurotoxic outcomes), but the record gives no specifics on exposure, outcomes, or whether it reports primary animal research."
3275,"NO — The paper uses polyvinylidene fluoride as a detector material to measure retinal thermal responses in bullfrog retina (light-stimulation study), not an animal study of exposure to fluoride or its analogues or of fluoride-related neurotoxicity."
3276,"YES — Study investigates ring-fluorinated catecholamines (organofluorine exposure) and their adrenergic effects, but the title does not specify whether it involves animals or reports neurotoxicity outcomes, so eligibility is unclear."
3277,"YES — This is an in vivo rat study that applied methane sulphonyl fluoride (MSF, a fluorinated anticholinesterase) and measured motor nerve terminal Ca2+ currents, a neurophysiological outcome relevant to neurotoxicity."
3278,"NO — although sodium fluoride (NaF) is used experimentally, the paper studies G-protein/adenylate cyclase signaling and meiotic maturation in starfish ovarian follicle cells (reproductive cell physiology), not any neurotoxicity outcome in an animal study."
3279,"NO — the study tests fluorinated steroid sulfatase inhibitors and includes in vivo rat enzyme inhibition, but it does not report any neurotoxicity outcomes."
3280,"NO — This is an in vitro biochemical characterization of a murine liver esterase that only notes fluoride as an inhibitor, not an animal exposure study nor does it report any neurotoxicity outcomes."
3281,"NO — Although it measures fluorinated organic pollutants (perfluorinated compounds) in crocodile eggs (an animal sample), the study does not report any neurotoxicity outcomes (it focuses on contaminant concentrations, eggshell thickness, reproduction/mortality), so it does not meet the inclusion criteria."
3282,"NO — This is an animal study of sodium fluoride in rabbits but reports bone structural and chemical outcomes (cortical bone morphology and Ca/P ratio), with no measures of neurotoxicity."
3283,"NO — This report concerns sulfur hexafluoride (SF6) use in retinal detachment surgery (a clinical/surgical topic), not fluoride or its analogues, and does not describe an animal neurotoxicity study."
3284,YES — Animal study exposing weanling Sprague-Dawley rats to NaF (15–60 mg/L) for 9 months and measuring neurotoxicity-related outcomes (synaptic membrane fluidity and hippocampal PSD-95 expression).
3285,"YES — Reports analysis of a monofluorinated amphetamine (AFP) in rat brain tissue (animal study), meeting the exposure and animal criteria, but the abstract does not make clear whether any neurotoxicity outcomes were assessed."
3286,"NO — The record concerns polyribonucleotide-induced interferon production and does not involve fluoride/analogues, neurotoxicity outcomes, or an animal exposure study."
3287,"YES — Tests organofluorine ammonium compounds (fluorine-containing analogues) and measures cholinesterase inhibition in animal tissues (frog brain, squid optic ganglion), a neurotoxicity-relevant outcome."
3288,"NO — This is an optics/materials study of neodymium-doped chalcogenide glass and laser waveguides, not an animal study, does not involve fluoride exposure, nor reports any neurotoxicity outcomes."
3289,"NO — The title indicates a study of sympathetic innervation and cardiac norepinephrine transport, not exposure to fluoride or its analogues, so it does not meet the exposure criterion."
3290,"NO — This is an in vitro physico-chemical study of micelle formation of perfluorinated polyether salts using EPR, with no animal experiments and no neurotoxicity outcomes reported."
3291,"YES — Rat study of tungstate (examined alongside fluoride) reporting activation of adenylate cyclase in brain tissue, i.e. an animal exposure to a fluoride-analogous anion with a neurochemical (brain enzyme) outcome."
3292,NO — This is a chemical/pharmacological study of fluorine-containing analogues (syntheses and pharmacological studies) and does not report an animal study of fluoride exposure with neurotoxicity outcomes.
3293,"YES — Rat brain cortical membranes were exposed to sodium fluoride and the study reports effects on polyphosphoinositide hydrolysis, a neurochemical/neuronal signaling outcome in an animal-derived system."
3294,"YES — Animal (chicken) study examining binding of phosphoro-fluoridate organophosphate compounds (e.g., diisopropylphosphorofluoridate, MIPAFOX) to brain proteins, a neurotoxicity-relevant outcome."
3295,"YES — Animal study of dietary fluoride exposure in rainbow trout (Salmo gairdneri); the title reports toxic effects (with calcium supplementation) but does not specify whether neurotoxicity outcomes were measured, so relevance is unclear."
3296,YES — This is an animal study in Wistar rats of sodium fluoride (NaF) exposure reporting neurotoxic outcomes (impaired habituation/memory) and associated striatal and hippocampal monoamine changes.
3297,"NO — The paper studies beta-bungarotoxin (a snake venom protein) and its phospholipase A–related neurotoxicity, not exposure to fluoride or its analogues, so it does not meet the inclusion criterion."
3298,"NO — This is a materials science study of a P(VDF-TrFE) copolymer film (polymer characterization and bandgap via EELS), not an animal study and it does not examine fluoride exposure as a toxicant or report any neurotoxicity outcomes."
3299,"NO — This is a microbiology study of Serratia marcescens arylsulfatase (enzyme production/characteristics) mentioning fluoride as an enzyme inhibitor, not an animal study nor reporting any neurotoxicity outcomes."
3300,"NO — This rat study used 3-fluoro-3-deoxy-D-glucose as an NMR tracer to examine aldose reductase/sorbitol dehydrogenase kinetics in diabetic brain, not an exposure to fluoride (or its analogues as the toxicant) nor outcomes of neurotoxicity."
3301,"NO — This is a review article summarizing experimental animal and in vitro studies on fluoride neurotoxicity, not an original animal study reporting primary experimental data."
3302,"NO — this is a materials/solid-state NMR study of fluorinated PEMFC membranes (proton mobility in polymers), not an animal study and it does not report any neurotoxicity outcomes."
3303,"NO — This is an in vitro biochemical study (bovine brain membranes and murine cell lines) using fluoride to preactivate G-proteins, not an animal exposure study and it does not report any neurotoxicity outcomes."
3304,YES — Animal study in rats exposing them to a fluoride-ion–generating VX analog and reporting cholinesterase activity (a neurotoxicity outcome).
3305,"YES — This ex vivo rat study examines the effects of intracellular fluoride (vs chloride) on Nav1.8 sodium currents in small-diameter dorsal root ganglion neurons, a neurophysiological outcome relevant to neurotoxicity."
3306,"NO — this is an in vitro study of sodium fluoride effects on vasopressin-induced calcium mobilization in A10 vascular smooth muscle cells (a non-neural endpoint), not an animal study reporting neurotoxicity."
3307,"YES — Animal study in rats exposed chronically to fluoride (30 or 100 ppm) that measured neurotoxic outcomes (nAChR ligand binding and subunit protein levels) showing reductions, so it meets the inclusion criteria."
3308,NO — This is a narrative/hypothesis article mentioning fluoride among environmental neurotoxins but is not an original animal study reporting neurotoxicity outcomes.
3309,NO — This is an animal study of F-18–labeled fluorobenzylguanidine reporting radiochemistry and organ uptake/biodistribution in mice (and in vitro binding) but does not report any neurotoxicity outcomes.
3310,"YES — Animal study (carp and rainbow trout) examining exposure to sodium fluoride with reported neurotoxic outcomes (lethargy, violent/erratic movements, tetany) and related physiological effects."
3311,NO — This is an animal study of growth hormone effects on bone in ovariectomized rats and does not involve fluoride (or analogues) exposure nor neurotoxicity outcomes.
3312,NO — This is a materials/polymer synthesis study of amphiphilic triblock copolymers (including a perfluorinated segment) with no animal experiments or neurotoxicity outcomes reported.
3313,"NO — This is a chemical synthesis and pharmacology report of fluorinated norepinephrine analogues describing receptor-binding and agonist properties, with no clear animal study design or outcomes related to neurotoxicity."
3314,NO — This is a materials/electrochemistry study of battery electrolytes (fluorinated ionic liquids) and does not involve any animal experiments or report neurotoxicity outcomes.
3315,NO — This is an endocrine receptor study of LH‑RH binding in sheep and rat pituitary membranes and does not involve fluoride/analog exposures or report neurotoxicity outcomes.
3316,"NO — This is a medicinal chemistry/NMR study of peptidomimetic melanocortin receptor agonists with in vitro receptor binding data, not an animal study of fluoride exposure or neurotoxicity."
3317,"YES — The record describes a fluorinated anesthetic (sevoflurane) with reported central nervous system effects and cites animal data (rats) though the text does not clearly state an animal experimental neurotoxicity study, so relevance is uncertain."
3318,"NO — This paper studies the effects of adenosine on adenylate cyclases (cardiac and other tissues) and does not involve fluoride/analogues, neurotoxicity outcomes, or an animal-exposure study."
3319,"NO — This is a human case report of chronic fluorine poisoning (single patient) describing bronchotetany and neurological signs, not an animal study, so it does not meet the animal-study inclusion criterion."
3320,"NO — Materials science study on plasma fluorination of carbon fibres with no biological exposure, no animal subjects, and no neurotoxicity outcomes reported."
3321,YES — Rat study exposing animals to fluoride (10–100 ppm) that reports oxidative stress measures and brain tissue IR spectroscopy (neurotoxicity-relevant outcomes).
3322,NO — The study examines lithium exposure (not fluoride or a fluoride analogue) in rats and reports effects on pineal cyclic AMP/cGMP synthesis rather than outcomes of fluoride-related neurotoxicity.
3323,"YES — Animal study administering sodium fluoride (30–120 ppm) to female mice that reports dose-dependent changes in trace element concentrations in brain (and other tissues), an outcome relevant to neurotoxic effects."
3324,NO — The record concerns treatment of hydrofluoric acid skin burns (clinical/surgical management) and does not report an animal study nor any neurotoxicity outcomes.
3325,"NO — Although the study uses NaF (sodium fluoride) on hamster renal tissue, it measures renal adenylate cyclase activity (kidney biochemical effects), not any neurotoxicity or nervous-system outcome."
3326,"NO — This is a clinical review/trial of ibandronate (a bisphosphonate) in postmenopausal women, not an animal study, and it does not involve fluoride or report neurotoxicity outcomes."
3327,"YES — Animal experimental study of fluorinated aromatic compounds (e.g., monofluorobenzene, difluorobenzene, hexafluorobenzene, pentafluoraniline, pentafluorophenol) reporting neurotoxic outcomes (CNS inhibition, sedation, suppressed reflexes, respiratory-center paralysis) in mice and rats."
3328,"NO — Although this is an animal (rat) study of fluoro-labeled compounds, it reports biodistribution/tumor uptake for PET imaging of brain tumors, not any neurotoxicity outcome measures."
3329,"NO — This is a materials science study of fluoridated hydroxyapatite sintering and mechanical properties, not an animal study and it does not report any neurotoxicity outcomes."
3330,"YES — The study used guinea pig and rat myenteric neurons (animal-derived tissue) and reports effects of intracellular CsF (fluoride) substitution on voltage-gated Na+ currents/neuronal electrophysiology, i.e., neural outcome measures following fluoride exposure."
3331,"NO — The paper studies ketoconazole effects on ACTH/cAMP in rat pituitary cells and only mentions sodium fluoride as a control stimulator, not as an exposure-focused animal study of fluoride-related neurotoxicity."
3332,YES — Animal (rat) study including sodium fluoride exposure (30 mg/kg) with behavioral/neural outcome measured (conditioned taste aversion).
3333,NO — This study examines metabolism of N-hydroxy-N-2-fluorenylacetamide in rat tissues and uses fluoride only as an in vitro enzyme inhibitor; it does not study exposure to fluoride/analogues nor report neurotoxicity outcomes.
3334,NO — this sheep study exposes animals to fluoride but measures bone mineral composition (ashed bone XRD and fluoride content) rather than any neurotoxicity-related outcomes.
3335,"NO — This is an engineering/materials study about fluorine-doped optical fibers for gyro sensing, not an animal study and it reports no biological fluoride exposure or neurotoxicity outcomes."
3336,"NO — This rat study examines endocannabinoid metabolism and uses enzyme inhibitors (e.g., phenylmethylsulfonyl fluoride, methyl-arachidonoyl fluorophosphonate) to probe FAAH/AMT, but it does not investigate exposure to fluoride (or environmental fluoride analogues) or fluoride-related neurotoxicity."
3337,"NO — although sodium fluoride was used in vitro to stimulate adenylate cyclase in rat erythrocyte membrane assays, this animal study does not assess neurotoxicity nor examine fluoride exposure effects."
3338,"NO — This is an in vitro study of anandamide metabolism in C6 rat glioma cells investigating NSAIDs (ibuprofen, flurbiprofen), not fluoride/analogues, and is not an animal study or a neurotoxicity outcome study."
3339,"YES — Dog brain synaptosomal membranes were used to study ADR-induced neurotoxicity (membrane fluidity and enzyme activities) and the paper reports the effects/modulation of (F−) fluoride on ATPase activity, indicating fluoride was included in the experimental measurements."
3340,"NO — Although this is an animal study involving sulfur hexafluoride exposure in rabbits, it reports ocular gas expansion behavior (vitreous bubble volume/concentration) relevant to retinal surgery, not any neurotoxicity outcomes."
3341,"YES — Study used rat cerebral cortical slices (animal tissue) and reports effects involving fluoride (used to activate adenylate cyclase) with outcomes on neuronal adenylate cyclase responsiveness, a neurobiological endpoint."
3342,"YES — Rat hippocampus study that includes sodium fluoride as a stimulus/control and reports effects on phosphoinositide hydrolysis, a neurochemical outcome relevant to neurotoxicity."
3343,"NO — This study investigates bacterial VirA/EspG RabGAP virulence mechanisms and host vesicle trafficking (in vitro, yeast, and mammalian infection models), not exposure to fluoride/analogues, neurotoxicity outcomes, or an animal study meeting the inclusion criteria."
3344,NO — This is a rat brain enzymology study of acid phosphatase isoenzymes with no exposure to fluoride (or analogues) and no neurotoxicity outcomes reported.
3345,"NO — This is a physical/combustion study on decomposition of chlorine- and fluorine-bearing gases (CFCs, SiF4) and does not involve animals or report any neurotoxicity outcomes."
3346,NO — This is an animal study of a fluorinated ascorbic acid (F-ASA) reporting metabolomic and tissue oxidation outcomes (including some tissue measurements in brain) but it does not report any neurotoxicity-specific outcome measures.
3347,"NO — This is a renal membrane biochemistry study of parathyroid hormone–stimulated adenylate cyclase distribution with no exposure to fluoride (or analogues), no neurotoxicity outcomes reported, and not an animal neurotoxicity study."
3348,"NO — Although an animal (rat) study of fluoride-substituted imidazoline derivatives, the measured outcomes are analgesia and arterial pressure responses, not neurotoxicity-related endpoints."
3349,NO — This is an in vitro biochemical study of fluoride activation of phosphodiesterase in isolated rod outer segment membranes (not an animal neurotoxicity study) and does not report neurotoxicity outcomes.
3350,"NO — the paper studies fluorinated proline derivatives in mouse GAT‑1–expressing cultured cell lines (in vitro pharmacology of GABA uptake), not an animal study reporting neurotoxicity outcomes."
3351,"NO — This record concerns organophosphorus pesticide toxicity (cholinesterase inhibition) rather than exposure to fluoride or fluoride analogues, so it does not meet the exposure criterion."
3352,"NO — This is an animal study of the IGF‑I tripeptide GPE and its CNS stability/neuroprotective effects after hypoxic‑ischemic injury, and does not involve exposure to fluoride or fluoride analogues."
3353,YES — The study uses sodium fluoride as an exposure and measures its effect on adenylate cyclase activity in tissues including rat brain (animal-derived tissue biochemical outcome relevant to neurotoxicity).
3354,NO — This is a biochemical purification study of a brain enzyme from calf tissue with no exposure to fluoride (or analogues) and no neurotoxicity outcomes reported.
3355,"NO — the study examines rat retinal cell cultures exposed to partially fluorinated alkanes (in vitro), not an in vivo animal study as required."
3356,YES — Reports effects of sodium fluoride on adenyl cyclase activity in rat and rabbit cerebral cortex tissues (neurobiological outcome) using animal-derived samples.
3357,"NO — This is an animal study of fluorinated anticonvulsant analogs reporting seizure-efficacy (anticonvulsant) outcomes, not measures of neurotoxicity."
3358,"NO — This is an in vitro biochemical study (murine plasmacytoma membranes) that only mentions fluoride as a comparator stimulant of adenylate cyclase, with no animal exposure or neurotoxicity outcomes reported."
3359,"NO — This is a geochemistry/chemical study of beryllium in fluorine-bearing hydrothermal solutions, not an animal study and it does not report neurotoxicity outcomes."
3360,NO — Animal study measured fluoride tissue distribution (including brain) after Na18F infusion but did not report any neurotoxicity outcomes or measures.
3361,"NO — This is a human pharmacokinetic/MRS study detecting a fluorinated neuroleptic in people, not an animal study and it does not report neurotoxicity outcomes."
3362,"YES — Animal study in rats with high fluoride exposure (45 mg F-/L) reporting brain histopathology outcomes indicative of neurotoxicity (neuronal pyknosis, decreased Nissl substance, dendritic changes)."
3363,"YES — This animal study used tissue slices from the cestode Hymenolepis diminuta and reported that fluoride exposure significantly elevated Ins(1,4,5)P3 levels, a glutamatergic signaling/neurophysiological endpoint relevant to neurotoxicity."
3364,"NO — This describes development and histochemical staining of fluorinated fluorescent probes on human brain tissue, not an animal study and it does not assess neurotoxicity from fluoride exposure."
3365,"NO — This is an in vitro study of sodium fluoride effects on mouse femora bone mechanical properties (torsion/bending), not an animal neurotoxicity study and it reports no neurotoxicity outcomes."
3366,YES — Study examines effects of internal fluoride ions (the exposure) on potassium channel function in squid axons (an animal neurophysiological outcome relevant to neurotoxicity).
3367,"YES — Rat brain tissue was exposed to NaF and the study measured effects on adenylate cyclase activity (a neurobiological outcome), meeting the fluoride exposure, neurotoxicity-related outcome, and animal-study criteria."
3368,YES — Rat brain in vivo/in vitro study examining fluoride-stimulated adenylate cyclase activity (exposure to fluoride/fluoride-activated conditions) as a neurobiological outcome.
3369,NO — This study investigates in vitro inhibition of neurotoxic esterase by novel carbamate (carbamyl sulfonate) compounds (not fluoride/analogues) and uses enzyme preparations rather than an animal exposure study.
3370,"NO — The term ""fluoride-resistant acid phosphatase"" refers to an enzyme marker, and the study examines dorsal root ganglion changes after neurectomy/rhizotomy rather than exposure to fluoride or its analogues, so it does not meet the inclusion criteria."
3371,NO — This is a chemistry methods paper on peptide deprotection using hydrogen fluoride (HF) in dimethyl sulfide and reports no animal experiments or neurotoxicity outcomes.
3372,NO — This paper studies lithocholic acid metabolism in hog liver preparations and does not involve fluoride (or analogues) exposure or any neurotoxicity outcomes.
3373,"NO — This is a molecular study of glycoprotein topography in chick synaptosomes with enzymatic treatments (neuraminidase, galactose oxidase) and no exposure to fluoride/analogues or reported neurotoxicity outcomes."
3374,"YES — This ex vivo animal study exposes hippocampal slices to palmitylsulphonyl fluoride (AM 374), a sulfonyl‑fluoride compound, and reports effects on neurotransmitter (acetylcholine) release, so it is potentially relevant to fluoride/analogue neurotoxicity."
3375,YES — Animal (rat) study exposing animals to methanesulfonyl fluoride (a sulfonyl fluoride compound) with neurotoxicity-related outcomes measured (hippocampal acetylcholine release and acetylcholinesterase activity).
3376,NO — This is an animal (rabbit) cardiovascular study of beta adrenoceptors and adenylate cyclase related to autonomic activity/hypertrophy and does not involve exposure to fluoride (or its analogues) nor report neurotoxicity outcomes.
3377,"NO — This is an in vitro vascular study of fluorine-containing K+ channel activators (PF-5, PF-10) on guinea pig aorta and does not examine fluoride/fluoride-analogue exposure with any neurotoxicity outcomes in an animal model."
3378,"YES — The study mentions sodium fluoride (NaF) affecting striatal adenylate cyclase (a neurobiological outcome) in brain tissue (likely animal), but it is unclear whether fluoride exposure/neurotoxicity was a focused animal study."
3379,"YES — Title indicates exposure to organic fluorine (a fluorine analogue), but it’s unclear from the record whether the study reports neurotoxicity outcomes or is an animal study, so it should be included/flagged for full-text review."
3380,"NO — This is a human cohort study of β‑blocker use and bone density/fracture outcomes, not an animal study and it does not involve fluoride exposure or neurotoxicity measures."
3381,NO — Animal lung enzyme study (rabbit) focused on esterase localization/biochemistry and inhibitors; it does not examine exposure to fluoride (aside from mention of an organophosphate inhibitor) nor report any neurotoxicity outcomes.
3382,"NO — The record studies inhibition of end-plate esterase by irreversibly active anticholinesterases (organophosphates/etc.), not exposure to fluoride or its analogues, so it does not meet the fluoride-exposure criterion."
3383,"NO — This is a chemical mass-spectrometry study of fluorinated pyridinium N‑imines, not an animal study and it does not report any neurotoxicity or organismal exposure outcomes."
3384,"NO — This is an in vivo study of fluorinated benzazepines as PET tracers for dopamine D1 receptors (pharmacologic/imaging evaluation), not an animal study assessing neurotoxicity from fluoride exposure."
3385,NO — discusses sodium fluoride's effects on bone formation in the context of osteoporosis (not neurotoxic outcomes) and is not an animal study of fluoride-related neurotoxicity.
3386,NO — This is a clinical/review-style article on osteoporosis treatments that only briefly mentions sodium fluoride in the context of bone therapy and does not report any animal study or neurotoxicity outcomes.
3387,"NO — Although it involves sodium fluoride, the study examines renal cortical adenylate cyclase (a renal/biochemical endpoint), not any neurotoxicity outcome, so it does not meet the animal neurotoxicity inclusion criteria."
3388,"NO — The record describes an in vitro biochemical study on adenylate cyclase stimulation by fluoride (and guanyl nucleotides) and thiol reagents, not an animal study nor reporting any neurotoxicity outcomes."
3389,"NO — Although sodium fluoride was used as a metabolic inhibitor in this crayfish (animal) study, the reported outcomes concern hepatopancreas metabolic/respiratory measures during the intermoult cycle, not neurotoxicity endpoints."
3390,"YES — Animal study in rats of fluoride toxication reporting neurotoxicity-related outcomes (learning and memory performance, acetylcholinesterase activity, and oxidative stress) after fluoride exposure."
3391,NO — This is an environmental leaching/chemical analysis of trace elements (including fluoride) from coal gasification residues and does not involve animals or report any neurotoxicity outcomes.
3392,"NO — This is a polymer chemistry/materials study on copolyimides with no fluoride exposure, no neurotoxicity outcomes reported, and it is not an animal study."
3393,"YES — Rat study examining effects of sodium fluoride on adenylate cyclase activity in the cerebral cortex, a neurochemical outcome relevant to neurotoxicity."
3394,NO — This is a biomechanical study of chicken tendon elasticity with no exposure to fluoride (or analogues) and no neurotoxicity outcomes reported.
3395,"NO — This rat developmental study only mentions fluoride as an in vitro stimulator of adenylyl cyclase in biochemical assays, not as an exposure to evaluate fluoride (or analogues)–related neurotoxicity outcomes."
3396,"YES — This is an animal study (C3H mice) administering fluorinated (trifluoromethyl-containing) compounds (mTFN-1, CF3PM) and measuring tissue (including brain) distribution by 19F-MRS, but it does not report explicit neurotoxicity outcomes so relevance to neurotoxicity is unclear."
3397,"NO — This is an in vitro study of fluorinated arachidonic acids on mouse peritoneal macrophages measuring leukotriene C4 production (inflammatory outcome), not an in vivo animal study nor any neurotoxicity outcome."
3398,"NO — Although rabbit tissue was examined and esterase activity was noted to be “sensitive to fluoride,” this is an assay observation rather than a study of fluoride (or analogues) exposure and the paper does not report neurotoxicity outcomes."
3399,"YES — Animal study in rats reporting neurotoxic outcomes (seizures) after exposure to quinolones, noting that fluorinated quinolones (i.e., compounds containing a fluorine atom) showed the greatest proconvulsant activity."
3400,"YES — Animal study (hens) assessing neurotoxicity (PFK activity, clinical neuropathy) after exposure to triorthocresyl phosphate with treatment involving phenylmethylsulfonyl fluoride (a sulfonyl fluoride), so relevance to fluoride/analogue exposures is possible/unclear."
3401,"YES — The study uses rat neocortical slices (animal tissue) exposed to aluminium-fluoride/fluoroaluminate (NaF + AlCl3 forming AlF4−) and reports effects on GABAB-mediated neuronal activity, a neurotoxicity-relevant outcome."
3402,"NO — This is an environmental hydrogeochemistry study of groundwater fluoride levels reporting human dental/skeletal effects, not an animal study and it does not report neurotoxicity outcomes."
3403,"NO — although this is an insect (animal) study that uses aluminium fluoride and a fluorinated Ins(1,4,5)P3 analogue, it reports signal-transduction and metabolic effects (hypertrehalosaemia/proline mobilization) rather than any neurotoxicity outcomes."
3404,"YES — Beagle dogs were dosed with a monofluorinated-biphenyl HMG‑CoA reductase inhibitor (L‑645,164), a fluorinated compound, and developed CNS lesions (optic nerve/optic tract and acoustic‑vestibular tract vacuolation) indicating neurotoxicity."
3405,"YES — Investigates sodium fluoride effects on Na+,K+-ATPase isolated from calf (cattle) brain (a brain-related molecular neurotoxicity outcome), though it appears to be an ex vivo/in vitro enzyme study rather than an in vivo animal experiment, so inclusion as an ""animal study"" is unclear."
3406,"NO — although sodium fluoride was used on fetal rat Müllerian duct tissue in vitro, the study examines Müllerian duct regression/phosphorylation rather than any neurotoxicity outcomes."
3407,NO — Animal study of adenylate cyclase/cAMP in myopathic hamsters with no fluoride (or analogue) exposure and no neurotoxicity outcomes reported.
3408,"NO — This is a biochemical/ex vivo study using bovine brain/retina proteins with fluoride as an activator, not an in vivo animal study of fluoride exposure and it does not report any neurotoxicity outcomes."
3409,"NO — Although mouse brain tissue was used and fluoride inhibited the enzyme in vitro, the study is an enzymatic characterization and does not assess neurotoxic outcomes or in vivo fluoride exposure."
3410,"YES — Rat study reporting effects of sodium fluoride (NaF) on striatal adenylate cyclase/D1 dopamine receptor signaling, a neurochemical outcome in brain tissue relevant to neurotoxicity."
3411,"NO — This is a histochemical study of ""fluoride-resistant acid phosphatase"" as an enzyme marker in gerbil nervous tissue, not an animal exposure study of fluoride (or analogues) nor reporting neurotoxic outcomes."
3412,"NO — Although an animal neural study (rat cervical sympathetic ganglia), the title indicates investigation of amino acid metabolism and does not involve exposure to fluoride or its analogues, so it fails the exposure criterion."
3413,NO — This is an experimental geochemistry/petrology study of uranium solubility in chloride/fluoride-bearing magmatic systems (no animal subjects and no neurotoxicity outcomes reported).
3414,NO — the paper reports fluoride effects on cultured neuroendocrine cells (Golgi dispersal) and appears to be an in vitro cellular study rather than an animal study.
3415,"NO — The record appears to concern chemical carcinogenesis and biochemical binding of a fluorinated compound (fluorine) to RNA and ACTH effects, with no indication of neurotoxicity outcomes or an animal study."
3416,NO — This is an animal study of dUTPase development and distribution in rabbit brain and does not involve exposure to fluoride or its analogues nor report neurotoxicity outcomes.
3417,"NO — This study examines calcium protection of bovine pituitary basic fibroblast growth factor from proteolysis and does not involve fluoride (or analogues), neurotoxicity outcomes, or relevant fluoride exposure."
3418,NO — This is an environmental/engineering report on arsenic removal methods (mentions fluoride only as a contaminant removed) and does not describe an animal study of fluoride exposure or any neurotoxicity outcomes.
3419,"NO — This is a biochemical methods study on deglycosylation of ovine lutropin using anhydrous hydrogen fluoride focusing on hormonal properties, not an animal study of fluoride exposure or any neurotoxicity outcome."
3420,"NO — This is an in vitro enzymology/kinetic study of β‑phosphoglucomutase and its inhibition by MgF3− (a transition‑state analogue), not an animal study and it reports no neurotoxicity outcomes."
3421,"NO — This review addresses organophosphorus compounds (e.g., methamidophos, trichlorfon, dichlorvos, chlorpyrifos) and OPIDN mechanisms/treatments, not exposure to fluoride or fluoride analogues."
3422,NO — This is an in vitro human liver microsome/receptor study of synthetic cannabinoids (including fluorinated AM2201) and does not report any animal experiments or neurotoxicity outcome measures.
3423,NO — The study used in vitro aggregating brain-cell cultures from fetal rat brain exposed to fluorinated DOPA analogues and reports metabolic profiling (not neurotoxicity) and is not an in vivo animal study.
3424,"NO — This is an in vitro study using primary human osteoblast cultures assessing cytotoxicity/osteoblastic markers (HEMA-related), not an animal study, not evaluating neurotoxicity, and it does not investigate fluoride exposure."
3425,"NO — This ex vivo porcine eye study examines pressure transients from argon‑fluoride excimer laser ablation (a laser source), not exposure to chemical fluoride/analogues, and does not report neurotoxicity outcomes."
3426,"NO — This is an animal (rat) study of antigen expression in dorsal root ganglion neurons and does not involve exposure to fluoride or its analogues nor report any neurotoxicity outcomes (the mention of FRAP refers to a fluoride‑resistant enzyme, not fluoride exposure)."
3427,"NO — Animal study measuring fluoride (and Ca, Mg) accumulation in deer mandibles from environmental exposure, but it reports tissue accumulation not any neurotoxicity-related outcomes."
3428,"YES — Animal (rabbit) study involving exposure to perfluorotributylamine (a perfluorinated/fluorine-containing compound) with measured preretinal oxygen tension (ocular/retinal oxygen kinetics), but it reports oxygenation metrics rather than explicit neurotoxicity outcomes so relevance to neurotoxicity is unclear."
3429,"YES — Rat tissue study exposing pituitary (adenohypophysis) to sodium fluoride and measuring adenylate cyclase activity, which is an effect on neural/endocrine signaling (unclear whether it was intended as a neurotoxicity outcome)."
3430,"NO — This is an animal study of nantradol/desacetylnantradol pharmacokinetics and behavioral effects, not exposure to fluoride or fluoride analogues."
3431,"YES — The title reports use of phenylmethylsulfonyl fluoride (a sulfonyl‑fluoride compound) in relation to delayed organophosphorus neuropathy (a neurotoxic outcome), though the species/study design is not specified so inclusion as an animal study is unclear."
3432,"NO — Although the study uses 18F-labelled (fluoride-containing) PET tracers in embryonated chicken eggs (an animal model), it reports tracer biodistribution (bone and liver uptake) and not any neurotoxicity-related outcomes."
3433,"NO — Animal study of MgF2- and CaP-coated magnesium sponges in rabbits focusing on bone biocompatibility and degradation, without any neurotoxicity-related outcomes."
3434,"NO — Fish were exposed to fluoride, but the paper reports gill metal accumulation and physiological effects, not any neurotoxicity or neurological outcome measures."
3435,YES — Study exposed Manduca sexta embryos to aluminium fluoride and reported inhibited neuronal migration and process outgrowth (neurodevelopmental/neurotoxic outcomes) in an animal model.
3436,"NO — This is an in vitro cell-culture study (Chang liver and C6 cells) examining cell adhesion/growth on polyvinyl fluoride–grafted polymers, not an animal study nor reporting neurotoxicity outcomes."
3437,"YES — Animal study (rabbits) with sodium fluoride exposure reporting brain biochemical changes (protein, amino acids, RNA), Purkinje cell degeneration and paralysis, all indicating neurotoxic outcomes."
3438,"NO — Animal study of sodium fluoride, but the reported outcomes are bone ash density and biomechanical strength (osteopenia), with no neurotoxicity measures."
3439,"YES — Animal (calf) retinal study reporting that low concentrations of fluoride competitively (and higher concentrations noncompetitively) inhibit a retinal esterase, a biochemical effect relevant to neurotoxicity."
3440,"NO — This is an in vitro tissue-engineering study using beta-PVDF membranes to culture goat marrow cells and assess osteogenic proliferation/differentiation, not an animal neurotoxicity study of fluoride exposure."
3441,"YES — This is an animal (rat) neurotoxicity study of organophosphate-induced delayed polyneuropathy that involves phenylmethanesulfonyl fluoride (a sulfonyl fluoride), so it is unclear whether this counts as an exposure to fluoride/analogues."
3442,NO — This study examines ibuprofen's inhibition of anandamide metabolism in rat cerebellar membranes and does not involve fluoride or its analogues (nor reports neurotoxicity outcomes).
3443,"YES — The paper evaluates fluoroalkyl-substituted (organofluorine) compounds in mice and cultured rat neurons and reports convulsant/anticonvulsant effects and GABA(A) receptor interactions (neurotoxicity-related outcomes), meeting the animal-exposure criterion."
3444,NO — This is a histological staining method (silver impregnation of neural end-feet) and does not describe an animal study of fluoride (or analogue) exposure or neurotoxicity outcomes.
3445,"YES — Animal (rat) study of mipafox (N,N'-bis(1-methylethyl)phosphordiamidic fluoride) exposure reporting neurotoxicity outcomes (motor dysfunction and striatal neurochemical changes)."
3446,"NO — This is an animal neurotoxicity study in hens but the exposures are organophosphates (methamidophos, DBDCVP), not fluoride or fluoride analogues, so it does not meet the exposure inclusion criterion."
3447,"YES — Animal study in hens reporting neurotoxic outcome (delayed peripheral nerve recovery) after exposure to phenylmethanesulfonyl fluoride, a sulfonyl fluoride compound (thus relevant or unclear if counted as a fluoride analogue)."
3448,NO — The study involves reserpine injections in rats (not fluoride or its analogues) and thus does not meet the exposure criterion.
3449,"NO — Animal study of sodium fluoride effects on cardiac (myocardial) electrical and mechanical events in guinea pigs, which assesses cardiac outcomes rather than any neurotoxicity measures."
3450,"NO — this is an animal study of sodium fluoride but reports only bone calcification/resorption outcomes, not any neurotoxicity measures."
3451,"YES — Erratum for a rat study titled ""Effects of high fluoride and low iodine on biochemical indexes of the brain and learning-memory of offspring rats,"" which reports animal data on fluoride exposure and neurobehavioral/biochemical outcomes."
3452,"NO — This is a biochemical characterization of a Zn-dependent acid phosphatase (from bovine/rat tissues) that only notes enzyme resistance to fluoride ions and does not involve fluoride exposure experiments, neurotoxicity outcomes, or an in vivo animal neurotoxicity study."
3453,NO — The study is an enzymatic investigation using NaF in in vitro assays on rabbit cerebral microsomes (PAF synthesis) and does not report in vivo fluoride exposure or any neurotoxicity outcome measures.
3454,"NO — Animal bone study examining in vitro NaF effects on femoral bioapatite crystallinity and mechanical properties, not any neurotoxicity outcomes."
3455,NO — This is an in vitro biochemical characterization of adenylate cyclase from rat brain mentioning fluoride activation but it does not assess neurotoxic outcomes nor report an in vivo animal exposure study.
3456,"NO — this is a review of organophosphate-induced polyneuropathy (NTE inhibition) involving esterase inhibitors (phosphates, carbamates, sulfonyl fluorides) rather than research on fluoride or fluoride analogues, and it is not an original animal study."
3457,NO — This is a chemical synthesis/enzyme-inhibition study of fluorinated organophosphate compounds (in vitro potency/selectivity) and does not report animal neurotoxicity outcomes or an animal exposure to fluoride/analogues.
3458,"YES — Mouse study of sodium fluoride exposure reporting neuro-related outcomes (glycogen, cholesterol, total lipids) in brain regions, with investigation of mitigation by black tea."
3459,NO — This is an in vitro biochemical study (adrenal cell lines/tissue extracts) characterizing calcineurin where fluoride is mentioned only as an enzymatic inhibitor; it is not an animal exposure study nor does it report neurotoxicity outcomes.
3460,"NO — The paper examines fluoridated hydroxyapatite coatings with in vitro cell tests and materials properties, not an animal study and it does not report any neurotoxicity outcomes."
3461,"NO — This is an in vitro biochemical study of dynamin assembly using aluminum/beryllium fluoride as gamma-phosphate analogues, not an animal study nor reporting any neurotoxicity outcomes."
3462,NO — This study measures PFOS (a fluorinated compound) concentrations in aquatic invertebrates but does not report any neurotoxicity outcomes.
3463,"NO — Study exposes frog ovarian tissue to NaF and measures ovulation/egg release (reproductive effect), not any neurotoxicity outcome."
3464,"NO — this is an in vitro biochemical study of tubulin/microtubule GTPase effects of fluoride/fluoroaluminate, not an animal study and it does not report animal neurotoxicity outcomes."
3465,NO — This is a theoretical molecular-dynamics study of CaF2 material properties (high-pressure/temperature behavior) and does not involve animals or report any neurotoxicity outcomes.
3466,"NO — This is a materials-chemistry paper on synthesizing soluble polyimides (polymer/solubility/LCD application) with no exposure to fluoride or analogues, no neurotoxicity outcomes, and it is not an animal study."
3467,"YES — Animal (rat) study of chronic fluoride exposure (0, 10, 50 mg/L in drinking water) reporting reduced 4.8 kb mitochondrial DNA in brain cortex (indicative of fluoride-related neuro/mitochondrial toxicity)."
3468,"NO — The study examines chronic ethanol effects on endocannabinoid (2-AG) formation in cerebellar granule neurons (in vitro), not exposure to fluoride/analogues nor an animal study measuring neurotoxicity."
3469,"NO — The study exposes rats to monosodium glutamate (MSG), not fluoride or its analogues, so it does not meet the exposure criterion despite being an animal neurotoxicity study."
3470,"NO — an animal study of sodium fluoride in rabbits, but outcomes focus on bone healing and mechanical properties with no measures of neurotoxicity."
3471,"NO — This is a review of the biochemical/toxicological properties and potential implications of metallic fluoride (Al-F complexes) and does not report original animal experiments assessing neurotoxicity, so it fails the animal-study inclusion criterion."
3472,"NO — Although an animal (canine) study measuring fluoride levels, it examines effects of pentobarbital anesthesia (not exposure to fluoride or its analogues) and does not report neurotoxicity outcomes."
3473,NO — Animal metabonomic study of multiple liver/kidney toxins in rats that does not mention fluoride/fluoride analogues or neurotoxicity outcomes.
3474,"NO — This is an in vitro study on human thyroid follicular epithelial cells (Nthy-ori 3-1) assessing iodide/fluoride-induced thyroid cytotoxicity and apoptosis, not an animal study nor reporting neurotoxicity outcomes."
3475,"NO — Animal study of fluoride exposure measuring absorption, tissue and plasma fluoride and growth effects, but it does not report any neurotoxicity-related outcomes."
3476,"YES — Investigates beta-fluorophenethylamine analogs' effects on brain monoamine oxidase substrate preference (a neurochemical outcome relevant to neurotoxicity), but the record does not clearly state whether the work was an in vivo animal study or an in vitro enzyme assay."
3477,"NO — The paper describes synthesis/testing of fluorinated TRPV1 antagonist analogs in neonatal rat neuron cultures for pharmacologic activity (in vitro), not an in vivo animal study of fluoride exposure or neurotoxicity outcomes."
3478,NO — Animal study of fluoride measuring glutathione changes in liver and kidney (peripheral organs) with no neurotoxicity-related outcomes reported.
3479,"NO — This rat study examines fluconazole brain distribution (and uses a fluorinated analog for probe calibration) and reports pharmacokinetics/distribution data, but does not assess or report any neurotoxicity outcomes."
3480,YES — Rat hippocampal slice (animal) study of seizure-like neuronal activity (a neurotoxicity-relevant outcome) that includes intracellular loading of fluoride as a GABAA receptor blocker.
3481,"NO — The study examines neurotoxicity from the organophosphate dichlorvos in rats (potassium fluoride is only used as an in vitro reagent), so it does not investigate exposure to fluoride or its analogues."
3482,"NO — This is a materials/polymer chemistry study of phthalonitrile polymers (including a fluorinated resin) reporting cure behavior and thermal/mechanical properties, not an animal study nor reporting any neurotoxicity outcomes."
3483,"YES — Animal study (bullfrog) reporting effects of sodium fluoride (NaF) exposure on synaptic transmission (EPSPs, compound action potentials) indicative of neurophysiological/neurotoxic outcomes."
3484,NO — This is a rat developmental study of vasopressin/parathyroid hormone receptors and adenylate cyclase in kidney with no fluoride (or analogue) exposure and no neurotoxicity outcomes reported.
3485,"NO — In vitro biochemical study of [14C]-9-cis-retinoyl fluoride binding to bovine opsin with spectral characterization, not an animal neurotoxicity study and no neurotoxicity outcomes reported."
3486,"NO — this is an animal study of vinpocetine's effects on nociception/NGF transport and uses “fluoride-resistant acid phosphatase” as a marker, but it does not involve exposure to fluoride or fluoride analogues."
3487,"NO — This is an analytical/toxicokinetic study of deltamethrin in rats (a pyrethroid), with sodium fluoride used only as a stabilization/esterase inhibitor, and it does not investigate fluoride (or analogues) exposure or neurotoxicity outcomes."
3488,"YES — Rat brain synaptosomes were exposed to sodium fluoride (10 mM) and the study reports neurochemical outcomes (PIP/PIP2 labeling and degradation and Ca2+ uptake) in an animal-derived preparation, relevant to neurotoxicity."
3489,"NO — This is a biochemical characterization of a rat brain endoprotease (DFP mentioned only as an in vitro inhibitor), with no experimental exposure to fluoride/analogues nor any reported neurotoxicity outcomes in an animal exposure study."
3490,"YES — Animal study in female Swiss albino mice exposed to fluoride (NaF) in drinking water reporting brain/hippocampal neurotoxicity-related outcomes (acetylcholinesterase/butyrylcholinesterase, antioxidant enzymes, lipid peroxidation)."
3491,"YES

Animal study of sodium fluoride (Na-F) exposure in male Wistar rats reporting behavioral/neurotoxic outcomes (territorial aggression and sexual and reproductive behavior), so it meets the fluoride exposure and neurotoxicity outcome criteria."
3492,"YES — Reports biological screening of fluorine-containing (fluorinated) compounds for CNS activity (a neuro-related outcome), though it’s not specified whether the screening involved animal studies, so inclusion is unclear."
3493,NO — This is a geochemistry/petrology study of fluoride in magmatic systems (granitoid rocks and melt immiscibility) and does not report any animal experiments or neurotoxicity outcomes.
3494,NO — This is a clinical review of osteoporosis treatments that only briefly mentions fluoride salts for bone formation and does not report any animal study or neurotoxicity outcomes.
3495,"NO — This is an in vitro study of parathyroid hormone analogues on rat renal membranes (adenylyl cyclase activity); it does not investigate fluoride exposure (aside from a mention of sodium fluoride as a stimulant), reports no neurotoxicity outcomes, and is not an animal neurotoxicity study."
3496,"NO — This is an animal study of neonatal capsaicin (and NGF) effects; fluoride is mentioned only as an analytical inhibitor in assays, not as an exposure or neurotoxicant being studied."
3497,"NO — This animal study uses aluminum fluoride (AlF4-) but examines phospholipase D activity in rat and chicken heart tissue (cardiac biochemical outcomes), not any neurotoxicity-related outcomes."
3498,"NO — This is a chemistry/catalysis paper about fluorinated nickel complexes for norbornene polymerization and does not involve animal exposure, fluoride neurotoxicity outcomes, or relevant toxicological measures."
3499,"YES — In vivo F-19 NMR brain study of fluorinated anesthetics (halothane, isoflurane, desflurane), which are fluorine-containing compounds and likely an animal brain exposure study, though the title does not explicitly state neurotoxicity outcomes."
3500,"NO — although sodium fluoride was used to stimulate adenylate cyclase in rat brain capillary fractions, the study is a receptor/biochemistry characterization and does not report any neurotoxicity-related outcomes."
3501,"YES — Animal study administering sodium fluoride to goats and reporting oxidative stress biomarkers (catalase, SOD, lipid peroxidation), which are relevant measures for neurotoxic mechanisms."
3502,NO — Fluoride is only mentioned as a reagent (a phosphatase-insensitive control); the paper studies GAPDH/GABA(A) phosphorylation in neurons and does not report an animal fluoride-exposure neurotoxicity study.
3503,"NO — This is an animal study of organophosphate esterase inhibitors (DFP, mipafox, PMSF) and promotion of OPIDP in hens, not research on fluoride or fluoride-analogue exposures."
3504,"YES — Rat neurotoxicity study reporting dystrophic neuronal changes after exposure to accelerated fluorine ions (along with other heavy ions), so it involves fluorine exposure (though as charged-particle irradiation rather than chemical fluoride)."
3505,"YES — Animal study of a fluorinated dynorphin analogue (contains F5Phe, a pentafluorophenylalanine residue) that reports neurobehavioral toxicity (convulsive episodes and lethal LD50) in mice and rats."
3506,"NO — Although aluminum fluoride is used, this is an in vitro EPR study of skinned muscle fibers examining myosin orientation/dynamics (not an animal study) and does not report neurotoxicity outcomes."
3507,"YES — Animal study examining fluoride ion effects on neuromuscular transmission in frogs, reporting neurofunctional outcomes relevant to neurotoxicity."
3508,NO — Materials-science review of alkoxysilane gels/glasses that only mentions fluorine-bearing silanes for surface modification and includes no animal experiments or neurotoxicity outcomes.
3509,"NO — this is an in vitro study testing fluorinated solvents and Aβ oligomers on Kv1.3-expressing cells and artificial bilayers (no animals), so it does not meet the animal-study inclusion criterion."
3510,YES — Animal study exposing bullfrog muscle/nerve preparations to various fluorides and reporting effects on nerve-evoked muscle twitch (a neurophysiological/neurotoxicity-related outcome).
3511,NO — Human cross-sectional study of dental fluorosis in children (not an animal study) and it reports dental outcomes rather than any neurotoxicity measures.
3512,"NO — The study investigates mitochondrial topoisomerase and effects of berenil (and analogues) on mitochondrial DNA/RNA in rat/mouse tissues/cells, not exposure to fluoride or its analogues nor any neurotoxicity outcomes in an animal model."
3513,"NO — This is a materials/engineering paper on perfluoropolyether (PFPE) coatings and formulations, not an animal study and it does not report any neurotoxicity outcomes or animal exposure experiments."
3514,"NO — Study exposes rats to anandamide (endocannabinoid) and examines mesenteric vascular responses after LPS, not fluoride/analogs or neurotoxicity outcomes."
3515,NO — This is a canine kidney study of PTH-adenylate cyclase in metabolic acidosis where NaF is used as an in vitro enzyme activator (not an exposure) and no neurotoxicity outcomes are reported.
3516,YES — Rat hippocampal (area CA1) preparations were exposed to AlF4− (an aluminium–fluoride complex) and long-term potentiation (a neurophysiological outcome relevant to neurotoxicity) was measured.
3517,"YES — The record examines effects of fluorinated ethers (fluorine-containing analogues) on channel conductance in a cholinergic synapse, a neurophysiological outcome relevant to neurotoxicity; the title does not specify whether an animal preparation was used, so relevance is unclear but likely."
3518,"NO — this is an in vitro enzyme-kinetics study of isolated fish and mammalian AChE with sulfonyl fluoride inhibitors, not an in vivo animal study reporting neurotoxicity outcomes."
3519,"NO — This appears to be an in vitro biochemical study of acetylcholinesterase reactivators and organophosphate metabolites using bovine erythrocytes, not an animal study of fluoride exposure or neurotoxicity outcomes."
3520,NO — The study examines calcium-supported adenylyl cyclase activity in the dogfish pituitary and does not involve fluoride (or its analogues) exposure nor report neurotoxicity outcomes.
3521,NO — This is an in vitro pharmacology study of arachidonyl amide/ester cannabinoids (anandamide analogs) and not an animal study nor does it involve fluoride exposure or report neurotoxicity outcomes.
3522,"YES — Animal study of fluoride exposure (various phosphate and fluoride salts) reporting behavioral outcome (inappetence), which could reflect neurotoxic effects so inclusion is uncertain/possible."
3523,"YES — Animal study where pregnant rats were exposed to sodium fluoride and offspring were assessed for neurodevelopmental/behavioural outcomes, brain oxidative stress, and cerebellar histology."
3524,NO — This is an organic radiochemistry study of F-18 fluorination methods (in vitro reactions/HPLC) and does not report any animal experiments or neurotoxicity outcomes.
3525,"NO — Animal study of rabbits exposed to fluoride, but outcomes reported are bone metabolism and thyroid function rather than any neurotoxicity measures."
3526,"NO — This is a medicinal chemistry/enzyme-inhibition study of fluorinated GABA-AT inhibitors reporting in vitro inhibitor properties, not neurotoxicity outcomes or animal experiments."
3527,"NO — Although an animal study of spinal cord nociceptive activity, this paper measures fluoride-resistant acid phosphatase (FRAP) as an enzymatic marker and does not involve exposure to fluoride or fluoride analogues."
3528,"NO — This is a 1969 committee/report on dental prevention mentioning fluoridation in passing, not an animal study and it does not report any neurotoxicity outcomes."
3529,NO — This is a biochemical study of ACE binding using rat tissues that only mentions fluoride ions in passing (not as an exposure) and does not assess neurotoxicity or report an in vivo animal exposure.
3530,"NO — the study investigates aluminum chloride (AlCl3) effects in rat cortical slices, not fluoride or its analogues, so it does not meet the exposure criterion."
3531,"YES — The title indicates study of fluorine-substituted (fluorinated) norepinephrine analogues (a fluoride-related exposure) and potential effects on noradrenergic signaling, but the record gives no details on species or neurotoxicity outcomes so relevance is unclear."
3532,"YES — The record specifically cites fluoride causing ""specific neurobehavioral deficit"" following perinatal exposure (relevant to fluoride neurotoxicity), though it does not clearly state whether the data come from animal studies."
3533,"YES — Animal (hen) study reporting neurotoxic outcomes (delayed neurotoxicity, ataxia) after exposure to fluorinated organophosphates (mipafox, diisopropylfluorophosphate) and a sulfonyl fluoride (phenylmethylsulfonyl fluoride)."
3534,NO — This is a materials-chemistry paper on synthesis and properties of chlorotrifluorinated polymers for fuel-cell membranes and does not report any animal experiments or neurotoxicity outcomes.
3535,NO — a materials/adsorption study on fluoride removal from protein solutions/wastewater with no animal experiments or neurotoxicity outcomes reported.
3536,NO — This is a geochemistry experimental study of REE solubility in slab-derived fluids (mentions fluoride as a ligand) and does not involve animals or report any neurotoxicity outcomes.
3537,"NO — This is a biochemical purification and tissue‑distribution study of a PMSF‑inhibited carboxypeptidase from cat tissues (PMSF used as an enzymatic inhibitor), not an animal study of fluoride exposure or any neurotoxicity outcome."
3538,"NO — Although an animal study reporting neurotoxic/demyelinating outcomes, the exposure is proteinase K/PMSF/EAN serum, not fluoride or its analogues, so it does not meet the inclusion criteria."
3539,"NO — This is a materials/chemistry study of fluorinated microgels (synthesis and physicochemical characterization, BSA binding) and does not report any animal experiments or neurotoxicity outcomes."
3540,"NO — this is an in vitro enzymology study reporting fluoride inhibition of laccase activity, not an animal study and it does not report any neurotoxicity outcomes."
3541,"YES — Animal (Wistar rat) study of prenatal/postnatal fluoride exposure (50 and 150 ppm) reporting CNS neurotoxic outcomes (increased LPO, protein oxidation, MAO‑B, altered enzymes and decreased protein/RNA) with assessment of oxidative/macromolecular damage and antioxidant amelioration."
3542,NO — This is a review/hypothesis article that mentions fluoride as a possible environmental excitotoxin in ASD but does not report any animal study or animal neurotoxicity outcome measures.
3543,YES — Animal study of sodium fluoride exposure in male rats reporting effects on cholinesterase activity and neuromuscular transmission/contractility (neuro-related outcomes) along with other organ/tissue endpoints.
3544,"YES — This paper reports an animal (mouse) study with a neurological outcome (protection from limbic seizures) and describes fluorine-substituted analogues (p‑fluorine and other fluoroaryl derivatives), so it is relevant or at least unclear with respect to the fluoride-analogue exposure criterion."
3545,NO — This is an enzymology study characterizing the rat gland enzyme tonin and does not involve fluoride (or its analogues) exposure nor report any neurotoxicity outcomes.
3546,"YES — Reports exposure to omega-fluorinated analogs in an animal model (Reticulitermes flavipes) and measures toxicity and behavioral (attractiveness) effects, but does not explicitly report neurotoxicity endpoints so relevance is unclear."
3547,"NO — Animal study of a fluorocarbon (E‑66) emulsion in rats reporting pulmonary, hepatic, renal lesions and fluor accumulation but no outcomes or measures related to neurotoxicity."
3548,"NO — The study investigates effects of furosemide (a loop diuretic), not fluoride or fluoride analogues, so it does not meet the exposure criterion despite being an animal neurophysiology study."
3549,"YES — Animal study of protection against poisoning by soman (O‑pinacolyl methylphosphonofluoridate), an organophosphorus phosphonofluoridate containing a fluoridate moiety, reporting neurotoxic poisoning outcomes."
3550,"NO — This is an animal study of chronic ethanol exposure/withdrawal; sodium fluoride is only used as an in vitro adenylate cyclase activator (not an exposure of interest), so it does not report research on fluoride or its analogues related to neurotoxicity."
3551,NO — This is an in vitro biochemical study of vanadate effects on purified transducin/rhodopsin complexes (not an in vivo animal study) and does not examine exposure to fluoride or its analogues in an animal neurotoxicity model.
3552,"NO — This is an analytical-method paper using phenylmethanesulfonyl fluoride to stabilize Epothilone D in rat plasma, not an animal study of fluoride (or its analogues) exposure nor does it report any neurotoxicity outcomes."
3553,"NO — This is an environmental/coal pyrolysis study of trace metals and rare earth elements (no fluoride or analogues), and it is not an animal neurotoxicity study."
3554,"NO — This is an in silico molecular dynamics study using TFE (a fluorinated cosolvent) to probe peptide conformations, not an animal experiment and it does not report any neurotoxicity outcomes."
3555,"YES — Unclear: this is an animal (chick and rat) electrophysiology study that mentions use of internal fluoride salts (i.e., fluoride exposure) but the fluoride is used as an experimental tool and the paper does not report outcomes framed as neurotoxicity."
3556,YES — Animal (rat) study of chronic fluoride exposure measuring hippocampal neurotoxicity-related outcomes (RAGE and NF-κB protein and mRNA expression).
3557,"YES — This is an animal (snail Helix pomatia) neuronal study in which intracellular fluoride exposure irreversibly blocked a component of the asymmetric displacement current and calcium inward current, i.e., a neuronal electrophysiological effect relevant to neurotoxicity."
3558,"NO — this is a protein X‑ray crystallography study describing an H→F substitution in an amino‑acid side chain, not an animal exposure study and it reports no neurotoxicity outcomes."
3559,NO — This is a methods/review article about F-18 radiotracers and PET imaging (not an animal study of fluoride exposure) and does not report neurotoxicity outcomes from fluoride or its analogues.
3560,"NO — Although the study exposes rat parotid acini to aluminum fluoride (an analogue of fluoride) and uses an animal tissue model, its outcomes concern calcium entry in salivary gland cells, not any neurotoxicity measures."
3561,"NO — The study investigates phorbol-ester (TPA) effects on adenylate cyclase phosphorylation in frog/bovine tissues and only briefly mentions fluoride ion as an in vitro activator, but it does not examine exposure to fluoride/analogues as an experimental exposure nor report any neurotoxicity outcomes."
3562,"NO — This is a mineralogical/chemical study of fluorine in fossil-fuel combustion residues and environmental samples, not an animal study nor reporting any neurotoxicity outcomes."
3563,NO — This is a human case report of bone complications from sodium fluoride treatment (not an animal study) and does not report any neurotoxicity outcomes.
3564,"NO — This study concerns blood–brain barrier damage from air embolism, not exposure to fluoride or its analogues, so it does not meet the inclusion criteria."
3565,"NO — Materials-chemistry paper on synthesis and physical characterisation of fluorinated liquid crystals, with no animal experiments or neurotoxicity outcomes reported."
3566,"YES — the paper examines action potentials in the presence of different internal anions (which may include fluoride), a neurophysiological outcome, but the title does not specify use of fluoride or that it is an animal study."
3567,"NO — This rat study involves a fluorinated radioligand and reports synthesis, binding and tissue distribution/brain uptake (BBB penetration) but does not report any outcomes related to neurotoxicity."
3568,"NO — Sodium fluoride is only used here as an in vitro activator of adenylate cyclase in an assay, not as an animal exposure, and the study examines amphetamine sensitization rather than fluoride-related neurotoxicity."
3569,"YES — Rat brain synaptic plasma membranes were exposed to flurothyl (a fluorinated ether) and PMCA Ca2+-ATPase activity, a neuro-related outcome, was measured using animal-derived tissue."
3570,YES — Animal study reporting intravenous sodium fluoride (and analogues) doses in rabbits with deaths attributed to central nervous system depressive action (neurotoxic outcome).
3571,"YES — Animal study exposing B-10.A mice to a mono-fluorinated amphetamine analog (vs dextroamphetamine), reporting in-vivo (neurobehavioral/pharmacologic) responses relevant to neurotoxicity screening."
3572,"YES — The title reports effects of fluorinated pyrimidines (fluorine-containing analogues) on ribosomes in the nervous system (a neuro-related outcome), though the record does not specify whether the work was conducted in animals or in vitro."
3573,"NO — Animal study of vitamin D3 analogs (one described as a fluorinated analog) that reports bone, immune, weight and pathology outcomes but does not report any neurotoxicity-related measures."
3574,"NO — The study investigates AlF4- effects in vitro on rat liver histone H1 (not an in vivo animal study), so it does not meet the requirement for an animal study despite involving a fluoride analogue."
3575,"NO — This is a chemistry/catalysis study on N‑fluorinated nickel ligands and ethylene oligomerization, not an animal study and it reports no neurotoxicity or biological fluoride‐exposure outcomes."
3576,"YES — In vitro study using bullfrog ganglion neurons exposed to soman (pinacoloxymethylphosphoryl fluoride), an organophosphorus fluoridate, reporting neurophysiological/neurotoxic effects."
3577,"YES — Animal (rat) study that reports effects of sodium fluoride on axoplasmic transport in spinal ventral roots (a neurophysiological outcome), including dose-dependent slowing or acceleration and associated cAMP changes."
3578,"NO — This is an animal study measuring plasma/urine inorganic fluoride and urine oxalate after methoxyflurane in dogs, but it reports renal/biochemical endpoints and does not assess or report any neurotoxicity outcomes."
3579,"YES — Reports fluoride (2 mM) inhibiting [3H]acetylcholine uptake by synaptic vesicles (a neurotoxicity-relevant endpoint) from Torpedo californica, though it is an in vitro vesicle preparation from animal tissue so it’s unclear if it meets the requirement for an in vivo animal study."
3580,"YES — Study examines a mono-fluorinated analog of p-chloroamphetamine and its interactions with brain 5-hydroxytryptamine, indicating exposure to a fluorinated analog with outcomes on brain neurochemistry (likely an animal neurotoxicity study)."
3581,"NO — The record refers to aluminum, not fluoride or its analogues, so it does not meet the required exposure criterion (and contains no information indicating an animal neurotoxicity study)."
3582,"YES — Animal study exposing Macaca speciosa to a fluorinated ether (BAX-3224) with neurophysiological outcomes reported (EEG silence, absent VER), meeting the fluoride-exposure and neurotoxicity criteria."
3583,NO — This is a molecular characterization of an olfactory serine protease in lobster and does not involve exposure to fluoride or its analogues nor report any neurotoxicity outcomes.
3584,"YES — This experimental study examines fluorinated fluoroquinolone antibiotics' effects on neuromuscular transmission (reduced MEPP amplitude), a neurophysiological neurotoxicity outcome in an (implicit) animal/physiological preparation."
3585,NO — This is a chemistry study of macrocyclic anion receptors (binding halides including fluoride) with no animal experiments or any neurotoxicity outcomes reported.
3586,"NO — This is an in vitro study on bovine bone examining fluoride/phosphate effects on bone mineral and mechanical properties, not an (in vivo) animal study of neurotoxicity and it does not report any neurotoxic outcomes."
3587,NO — This is a biochemical purification study of a rat intestinal acyl‑CoA hydrolase (with only incidental mention of NaF as an assay reagent) and does not involve fluoride/analog exposure as a neurotoxicity experiment or report any neurotoxic outcomes.
3588,"YES — Animal study in guinea pigs exposed to isopropyl methylphosphonofluoridate (sarin), a fluorinated organophosphate, reporting recovery of cholinesterase activity (a neurotoxicity outcome)."
3589,"YES — Animal study in rats exposing them to sodium fluoride in drinking water (50–100 ppm) with reported neurobehavioral outcomes (impaired habituation and reduced active avoidance), indicating fluoride-related neurotoxicity."
3590,NO — This is a materials/colloid chemistry paper about synthesizing fluorinated PEGylated spheres and does not report an animal study or any neurotoxicity outcomes.
3591,NO — This is an animal study of endocannabinoid/endovanilloid compounds in a 3-nitropropionic acid rat model of Huntington’s disease and does not involve exposure to fluoride or fluoride analogues.
3592,"YES — Animal (hen) study reporting delayed neurotoxicity (paralysis) after exposure to O,O‑diisopropyl phosphorofluoridate (DFP), a fluorinated organophosphate (and TOCP)."
3593,"YES — Animal (rat) study of chronic fluoride exposure that measured brain hydrogen sulfide levels and cystathionine β‑synthase activity/protein, i.e., neurobiological outcomes relevant to neurotoxicity."
3594,"NO — although this rat study includes sodium fluoride exposure, it reports effects on renal cortical guanylate cyclase and cGMP (kidney outcomes), not any neurotoxicity endpoints."
3595,NO — Materials engineering study of nickel composite coatings using calcium fluoride as a filler; no animal subjects and no neurotoxicity outcomes reported.
3596,"NO — The paper examines biochemical effects of NaF on ribosomal protein phosphorylation in rabbit reticulocytes (a cellular/molecular outcome), not any neurotoxicity-related outcomes."
3597,"YES — Animal study in rats exposed to methanesulfonyl fluoride (a sulfonyl fluoride, i.e., a fluorine-containing compound) reporting neurobehavioral outcomes (passive avoidance performance and body‑swing bias) related to neurotoxicity."
3598,NO — This is a rat study of arecholine/atropine effects on carboxypeptidase activity in the nervous system (neurochemical outcomes) but does not involve fluoride or fluoride analogues.
3599,"NO — Animal study of fluoride exposure in rabbit aorta measuring vascular contractile responses (cardiovascular outcome), not any neurotoxicity-related outcome."
3600,"NO — This is a human genetic/biochemical study of a butyrylcholinesterase variant (not an animal study), and it does not examine exposure to fluoride (the term ""fluoride numbers"" refers to an assay characteristic, not fluoride exposure) or report neurotoxicity outcomes."
3601,"NO — The record describes biochemical solubilization and purification of rat brain adenylate cyclase, not a study of fluoride (or its analogues) exposure or neurotoxic outcomes."
3602,"YES — Animal study reporting neurobehavioral outcomes (perioral behaviors) after exposure to cholinesterase inhibitors including phenylmethanesulfonyl fluoride and methanesulfonyl fluoride (sulfonyl fluoride compounds), so relevant if sulfonyl fluorides are considered ""fluoride analogues."""
3603,NO — This is an animal (rat) study of xanthine oxidoreductase activity after decapitation/ischemia and does not involve exposure to fluoride or its analogues nor report fluoride-related neurotoxicity.
3604,NO — This is a geochemical/mineralogy study of Zr- and U-bearing minerals (not an animal exposure study) that only mentions fluoride in the context of uranium solubility/mobility and does not report any animal or neurotoxicity outcomes.
3605,"NO — This is an in vitro study using cultured rat pituitary tumor (GH) cells (not an in vivo animal study); although fluoride is mentioned, the paper examines TRH receptor/adenylyl cyclase biochemistry rather than animal neurotoxicity outcomes."
3606,"NO — This is a PET radioligand study of [18F]altanserin in rats reporting receptor binding/distribution, not an investigation of fluoride (or analogue) exposure effects or any neurotoxicity outcomes."
3607,"YES — Frog (animal) study reporting effects of sodium fluoride (NaF, 10 mM) on neurophysiological outcomes (acetylcholine release and perineural Ca2+ currents), meeting the exposure (fluoride), neurotoxicity-related outcome, and animal study criteria."
3608,"NO — The study investigates aluminum (Al) neurotoxicity in rabbits and rats, not fluoride or fluoride analogues, so it does not meet the exposure criterion."
3609,NO — Animal study of 18F-fluoro fatty acid biodistribution in rats (brain uptake and metabolite behavior) but does not report any neurotoxicity-related outcomes.
3610,NO — This is a chemical spectroscopy/structural study of chiral paracyclophanes with fluorinated substituents and does not report any animal experiments or neurotoxicity outcomes.
3611,NO — This is an in vitro study of sodium fluoride on neonatal rat osteoblasts examining bone-cell proliferation/apoptosis (no neurotoxicity outcomes) and not an in vivo animal study.
3612,"YES — Animal (rat) study examining neurotoxic outcomes (striatal cyclic nucleotide metabolism) after exposure to organophosphate nerve agents Soman and Sarin, which contain a fluoridate moiety (fluoride in their structure)."
3613,YES — Animal study (weanling Wistar rats) with fluoride exposure that reports fluoride accumulation in brain (an outcome related to neurotoxicity).
3614,"NO — This is a descriptive immunohistochemical study of rat dorsal root ganglion neuronal subpopulations using a fluoride-resistant acid phosphatase stain, not an experiment exposing animals to fluoride (or analogues) nor reporting neurotoxicity outcomes."
3615,"NO — This is an in vitro study on human pituitary adenomas (not an animal study), examining PACAP/VIP receptor activity; fluoride is only mentioned as an adenylate cyclase activator and no neurotoxicity outcomes are reported."
3616,"NO — This is an immunohistochemical study in rats reporting localization of COMT and markers (including the histochemical marker ""fluoride‑resistant acid phosphatase"") and does not involve fluoride exposure or report neurotoxicity outcomes."
3617,"NO — Animal study of fluoride exposure (fluorinated anesthetics/inorganic fluoride) measuring RNA synthesis in rat kidneys, not any neurotoxicity-related outcome."
3618,NO — This is an in vitro study of fluorodeoxyglucose transport in human erythrocytes (not an animal study) and does not report any neurotoxicity outcomes.
3619,NO — This is an animal study of organophosphorus pesticide (FAAH) inhibition in mice and does not involve exposure to fluoride or its analogues.
3620,"NO — Human postmortem study (not an animal study) and the mention of aluminum fluoride refers to an in vitro assay reagent for stimulating G-proteins, not an in vivo fluoride/analogue exposure assessing neurotoxicity."
3621,"NO — This is a materials/catalysis study of sulfonic-acid functionalized MOFs (mentioning fluoride only as a structural anion), with no animal exposure or any neurotoxicity outcomes reported."
3622,"NO — This is an in vitro study of EYFP-tagged serotonin1A receptors in CHO cells investigating receptor membrane dynamics (FRAP), with no fluoride/analogue exposure, no neurotoxicity outcomes, and not an animal study."
3623,"NO — Animal study of sodium fluoride exposure in mice, but outcomes are limited to liver and gastrointestinal biochemistry/histology with no neurotoxicity or brain measures reported (brain effects only mentioned from prior studies)."
3624,"YES — fluoride was used to modulate acetylcholine-synthesizing enzymes in rabbit brain preparations (animal tissue), and the paper reports neurochemical outcomes (acetylcholine synthesis and enzyme/phosphatase activity)."
3625,"NO — This is a materials/chemistry study of alkynyl-ruthenium nonlinear optical properties, not an animal study and unrelated to fluoride exposure or neurotoxicity outcomes."
3626,"NO — This rat study mentions ""fluoride-stimulated"" adenylate cyclase in cardiac (myocardial) tissue as an assay tool, but does not involve fluoride/analog exposure as the neurotoxicant nor report any neurotoxicity outcomes (it addresses myocardial ischemia/necrosis)."
3627,YES — Animal study exposing rabbits to sodium fluoride (a fluoride compound) measuring tissue protein effects; relevance to neurotoxicity is unclear from the title alone.
3628,"NO — Animal (rat) study of NaF effects on renal/urinary cAMP and papillary physiology, not reporting any neurotoxicity outcomes."
3629,"YES — The paper reports sodium fluoride (NaF) stimulating phospholipase C activity in assays using calf brain cytosolic enzyme (animal tissue), but it is an in vitro biochemical study and does not report explicit neurotoxicity outcomes or in vivo animal exposure, so relevance to neurotoxicity is unclear."
3630,YES — Animal (rat) study of chronic fluoride exposure reporting effects on hypothalamic dopaminergic activity and lactation (neurochemical/functional neurotoxicity outcomes).
3631,"NO — This is an animal study of melatonin and its analogues (one with a fluorine substitution) assessing effects on sexual development, not exposure to fluoride/fluoride compounds nor any neurotoxicity outcomes."
3632,"NO — This is an organic synthesis/materials chemistry paper on triarylborane derivatives (UV-vis/theoretical studies) and does not involve fluoride exposure, neurotoxicity outcomes, or animal experiments."
3633,"YES — Animal (rabbit) study reporting that fluorine exposure caused accumulation of cyclic AMP in the vagus nerve, a neurochemical outcome relevant to neurotoxicity."
3634,"NO — This is an animal study of PACAP/VIP receptor expression in rat pituitary tumors and normal glands, with no exposure to fluoride (or analogues) and no neurotoxicity outcomes reported."
3635,"NO — This study measures gamma radiation exposure in wild rodents (the mention of ""lithium fluoride"" refers to the dosimeter material), not exposure to fluoride or its analogues, and it does not report neurotoxicity outcomes."
3636,"NO — This is an animal pharmacokinetic study of halothane (a fluorinated anesthetic) measuring brain uptake/elimination by 19F NMR, not an investigation of neurotoxic outcomes."
3637,"NO — This is a human clinical study of teriparatide effects on bone structure, not an animal study, and it does not involve fluoride exposure or neurotoxicity outcomes."
3638,"NO — This is an environmental monitoring study measuring perfluorinated compounds (PFOA, PFOS) in seawater and does not report any animal experiments or neurotoxicity outcomes."
3639,NO — The study investigates mipafox (an organophosphate) effects on neuropathy target esterase in human neuroblastoma cells (in vitro) and does not involve fluoride/analogues or an animal model.
3640,"NO — This is an engineering/materials survey about elastomers and petroleum/synthetic lubricants with no mention of fluoride exposure, neurotoxicity outcomes, or animal experiments."
3641,"YES — Animal (mouse) study of fluoride exposure (alone and with arsenic) reporting brain biochemical and oxidative-stress changes and DNA/cellular damage, which are relevant neurotoxicity outcomes."
3642,NO — This is a chemical synthesis paper describing scalable fluorination to produce an mGluR agonist and does not report any animal experiments or neurotoxicity outcomes.
3643,"YES — Synaptosomes from fish, chicken and rat (animal-derived neural tissue) were exposed to fluoride, which inhibited synaptosomal NTPDase activity (a neuronal enzymatic outcome), so it reports a fluoride-related neurochemical effect."
3644,"NO — The exposure is phenylmethylsulfonyl fluoride (PMSF), a protease inhibitor, not a fluoride ion or relevant environmental/experimental fluoride analogue, so it does not meet the fluoride-exposure criterion despite being an animal ultrastructural study."
3645,"NO — This is an in vitro study of pituitary-derived growth factors in cell lines (not an animal study), with no relevant fluoride exposure (PMSF is mentioned as an inhibitor, not a fluoride neurotoxicity exposure) and no neurotoxicity outcomes reported."
3646,NO — This is a synthetic organic chemistry study on electrophilic fluorination/lactonization of 3-fluorodihydropyridines and does not report any animal research or neurotoxicity outcomes.
3647,"NO — Animal study with fluoride exposure, but outcomes measure lymphocytic DNA fragmentation (immune/cellular effects), not any neurotoxicity-related endpoints."
3648,"NO — Although sodium fluoride is mentioned as an agent used to stimulate adenylate cyclase in myocardial membranes, this is a cardiac (heart) study in diabetic rats and does not assess any neurotoxicity outcomes."
3649,"NO — This is a materials-science study of nonlinear optical properties of fluorinated copolymers, not an animal exposure study and it does not report any neurotoxicity outcomes."
3650,"YES — Animal study of prolonged fluoride ingestion in rats reporting biochemical effects, so it meets exposure and animal criteria and is potentially relevant to neurotoxicity (outcome details unclear from the title)."
3651,"YES — Investigates methane sulfonyl fluoride (a sulfonyl fluoride) effects on end-plate channel kinetics, a neurophysiological outcome likely assessed in animal neuromuscular preparations."
3652,NO — This is a chemical synthesis/TRPV1 activity study of alpha-fluorinated capsaicin enantiomers and does not report animal experiments or neurotoxicity outcomes.
3653,"NO — This is an in vitro biochemical study of transducin in retinal membranes using fluoride/AlFx as phosphate analogs, not an animal study and it does not report any neurotoxicity outcomes."
3654,NO — Methods/PK paper on HPLC-MS quantitation of a thiol compound in plasma (including dogs) with no exposure to fluoride or its analogues and no neurotoxicity outcomes reported.
3655,"NO — This is an animal surgical study of 193-nm excimer laser retino-vitreous ablation (argon-fluoride laser) reporting cutting performance, not chemical exposure to fluoride/analogues nor any neurotoxicity outcomes."
3656,"NO — this is an animal study of maternal dietary protein restriction (measuring brain DNA/protein), not exposure to fluoride or its analogues."
3657,"YES — Animal study exposing freshwater fish (Puntius sophore) to sodium fluoride that reports behavioral alterations (swimming, surfacing, opercular movements, feeding) indicative of neurotoxic effects and includes acute toxicity (96-hr LC50) data."
3658,"NO — This is a human plasma LC-MS/MS methods paper on fatty acid ethanolamides (anandamide, OEA, PEA) as FAAH biomarkers, not an animal study and not about fluoride or neurotoxicity."
3659,"NO — Animal study of fluoride exposure in male mice reporting reproductive (fertility) outcomes, not neurotoxicity."
3660,"YES — The title mentions ""NAF"" (possibly NaF/sodium fluoride) affecting adenylate cyclase but is ambiguous about whether fluoride exposure, neurotoxicity outcomes, or an animal model are reported, so inclusion is unclear."
3661,"YES — Multigenerational rat study of sodium fluoride exposure (0–250 ppm) that reports brain-related measures (organ-to-brain weight ratios), meeting the animal fluoride exposure and neurotoxicity-related outcome criteria."
3662,NO — This is a biochemical study of proteolytic processing of oxytocin/vasopressin by rat thymocytes and does not involve fluoride or its analogues nor report any neurotoxicity outcomes.
3663,"YES — Rat in vivo study administering 2-deoxy-2-fluoro-β-glycosyl fluorides (fluorinated analogues) that reports inhibition of beta-glucosidase/beta-mannosidase activity in brain tissue, a neurobiological effect."
3664,"YES — Animal study in adult Wistar rats exposed chronically to sodium fluoride (11.3–45.2 mg F/L) reporting hippocampal cytokine gene/protein changes (notably decreased TGF-β1), a neurotoxicity-relevant outcome."
3665,"NO — This is a chemical synthesis paper describing fluorinated retinal analogs, not an animal study and it does not report neurotoxicity outcomes."
3666,"YES — Experimental animal study of fluorosis measuring phosphatase activity in organs and serum; neurotoxicity relevance (e.g., brain outcomes) is unclear from the title so full-text screening is warranted."
3667,NO — this study investigates RIP140/PPARγ regulation of BACE1 and Aβ in cell lines and transgenic mice with no exposure to fluoride or its analogues.
3668,NO — This is a clinical position paper (review of human/volunteer and clinical studies) about urine alkalinization that only briefly mentions increased fluoride elimination and does not report animal experiments or neurotoxicity outcomes.
3669,"YES — The title indicates fluoride exposure with behavioral (neurotoxicity-related) outcomes, but it is unclear from the record whether the study was conducted in animals, so it should be included for further screening."
3670,NO — This is an animal study of cannabinoid receptor pharmacology in chick/rat brain and does not involve exposure to fluoride or its analogues nor report fluoride-related neurotoxicity outcomes.
3671,"NO — This paper describes a prion detection assay (immuno-qPCR) and does not involve fluoride exposure, neurotoxicity outcomes, or an animal study of fluoride/analogues."
3672,"YES — Animal study in mice involving sodium fluoride (NaF) intoxication that reports nervous-system/neurobehavioral outcomes (summating subliminal impulses, centrifuge recovery time, forced swim duration), meeting the exposure and neurotoxicity criteria."
3673,NO — This animal study examines hypothalamic extracts and synthetic hormones' effects on pituitary adenylyl cyclase in dogfish and does not involve exposure to fluoride or its analogues nor report neurotoxicity outcomes.
3674,NO — This is a materials/chemistry study of fluoride adsorption onto an iron(III)-aluminum(III) oxide (no animals used) and reports physicochemical adsorption data rather than any neurotoxicity outcomes.
3675,NO — This is a materials chemistry paper about a pentafluorophenyl-substituted polymer for solar cells and does not report any animal experiments or neurotoxicity outcomes.
3676,"NO — This is a human behavioral study of children's tooth-brushing frequency (secondary analysis of cohort data), not an animal study and it does not examine fluoride exposure-related neurotoxicity outcomes."
3677,YES — the record includes an animal experiment in rats exposed to excessive fluoride and reports neurotoxicity-relevant outcomes (decreased 5‑HIAA and increased norepinephrine in the brain) related to fluoride exposure.
3678,"NO — This animal pharmacology study examines dopaminergic agonists/metabolites (piribedil, S 584) and adenylate cyclase activity in brain/retina, not exposure to fluoride or its analogues nor neurotoxicity outcomes."
3679,"NO — Although the study (rat anterior pituitary tissue) includes fluoride exposure, it reports effects on growth hormone synthesis/release (endocrine outcomes) rather than any neurotoxicity measures."
3680,"NO — This is a review of PFCA/PFAS bioaccumulation and environmental behavior, not an animal study nor does it report neurotoxicity outcomes."
3681,"NO — Although this is an animal study of a fluorinated antibiotic (florfenicol), it reports pharmacokinetics (CSF/plasma concentrations and penetration) for treating meningitis and does not assess any neurotoxicity outcomes."
3682,"NO — This study investigates ibuprofen's pH-dependent inhibition of FAAH in rat brain homogenates and transfected cells, not exposure to fluoride (or its analogues) nor fluoride-related neurotoxicity."
3683,"NO — Animal study with fluoride exposure, but it reports tissue uptake and histology of liver/kidney/bone/enamel and selenium toxicity signs, not any neurotoxicity or neurological outcome measures."
3684,"YES — Reports in vivo (animal) and in vitro effects of fluoride on enzyme activity (so involves fluoride exposure in animals), but it is unclear whether any neurotoxicity-specific outcomes are reported."
3685,"NO — the study exposes Limulus photoreceptors to vanadate and GTP-γ-S, not fluoride or fluoride analogues, so it does not meet the required exposure criterion."
3686,"YES — The title indicates an animal bioassay of fluorinated volatile anesthetics (fluorinated analogues) that likely assesses neurobehavioral/neurotoxic effects, but the full text is needed to confirm species, exposure details, and specific neurotoxicity outcomes."
3687,"NO — Engineering/optics paper about a laser beam combiner that only mentions calcium fluoride as an optical material; it is not an animal study, does not expose organisms to fluoride, nor reports any neurotoxicity outcomes."
3688,"YES — The title indicates study of combined manganese and fluorine compounds (i.e., fluoride exposure), but species and whether neurotoxicity outcomes were measured are not specified, so the record is unclear and merits retrieval."
3689,YES — Rat brain study reporting that fluoride stimulates adenylyl cyclase in the olfactory bulb (animal experiment measuring neuronal signaling outcomes relevant to neurotoxicity).
3690,"NO — this is an animal study of protease inhibitors and morphine antinociceptive tolerance in mice, not a study of fluoride or its analogues nor reporting fluoride-related neurotoxicity outcomes."
3691,YES — Subchronic rat study exposing Sprague-Dawley rats to sodium fluoride (120 mg/L) (alone and with arsenic) that reports neurotoxic outcomes including impaired spatial learning and memory and altered glutamate and mGluR5 expression.
3692,"NO — this is a chemistry study on photochemical CO2 reduction using metal complexes with fluorinated ligands, not an animal study and it does not report fluoride exposure or any neurotoxicity outcomes."
3693,"NO — Although this is an animal study and mentions fluoride-stimulated adenylyl cyclase, the exposure is used as a biochemical activator in luteal (ovarian) signal-transduction assays and the outcomes are endocrine/cellular (luteal enzymes/cAMP), not measures of neurotoxicity."
3694,"YES — Study examines fluoride effects on adenylate cyclase isolated from rat brain (animal-derived tissue) reporting a neurobiological outcome (enzyme activation), so it is relevant (or at least unclear if it meets in vivo requirement)."
3695,"NO — This is an environmental hydrogeochemistry study describing groundwater fluoride concentrations and sources, not an animal study and it does not report any neurotoxicity outcomes."
3696,"YES — Animal (mouse) study administering phenylmethylsulfonyl fluoride (a sulfonyl-fluoride compound) with measured brain anandamide levels and neuropharmacological outcomes (antinociception, hypothermia)."
3697,"NO — Human clinical study on root caries prevention with different fluoride programs (dental outcome), not an animal study and not reporting neurotoxicity outcomes."
3698,"YES — The record describes exposure to fluorinated analogues and reports effects on insect olfactory receptors and behavior (neurobehavioral outcomes) in animals (insects), meeting the exposure and neurotoxicity criteria."
3699,"NO — Although triamcinolone is a fluorinated steroid, this rat study examines corticosteroid effects on diaphragmatic muscle structure and contractile function, not exposure to fluoride (or its relevant analogues) with any neurotoxicity outcomes."
3700,"NO — this is an in vitro study on Leishmania promastigotes and enzyme extracts testing fluorinated L-ornithine analogues for ODC inhibition and antiparasitic activity, not an animal study and it does not report neurotoxicity outcomes."
3701,"NO — This is a materials/chemical study of trifluoromethyl- and perfluorinated-containing ligands and Pd complexes focusing on liquid-crystal behavior, not an animal study and it reports no neurotoxicity outcomes or biological fluoride exposure."
3702,NO — this is an in vitro biochemical 19F NMR study of calcineurin-catalyzed hydrolysis of fluorotyrosine phosphate and does not involve an animal model or report any neurotoxicity outcomes.
3703,"NO — This is a molecular/biochemistry study of SUR ATPase/K(ATP) channel gating with no exposure to fluoride or its analogues, no neurotoxicity outcomes, and not an animal study."
3704,NO — This is an environmental literature review of fluoride effects on aquatic organisms and does not present original animal study data nor report outcomes related to neurotoxicity.
3705,NO — Methods paper on preparing plasma membranes from ovine anterior pituitary glands; does not involve fluoride exposure or report neurotoxicity outcomes.
3706,"NO — This is an in vitro study of Entamoeba histolytica (a protozoan) reporting fluoride as an enzyme inhibitor, not an animal study and it does not report any neurotoxicity outcomes."
3707,"NO — This is an engineering study of PVDF sensors in micro aerial vehicles with no animal subjects, no neurotoxicity outcomes, and not an exposure study of fluoride compounds."
3708,"NO — This is an environmental monitoring study of nutrient and major element distributions (including fluoride) in riverine/coastal waters, not an animal exposure study and it does not report any neurotoxicity outcomes."
3709,NO — The study uses a polyvinylidene fluoride film as part of a detector but does not involve exposure of animals to fluoride/analogues nor assess neurotoxicity from fluoride; it examines heat responses of bullfrog retina to light.
3710,"NO — This is a chemical synthesis and in vitro receptor-binding/functional assay study of difluorinated adrenergic agonists, not an animal study and it does not report neurotoxicity outcomes."
3711,"YES — The title indicates study of fluoride-containing analogues acting on neuronal metabotropic glutamate receptors (relevant exposure/neurological target), but it does not specify whether outcomes include neurotoxicity or whether the work is in animals, so inclusion is unclear."
3712,YES — Animal study in female Wistar rats exposed to sodium fluoride (200 mg/kg) reporting synaptosomal acetylcholinesterase and other membrane enzyme alterations (neurochemical endpoints relevant to neurotoxicity).
3713,NO — this is a rat cardiac study of ischemic preconditioning and IL‑8–mediated angiogenesis with no fluoride (or analogue) exposure and no neurotoxicity outcomes.
3714,"NO — Animal study of isoflurane/halothane metabolism measuring fluorinated metabolites in rat tissues, but it reports metabolic outcomes rather than any neurotoxicity-related measures."
3715,"NO — The study examines sodium fluoride's effect on intestinal adenylate cyclase in rabbit epithelial cells (a biochemical/gastrointestinal assay), not an in vivo animal neurotoxicity outcome."
3716,"NO — This is an observational study of iodine in soils and iodine deficiency in grazing livestock (not fluoride or its analogues as relevant here), and it does not report neurotoxicity outcomes or an experimental animal neurotoxicity study."
3717,"YES — Animal study in dogs of sarin (isopropyl methylphosphonofluoridate), a phosphonofluoridate (fluoride-containing) organophosphate nerve agent whose metabolism is examined and is therefore relevant to fluoride analogues and neurotoxic exposure."
3718,"YES — The record involves fluorinated analogs (exposure to fluorinated compounds), but the title does not state whether neurotoxicity outcomes were measured or whether the work was an animal study, so relevance is unclear."
3719,"NO — This is an animal study of protection against the nerve agent soman (an organophosphorus methylphosphonofluoridate) and antidote treatment, not a study of fluoride (inorganic fluoride) exposure or its neurotoxic analogues."
3720,"NO — although this is an animal study of fluoride exposure in rats, it reports thyroid outcomes rather than any neurotoxicity-related measures."
3721,"NO — Although sodium fluoride (NaF) is mentioned as a reagent that augments [3H]forskolin binding in rat cortical membranes, this is an in vitro biochemical assay (not an in vivo fluoride exposure) and the study does not report any neurotoxicity outcomes."
3722,NO — This is a materials chemistry study of polymer synthesis/curing (mentioning use of cesium fluoride) with no animal experiments or neurotoxicity outcomes reported.
3723,NO — This study examines serine protease activity and the inhibitor AEBSF on hippocampal LTP in brain homogenates/slices and does not investigate fluoride (ionic fluoride or relevant fluoride exposure) or fluoride-related neurotoxicity in an animal study.
3724,"NO — This is a methods paper describing a PVDF membrane-based immunoassay for detecting mycotoxins in cereals (PVDF is a membrane polymer), not an animal study of fluoride or fluoride-analogue exposure or any neurotoxicity outcomes."
3725,YES — Animal (rat) study examining the effects of sodium fluoride on GABA release in the cerebral cortex (a neurochemical/neurotoxicity outcome).
3726,"NO — The title concerns neural/hormonal regulation of pineal adenyl cyclase with no indication of fluoride (or analogue) exposure or neurotoxicity outcomes, so it does not meet inclusion criteria."
3727,"YES — Animal (frog) electrophysiology study of anticholinesterase agents including methanesulfonyl fluoride (a sulfonyl‑fluoride analogue) and echothiophate, reporting neurophysiological outcomes at the neuromuscular end-plate."
3728,NO — This is a biochemical study of rat liver microsomal esterases (hydrolases A and B) with no exposure to fluoride or analogues and no neurotoxicity outcomes reported.
3729,NO — This is a materials/photophysics study of a fluorinated iridium complex (chemical synthesis and characterization) and not an animal study of fluoride exposure or neurotoxic outcomes.
3730,YES — The study uses phenylmethanesulfonyl fluoride (a sulfonyl fluoride compound) as the exposure and reports effects on carbachol-induced inositol phosphate accumulation in rat cerebral cortical slices (an animal neurochemical/neurotoxicity-related outcome).
3731,"YES — In an in vivo cat study sodium fluoride (NaF) was administered and effects on neuromuscular transmission, motor axon action potentials and muscle activity were measured, which are neurophysiological outcomes relevant to neurotoxicity."
3732,"YES — In-vivo study of sodium fluoride reporting effects on key enzymes of tryptophan metabolism, a neurochemical outcome relevant to neurotoxicity and consistent with an animal study."
3733,NO — This is a chemistry study of polymer-supported ammonium fluoride catalyzing VX degradation (no animal experiments and no neurotoxicity outcomes reported).
3734,"YES — Reports effects of NaF (sodium fluoride) on carbachol-mediated arachidonic acid release from brain plasma membranes, a neurochemical outcome measured in brain tissue (animal-derived)."
3735,"YES — Animal (rat) study testing sodium fluoride exposure with measurement of brain adenylate cyclase activity, a neurobiological outcome related to neurotoxicity."
3736,"NO — Human study of children (not an animal study) assessing fluoride/iodine exposure and dental/hormonal outcomes, not neurotoxicity."
3737,"NO — the study includes stannous fluoride exposure and a rat caries in vivo component but reports dental/formulation outcomes (caries, hypersensitivity, taste, abrasivity) and does not measure or report any neurotoxicity-related outcomes."
3738,"YES — Animal study of maternal fluoride exposure (100 ppm) in pregnant Wistar rats with neurotoxicity-related outcomes measured in offspring CNS (fluoride accumulation, lipid peroxidation, and antioxidant enzyme/ glutathione changes)."
3739,"YES — Animal study in guinea pigs exposed to pinacolyl methylphosphonofluoridate (a phosphonofluoridate nerve agent) reporting effects on retinal cholinesterase synthesis, a neurotoxicity-related outcome."
3740,"NO — This is a surface-enhanced Raman study of genomic DNA from plant leaf tissues (plants), with no fluoride exposure, no neurotoxicity outcomes reported, and not an animal study."
3741,"NO — This is an animal study of sucrose feeding effects on hepatic beta-adrenergic signaling (with fluoride only used as an in vitro activator of adenylate cyclase), not a study of fluoride (or analogues) exposure nor any neurotoxicity outcomes."
3742,"NO — This article is about forskolin (a diterpene activator of adenylate cyclase), not fluoride or its analogues, and does not report animal neurotoxicity outcomes."
3743,"NO — Animal (rat) study examining pre-eruptive effects of elements including fluoride on dental caries, not reporting any neurotoxicity-related outcomes."
3744,NO — This is a geological study of Li–F granite melt composition (melt inclusion chemistry) and does not report any animal experiments or neurotoxicity outcomes.
3745,"YES — Animal study of neonatal exposure to a fluorinated compound (PFHxS, a perfluoroalkyl sulfonate) reporting adult behavioral and cognitive (neurotoxic) outcomes."
3746,"YES — Animal study exposing rats to NaF (with AlCl3) and measuring fluoride accumulation in brain regions (cerebellum, hippocampus, cortex), a neurotoxicity-related outcome."
3747,"NO — This is a biochemical study of actin mutants in Dictyostelium (not an animal study), with no exposure to fluoride or its analogues and no neurotoxicity outcomes."
3748,NO — This is a structural review of acetylcholinesterase function and does not report an animal study of fluoride (or analogue) exposure or neurotoxic outcomes.
3749,"NO — Animal study with fluoride exposure, but measures only blood biochemical parameters (electrolytes, ALP, glucose, proteins) and does not report any neurotoxicity-related outcomes."
3750,"NO — This is a materials/coatings study (PEG/hydrocarbon polymers) focused on antifouling performance with algal/diatom assays and does not involve fluoride exposure, neurotoxicity outcomes, or animal experiments."
3751,"NO — The study is an animal (rat) experiment of acute radiation effects measuring brain enzyme activities, and ""fluoride"" is only used as an in vitro stimulant in enzyme assays rather than as an exposure to fluoride/analogues."
3752,"YES — Animal study of ring-fluorinated phenylephrines reporting brain adrenergic receptor binding and synaptoneurosome signaling in guinea pig tissues (neuropharmacologic outcomes), though it assesses pharmacologic receptor effects rather than explicit neurotoxic injury."
3753,"NO — Animal study of fluoride exposure in chickens that reports bone/histological outcomes (osteoid, trabecular/cortical changes) but does not report any neurotoxicity-related outcomes."
3754,"NO — This is a literature review/reanalysis of fluoride toxicity to freshwater organisms reporting general toxicity endpoints (LC50, mortality and physicochemical influences) rather than primary animal experiments measuring neurotoxicity outcomes."
3755,NO — this is an in vitro study (rat-derived cell lines/primary cultures) of intracellular localization of fluorinated drugs (benzodiazepine/phenothiazine) with no animal (in vivo) model nor neurotoxicity outcome reported.
3756,"NO — The paper concerns methyl bromide (a bromine-containing fumigant), not fluoride or fluoride analogues, and is a review/discussion rather than an animal study reporting neurotoxicity outcomes."
3757,NO — This study focuses on autophagy and oxidative capacity in skeletal muscle during acute starvation and does not involve fluoride exposure or report any neurotoxicity outcomes.
3758,"NO — This is an in vitro study of adenovirus effects on neonatal rat cardiomyocytes where sodium fluoride is used only as a biochemical stimulant for adenylyl cyclase, it does not examine fluoride exposure as the primary exposure, reports cardiac (not neurotoxic) outcomes, and is not an in vivo animal neurotoxicity study."
3759,YES — Animal (rabbit) study reporting neurotoxic retinal degeneration after intravenous sodium fluoride exposure (sodium fluoride induced lesions of the neuro-epithelium/pigment layer of the retina).
3760,"NO — This is an in vitro enzymology/detoxification study using a squid-derived enzyme on agarose to hydrolyze organophosphorus nerve agents (DFP/Soman) and measure fluoride release/cholinesterase inhibition, not an animal study reporting neurotoxicity outcomes."
3761,"NO — This is a Phase I human clinical trial of the fluorinated nucleoside FMAU reporting neurotoxicity in patients, not an animal study."
3762,"NO — This is an in vitro study on TM3 mouse Leydig cells (cell culture) reporting oxidative/DNA-protein crosslink outcomes in testicular cells, not an in vivo animal study nor a neurotoxicity outcome."
3763,"NO — This is an animal MRI methods study using fluorine-labelled dosage forms to visualize GI transit, not an investigation of fluoride exposure/neurotoxic outcomes and it does not report any neurotoxicity measures."
3764,"NO — This is an in vitro BALB/c-3T3 cell transformation assay (not an animal study); although sodium fluoride was tested, the outcome is cellular transformation rather than any neurotoxicity measure."
3765,NO — This is an environmental chemistry study on fluoride adsorption/desorption in batch and column experiments with no animal subjects and no neurotoxicity outcomes reported.
3766,NO — This is a synthetic/biochemical study of fluorinated oxime reactivators tested on paraoxon-inhibited (housefly) AChE; it is not an animal study of fluoride (or fluoride-analogue) exposure causing neurotoxicity.
3767,"NO — This is an in vitro pharmacology study on mouse cortical homogenates where fluoride is only mentioned as a reagent to stimulate adenylate cyclase (not an exposure/toxicant), the outcome is enzyme activity (not a neurotoxicity endpoint), and it is not an in vivo animal study."
3768,NO — This is an in vitro study on GH4C1 pituitary tumor cells (not an animal study) assessing cell proliferation/migration/metabolism rather than neurotoxicity outcomes.
3769,"NO — Title indicates a biochemical study of 2-fluoro-L-histidine inhibiting enzyme induction, with no indication of neurotoxicity outcomes or that it is an animal study."
3770,"NO — This is a SERS spectroscopy study on DNA from in vitro-grown apple leaves (plant tissue) using silver nanoparticles and does not involve fluoride exposure, neurotoxicity outcomes, or an animal model."
3771,"YES — Reports fluoride-stimulated adenylate cyclase activity measured in nervous (and other) tissues from a range of animals, so it involves fluoride exposure and neuro-related biochemical outcomes in animal tissues."
3772,"NO — This is a methods/engineering paper about a fiber-optic Raman probe using a fluorinated polymer cap (FEP) and ex‑vivo rat tissues, not an animal study of fluoride (or analogue) exposure nor any neurotoxicity outcomes."
3773,"YES — Study exposes bovine (animal) brain tissue to NaF (sodium fluoride) and reports effects on brain adenylate cyclase activity, a neurobiological outcome (though not an in vivo neurotoxicity assay)."
3774,"NO — This is a synthetic chemistry paper describing thiazole compounds using fluoride reagents in catalysis, with no animal experiments or neurotoxicity outcomes reported."
3775,"YES — Animal study in rats (16-week dietary exposure) of fluorine compounds (cryolite, barium fluosilicate) reporting behavioral outcomes (plus organ pathology), which are relevant measures of neurotoxicity."
3776,"NO — This is an in vitro study of an insect virus protein binding Gα subunits (using aluminum fluoride as an experimental reagent), not an animal study, does not examine fluoride (or analogues) as an exposure, nor report neurotoxicity outcomes."
3777,"NO — This is a human epidemiological study of dental caries prevalence (children/young adults), not an animal study, and it does not report fluoride exposure or any neurotoxicity outcomes."
3778,"YES — Animal study in mice reporting sodium fluoride (NaF) exposure and dose-dependent alterations in DNA, RNA, and protein contents in brain regions (neurotoxicity-related outcomes)."
3779,"NO — This is an animal study of organophosphate esterase inhibitors and promoters causing delayed polyneuropathy in hens, not a study of fluoride (or deliberate fluoride-analogue) exposure or fluoride-related neurotoxicity."
3780,"NO — Materials-chemistry study of fluorinated curing agents for epoxy/ZnO nanocomposites, not an animal study and reports polymer curing, thermal, optical and water‑absorption properties (no neurotoxicity outcomes)."
3781,YES — Animal study in rats exposed to high fluoride (with/without low iodine) reporting brain proteomic alterations in offspring linked to neural injury/neurotoxicity.
3782,NO — This is a materials-chemistry paper on synthesis/characterization of fluorinated polymers and does not report animal experiments or any neurotoxicity outcomes from fluoride exposure.
3783,"NO — although this is an animal study of soman (methylphosphonofluoridate) exposure, it reports hematologic/bone-marrow outcomes and does not measure or report any neurotoxicity-related outcomes."
3784,"NO — The study investigates alpha2-macroglobulin and protease inhibitors on neurite outgrowth in cultured rat neurons, not exposure to fluoride or its analogues, so it does not meet the exposure criterion."
3785,"NO — This is a medicinal chemistry paper reporting synthesis and SAR of fluorinated mGlu1 receptor modulators, not an animal study and it does not report neurotoxicity outcomes or exposure to fluoride/fluoride analogues as a toxicant."
3786,"YES — Rat cerebellar cortex experiments applied fluoride (as a glycolytic blocker) and measured neurophysiological outcomes (extracellular pH changes, neuronal depolarization, spreading depression/ischemia), meeting animal + fluoride exposure + neurotoxicity-related outcome criteria."
3787,NO — This is a rat developmental study of carboxypeptidase activities with no mention of fluoride (or analogues) exposure or neurotoxicity outcomes.
3788,NO — This study examines effects of statins on bone metabolism (including ovariectomized rat models) and does not involve fluoride exposure or report any neurotoxicity outcomes.
3789,"NO — This rat bone study exposed excised ulnae to sodium fluoride and measured bone mechanical properties (indentation, stiffness, load) with no outcomes related to neurotoxicity."
3790,NO — This is a chemistry/physico-chemical study of a fluorocarbon surfactant (synthesis and vesicle formation) with no animal experiments or neurotoxicity outcomes reported.
3791,"YES — Title indicates fluoride exposure affects brain adenylate cyclase activity (a neuro-related outcome), likely studied using animal brain tissue (detergent-dispersed enzyme), so it meets the exposure and neurotoxicity criteria or is unclear but potentially eligible."
3792,"NO — This is an in vitro study of polyvinylidene fluoride (PVDF) scaffolds assessing material properties and 3T3 fibroblast biocompatibility (not an animal study), and it does not report any neurotoxicity outcomes or typical fluoride exposure."
3793,"NO — This is an in vitro study of Rous sarcoma–transformed chicken embryo fibroblasts examining adenylate cyclase regulation (fluoride is mentioned as an assay activator), not an in vivo animal study nor an investigation of fluoride exposure or neurotoxicity outcomes."
3794,YES — Animal (rabbit) study that includes fluoride exposure and reports neural biochemical outcomes (adenylate cyclase / cAMP stimulation in the retina).
3795,"NO — this is an in vitro study of fluoride-containing hydroxyapatite on osteoblastic cell behavior (attachment, proliferation, differentiation), not an animal study and it does not report neurotoxicity outcomes."
3796,"YES — Mouse study exposing animals to phenylmethylsulfonyl fluoride (a sulfonyl-fluoride compound) with neurobehavioral outcomes reported (antinociception, hypothermia, immobility), so it is relevant (or at least unclear whether PMSF qualifies as a fluoride analogue)."
3797,NO — This is a rat cytochemical study of pyrimidine 5'-nucleotidase localization in rod outer segments that only uses fluoride ions to inhibit staining in vitro and does not assess any neurotoxicity outcomes.
3798,"NO — This is a plasma/atomic-physics study of transient fluorine ions in hot dense plasmas, not an animal study and it does not report any neurotoxicity outcomes."
3799,"YES — The study tests fluorine (and chlorine) analogs of phenyl alcohol amides and examines their effects on GABAergic release in rat substantia nigra slices, an animal neurophysiology outcome relevant to neurotoxicity."
3800,NO — This is a biochemical study of kallikrein-kinin system components in Antarctic teleosts and does not involve fluoride exposure or any neurotoxicity outcomes.
3801,"NO — The title indicates studies of osteoporosis pathogenesis and treatment (postmenopausal/senile), not an animal study of fluoride exposure or neurotoxic outcomes, so it does not meet the inclusion criteria."
3802,"NO — This is an aqueous chemistry study of tin (Sn(IV)) adsorption onto ferric hydroxide, not an animal study, nor does it involve fluoride or report neurotoxicity outcomes."
3803,"YES

Rat experimental study administering fluoride (125 ppm in drinking water) with/without aluminum and reporting neurotoxicity-related outcomes (GSH, GSSG, MDA, catalase) after 8 weeks."
3804,"NO — This is a geochemistry review of chlorine behavior in magmatic melts and fluids, not an animal study, not about fluoride/analog exposures, and reports no neurotoxicity outcomes."
3805,"YES — The record reports experimental studies of fluorine's effects on tissue respiration (an exposure relevant to fluoride) but the title does not specify the species or whether neural tissues/neurotoxicity outcomes were measured, so inclusion is warranted pending full-text clarification."
3806,YES — Study uses guinea pig brain synaptosomes and assesses fluoride-stimulated adenylate cyclase activity (a neurochemical/neurotoxicity-related outcome) after exposure.
3807,"YES — In vivo rat study of chronic fluoride (and fluoride+aluminum) exposure reporting neurotoxic outcomes (oxidative stress, altered neurotransmitters, and histological neuronal damage)."
3808,"NO — This is a chemical methods study on acyl hypofluorites and electrophilic fluorination of L-m-tyrosine, not an animal study nor reporting neurotoxicity outcomes."
3809,"NO — This is an animal study of hens reporting neurotoxic effects from tri-o-cresyl phosphate (an organophosphate), not fluoride or a fluoride analogue, so it does not meet the exposure criterion."
3810,"NO — This is a preclinical study of a hydroxyethylamine BACE‑1 inhibitor in guinea pigs measuring Aβ reduction, not an animal study of fluoride (or analogue) exposure or neurotoxicity outcomes."
3811,"NO — This is an electrophysiological study of frog rod anion channel permeability (not an exposure study assessing fluoride/neurotoxic outcomes), so it does not report an animal exposure with neurotoxicity measures."
3812,"YES — Animal study in albino mice exposed to sodium fluoride assessing brain (and muscle/heart) phosphopyruvate hydratase activity under acute poisoning, a neuro-relevant biochemical outcome."
3813,"YES — Wistar rats were exposed to sodium fluoride and the study reports brain phospholipid alterations and neuronal degeneration, i.e., neurotoxicity-related outcomes in an animal model."
3814,"NO — This is a geological study of granitoid petrogenesis and fluorine geochemistry in magmatic fluids, not an animal exposure study nor does it report any neurotoxicity outcomes."
3815,"NO — the study investigates K+, G-strophantin, and metabolic inhibitors on chick embryo brain potentials and impedance, not exposure to fluoride or its analogues."
3816,"NO — This is an in vitro biochemical study of tubulin polymerization with zinc (not fluoride/analogues), and does not report neurotoxicity outcomes or involve an animal model."
3817,NO — This is a systematic review/meta-analysis of human epidemiological studies on fluoride exposure and children's IQ (not an animal study).
3818,"NO — Title only addresses brain glycogen phosphorylase and gives no indication of fluoride (or analogue) exposure, neurotoxicity outcomes, or an animal study."
3819,"NO — Animal study of NTE inhibition in hens by phenyl di-n-pentylphosphinate (not fluoride), and although it references diisopropylphosphorofluoridate, the reported exposures/outcomes do not involve fluoride or fluoride analogues."
3820,"NO — This is an immunology study of a lectin (Achatinin) and LPS in Achatina fulica snails, with no exposure to fluoride or its analogues and no neurotoxicity outcomes reported."
3821,"NO — This is a hydrochemical survey of groundwater and human fluorosis in a human population, not an animal study and it does not report neurotoxicity outcomes."
3822,NO — The title indicates a focus on cAMP and neuronal function with no indication of fluoride exposure or an animal study assessing neurotoxicity.
3823,"YES — In an animal (mollusc) electrophysiology study, intracellular fluoride was used to block Ca currents and effects on neuronal ionic currents (a neurophysiological/neurotoxicity-related outcome) were reported."
3824,"NO — this in vitro study examines corticosterone binding in hippocampal nuclear and cytosolic fractions and does not involve exposure to fluoride or its analogues, so it does not meet the inclusion criteria."
3825,"YES — The study used sodium fluoride (NaF) with AlCl3 on rat striatal slices (animal tissue) and measured neurotransmitter release (dopamine, GABA, ACh), a neurotoxicity-relevant outcome."
3826,"NO — This is a procedural report about using fluoride to stabilize skull implants and reports implant dislodgment outcomes, not any neurotoxicity measures, and it does not clearly describe an animal study."
3827,"YES — Ex vivo rat cortical-slice (animal) study exposing tissue to sodium fluoride and measuring phosphoinositide hydrolysis in brain tissue, a neurobiological outcome."
3828,"NO — This rat immunohistochemistry study does not involve exposure to fluoride or its analogues (it only mentions ""fluoride-resistant acid phosphatase"" as a staining property) and does not assess fluoride-related neurotoxicity."
3829,"NO — This is an environmental sorption study of fluorinated herbicides to biochars (soil/chemistry focus), not an animal experiment and it does not report any neurotoxicity outcomes."
3830,"YES — Animal study of sulfur fluoride/oxyfluoride gases (e.g., sulphuryl fluoride SO2F2, thionyl fluoride SOF2) reporting convulsant effects and tonic convulsions (neurotoxic outcomes)."
3831,"NO — the study examines chronic nitrate (NO3−) exposure in snails, not fluoride or its analogues, so it fails the exposure criterion even though it reports animal behavioral outcomes."
3832,"NO — This rat study investigates effects of propylthiouracil and 2,4‑dinitrophenol on pituitary hormones; fluoride appears only as an assay reagent (""fluoride‑stimulated adenylate cyclase"") rather than as an exposure, and no neurotoxicity outcomes are reported."
3833,"NO — this is a general review of perinatal trace minerals that merely lists fluorine among elements and does not report any animal study, fluoride exposure, or neurotoxicity outcomes."
3834,NO — This is an animal neurophysiology study of microtubule-disrupting agents on squid axon excitability but does not involve exposure to fluoride or fluoride analogues.
3835,"YES — Animal (rat) in utero exposure study of methanesulfonyl fluoride (a fluoride-containing organosulfonyl fluoride) reporting neurobehavioral (learning/maze performance, REM sleep) and neurochemical (cholinergic markers) outcomes."
3836,"NO — The study investigates organophosphorus esters (and uses KF as a reactivating reagent) affecting neurotoxic esterase in hen brain, but does not examine exposure to fluoride or fluoride analogues as the toxicant."
3837,"NO — Animal study of a fluorinated glass implanted in rabbit bone, but reports only local bone/tissue and material analyses with no neurotoxicity outcomes."
3838,"YES — Animal (rat) study examining effects of fluorinated amphetamines (fluorinated analogues) on striatal neurotransmitter release, a neurotoxicity-related outcome."
3839,NO — This is a descriptive study of calcium biomineral composition in chiton teeth (not an experimental fluoride exposure) and it does not report any neurotoxicity outcomes.
3840,"NO — This is an animal study of spinal cord histochemical changes in adjuvant arthritis (substance P, FRAP, serotonin, SDH) and does not involve exposure to fluoride or its analogues."
3841,"YES — Animal (mouse) study reporting neurobehavioral outcomes (SP-induced scratching/antinociception) after administration of fluorine-substituted substance P analogues, so it involves fluorine-containing compounds though not classical inorganic fluoride exposure."
3842,"NO — Animal study with fluoride exposure, but outcomes reported are bone and calcium metabolism/osteoporosis, not any neurotoxicity measures."
3843,"NO — this is an animal study of 6-hydroxydopamine effects where ""fluoride"" is only used as an in vitro stimulant of adenylate cyclase in assays, not as an exposure to fluoride/analogues relevant to neurotoxicity."
3844,"NO — This is an in vitro study of nitric oxide effects on Ca2+ signaling in PC-12 cells, not an animal study and it does not involve exposure to fluoride or its analogues."
3845,"NO — The record studies effects of neurotransmitters and cyclic nucleotides on fatty acid concentrations in synaptosomes, with no mention of fluoride or its analogues and thus does not meet the exposure criterion."
3846,"YES — Animal (rat) study that applied sodium fluoride (NaF) and measured brain outcomes (adenylate cyclase activity and cAMP levels) in striatum and nucleus accumbens, i.e., neural biochemical measures relevant to neurotoxicity."
3847,"NO — This is a biochemical purification/characterisation of an alanine aminopeptidase from bovine muscle and does not involve fluoride exposure, neurotoxicity outcomes, or an animal toxicity study."
3848,"YES — Animal study in Swiss albino mice orally exposed to NaF (6 and 12 mg/kg/day) reporting neurotoxicity-related outcomes in brain regions (lipid peroxidation, antioxidant enzymes, cholinesterase), so it meets exposure, outcome, and animal-study criteria."
3849,"YES — An animal (hen) study of organophosphate fluoridate compounds (e.g., diisopropylphosphorofluoridate, DFP) reporting effects on delayed neuropathy and clinical neurotoxicity outcomes."
3850,"NO — Animal study of sodium fluoride in pigs and horses, but it reports anthelminthic efficacy (parasite outcomes), not any neurotoxicity-related measures."
3851,"NO — Sodium fluoride was used only as an in vitro activator of adenylate cyclase in tissue assays (not as an experimental fluoride exposure), and the study examines diabetes-related changes in cerebral microvessel signaling rather than fluoride-induced neurotoxicity in animals."
3852,NO — This is an in vitro enzyme inhibition study using purified Electrophorus electricus acetylcholinesterase (biochemical assay of trifluoromethyl ketones) rather than an in vivo animal study reporting neurotoxicity outcomes.
3853,"NO — This is an in vitro biochemical study of fluoride (and Al) effects on purified transducin/rhodopsin proteins, not an animal study and it does not report any neurotoxicity-related outcomes."
3854,"NO — This is a biochemical study of sulfhydryl group orientation and sodium fluoride–stimulated adenylate cyclase in fat cell membranes (adipocytes), not an animal study reporting neurotoxicity outcomes."
3855,"NO — This is an animal pharmacology study of cannabinoid receptor ligands and endocannabinoid metabolism in rat and guinea-pig ileum, not involving exposure to fluoride or its analogues nor reporting neurotoxicity outcomes."
3856,"YES — Animal study (rats) of chronic NaF exposure (5 or 50 mg/L for 6 months) reporting neurotoxic outcomes (decreased learning and memory, increased brain oxidative stress markers and reduced AChE/BuChE activity)."
3857,NO — This review concerns strontium and dental caries (not fluoride or its analogues) and does not report animal neurotoxicity outcomes.
3858,NO — This is a biochemical purification/characterization of Drosophila acid phosphatase that only reports fluoride as an in vitro inhibitor and does not present an animal neurotoxicity study or any neurotoxicity outcome measures.
3859,"YES — Animal study (male Wistar rats) exposed to sodium fluoride (100 ppm) that reports neurotoxic outcomes (learning and memory deficits, oxidative stress and neurodegeneration)."
3860,"NO — This is an ex vivo biochemical study on rat liver plasma membranes examining cholesterol effects on adenylate cyclase (fluoride only used as an enzyme activator), not an animal neurotoxicity study nor an exposure study of fluoride/analogues with neurotoxic outcomes."
3861,"YES — The study applied AlF4- (aluminofluoride, a fluoride analogue) to cultured cortical and spinal neurons and measured neuronal GABA(A)/glycine receptor currents (functional neurophysiological outcomes), though it is an in vitro neuronal culture rather than an in vivo animal toxicity study."
3862,"NO — Fluoride was used in primary anterior pituitary cell cultures, but the paper studies prolactin granule morphology/immunoactivity (not neurotoxicity) and is an in vitro/ex vivo cell study rather than an animal neurotoxicity study."
3863,NO — This is an animal study of FAAH inhibition/anandamide in fear extinction using a pharmacological inhibitor (AM3506) and does not investigate exposure to fluoride or fluoride analogues nor report neurotoxicity outcomes.
3864,"NO — The paper uses sodium fluoride in primary in vitro astrocyte cultures and reports cytoskeletal/process-formation endpoints, not an in vivo animal study or explicit neurotoxicity outcomes."
3865,NO — This is a biochemical/molecular study of tubulin GTPase properties (not an animal study) that only mentions aluminium/beryllium fluorides as inhibitors and does not report any animal neurotoxicity outcomes.
3866,"NO — Although this is an animal study of a fluorinated compound (N-(3-fluoropropyl)-N-normetazocine), it reports receptor binding and analgesic/antagonist effects in rats, not any neurotoxicity outcomes."
3867,"NO — This is a review/hypothesis paper about neuropathy target esterase and organophosphate inhibitors (e.g., diisopropylfluorophosphate) rather than an original animal study reporting neurotoxicity outcomes from fluoride or fluoride-analogue exposure."
3868,"YES — The record reports a fluorinated tryptamine analogue with biological (serotonergic) activity, so it involves exposure to a fluorinated compound and biological outcomes, but it is unclear from the brief whether it includes animal experiments or reports neurotoxicity measures."
3869,"NO — This is an animal study of anandamide transport inhibitors (AM404, olvanil) on rabbit intraocular pressure, not an exposure to fluoride or its analogues nor an outcome measuring neurotoxicity."
3870,"YES — Animal study in Wistar rats exposed to fluoride (1 and 10 ppm) reporting brain and tissue acetylcholinesterase inhibition, a neurotoxicity outcome."
3871,"YES — Animal study (rats and dogs) of organophosphorus nerve agents including phosphonofluoridates (sarin, soman, GV) reporting neurotoxic outcomes (acetylcholinesterase inhibition and signs such as salivation, fasciculations, convulsions)."
3872,NO — this in vitro study uses AlF4- as a G‑protein activator in rat peritoneal mast cells and does not assess fluoride exposure effects on neurotoxicity nor report an in vivo animal study outcome.
3873,YES — Animal (cat) study of diisopropylfluorophosphate (an organofluorophosphate) and phenylmethanesulfonyl fluoride reporting delayed peripheral neurotoxicity and functional nerve outcomes.
3874,"NO — Appears to be a biochemical study of adenylate cyclase stimulation by fluoride (in vitro enzyme kinetics), not an animal study nor reporting neurotoxicity outcomes."
3875,"YES — Animal study in Swiss albino mice exposed to NaF in drinking water reporting neurotoxicity-related outcomes (changes in NADPH-d/NOS-positive neurons, dendritic intersections, and varicosities) indicating fluoride-induced neuronal morphological changes."
3876,YES — Animal study exposing rodents and a rhesus monkey to a fluorinated analogue (3-[F-18]F-FMPT) and reporting striatal L-AAAD inhibition/tyrosine-hydroxylase activity (neurochemical effects relevant to neurotoxicity assessment).
3877,"YES — Appears to be an animal behavioral and neurochemical study comparing amphetamine and a novel fluorinated derivative, so it involves exposure to a fluorinated analogue and reports neuro-related (neurotoxicity-relevant) outcomes."
3878,"YES — The title indicates a toxicity study of a fluoride-containing compound (boron fluoride), but the record lacks details on species and outcomes so it may be an animal study reporting neurotoxicity (unclear from title alone)."
3879,"NO — The paper uses aluminium fluoride as a phosphate analogue in a pig Na+,K+-ATPase crystal-structure study and does not report an in vivo animal exposure or any neurotoxicity outcomes."
3880,"YES — This animal study (squid giant axon) exposed internal fluoride (KF) and reports fluoride-induced alterations of neuronal K+ channel function, a neurophysiology/neurotoxicity-relevant outcome."
3881,"NO — This is an in vitro biochemical study of chick brain tau binding to microtubules assembled with aluminium fluoride, not an in vivo animal exposure study reporting neurotoxicity outcomes."
3882,"YES — Animal study in male Long-Evans rats of aluminum fluoride (AlF3) exposure reporting neurotoxicity outcomes (hippocampal neuron loss, neocortical histopathology, neurofilament changes, and GFAP assessments)."
3883,"YES — Rat in vivo study of 6-fluoro-β-carboline compounds (fluorinated analogues) reporting benzodiazepine receptor binding and brain penetration (neuropharmacological outcomes), though it is unclear if organofluorine substituents count as the ""fluoride and its analogues"" exposure of interest."
3884,"NO — This is a biochemical methods study on adenohypophyseal membrane purification/adenylate cyclase properties and does not involve fluoride exposure, neurotoxicity outcomes, or an animal exposure study."
3885,NO — Geological study of sabkha carbonate sediments reporting fluoride occurrence but not an animal exposure study and with no neurotoxicity outcomes reported.
3886,"NO — This is a materials/coordination chemistry study of Mo3S7 cluster complexes with dithiolate/diselenolate ligands reporting electronic and magnetic properties, not an animal study, and it does not involve fluoride exposure or neurotoxicity outcomes."
3887,YES — Animal study in rats testing a side-chain fluorinated analog (FpCA) of p-chloroamphetamine with reported neurotoxicity-related outcomes (brain amine levels and behavioral effects).
3888,"NO — Although this rat study used (18)F‑fluoride as a tracer, it investigates bone formation/remodeling (PET-CT outcomes) and does not report any neurotoxicity-related outcomes."
3889,"NO — This is an in vivo rat biodistribution/metabolism study of an 18F-labeled PET tracer (p-[18F]MPPF) focused on 5-HT1A receptor imaging, not on fluoride (ion) exposure nor any neurotoxicity outcomes."
3890,NO — this is an in vitro biochemical study on purified bovine brain Gs protein (fluoride used as an activator) rather than an in vivo animal study and it does not report any neurotoxicity outcomes.
3891,"YES — Animal (rabbit) study of fluoroacetamide (a fluorinated analogue) that measured fluoride levels in blood and brain tissues, which may relate to neurotoxicity though explicit neurobehavioral or neuropathological outcomes were not reported."
3892,"NO — Materials-chemistry study on synthesis and electrical conductivity of neodymium-europium oxide-fluoride compounds, with no animal experimentation or any neurotoxicity-related outcome reported."
3893,"NO — This study investigates metabolic inhibitors in Huntington's disease cell and in vivo models, not exposure to fluoride or its analogues, so it does not meet the inclusion criteria."
3894,"NO — This is a medicinal chemistry study of organofluorinated hydrazide compounds reporting psychotropic effects, not an animal study of fluoride (or fluoride-analogue) exposure or neurotoxicity outcomes."
3895,"YES — Animal (squid giant axon) study perfused with fluoride salts (NaF, KF) reporting electrophysiological effects on membrane permeability and long-lasting action potentials, i.e., neuro-related outcomes."
3896,NO — Materials/physics study of PVDF under shock loading (aluminum foam/PVDF dynamics); not an animal study and reports no neurotoxicity outcomes.
3897,NO — This is an in vitro biochemical study of purified brain choline acetyltransferase (showing fluoride inhibits enzyme activity) rather than an animal study reporting neurotoxicity outcomes.
3898,"YES — Animal study in Limulus where fluoride (and analogues) were applied to photoreceptors and neuronal electrophysiological responses (discrete depolarization waves) were measured, meeting the exposure and neuro-related outcome criteria."
3899,"NO — This is an in vitro biochemical characterization of a snake venom serine protease (TLBan) with no fluoride exposure, no reported neurotoxicity outcomes, and no animal exposure study."
3900,"NO — This is an in vitro chemical study describing a fluorescent receptor selective for iodide in solution, with no fluoride exposure, no neurotoxicity outcomes, and no animal experiments."
3901,NO — This is a radiochemical synthesis paper describing F-18/F-19 labeling of a nicotinic receptor ligand and does not report any animal experiments or neurotoxicity outcome measures.
3902,"NO — This is an in vitro study on NCB-20 neurotumor cells using NaF as a biochemical activator to probe GTP-binding proteins and phospholipase C activity, not an animal study nor an investigation of neurotoxic outcomes."
3903,"NO — This is a geochemistry batch-dissolution study of fluoride release from minerals and groundwater behavior, not an animal study and it does not report any neurotoxicity outcomes."
3904,NO — This is a biochemical study purifying rat kidney catechol-O-methyltransferase and does not involve exposure to fluoride (or analogues) nor report neurotoxicity outcomes.
3905,"NO — This is an in vitro biochemical study of tubulin/microtubule phosphate labeling using radiolabeled phosphate/GTP, not an animal study and it does not involve fluoride (or analogues) nor report any neurotoxicity outcomes."
3906,"NO — Animal study measuring plasma fluoride and halothane-induced liver injury (hepatic necrosis), not any neurotoxicity outcomes, so it does not meet the inclusion criteria."
3907,"NO — This is a human epidemiologic study of children (not an animal study), so it does not meet the animal-study inclusion criterion."
3908,"NO — The paper mentions ""fluoride-stimulated"" adenylyl cyclase as an in vitro assay reagent, but it reports effects of chronic ECS on G-protein coupling in rat brain rather than in vivo exposure to fluoride/analogues or any neurotoxicity outcome."
3909,NO — This is a biochemical study of forskolin activation of adenylate cyclase (not fluoride or its analogues) and does not report animal neurotoxicity outcomes.
3910,"NO — Title indicates a chemical/biochemical study on fluorinated precursors of norepinephrines, not an animal study and it does not report neurotoxicity outcomes."
3911,NO — This is a rat liver enzymology study that only notes sodium fluoride's effect on peroxisomal enzyme activity and does not assess any neurotoxicity outcomes.
3912,"NO — While it examines fluoride-stimulated adenylate cyclase in rat liver plasma membranes (an animal-derived biochemical assay), it does not report any neurotoxicity outcomes."
3913,"NO — This is an in vitro enzymology study of halide effects on thermolysin activity (biochemical kinetic/molecular modeling), not an animal study and it does not report neurotoxicity outcomes."
3914,"YES — Animal study (guinea-pig superior cervical ganglion) reporting effects of sodium fluoride (NaF) on neurotransmitter (acetylcholine) release, a neurofunctional outcome relevant to neurotoxicity."
3915,NO — This is an in vitro adhesion study of rat tooth germ cells on biomaterials (including PVDF) and does not report any neurotoxicity outcomes nor constitute an in vivo animal study.
3916,"NO — Although the study tests sensitivity to sodium fluoride, it is an in vitro study on a GH1 cell line (not an animal study) and does not report neurotoxicity outcomes."
3917,NO — this is an animal (rat) study that used 18F-fluoride PET to image bone metastases (exposure to a fluoride tracer) but it does not report any neurotoxicity-related outcomes.
3918,"NO — This is a review of endocannabinoids (anandamide and 2-AG) and does not involve fluoride exposure, fluoride analogues, or animal neurotoxicity outcomes."
3919,YES — Reports mouse in vivo exposure to ethyl n‑octylphosphonyl fluoride (a phosphonyl‑fluoride organophosphate) and measures inhibition of brain/blood NTE/LysoPC hydrolases linked to OP‑induced delayed neuropathy (neurotoxicity).
3920,"NO — Study reports histopathology of the adenohypophysis in experimental fluorosis (an endocrine/pituitary outcome), not a neurotoxicity outcome, so it does not meet the neurotoxicity inclusion criterion."
3921,"NO — Animal study exposes mice to sodium fluoride/aluminum chloride but measures Paneth cell secretory/ultrastructural responses in the intestine, not any neurotoxicity-related outcomes."
3922,"NO — Animal (rabbit) study of sodium fluoride effects on cortical and cancellous bone composition, reporting biochemical bone outcomes (hydroxyproline, minerals) and not any neurotoxicity-related measures."
3923,"NO — Although sodium fluoride was used, this is an in vitro porcine BBB cell model (not an in vivo animal study) and it measures zinc transport rather than a direct neurotoxicity outcome."
3924,"NO — This is an in vitro/biochemical study assaying neuropathy target esterase (from hen brain) for inhibition by various organophosphate/fluoride-containing compounds, not an in vivo animal study reporting neurotoxicity outcomes."
3925,"NO — This is a medicinal chemistry/pharmacology study of fluorinated 2-AG analogues measuring CB1 receptor activity and enzymatic stability in rat cerebellar membranes, not an animal study reporting neurotoxicity outcomes from fluoride exposure."
3926,"YES — Animal study exposing marine gastropod and bivalve to sodium fluoride, calcium fluoride and phosphogypsum that reports accumulation of fluorine in nervous tissue (a neuro-related outcome), though no tissue lesions were observed."
3927,"YES — Animal study exposing chicken embryos to perfluorooctane sulfonate (PFOS, a perfluorinated/fluorinated compound) that reports brain weights and developmental outcomes relevant to neurotoxicity."
3928,"NO — This is an animal study of atracurium and its metabolite laudanosine on rat synaptosomal enzymes; fluoride is only mentioned as an assay inhibitor, not the exposure of interest (no fluoride/analogue exposure)."
3929,"NO — This is an environmental health criteria/overview document on fluoride exposures and environmental effects (a review/monograph), not an original animal study reporting neurotoxicity outcome measures."
3930,"YES — Rat study of fluoride exposure (co-administered with ethanol) reporting neurotoxicity-related outcomes in brain (increased lipid peroxidation, reduced antioxidant enzymes, and cortical histological damage)."
3931,NO — This is an in vitro photoaffinity labeling study on bovine brain membranes using fluorinated arylazido probes (not an in vivo animal study) and does not report animal neurotoxicity outcomes.
3932,"NO — Title indicates a general study of membrane electrical properties with no mention of fluoride exposure, neurotoxicity outcomes, or an animal experimental design."
3933,NO — This is an in vitro biocompatibility study of a fluorinated-coated polyurethane catheter using cell and platelet assays (no animals) and does not report any neurotoxicity outcomes.
3934,"NO — In vitro cell-culture study (NG108-15 and PC12 cells) of neuronal attachment to laminin-derived peptides on fluorinated polymer films, not an animal study and not an investigation of fluoride (or analogue) neurotoxicity."
3935,"NO — This is an animal study of mechanical nerve-root compression measuring ""fluoride-resistant acid phosphatase"" activity, but it does not involve exposure to fluoride or fluoride analogues."
3936,NO — The study examines adenylate cyclase in neuronal and glial fractions from rat and rabbit brain but does not involve exposure to fluoride or its analogues.
3937,"NO — This is an in vitro NMR study of rabbit skeletal muscle F‑actin using a fluorinated label, not an animal exposure study assessing fluoride/analogue exposure or neurotoxicity outcomes."
3938,"NO — Environmental water monitoring study using fluoride as a tracer for human fecal contamination, not an animal study and it does not report any neurotoxicity outcomes."
3939,"NO — This is an engineering/implementation study on using bone char to remove arsenic and fluoride from water, not an animal study and it does not report any neurotoxicity outcomes."
3940,"NO — Although the study uses a fluoride-containing reagent (retinoyl fluoride), it is an in vitro study of cultured chick pineal cells (not an in vivo animal study) and reports photopigment/melatonin effects rather than any outcome measure of neurotoxicity."
3941,"YES — In-vivo rat study of a side-chain monofluorinated amphetamine (an organofluorine exposure) that likely reports neurobehavioral/neurophysiological responses, so it meets the animal + fluoride-analogue + potential neurotoxicity criteria (or is unclear)."
3942,"NO — This is an analytical study measuring levels of two fluorinated benzodiazepines in rats and mice, not an animal study reporting neurotoxicity outcomes from fluoride (or fluoride-analogue) exposure."
3943,NO — This is an enzymology study of 2-arachidonoylglycerol hydrolysis in rat cerebellar membranes (no exposure to fluoride or its analogues and not reporting neurotoxicity outcomes).
3944,"NO — Animal study of sodium fluoride exposure in rats, but outcomes are bone formation/resorption measures (osteoid perimeter, osteoblast/osteoclast counts) with no neurotoxicity-related outcomes reported."
3945,"NO — This is an in vitro enzymatic study on calf brain membranes where fluoride is only mentioned as an inhibitor for enzyme characterization, not as an exposure in an animal study nor reporting any neurotoxicity outcomes."
3946,"YES — Rat neocortex pyramidal neurons were exposed to KF (potassium fluoride) and electrophysiological measures of neuronal firing and ion-channel function were reported, meeting the fluoride-exposure and neurofunctional (neurotoxicity-related) outcome criteria in an animal-derived study."
3947,"NO — This is an animal study of fluoride exposure in rats but reports only bone/histomorphometric and radiodensitometric outcomes (BMD), with no measures of neurotoxicity."
3948,"NO — This is an in vitro/yeast biochemical study of a carboxypeptidase inhibitor (IC) and its binding to CPY (with incidental use of diisopropyl fluorophosphate), not an animal study reporting neurotoxicity from fluoride or its analogues."
3949,YES — Animal (hen) study exposing birds to diisopropyl phosphorofluoridate (a phosphorofluoridate/fluoride-containing compound) and reporting neurotoxic outcomes (peripheral and spinal cord neuropathies).
3950,NO — This is an in vitro enzymatic study reporting fluoride as an inhibitor of phosphoserine phosphatase (not an animal experiment) and it does not report any neurotoxicity outcomes.
3951,"NO — The study examines effects of 6-hydroxydopamine-induced nerve degeneration in rats, not exposure to fluoride or fluoride analogues."
3952,NO — the paper describes purification and enzymatic properties of tartrate-sensitive acid phosphatase from rabbit kidney cortex (mentioning fluoride as an inhibitor) and does not report any neurotoxicity outcomes.
3953,"YES — Sodium fluoride was applied to synaptosomes prepared from rat brain and 45Ca2+ influx (a neuronal calcium signaling outcome relevant to neurotoxicity) was measured, so this is an animal-derived neurophysiological study of fluoride exposure."
3954,NO — This is an animal behavioral study of anandamide and the amidase inhibitor AM374 (cannabinoid metabolism) and does not involve fluoride or fluoride analogues.
3955,NO — Materials/corrosion study of lacquer on metal that only mentions surface fluoride detection; it is not an animal study and reports no neurotoxicity outcomes.
3956,YES — Animal (rat) study reporting cortical neurochemical effects and specifically including sodium fluoride (NaF)-stimulated inositol phosphate production in cortex (NaF is a fluoride) even though NaF was used as an in vitro stimulant.
3957,"NO — This study investigates lipopolysaccharide-induced pulmonary inflammation and anandamide/FAAH activity (with PMSF as an inhibitor), not exposure to fluoride or its analogues nor neurotoxicity outcomes."
3958,"NO — Although this rodent study mentions that TMPase is inhibited in vitro by NaF, fluoride is only used as a biochemical reagent (not as an exposure tested for neurotoxic effects), and no animal neurotoxicity outcomes are reported."
3959,"YES — Animal study in rats administering fluoride (10 and 20 mg/kg/day for 3 months) that reports nervous-system effects (disturbed neuromuscular impulse transmission and neurobehavioral assessment), meeting the exposure and neurotoxicity criteria."
3960,"NO — Animal study of 2-deoxy-2-fluoro-D-glucose metabolism in mice reporting tissue distribution and clearance, but it does not report any neurotoxicity-related outcomes."
3961,NO — This is a molecular cloning/characterization study of a rat carboxylesterase with no fluoride (or analogue) exposure and no neurotoxicity outcomes reported.
3962,"NO — Animal study of fluoride exposure in rats focusing on hypercholesterolemia, lipid and antioxidant measures, with no neurotoxicity-related outcomes reported."
3963,"YES — Reports animal neurotoxicity (rats/mice/houseflies) with measures of acetylcholinesterase inhibition and cholinergic signs and also examines phosphofluorides (FP(O)Cl2, F(Cl)P(O)OH, F2P(O)OH) that may liberate fluoride, meeting exposure (fluorinated analogues), outcome (neurotoxicity), and animal study criteria."
3964,"NO — This is an animal study of nerve reinnervation and expression of fluoride-resistant acid phosphatase (a histochemical marker), not an experiment exposing animals to fluoride or its analogues nor reporting neurotoxic outcomes."
3965,"NO — Sodium fluoride is only used here as a lysosomal-inactivating reagent in rat tissue-slice drug-uptake experiments (and the study focuses on desipramine/chloroquine uptake), and it does not evaluate fluoride exposure or any neurotoxicity outcomes in animals."
3966,"NO — Although aluminium fluoride ions are used, the study examines calcitonin effects on rat osteoclast function (bone resorption/cell motility) and does not report any neurotoxicity outcomes or neurological measures."
3967,NO — this is a biochemical study purifying a porcine VIP-degrading endoprotease and does not involve fluoride (or its analogues) exposure or report neurotoxicity outcomes.
3968,"NO — Animal study of cigarette tar effects on bronchial smooth muscle in rats; sodium fluoride was only used as a pharmacologic tool in contraction assays, and the paper does not investigate fluoride/analogues as the exposure nor report any neurotoxicity outcomes."
3969,NO — Animal study used perfluorocarbon (F-19) to image myocardial inflammation in mice but does not report any neurotoxicity-related outcomes.
3970,"NO — Although this is an animal study of fluoride compounds (stannous fluoride and sodium fluoride) in rats, the outcome measured is hepatic mixed-function oxidase activity (liver enzymes), not any neurotoxicity-related endpoint."
3971,"YES — The study uses sodium fluoride (NaF) as a stimulus in primary cortical astrocyte cultures and reports neurochemical outcomes (inositol phosphate/GPI accumulation), though it is an in vitro/primary cell (animal-derived) study so whether it meets the ""animal study"" criterion is unclear."
3972,"NO — This is a PET imaging study of radiolabeled metaraminol in monkeys examining cardiac norepinephrine uptake, not an exposure to fluoride (or analogues) nor reporting any neurotoxicity outcomes."
3973,YES — Experimental rabbit study exposing retinal tissue to perfluorocarbon liquids (fully fluorinated compounds) with neurotoxicity-relevant outcomes measured (electroretinograms and retinal histopathology).
3974,"NO — This is a polymer chemistry study (copolymerization of CO2 and cyclohexene oxide using a fluorinated reagent), not an animal study, and it does not report any neurotoxicity outcomes or exposure to fluoride/fluoride analogues in a biological context."
3975,"YES. This is an animal study (isolated rabbit intestinal segments) exposing tissues to sodium fluoride and measuring spontaneous movement and true cholinesterase activity, which are neurophysiological/neurotoxicity-relevant outcomes."
3976,"YES — Animal (rat) study reporting neurotoxicity from exposure to sulfuryl fluoride, a fluorine-containing fumigant."
3977,NO — This is an animal study of early life stress and sensitivity to psychostimulants (cocaine/amphetamine) in rhesus monkeys and does not involve exposure to fluoride or its analogues.
3978,"NO — This is a clinical/clinical-review article on cochlear otospongiosis (otosclerosis) and sensorineural deafness, not an animal study nor research on fluoride or its analogues."
3979,"NO — The study examines proteolytic degradation of myelin basic protein using bovine brain extracts and protease inhibitors, with no exposure to fluoride (or analogues) and not an animal experiment of fluoride-related neurotoxicity."
3980,NO — This is an in vitro biochemical purification study using bovine brain tissue (not an in vivo animal exposure) that merely notes NaF as an enzyme activator and does not report animal exposure or neurotoxicity outcomes.
3981,NO — The study examines effects of amphetamine on locomotor activity (likely in animals) and does not involve fluoride or its analogues.
3982,"NO — This is an in vitro analytical use of NaF to precipitate calcium in bovine blood (not an in vivo fluoride exposure), and the paper does not report neurotoxicity outcomes."
3983,"YES — Animal study of acute sodium fluoride poisoning in rabbits measuring metabolic enzymes (enolase, aldolase, succinic dehydrogenase), so it involves fluoride exposure but it is unclear from the title whether any neurotoxicity-specific outcomes were assessed."
3984,"NO — This is an in vitro biochemical study of beryllium/beryllium fluoride effects on tubulin polymerization, not an animal study reporting neurotoxicity outcomes."
3985,"YES — Rat cortical slice (animal tissue) study exposing tissue to NaF (and Al) and measuring phosphoinositide hydrolysis, a neurochemical outcome relevant to neuronal function/toxicity."
3986,"NO — This is an in vitro biochemical study of engineered G protein alpha-subunits using aluminum fluoride as an experimental activator, not an animal study and it does not report any neurotoxicity outcomes."
3987,NO — This is an ultrastructural study of a “fluororesistant” acid phosphatase isoenzyme in rat spinal cord and does not describe exposure to fluoride/analogues nor report fluoride-related neurotoxicity outcomes.
3988,"NO — This is an animal study of angiotensin II effects on noradrenaline release in rat brain slices and does not involve fluoride or fluoride analogues, so it fails the exposure criterion."
3989,"NO — This is a human-focused review on trisomy 21/Down syndrome genetics and treatments, with no fluoride exposure, no neurotoxicity outcomes, and not an animal study."
3990,"YES — Animal study of PFOS (a perfluorinated fluorine-containing compound) in rats reporting effects on neuroendocrine outcomes (hypothalamic CRH expression, pituitary POMC/ACTH, and corticosterone), meeting exposure and neurotoxicity-related outcome criteria."
3991,"YES — describes mono‑, di‑, and trifluoro GABA derivatives (fluorinated analogues) with in vitro and in vivo evaluation of GABA‑transaminase inhibition (neuroactive exposure), though the record does not explicitly state animal subjects or specific neurotoxicity outcomes."
3992,NO — This is a human pharmacokinetic F-19 MRS study of the fluorinated drug niflumic acid (not an animal study) and reports metabolism/elimination rather than any neurotoxicity outcomes.
3993,NO — This is a materials/biophysics study on synthesis/characterization of partially fluorinated lipids for biomaterials and does not report any neurotoxicity outcomes nor involve an animal study.
3994,"NO — This is an animal study of implant surface roughness effects on osseointegration in ovariectomized rats (bone outcomes), not an exposure to fluoride/analogues nor reporting neurotoxicity outcomes."
3995,"YES — This is an animal study (Ceratitis capitata) examining fluoride exposure effects on neural tissue G-proteins and adenylate cyclase activity, which are neurobiologically relevant outcome measures."
3996,NO — In vitro protein-folding study using 6‑fluorotryptophan-labeled proteins (no in vivo animal exposure and no neurotoxicity outcomes reported).
3997,"NO — This is an engineering/tribology study of perfluoropolyalkylether lubricants measuring friction and wear on steel, not an animal study and it reports no neurotoxicity or biological outcomes."
3998,NO — This is a geochemistry study of fluorine in terrestrial and lunar glasses (analytical methods and petrogenesis) and does not involve animal experiments or report any neurotoxicity outcomes.
3999,"YES — Animal study in hens examining exposure to sulfonyl fluorides (e.g., PMSF, n-butanesulfonyl fluoride) and reporting promotion of diisopropyl fluorophosphate-induced neuropathy and NTE inhibition as neurotoxicity outcomes."
4000,"NO — This is a biochemical study identifying a phosphorylated form of calmodulin in chicken tissues; fluoride (sodium fluoride) is mentioned only as a buffer component, and the paper does not examine fluoride exposure or any neurotoxicity outcomes."
4001,"NO — The paper focuses on mechanisms of luteinizing hormone–releasing factor and prolactin release–inhibiting factor (endocrine regulation), not on exposure to fluoride/analogues or animal neurotoxicity outcomes."
4002,"NO — This is an animal study of fluorinated paracetamol analogues reporting analgesic activity in mice, not any neurotoxicity-related outcome."
4003,NO — This is an in vitro biochemical kinetics study of fluoride binding to hemoproteins (not an animal study) and does not report any neurotoxicity outcomes.
4004,"NO — This reports synthesis and spasmolytic pharmacology of fluorine-substituted benzhydrylamides, not an animal study of fluoride/fluoride-analogue exposure or outcomes measuring neurotoxicity."
4005,"NO — this rat neuroanatomical study mentions ""fluoride-resistant acid phosphatase"" as a histochemical marker but does not involve fluoride exposure or report neurotoxicity outcomes."
4006,"YES — Animal inhalation study of sulfuryl fluoride (a fluoride-containing analogue) in rats and rabbits reporting neurotoxic outcomes (cerebral vacuolation, convulsions, hyperactivity) and elevated serum fluoride."
4007,NO — The paper studies activation of cardiac adenylate cyclase by epinephrine and fluoride ions (a cardiac/biochemical focus) and does not report neurotoxicity outcomes nor clearly describe an animal neurotoxicity experiment.
4008,"NO — although this is an animal study that used 18F-sodium fluoride as a radiotracer, it does not report any outcomes related to neurotoxicity."
4009,"NO — This is an in vitro study of aluminium effects on murine neuroblastoma cells (cell culture), not an animal study and it investigates aluminium rather than fluoride or fluoride analogues."
4010,"YES — Rat brain (animal) tissue was used to study TBPS/GABA-A receptor binding, and fluoride is explicitly tested as one of the anions affecting those neuropharmacological binding sites, making it relevant (or at least unclear) to fluoride-related neurotoxicity research."
4011,"NO — The paper studies chronic antidepressant effects in rat brain and only uses fluoride as an in vitro stimulant of adenylyl cyclase, not as an exposure/analogue being tested for neurotoxic outcomes."
4012,"NO — This biochemical study of carboxypeptidase E processing in AtT-20 cells and bovine pituitary granules does not involve fluoride (or analogues), does not report neurotoxicity outcomes, and is an in vitro/tissue study rather than an animal exposure study."
4013,YES — The study examines arsenic and/or fluoride-induced changes in brain biogenic amines and glutathione-linked enzymes (neurotoxicity-related outcomes) and is presented as an experimental (animal) biochemical/spectroscopic investigation.
4014,"YES — Animal study in adult hens reporting neurotoxic outcomes (ataxia, axonal lesions, NTE inhibition) after exposure to diisopropylphosphorofluoridate (DFP), a phosphorofluoridate organophosphorus compound."
4015,"YES — This is an animal (chicken) study reporting neurotoxicity-related outcomes (esterase/NTE inhibition in brain and peripheral nerve) following exposure to organophosphorus compounds and a sulfonyl fluoride (PMSF), a fluoride-containing analogue, so it meets the animal and neurotoxicity criteria (or is unclear but warrants inclusion)."
4016,"YES — Study uses leech (Hirudo medicinalis) segmental ganglia (an animal nervous tissue) and reports effects of fluoride ions on adenylate cyclase activity, a neurophysiological/biochemical endpoint."
4017,"YES — Rat brain study reports fluoride activation of brain membrane adenylate cyclase (a neurochemical/neurotoxicity-related endpoint) in animal tissue, though it is unclear whether fluoride was used as an exposure in vivo or only as an in vitro comparator."
4018,"NO — This rat anatomical/cytochemical study mentions ""fluoride-resistant acid phosphatase"" as an enzyme marker but does not involve exposure to fluoride or its analogues nor assess neurotoxicity outcomes."
4019,"NO — This is a materials science study of PET/PEN polymer blend thermal behavior, not an animal study, does not involve fluoride exposure, nor reports neurotoxicity outcomes."
4020,NO — This animal study investigates fluorescent beta-adrenergic blockers and receptor mapping and does not involve exposure to fluoride or its analogues nor report neurotoxicity outcomes.
4021,"YES — In vivo rat study exposing animals to 2-deoxy-2-fluoro-beta-glycosyl fluorides (fluoride-containing analogues) that crossed the blood–brain barrier and inhibited beta-glycosidase activity in brain, representing a neuro-related outcome."
4022,YES — Animal (rat) study of sodium and lithium fluoride exposures that explicitly reports neurotoxic action of these fluorides (noting dependence on the fluoride ion and cation).
4023,"NO — This is an animal study of pyritinol; fluoride is only mentioned as an in vitro G‑protein activator in biochemical assays, not as the exposure under study for neurotoxic outcomes."
4024,"YES — Animal study in rats exposing offspring to high fluoride (100 mg F/L from NaF, with/without low iodine) and measuring brain neurotoxic outcomes (oxidative stress markers SOD/MDA and reduced learning/memory)."
4025,"NO — The study concerns methotrexate transport at the choroid plexus and does not involve fluoride or its analogues, so it does not meet the exposure criterion."
4026,"YES — Animal (rabbit) study of subretinal exposure to perfluorocarbon liquids (fully fluorinated compounds, e.g., perfluoroctane and perfluorotributylamine) reporting neurotoxicity-relevant outcomes (electroretinograms and retinal histopathology)."
4027,"NO — This is a methods/analytical chemistry paper on glycoprotein oligosaccharide analysis (gel electrophoresis and mass spectrometry) and does not involve fluoride exposure, neurotoxicity outcomes, or an animal study."
4028,"NO — This is a materials/physics study of ferroelectric behavior in poly(vinylidene fluoride), not an animal exposure study and it does not report any neurotoxicity outcomes."
4029,YES — Animal study of sodium fluoride exposure in frogs measuring sciatic nerve/muscle action potentials and fatigue (neurophysiological outcomes relevant to neurotoxicity).
4030,"NO — Although this mouse study includes sodium fluoride exposure, the measured outcome is micronucleus formation in bone marrow (genotoxicity), not any neurotoxicity outcome."
4031,"NO — This is an in vitro study of cholinesterase inhibition in human cortex tissue (not an animal study), so it does not meet the requirement for an animal study of fluoride-related neurotoxicity."
4032,"NO — This is a review/commentary about trace elements (mentions fluoride) and describes an animal model for cadmium, but it does not report an animal study of fluoride exposure nor any neurotoxicity outcomes."
4033,"YES — The study used fluoride to directly activate adenylate cyclase in fusates of rat and monkey frontal cortex membranes (animal-derived tissue) and reports receptor-coupling/cAMP neurophysiological outcomes, though it does not assess overt neurotoxic endpoints."
4034,NO — This is a geological study of hydrothermal mineralization (fluorine in rocks/fluids) and not an animal study nor does it report any neurotoxicity outcomes.
4035,YES — Animal study in mice testing an alpha-fluorinated valproic acid analogue (a fluorinated exposure) with measured brain outcomes (synaptosomal GABA levels and anticonvulsant activity).
4036,"NO — Animal study in dogs measuring hepatic release/metabolism of inorganic fluoride during enflurane anesthesia, but it does not report any neurotoxicity-related outcomes."
4037,"NO — Although the materials contain fluoride (NH4HF2/CaF2) and include animal implantation tests, the reported outcomes are mechanical, bioactivity, biocompatibility, and systemic toxicity/osseointegration, with no measures of neurotoxicity."
4038,"YES — The study used aluminum fluoride to stimulate G-proteins in olfactory neurons from catfish (an animal model) and reports intracellular Ca2+ responses, a neurophysiological outcome relevant to neurotoxicity."
4039,"NO — This is a cell-free biochemical study using fluoride as an activator of adenylate cyclase in turkey erythrocyte lysates, not an in vivo animal exposure study nor does it report any neurotoxicity outcomes."
4040,"YES — Animal study: Fischer-344 rats were orally dosed with HC 27-S (a polymer of chlorotrifluoroethylene, a fluorinated compound), showed increased fluoride excretion and reported neurotoxic signs in female rats."
4041,"NO — This is an in vitro study using C6 glioma cells (cell culture) investigating receptor-mediated phosphoinositide turnover (though it mentions NaF), not an in vivo animal study nor reporting neurotoxicity outcomes."
4042,"NO — The title describes biochemical characterization of a pineal gland phosphoprotein phosphatase and an endogenous activator, with no indication of fluoride (or analogue) exposure, neurotoxicity outcomes, or an animal exposure study."
4043,"YES — Animal (Madagascar cockroach) study reporting that fluoride ion strongly stimulates brain adenylate cyclase activity, a neural biochemical outcome relevant to neurotoxicity."
4044,"YES — Animal study in gerbils where sodium fluoride (NaF) was applied to the tongue and electrophysiological chorda tympani taste responses (a neurophysiological outcome) were measured, meeting the fluoride exposure and neurotoxicity-related outcome criteria."
4045,"NO — This rat study investigates somatostatin's effects on hepatic adenylate cyclase (using sodium fluoride as an activating reagent), not exposure to fluoride/analogues as the studied agent, and it does not report any neurotoxicity outcomes."
4046,"NO — This is a human clinical trial of halazepam (a fluorinated benzodiazepine) assessing anxiolytic efficacy and withdrawal in patients, not an animal study nor reporting neurotoxicity outcomes."
4047,"YES — Animal study in rats examining sodium fluoride exposure (5–50 ppm in drinking water and in vitro) with effects on brain synaptic membrane and RBC acetylcholinesterase activity, a neurotoxicity-related outcome."
4048,"NO — Although the implants have fluorinated surface chemistry and were tested in rabbits, the study reports bone/osseointegration outcomes and does not assess any neurotoxicity measures."
4049,"NO — Although this is an in vivo rat study of a fluorine-18–labeled PET tracer, the outcomes reported are MAO-B binding and biodistribution (not any neurotoxicity measures), so it does not meet the neurotoxicity outcome criterion."
4050,"NO — Although this rat study uses fluoride (as an activator of adenylate cyclase) and is an animal experiment, the outcomes are biochemical measures in brown adipose tissue (adenylate cyclase/Gs protein function) and do not assess any neurotoxicity endpoints."
4051,"NO — Although this is an animal study of fluoride exposure in rats, its outcomes are thyroid/endocrine measures rather than any neurotoxicity or nervous-system–related outcomes."
4052,NO — This is a geochemical/groundwater contamination study of fluoride distribution in wells and rocks (human exposure context) and does not report any animal experiments or neurotoxicity outcomes.
4053,"NO — Although this is an animal (rat) study involving a preparation that contains fluoride ions, the outcomes are bone/osteoporosis measures (alveolar bone loss, bone density, microarchitecture) with no neurotoxicity-related outcomes reported."
4054,"YES — Animal study exposing rats to fluoride with measurement of brain fluoride uptake/elimination by F-19 NMR, so relevant (neurotoxicity outcomes are not explicitly reported in the abstract, making inclusion unclear)."
4055,"NO — This rodent study examines organochlorine insecticides (e.g., chlordecone, toxaphene, aldrin) and their effects on synaptosomal enzymes, and does not involve fluoride or fluoride analogues."
4056,"NO — This animal study examines neuropathy from triphenyl phosphite (a phosphorus triester) in hens, not exposure to fluoride or fluoride analogues, so it does not meet the exposure criterion."
4057,NO — The study investigates Acanthamoeba proteases in vitro/human cell models and does not involve fluoride or its analogues nor report animal neurotoxicity outcomes.
4058,NO — This is a molecular cloning/biochemistry study of low molecular weight DSPs that only notes sodium fluoride as a tested inhibitor in vitro and does not report an animal fluoride exposure or any neurotoxicity outcomes.
4059,"YES — This is an animal study exposing beetles to fluorine-substituted phenols (organofluorine compounds) and reporting behavioral responses (attraction/inhibition), which are neurobehavioral outcomes potentially relevant to neurotoxicity."
4060,"NO — This is a materials/polymer chemistry study synthesizing fluorinated polystyrene block copolymers with measurements of thermal and surface properties, not an animal study and it does not assess neurotoxicity or exposure to fluoride (ionic) or its toxicological analogues."
4061,"NO — This is an in vitro biochemical study (broken cell preparations/cell cultures) using KF as an assay reagent, not an in vivo animal exposure study reporting any neurotoxicity outcomes."
4062,NO — This is an environmental/chemical study of fluoride mineral leaching in seawater and does not involve animal subjects or report any neurotoxicity outcomes.
4063,"NO — This is a human study of fluoxetine concentrations in people (not an animal study), so it does not meet the animal-study inclusion criterion."
4064,"NO — This study investigates NEFL mutations and celastrol effects on neurofilament assembly and neuronal toxicity, with no exposure to fluoride or its analogues and thus does not meet the fluoride-exposure criterion."
4065,"NO — This is an in vitro cerebellar granule cell culture study (not an in vivo animal study), and fluoride appears only as NaF used briefly as a biochemical activator rather than as an exposure examined for neurotoxic outcomes."
4066,"NO — This is a review about huperzine A (an AChE inhibitor) and not a study of fluoride or fluoride analogues, so it does not meet the exposure criterion."
4067,"NO — This is an in vitro cell biology study (mouse L cell line) using protease inhibitors including phenylmethanesulfonyl fluoride (PMSF), not an in vivo animal study, and it does not assess neurotoxicity from fluoride exposure."
4068,"NO — This is a human biomonitoring study of bisphenol A (BPA) urinary excretion in people, not an animal study of fluoride (or analogues) nor reporting neurotoxicity outcomes."
4069,NO — this is an environmental monitoring study of perfluoroalkyl acids in water/sediment/biota and does not report an animal neurotoxicity experiment or any neurotoxicity outcomes.
4070,"NO — The study (on neonatal chick tissues) only tests HMG-CoA reductase enzyme activity and reports an experimental addition of KF, but does not assess any neurotoxicity-related outcomes."
4071,"NO — This animal study examines fluoride exposure effects on molting, feeding, and body fluoride concentrations in Antarctic krill but does not report any neurotoxicity-related outcome measures."
4072,"NO — Study examines sodium fluoride effects in a human osteoblastic osteosarcoma cell line (in vitro) measuring proliferation ([H-3]thymidine uptake), not an animal study nor any neurotoxicity outcome."
4073,"NO — The study examines fluoride effects on LH release from isolated chicken anterior pituitary cells (endocrine outcome), not any neurotoxicity-related outcome."
4074,"NO — This is an animal (dog) study of acute NaF infusion reporting cardiopulmonary and cardiovascular outcomes (pulmonary pressures, gas exchange, ECG) and contains no measures or outcomes related to neurotoxicity."
4075,"YES — Rat brain study exposing tissue to fluoride and measuring arachidonic acid release/phospholipase A2 activation, a neuronal biochemical outcome relevant to neurotoxicity."
4076,"NO — This is a clinical review about autoimmunity and pregnancy in rheumatic diseases (human patients), mentioning fluorinated corticosteroids but not fluoride exposure or neurotoxicity outcomes, and it is not an animal study."
4077,"YES — The study exposes rat brain preparations to NaF (fluoride) and reports effects on adenyl cyclase/cyclic AMP in brain tissue, a neurochemical outcome from animal-derived material relevant to neurotoxicity."
4078,"YES — Pregnant rats were exposed in utero to methanesulfonyl fluoride (a sulfonyl fluoride compound), and offspring were assessed for sleep/REM architecture (a neurobehavioral/neurophysiological outcome) in an animal study."
4079,"YES — Animal study exposing frog rectus abdominis muscle to sodium fluoride and reporting effects on muscle contraction, a neuromuscular/neurophysiological outcome relevant to neurotoxicity."
4080,NO — This rat study measures carboxypeptidase H activity and inhibition by PMSF but does not involve exposure to fluoride (or a fluoride neurotoxicant) and thus does not meet the fluoride/analogue exposure criterion.
4081,"NO — This is a chemical synthesis/catalysis study of nickel and palladium complexes containing fluorine substituents, not an animal study and it does not report any neurotoxicity outcomes or biological exposure to fluoride."
4082,"YES — The paper examines biochemical lesions caused by an organofluorine pesticide (n‑methyl‑n‑(1‑naphthyl)monofluoroacetamide), making it a study of a fluoride analogue likely relevant to animal toxicology and neurotoxicity (though the record does not specify the model or exact outcomes)."
4083,"NO — This is a materials/methods paper on Raman monitoring of polymer orientation (including PVDF) and does not involve animal experiments, fluoride exposure assessment, or any neurotoxicity outcomes."
4084,"NO — This is a general electrophysiological study of calcium channels and other cations (Ba, Sr, Mg, Co, Ni, Mn, Cd) with no mention of fluoride or its analogues, nor reporting animal neurotoxicity outcomes."
4085,"NO — This animal study examines synthesis, receptor binding, analgesic effects and PET biodistribution of fluorinated fentanyl derivatives, not exposure to fluoride (or its analogues) with any neurotoxicity outcomes."
4086,"NO — Although this is an animal (rat) study of a fluorine-containing compound (ClF3), it reports respiratory, ocular and systemic toxicity without any neurotoxicity-related outcome measures."
4087,YES — The study examines the effect of internal fluoride on membrane currents in nerve cells (a neurophysiological outcome relevant to neurotoxicity) and likely uses animal/ex vivo neuronal preparations.
4088,"NO — Although this is an animal (rat) study that used fluoride, the outcomes measured are cardiac PLD/PI-PLC activity and related cardiac effects, not any neurotoxicity endpoints."
4089,NO — This is a review of nutritional aspects of fish (human epidemiology and clinical/animal studies on fish oils) that only mentions fluoride as a nutrient and does not report an animal study of fluoride exposure or any neurotoxicity outcomes.
4090,NO — This is an in vitro biochemical/enzymology study of protein ligand reduction (mentions fluoride adducts) and does not involve animals or report any neurotoxicity outcomes.
4091,"NO — Although this is an animal (rat) brain study, ""fluoride"" here refers to fluoride-stimulated adenylate cyclase as an in vitro assay reagent, not an exposure to fluoride/analogue investigated for neurotoxic effects."
4092,YES — Title indicates experimental acute and chronic poisoning with organo-fluoride compounds (an organofluorine exposure) likely involving animal experiments; neurotoxic outcomes are not explicit but cannot be ruled out.
4093,"YES — Animal (mouse) study of sodium fluoride exposure reporting neurotoxic outcomes (impaired learning on Y‑maze and hippocampal synaptic ultrastructural damage), with selenium co‑treatment examined."
4094,"YES — study uses rat cerebral cortical synaptoneurosomes and reports effects of aluminum fluoride (a fluoride analogue) on phosphoinositide signaling in brain tissue, an animal neurochemical outcome."
4095,"NO — the record involves NaF treatment but is an in vitro study on AtT-20 pituitary tumor cells (measuring ATP and glucocorticoid receptor binding), not an animal study and it does not report neurotoxicity outcomes."
4096,"YES — Rat brain slice (animal) study that exposed tissue to NaF (sodium fluoride) and measured neurophysiological outcome (K+-induced [3H]noradrenaline release), so it meets exposure and neurotoxicity-related outcome criteria."
4097,"NO — This study concerns leech feeding mechanics and histoenzymatic/colorimetric analyses, not an animal study of fluoride (or analogue) exposure or neurotoxicity outcomes."
4098,"NO — The record is a theoretical geochemistry study of mineral exchange in pegmatites (no animal experiments, no neurotoxicity outcomes, and fluoride is only mentioned speculatively as a complexing agent)."
4099,"NO — This is a review of chlorpyrifos (an organophosphorus insecticide), not fluoride or a fluoride analogue, so it does not meet the exposure criterion."
4100,"NO — This is a basic neuroanatomy paper (rodent C-fibre subtypes, using “fluoride-resistant acid phosphatase” as a histochemical marker), not an animal study of fluoride or fluoride-analogue exposure or neurotoxicity outcomes."
4101,"NO — Although an ""argon fluoride"" excimer laser is used, the study measures mechanical stress waves during corneal photoablation (not chemical fluoride/analogue exposure) and reports pressure outcomes in eyes rather than any neurotoxicity endpoints."
4102,"NO — measures perfluoroalkyl contaminants (PFOS, PFCAs, FOSA) in a Lake Ontario food web (wild-caught animals) but does not report any neurotoxicity outcomes nor an experimental animal neurotoxicity study."
4103,"NO — This study investigates tau phosphorylation in human, primate, and rat brain tissue and does not involve exposure to fluoride or its analogues, so it does not meet the exposure criterion."
4104,"NO — Animal study measuring fluoride accumulation in mandible and teeth of wild red deer, but it reports only bone/tooth fluoride levels (no neurotoxicity or neurobehavioral outcomes)."
4105,"YES — The study is an animal (rat) brain study reporting effects of NaF (sodium fluoride) on phosphoinositide phosphodiesterase activity in cortical membranes, a neurobiochemical outcome relevant to neurotoxicity."
4106,"NO — This is a forensic methods paper on detecting neurofilament proteins to identify brain tissue, not an animal study of fluoride (or analogue) exposure or neurotoxicity."
4107,"NO — the record describes environmental/vegetation and animal effects of fluoride (gastrointestinal, skeletal, reproductive, bone accumulation) but does not report any neurotoxicity outcomes nor present an animal neurostudy."
4108,"NO — This is a human observational study of children exposed to fluoride (and other contaminants) with neurobehavioral outcomes, not an animal study."
4109,"NO — This is a materials/photochemistry study of fluorinated fiber-optic tips and singlet oxygen generation (with in vitro/ ex vivo tissue tests), not an animal study and it does not report any neurotoxicity outcomes."
4110,"YES — Animal study in chickens examining phenylmethylsulfonyl fluoride (a sulfonyl fluoride) and organophosphorus compounds with measured delayed neurotoxicity outcomes, so relevant (or at least unclear) to “fluoride/analogues” exposure."
4111,"NO — this is an anoxia/PKA study in turtles that only notes in vitro inhibition by fluoride salts, not an animal exposure study of fluoride nor any neurotoxicity outcomes."
4112,NO — This is a high-temperature geochemical experiment on CePO4/YPO4 solubilities in NaF-bearing fluids (not an animal study) and does not report any neurotoxicity or biological outcomes.
4113,"NO — the study examines human pituitary growth hormone effects on rabbit fat cells (lipolysis), not exposure to fluoride/analogues nor neurotoxicity outcomes."
4114,"NO — This is an animal study of chronic lithium exposure in rats focusing on phosphoinositide/PKC signaling, not fluoride or fluoride analogues, so it does not meet the exposure criterion."
4115,"NO — This is a SIMS methodology paper (quantifying halogens including F-19) applied to bromine in rat hepatocytes and calcium in Paramecium, not an animal study of fluoride exposure and it reports no neurotoxicity outcomes."
4116,"NO — Although one surface treatment used sodium fluoride, the study is an in vitro mouse osteoblastic cell culture assessing bone cell proliferation/differentiation (not neurotoxicity) and is not an in vivo animal neurotoxicity study."
4117,"NO — This is an engineering study using polyvinylidene fluoride (PVDF) as a sensor material in a soft robot, not an animal study, and it does not examine fluoride exposure or any neurotoxicity outcomes."
4118,YES — Animal study of sodium fluoride exposure reporting dose- and time-dependent fluoride accumulation in brain tissue (though it measures tissue fluoride levels rather than explicit neurobehavioral or histopathological neurotoxicity endpoints).
4119,"NO — This is a chemical synthesis/catalysis study of titanium complexes (including fluorinated ligands) and ethylene polymerization, not an animal study of fluoride exposure or neurotoxic outcomes."
4120,"NO — This is an animal study of intermittent parathyroid hormone (PTH) treatment in ovariectomized rats measuring bone morphology and strength, not exposure to fluoride (or analogues) nor any neurotoxicity outcomes."
4121,"NO — Animal study of fluoride–aluminum interactions measuring digestion/plasma absorption in rats/mice, but it reports absorption levels rather than any neurotoxicity-related outcomes."
4122,"YES — Animal study in rats with chronic sodium fluoride (NaF) exposure reporting neurotoxic outcomes (spinal cord white matter injury, behavioral/functional tests, and decreased MBP expression)."
4123,"NO — This is an animal study of an ophthalmic 1220 nm ""cool"" laser (with a lasing medium noted as yttrium lithium fluoride), not an exposure to fluoride/fluoride analogues nor reporting any neurotoxicity outcomes."
4124,"NO — This paper appears to address chemical hydrolysis of the anesthetic etomidate, not an animal study of fluoride (or analogue) exposure or neurotoxicity outcomes."
4125,NO — the study examines cAMP and adenyl cyclase in developing rat brain but does not involve exposure to fluoride or fluoride analogues.
4126,NO — This is a clinical review of treatments for osteoporosis in elderly humans that only mentions fluoride as a bone therapy and does not report any animal study or neurotoxicity outcomes.
4127,"NO — This paper addresses corticosteroid-induced myopathy (including fluorinated steroids) in humans and animal models, not exposure to fluoride/fluoride analogues nor neurotoxicity outcomes."
4128,"YES — In vitro animal nerve preparation: axons were perfused with NaF/KF and electrophysiological measures of sodium conductance and gating kinetics (neuronal functional endpoints) were reported, meeting fluoride exposure and neurotoxicity-related outcome criteria."
4129,NO — This is an animal study of G-protein/rhodopsin signaling in Limulus photoreceptors but does not involve exposure to fluoride or its analogues nor report neurotoxicity outcomes.
4130,"YES — The title reports fluoride exposure affecting microtubule assembly (a neurorelevant outcome), but it does not indicate whether the work is an animal study or in vitro, so relevance is unclear."
4131,YES — Animal studies of fluorinated inhalational anesthetics (halothane/enflurane/isoflurane) are described that report subtle brain pathology (neurotoxic outcome) and discuss peak serum fluoride concentrations from biotransformation.
4132,"NO — This study reports synthesis and antisense activity of a fluorinated nucleic acid (F-CeNA) and includes an animal efficacy experiment, but it does not assess fluoride (or analogue) exposure effects on neurotoxicity."
4133,"NO — This is a biochemical study of NaF effects on adenylate cyclase in rat liver/turkey erythrocyte membranes and cell lines, not an in vivo animal study reporting any neurotoxicity-related outcomes."
4134,"NO — This is an in vitro/structural medicinal chemistry study of COMT bisubstrate inhibitors (adenine replacements) with no fluoride exposure, no neurotoxicity outcomes reported, and not an animal study."
4135,"NO — This is an anatomical tracing study in rats using ""fluoride-resistant acid phosphatase"" as a histochemical method, not an exposure to fluoride or its analogues, and it does not report neurotoxicity outcomes."
4136,"NO — Animal study with fluoride exposure (SBM + F) but reports only bone biomechanical outcomes in osteoporotic sheep, with no measures or outcomes related to neurotoxicity."
4137,NO — This is a review/discussion of organic fluorides in psychiatry and does not report an animal study examining neurotoxic outcomes.
4138,"YES — Rat study reporting neuro-related enzyme measures (acetylcholinesterase and ""fluoride-resistant"" acid phosphatase) in dorsal root ganglia, but it is unclear whether fluoride exposure was administered or the term only refers to the enzyme property."
4139,"NO — this is an in vitro study of mouse osteoblastic MC3T3-E1 cells exposed to F‑doped TiO2 surfaces assessing osteogenic outcomes, not an animal study and it does not measure neurotoxicity."
4140,YES — Animal (rat) study of sodium fluoride administered intracerebroventricularly (fluoride exposure); outcome reports central/pressor effects so neurotoxicity relevance is unclear from the title alone.
4141,NO — This is a chemical synthesis/characterization paper of fluoro-analogues of MDMA that discusses neurotoxicity hypotheses but reports no animal experiments or neurotoxicity outcome measures.
4142,YES — Mouse study of the fluorinated anesthetic methoxyflurane that measured serum inorganic fluoride and an acid‑labile fluorometabolite and assessed loss of righting reflex (a neurobehavioral/neurotoxicity outcome).
4143,"YES — This is an animal study of monofluorinated (organofluorine) amphetamine analogs applied to rat striatum that measures neurochemical outcomes (dopamine and 5-HT release), meeting exposure (fluorinated analogues) and neurotoxicity-related outcome criteria."
4144,"NO — Although fluoride exposure was tested in bone samples from animals, the study measures stress-generated potentials/zeta potential and bone remodeling, not any neurotoxicity outcomes."
4145,"NO — Animal study of retinal drug sensitivity in rats, but title/record gives no indication the exposure was fluoride or a fluoride analogue."
4146,"YES — The study examines fluorinated analogues (4‑fluoroglutamine/4‑fluoroglutamate) using rat and sheep tissue preparations and reports inhibition of sheep brain glutamine synthetase, a neurorelevant enzyme, so it is relevant/unclear for animal neurotoxicity screening."
4147,"NO — This paper studies phenolic anandamide derivatives binding to brain cannabinoid receptors (in vitro membrane binding), not exposure to fluoride/analogues, nor reporting animal neurotoxicity outcomes."
4148,"YES — The study examines phenylmethylsulfonyl fluoride (a sulfonyl‑fluoride compound) effects on acetylcholinesterase activity (a neurotoxicity‑relevant outcome), though the record does not specify whether it is an animal study."
4149,YES — Animal (boll weevil) study exposing insects to fluorinated (α- and acyl-fluorinated) analogs and reporting behavioral and neurosensory outcomes including electroantennograms and single-neuron responses.
4150,NO — This is an animal study of ischemic brain injury and glutamate-mediated phosphoinositide signaling in rat hippocampus but does not involve exposure to fluoride or its analogues.
4151,"YES — Animal study in rats testing AM374 (palmitoylsulfonyl fluoride, a sulfonyl-fluoride-containing compound) that reports neurotoxicity-related outcomes (seizure scores, hippocampal neuronal loss and synaptic marker changes)."
4152,YES — Reports effects of sodium fluoride (NaF) on synaptosomal ATP diphosphohydrolase activity (a neurophysiological/neurotoxicity endpoint) in rat cortex synaptosomes (animal-derived tissue).
4153,NO — This rat study examined mitochondrial acid phosphatase after X‑ray irradiation; sodium fluoride was only used in tissue incubations to block the histochemical reaction (not as an in vivo fluoride exposure or neurotoxicant).
4154,"NO — This is an in vitro study on Chinese hamster ovary cells examining the effect of phenylmethylsulfonyl fluoride on centrosomal microtubule nucleation, not an animal study nor an assessment of neurotoxicity from fluoride exposure."
4155,"YES — in vivo (animal) study of brain acetylcholinesterase dephosphorylation following exposure to isopropyl methylphosphonofluoridate (sarin), an organophosphorus compound containing fluorine, reporting a neurotoxicity-relevant outcome."
4156,NO — This is a chemical methods paper on methanolysis of cerebrosides using boron trifluoride–methanol and does not report animal experiments or neurotoxicity outcomes.
4157,NO — This is a materials/biomaterials study producing fluorapatite from cod fish bones (using NaF) and does not report an animal exposure experiment or any neurotoxicity outcome measures.
4158,"YES — Animal (rat) study of sodium fluoride exposure reporting neurotoxicity outcomes (impaired learning/memory, neuronal degeneration, reduced brain glucose utilization and altered neuro-related protein expression)."
4159,"YES — Animal (Manduca sexta) study reporting that sodium fluoride inhibits phosphoprotein phosphatase activity in the central nervous system, a neurobiologically relevant outcome."
4160,"YES — Animal study in pregnant Wistar rats reporting maternal fluoride exposure (50 and 150 ppm) that caused oxidative stress and altered neuronal integrity in the developing central nervous system of offspring, i.e., neurotoxicity outcomes."
4161,"NO — This is a review of fluoroquinolone pharmacology (fluorinated antibiotics) for veterinary use, not an original animal study of fluoride (or analogue) exposure reporting neurotoxicity outcomes."
4162,"NO — This is a human case-control study reporting fluoride exposure associated with Parkinson’s disease (a neuro outcome), but it is not an animal study as required."
4163,"YES — This study reports neurotoxic outcomes (changes in synaptic transmission, calcium currents, and neurite growth) following exposure to perfluorinated compounds in cultured rat hippocampal neurons (an animal-derived experimental model)."
4164,"YES — Animal (rat) study of dietary fluoride that measures feeding pattern/food intake, a behavioral outcome relevant to neurotoxicity."
4165,"NO — Although this is an animal (rat) study of sodium fluoride exposure, it reports reproductive outcomes (hormones, ovarian/uterine morphology, fertility) and does not measure or report any neurotoxicity-related outcomes."
4166,NO — This is a rat pharmacokinetic/stability study that only uses sodium fluoride as a preservative for sample processing and does not investigate fluoride (or analogue) exposure effects or any neurotoxicity outcomes.
4167,"NO — This rat study examines aging-related changes in pituitary adenylate cyclase and uses NaF only as an in vitro assay stimulant, not as a fluoride exposure or an assessment of fluoride-related neurotoxicity."
4168,"NO — Animal study of nerve compression and recovery using 31P/19F MRS, but it does not involve exposure to fluoride or its analogues."
4169,NO — the paper reports enzymatic inhibition of mammalian acetylcholinesterase by phenylmethanesulfonyl fluoride (a sulfonyl fluoride) and appears to be an in vitro biochemical study rather than an in vivo animal neurotoxicity study.
4170,"NO — This is an in vitro study using MC3T3-E1 and HT22 cell lines (osteoblast-like and hippocampal cells), not an animal study, so it fails the animal-study inclusion criterion."
4171,"NO — this is a biochemical characterization of a frog liver enzyme that only notes fluoride resistance, not an animal study of fluoride exposure nor any neurotoxicity outcomes."
4172,"YES — Insect (Periplaneta americana) neuronal study testing fluoropicrotoxinin (a fluorinated picrotoxinin analogue) on GABA-gated chloride channels, reporting neurophysiological (neurotoxic) effects."
4173,"NO — although this is an animal (rat) enzymology study that notes inhibition by sodium fluoride, it does not report any neurotoxicity-related outcome measures."
4174,"NO — Although the study uses an MgF2 (fluoride) interlayer and includes an in vivo rabbit implant model, the outcomes measured are corrosion resistance and bone/implant biocompatibility, not any neurotoxicity-related endpoints."
4175,"NO — This is an animal study of perfluorocarbon liquids assessing corneal/ocular toxicity in rabbits, not any neurotoxicity outcomes."
4176,"NO — The study examines phenothiazine metabolites' inhibition of adenylate cyclase in rodent brain fractions; fluoride is only mentioned as an activator in the assay, not as the exposure of interest (no fluoride/analogue exposure or neurotoxicity outcome studied)."
4177,"NO — This neonatal rat study examines nerve injury and FRAP (fluoride-resistant acid phosphatase) terminal plasticity without any experimental exposure to fluoride or its analogues, so it does not meet the fluoride-exposure inclusion criterion."
4178,"YES — animal study assessing microscopic/electron-microscopic damage to rat cortex and nerve after irradiation with excimer lasers named for fluoride gases (argon fluoride, krypton fluoride, xenon fluoride), though it is unclear whether this represents chemical fluoride exposure rather than laser-photon effects."
4179,"YES — Study exposes chick brain (animal) microsomes to fluoride (NaF) and measures neurochemical outcomes (adenylate cyclase activity and membrane turbidity), meeting exposure, outcome, and animal-study criteria."
4180,"NO — This is a human Phase I clinical trial of an anthracycline (DA-125) in cancer patients, not an animal study, and it does not involve fluoride/analog exposure or report neurotoxicity outcomes."
4181,"NO — This is an animal biomonitoring study of metals (Zn, Cu, Mn, Cr) in wood mice and does not involve exposure to fluoride or report neurotoxicity outcomes."
4182,"NO — This is an in vitro study using rat PC12 cells (a cell line) exposed to sodium fluoride, not an in vivo animal study, so it does not meet the required animal-study inclusion criterion."
4183,"NO — This is a chemistry review of pentafluorobenzenethiolate coordination compounds and does not report an animal study, fluoride (ionic) exposure, or any neurotoxicity outcomes."
4184,"NO — This is a human plasma assay study measuring anandamide by HPLC, not an animal study and it does not involve fluoride or neurotoxicity outcomes."
4185,NO — This is an animal study of THC's discriminative stimulus effects in mice and does not involve exposure to fluoride or its analogues nor report neurotoxicity outcomes.
4186,NO — This rat study examines F-19 NMR spectra of trifluoperazine metabolites (a fluorinated drug) in brain tissue but does not report any neurotoxicity-related outcome measures.
4187,"NO — Animal study of methoxyflurane measuring fluoride and fluorometabolites and discussing nephrotoxicity, but it does not report any neurotoxicity-related outcome measures."
4188,YES — Animal study of sodium fluoride (NaF) intracarotid injections reporting convulsions/seizures (neurotoxic outcome) and retinal degeneration following exposure.
4189,NO — Geological study of F-bearing granites and hydrothermal deposits with no animal experiments or neurotoxicity outcomes reported.
4190,"NO — This is an animal study of lurasidone and fluoxetine effects on NMDA receptor proteins in mice, not an exposure to fluoride or fluoride analogues."
4191,"NO — this is an in vitro macrophage/biofilm study on PEG and other biomaterials (no fluoride exposure reported), with no neurotoxicity outcomes and not an animal study."
4192,NO — This is a materials-chemistry paper on synthesising fluorinated polymers for fuel-cell membranes and does not involve animal experiments or report any neurotoxicity outcomes.
4193,"YES — Animal study exposing Eisenia fetida to sodium fluoride and reporting behavioral (avoidance) and lethality outcomes, with avoidance behavior representing a neurobehavioral endpoint relevant to neurotoxicity."
4194,"NO — The study examines diacylglycerol and phosphoinositide signaling in rabbit nerves with no mention of fluoride or fluoride analogues as an exposure, so it does not meet the exposure criterion."
4195,"NO — This is a chemical synthesis and in vitro bioactivity study of fluorinated thyroliberin tested in GH3 pituitary cell lines, not an animal study and it does not report neurotoxicity outcomes."
4196,"NO — Animal study of a fluorinated chemotherapy (gemcitabine) measuring tumor pharmacokinetics and growth inhibition, with no outcomes related to neurotoxicity reported."
4197,"NO — Study examines adrenal adenylate cyclase responsiveness to ACTH and sodium fluoride (a biochemical/endocrine assay), not neurotoxicity outcomes, so it does not meet the neurotoxicity inclusion criterion."
4198,NO — This is a biochemical characterization of salmon enolases (not an in vivo neurotoxicity study); fluoride is only mentioned as an in vitro enzyme inhibitor rather than an animal study reporting neurotoxic outcomes.
4199,NO — Human clinical trial of potassium nitrate/NaF mouthwash measuring dentine sensitivity (not neurotoxic outcomes) and not an animal study.
4200,NO — This is a biochemical study purifying alpha-actinin from chicken brain and does not involve exposure to fluoride/analogues or report any neurotoxicity outcomes.
4201,"NO — This is a 1972 methods/chemistry paper describing a fluorinated reagent for Edman degradation and peptide analysis, not an animal study and it does not report any neurotoxicity outcomes."
4202,"NO — this is a molecular/biochemical study of the AGS3 protein and G-protein interactions (with some tissue expression data) and does not involve fluoride or its analogues, animal experiments, or neurotoxicity outcomes."
4203,"YES — Animal study in immature and adult rats reporting effects of NaF (and fluoroaluminate, AlF4-) on synaptoneurosomal phosphoinositide hydrolysis ([3H]inositol phosphates), a neurophysiological outcome relevant to neurotoxicity."
4204,"YES — Title indicates fluorinated phenethylamine compounds (fluoride-containing analogues), but the record gives no information whether it includes animal experiments or neurotoxicity outcomes, so relevance is unclear."
4205,"NO — Title indicates a biochemical study on crosslinking agents and adenylate cyclase regulation, with no indication of fluoride exposure, neurotoxicity outcomes, or an animal study."
4206,"YES — Rat study reporting fluoride-stimulated adenylate cyclase activity in cerebral cortex (a neurochemical outcome), although fluoride appears to be used as an assay activator rather than as an in vivo exposure."
4207,NO — This is an animal study of Gq protein forms in cephalopod retina with no exposure to fluoride or its analogues and no neurotoxicity outcomes reported.
4208,NO — This study investigates effects of catecholamines and hypothalamic hormones on pituitary adenylyl cyclase in the teleost Carassius auratus and does not involve fluoride exposure or neurotoxicity outcomes.
4209,"NO — Study examines morphine effects in primate brain (not fluoride or its analogues), so it does not meet the exposure criterion."
4210,"YES — Animal (rat) study of pinacolyl methylphosphonofluoridate (soman), a fluorinated organophosphate, but it reports cardiovascular effects rather than clearly neurotoxic outcomes so relevance to fluoride-specific neurotoxicity is unclear."
4211,"NO — This is a review/discussion of human epidemiology and hypotheses about aluminum and fluoride in Alzheimer's disease, not an animal study reporting neurotoxicity outcomes."
4212,"YES — fluoride was tested (among other anions) for effects on GHB binding in rat synaptosomal membranes, an animal-derived preparation reporting outcomes on chloride-channel–coupled GHB/GABA receptor function relevant to neurotoxicity."
4213,"YES — Rat study of a fluorinated tricyclic neuroleptic (isofloxythepin) reporting effects on striatal dopamine metabolism, i.e., an animal neurochemical outcome following exposure to a fluorinated compound."
4214,"YES — Animal study (guinea-pig tracheal muscle) examining effects of diisopropylphosphodiamidic fluoride (mipafox), an organophosphate fluoride analogue, on cholinergic neurotransmission/contractile responses (neurophysiological outcome)."
4215,NO — the record studies sodium fluoride effects on iodine metabolism in thyroid slices (an endocrine/in vitro/ex vivo assay) and does not report any neurotoxicity outcomes or an in vivo animal neurotoxicity study.
4216,"NO — Animal study of fluoride exposure in rabbits measuring bone strength and acoustic properties, with no outcomes related to neurotoxicity."
4217,"YES — The paper describes A‑ring fluorinated analogues of moxifetin (fluoride-containing compounds), reports brain 5‑HT reuptake activity and notes some compounds were identified as metabolites in animals, so it involves fluoride analogues and animal neuropharmacological data (neurotoxicity outcomes not explicitly stated)."
4218,"NO — This study examines serine protease activity in Sarcocystis neurona merozoites in vitro (BT cell cultures) and does not involve fluoride exposure, neurotoxicity outcomes, or an animal study."
4219,"NO — This is a synthetic/structural chemistry paper on a monofluorinated disaccharide with NMR and computational conformational analysis, not an animal study and it does not report any neurotoxicity outcomes."
4220,"NO — This is an in vitro biochemical characterization of synaptic vesicle ATPases (using fluoride as an inhibitor) from isolated electric organ tissue, not an in vivo animal study assessing fluoride exposure-related neurotoxicity outcomes."
4221,"NO — This is a PET study in 18 healthy human volunteers treated with fleroxacin (a fluorinated quinolone), not an animal study as required for inclusion."
4222,"NO — Although fluoride was used to stimulate adenylate cyclase in vitro, this is an animal cardiac transplantation study measuring cardiac beta-adrenergic receptors and enzyme activity, not an animal study of fluoride exposure with neurotoxicity outcomes."
4223,"NO — Animal study characterizing dopamine-sensitive adenylate cyclase in rat caudate nucleus, but does not involve exposure to fluoride or its analogues nor report fluoride-related neurotoxicity outcomes."
4224,"NO — This paper reports chemical synthesis and in vitro NMDA receptor binding of fluorinated dioxadrol analogues, not an animal study and it does not report neurotoxicity outcomes."
4225,"YES — Animal (rat) two‑generation study of potassium perfluorobutanesulfonate (a perfluorinated/fluorine-containing compound), but the report focuses on reproductive and developmental outcomes with no explicit neurotoxicity measures, so relevance as a ""fluoride analogue"" and inclusion for neurotoxicity is unclear."
4226,"YES — This in vitro study used rat hippocampal slices and intracellular loading of fluoride ions (exposure to fluoride) and measured neurophysiological outcomes (seizure-like afterdischarge propagation), meeting the animal + neurotoxicity-related exposure criteria."
4227,"NO — Animal study of sodium fluoride reporting renal (kidney) toxicity and amelioration by ascorbic acid, with no neurotoxicity outcomes or measures reported."
4228,NO — This is a pharmacological study using phenylmethylsulphonyl fluoride as an amidase inhibitor to modulate anandamide responses in isolated guinea-pig and mouse tissues and does not examine fluoride exposure or animal neurotoxicity outcomes.
4229,NO — This record is a review of age-related sensitivity to neurotoxicants (notably organophosphates and esterase inhibitors) and does not report animal studies of fluoride or fluoride analogues causing neurotoxicity.
4230,"NO — This is an in vitro/ex vivo study of aluminum binding to isolated fish gill cells (including Al+F treatments) measuring surface complexation/electrophoretic mobility, not an animal neurotoxicity outcome."
4231,"NO — This is a rat pituitary hormone study of thymulin and GH release (with NaF used merely as a cAMP-enhancing reagent), not an animal study of fluoride/flouride-analogue exposure or any neurotoxicity outcome."
4232,"NO — This is an in vitro biochemical study characterizing a snake venom fibrinogen-clotting enzyme and does not involve fluoride exposure, neurotoxicity outcomes, or an animal exposure study."
4233,NO — This is a human cardiac imaging review (discussing PET/MRS/SPET and tracers like 18F-FDG) and not an animal study nor a study of fluoride/analog exposure producing neurotoxicity.
4234,"NO — This is an in vitro electrophysiology study on a rodent neuroblastoma x glioma cell line (not an in vivo animal study); although potassium fluoride was used experimentally, the paper is a cell-based mechanistic study of ionic currents rather than an animal neurotoxicity study."
4235,YES — Animal (rat) study of sodium fluoride exposure reporting neurotoxic outcomes (behavioral deficits) and brain/plasma fluoride levels.
4236,"NO — Studies effects of sodium fluoride on thyroid slice metabolism (an endocrine/tissue metabolism endpoint, likely ex vivo) and does not report neurotoxicity outcomes or an in vivo animal neurotoxicology study."
4237,"NO — This is a biochemical purification/characterization study of a rat liver cholesteryl ester hydrolase, not an animal exposure study of fluoride or its analogues and it does not report any neurotoxicity outcomes."
4238,NO — This is an animal biodistribution study comparing fluorinated vs tritiated paclitaxel in mice and does not examine exposure to fluoride/fluoride analogues per se nor report any neurotoxicity outcomes.
4239,"NO — this is an in vitro proteolysis study of N-Oct proteins that uses AEBSF (a sulfonyl fluoride-containing protease inhibitor) as a reagent, is not an animal study, and reports no neurotoxicity outcomes or fluoride exposure relevant to your criteria."
4240,NO — The study investigates Na+-Ca2+ exchanger mechanisms and oxidative stress in transfected CHO cells (in vitro) and does not involve fluoride or its analogues nor report data from an animal study.
4241,"NO — Animal study measuring elemental distributions (including fluorine) in fish otoliths and scales, but it does not assess fluoride exposure effects or any neurotoxicity outcomes."
4242,"NO — This is an in vitro biochemical study using cycle‑purified brain microtubule proteins (not an in vivo animal study), so it does not meet the requirement for an animal study reporting neurotoxicity outcomes despite using fluoride."
4243,NO — The study examines sodium fluoride effects in vitro (not an animal study) and reports thyroid secretion outcomes rather than direct neurotoxicity measures.
4244,"NO — This article concerns the anticancer agent aplidine (plitidepsin) and reports human clinical neuromuscular toxicity, not exposure to fluoride/analogues and not an animal study."
4245,"YES — the record describes fluorine-containing compounds and their central nervous system activities, but the title does not specify whether tests were performed in animals or report neurotoxicity endpoints, so relevance is unclear."
4246,"NO — This insect behavioral/electrophysiology study concerns plant secondary metabolites (glucosinolates and a CIF compound) and oviposition/chemosensory responses in cabbage root fly, not exposure to fluoride/fluoride analogues nor measures of neurotoxicity."
4247,"NO — Although this animal study involves exposure to a fluoride compound (UF4) and reports rat biokinetics/absorption, it examines solubility and dosimetry (excretion, lung retention) and does not report any neurotoxicity outcomes."
4248,NO — This study concerns light regulation of cAMP in vertebrate photoreceptors and does not involve fluoride (or its analogues) exposure nor report neurotoxicity outcomes.
4249,NO — Human study of isoflurane kinetics (not an animal study) and does not report neurotoxicity outcomes.
4250,"NO — This is a biochemical study of Asn-linked glycosylation of prion proteins (PrP/PrPSc) and enzymatic/chemical digestions, not an animal study and it does not involve fluoride exposure or neurotoxicity outcomes."
4251,"NO — This is an in vitro biophysical study of DPPC monolayers with a partially fluorinated alcohol (F8H7OH), not an animal study and it does not report any neurotoxicity outcomes."
4252,"NO — This is a medicinal chemistry/pharmacology study of fluoro-substituted ligands (evaluating GABA(A) binding and anxiolytic activity), not an animal study of fluoride (F−) exposure and it does not report neurotoxicity outcomes."
4253,"YES — Animal study in rats exposed to sodium fluoride that reports neurotoxicity outcomes (impaired exploratory motor activity, rota-rod motor coordination, and decreased brain acetylcholinesterase activity)."
4254,"YES — Animal (rat) study reporting neurotoxic outcomes after exposure to diisopropylphosphorofluoridate (DFP), an organophosphorus compound containing a fluoridate moiety, so relevance to ""fluoride and its analogues"" is unclear but potentially applicable."
4255,"NO — This pharmacokinetic study of fluorine-modified nitroazole radiosensitizers (in vivo tumor/brain distribution and acute toxicity) does not assess neurotoxicity outcomes nor study exposure to fluoride ion/analogues specifically, so it does not meet the inclusion criteria."
4256,"NO — Animal study reporting effects of fluoride (NaF) on cardiac (myocardial adenylate cyclase and phosphodiesterase) function in rabbits, not any neurotoxicity outcomes."
4257,"YES — Animal (guinea pig) electrophysiology study in which intracellular fluoride altered calcium-current kinetics and suppressed neuronal spiking and EPSP properties, i.e., neurophysiological outcomes relevant to neurotoxicity."
4258,"YES — Animal (rat) study exposing brain/adipose tissue to fluorinated ether anesthetics and a fluorinated alkane, measuring brain 19F T2 values and anesthetic potency (neural/brain-related outcomes)."
4259,"NO — This paper discusses corticosteroid-induced skeletal muscle myopathy (including fluorinated steroids) rather than exposure to fluoride or its analogues, addresses muscle rather than neurotoxic outcomes, and is not primarily an animal study."
4260,"YES — Developmental exposure to sodium fluoride (NaF) was given to rats and neurobehavioral outcomes (ultrasonic vocalizations, acoustic startle reflex, and pre-pulse inhibition) were measured, meeting the animal fluoride neurotoxicity inclusion criteria."
4261,"NO — This is an anatomical/lectin-labeling study using sensory ganglia (rats, rabbits, human tissues) and mentions the enzyme “fluoride-resistant acid phosphatase” as a marker, but it does not involve exposure to fluoride or its analogues nor report neurotoxicity outcomes."
4262,"NO — Although this rat study included fluoride exposure, the reported outcomes are dental (caries and calculus) rather than any measures of neurotoxicity."
4263,"NO — Although this animal-study review includes fluoride-related agents (HF, CF, NaF), it summarizes reproductive/developmental and organ toxicity (e.g., skeletal, lung, kidney) and does not report neurotoxicity outcomes for fluoride or its analogues."
4264,"NO — This is an animal PET/pharmacokinetic study of a fluorine-18–labeled antipsychotic (BMY 14802) reporting brain uptake and kinetics, not an exposure to fluoride/its analogues in the context of neurotoxicity nor any neurotoxicity outcome measures."
4265,YES — Rat hippocampal slice study used sodium fluoride (a fluoride compound) and measured synaptic depression in CA1 (a neurophysiological/neurotoxicity-relevant outcome).
4266,"NO — Although sodium fluoride was used as an enolase inhibitor, the study examines erythrocyte toxicity in human and rat cells (in vitro) related to amyloid beta and oxidative enzymes rather than reporting any neurotoxicity outcomes in an animal study."
4267,NO — This is an in vitro biochemical study of recombinant prion protein folding with neutral salts (including fluoride) and does not report animal experiments or neurotoxicity outcomes.
4268,"NO — although the study mentions ""fluoride-stimulated adenylate cyclase"" in assays, it is an animal study of pituitary CRF receptors/ACTH after adrenalectomy and does not examine fluoride exposure or any neurotoxicity outcomes."
4269,"NO — this is an animal neurotoxicity study of phenyl saligenin phosphate (an organophosphorus compound) in hens, not an exposure to fluoride or fluoride analogues."
4270,"YES — Investigates reactivation of acetylcholinesterase and neuropathy target esterase by potassium fluoride (KF), addressing neurotoxicity mechanisms related to organophosphorodiamidate inhibition, though the record does not specify whether the work was done in animals (appears biochemical/in vitro)."
4271,"NO — Animal study in dogs exposed to sodium fluoride, but outcomes are bone remodeling/osteoporosis measures with no neurotoxicity-related outcomes reported."
4272,NO — This is an animal study of protease activity in EAE rats but does not involve exposure to fluoride or its analogues.
4273,"NO — This is an environmental monitoring study of perfluoroalkyl acids (PFAAs) distribution and bioaccumulation in environmental matrices and wildlife, not an animal experimental study and it does not report any neurotoxicity outcomes."
4274,NO — the study includes ammonium fluoride in aquatic toxicity tests (animal study) but reports only 96‑hr LC50 acute mortality endpoints and does not report any neurotoxicity outcomes.
4275,"NO — Animal study of sodium fluoride exposure in calves that measures bone fluoride concentrations, bone mineral density, and mechanical properties, with no neurotoxicity or neurological outcomes reported."
4276,"YES — Animal study exposing chicken embryos to a fluorinated steroid (P-1742) that reports brain biochemical outcomes (incorporation of C14-acetate into brain fatty acids/cholesterol), so potentially relevant to neurotoxicity though no explicit behavioral/histopathological neurotoxicity endpoints are reported."
4277,"NO — This is a human clinical study of magnesium (with/without fluoride) in osteoporotic patients reporting musculoskeletal outcomes, not an animal study nor reporting neurotoxicity measures."
4278,NO — Animal study of sodium fluoride effects on bone glycosaminoglycans/osteoid in rabbits without any neurotoxicity-related outcomes.
4279,"NO — This is a physicochemical study of a fluorocarbon surfactant (F6THAM6) using neutron scattering and surface-tension methods, not an animal study and it reports no neurotoxicity outcomes."
4280,"NO — This paper concerns steroid-induced myopathy (including from fluorinated corticosteroids) rather than exposure to fluoride/fluoride salts or reporting neurotoxicity endpoints, so it does not meet the fluoride-exposure and neurotoxicity inclusion criteria."
4281,"NO — This is a materials/chemistry study of fluorinated EDOT-based conducting films reporting electrochemical and surface analyses, not an animal study nor an investigation of fluoride exposure or neurotoxicity."
4282,"NO — This is an in vitro/materials study on how incorporating fluoride alters solubility and gene-transfer efficiency in a DNA-fibronectin-apatite layer for tissue engineering, not an animal study and it does not report neurotoxicity outcomes."
4283,NO — Animal bone/NMR study of fluoride distribution and spin-lattice relaxation in bone (rats/dogs); does not report any neurotoxicity outcomes.
4284,"NO — This is an animal study of acetylcholine effects on frog myocardium (UTPase/ATPase activity and uridine polyphosphate release), not an exposure to fluoride or its analogues nor reporting neurotoxicity outcomes."
4285,"NO — This rat study investigates halothane-induced trifluoroacetylated liver proteins and antigen processing (hepatic immunology), not exposure to fluoride/analogues in a neurotoxicity context and it reports no neurotoxicity outcomes."
4286,NO — This is an enzymology study comparing FAAH pharmacology in rat and chicken brains and does not involve exposure to fluoride (aside from a trifluoromethyl-containing inhibitor) nor report any neurotoxicity outcomes.
4287,"NO — This is an in vitro biochemical study using anhydrous hydrogen fluoride to deglycosylate ovine follitropin, not an animal neurotoxicity study and it does not report any neurotoxicity outcomes."
4288,YES — Animal (rat) study of chronic fluoride intoxication measuring brain lipid peroxidation (an indicator of neural oxidative damage) and antioxidant status.
4289,"NO — This is a materials science study of PEO/CAB polymer phase behavior and crystallization, with no fluoride exposure, neurotoxicity outcomes, or animal subjects."
4290,"NO — This is an in vitro study on bovine dentin assessing dentin demineralization/remineralization with fluoride toothpastes, not an in vivo animal study and it does not report any neurotoxicity outcomes."
4291,"YES — an in vivo rat study of halothane (a fluorinated anesthetic) examining brain uptake/elimination, so it meets the exposure and animal criteria, though the title does not specify any neurotoxicity outcomes."
4292,NO — This is an animal study of somatostatin effects on dopamine-sensitive adenylate cyclase in rat brain (including lesion models) and does not involve exposure to fluoride or its analogues.
4293,"NO — This is an environmental monitoring study reporting PFAS/PFOS concentrations in surface water, not an animal study and it does not report any neurotoxicity outcomes."
4294,"NO — This is a chemical/biophysical study synthesizing and characterizing monofluorinated peptide analogs for 19F‑NMR and antimicrobial assays, not an animal study and it does not report any neurotoxicity outcomes."
4295,"NO — This is an animal pharmacology study of synthetic fluorine-containing sydnones measuring analgesic/anti‑inflammatory and ulcerogenic outcomes, not any neurotoxicity-related endpoints (and not fluoride/fluoride‑ion exposure)."
4296,NO — This is a computational/biophysical modeling study of fluorinated rhodopsins (chemical-shift interpretation) and does not report animal experiments or any neurotoxicity outcomes.
4297,NO — This is a radiochemistry methods paper describing synthesis of [18F]fallypride for micro-PET and does not report an animal study measuring neurotoxic outcomes despite using [(18)F]fluoride in the synthesis.
4298,NO — This is an animal study of anti-nerve growth factor (anti-NGF) antiserum effects on developing rat sensory ganglia and does not involve fluoride or its analogues.
4299,NO — The study investigates an octopamine-sensitive adenylate cyclase in the central nervous system of the horseshoe crab (Limulus polyphemus) and does not involve exposure to fluoride or its analogues or report neurotoxicity outcomes.
4300,"NO — Animal study of fluoride effects on adenylate cyclase activation in the rat parotid (salivary) gland, which does not report neurotoxicity-related outcomes."
4301,"NO — Although this is an animal (rat) study involving a fluorinated polymer (PVDF) implant, the outcomes are surgical/tissue responses (mobility, tensile strength, histology, inflammation, DNA damage, apoptosis, proliferation, HSP70) with no neurotoxicity or neurological outcome measures reported."
4302,"YES — Review of animal (owl) studies reporting fluoride as an environmental contaminant in owls and listing neurotoxicity-related endpoints (e.g., cholinesterase inhibition) indicates fluoride exposure/effects in animals."
4303,NO — This is a physicochemical study of welding aerosols (human/environmental exposure characterization) that only notes the presence of fluorine in particle composition and does not report an animal study or any neurotoxicity outcomes.
4304,"YES — Animal (mouse) study of 4-[18F]fluoroantipyrine with brain biodistribution data and evidence of in vivo defluorination to fluoride, which is relevant to fluoride exposure and potential neurotoxicity."
4305,"NO — The study reports in vitro biochemical, chemical, crystallographic, and MS analyses of fluorinated aminophosphonates inhibiting serine esterases (AChE, NTE, etc.) and contains no animal experiments."
4306,"NO — This is an in vitro electrophysiological study using Xenopus oocytes expressing chick optic lobe GABA(A) receptors (not an in vivo animal study), so it does not meet the animal-study inclusion criterion despite testing a fluorinated picrotoxinin analogue."
4307,YES — Animal study in rats exposed to fluoride (coal-burning-borne fluorosis via fluorinated feed) reporting brain injury–related outcomes (STC1 expression and brain calcium levels) indicative of neurotoxicity.
4308,YES — The study perfused squid giant axons with caesium fluoride and reports effects on sodium conductance and gating currents (neurophysiological outcomes) in an animal preparation.
4309,"NO — This study examines angiotensin II binding in bovine and rat brain membranes, not exposure to fluoride or its analogues, nor reporting neurotoxicity outcomes."
4310,"NO — This is an in vitro biochemical study (baculovirus-expressed proteins and purified bovine brain enzyme) using aluminum fluoride as a tool to activate G-proteins, not an animal exposure study nor one reporting neurotoxicity outcomes."
4311,"NO — This article studies mammalian amyloid disaggregation in tissues/cell lines and does not involve fluoride (or analogues), animal exposure, or neurotoxicity outcomes."
4312,"NO — This is an analytical study of bottled water quality (reporting fluoride concentrations) in market samples, not an animal experiment and it does not report any neurotoxicity outcomes."
4313,"NO — This is an animal PET-radiotracer development study of fluorine-18–labelled huprine analogs assessing brain penetration and AChE binding, not an exposure study of fluoride/analogues nor reporting any neurotoxicity outcomes."
4314,"NO — Although this is an animal study of a fluorinated polymer (polyvinylidene fluoride) used as a suture material, the outcomes are mechanical/biologic (vascular healing, inflammation, degradation) with no measures of neurotoxicity."
4315,YES — Study exposes animals to a fluorinated GABA analogue (3‑fluoro‑GABA) and reports neuroactive/neurobehavioral outcomes in a whole-animal Xenopus laevis tadpole model.
4316,"NO — This is a geological study of fluorine distribution in titanite and magmatic rocks, not an animal study and it does not report any neurotoxicity outcomes."
4317,"YES — Animal (guinea pig) in vitro neuronal study that included exposure to sodium fluoride and measured neurophysiological outcomes (synaptic hyperpolarization/IPSPs), even though NaF reportedly did not affect the responses."
4318,NO — This is a biochemical characterization of a neutral endopeptidase in Aplysia kidney membranes and does not involve exposure to fluoride (or analogues) nor report any neurotoxicity outcomes.
4319,NO — Animal study of fluoride exposure reporting bone histomorphometry and bone mineral density outcomes (no measures of neurotoxicity reported).
4320,"NO — This is a human clinical report of argon-fluoride excimer laser corneal surgery (a laser device, not chemical fluoride exposure), not an animal study and it reports corneal surgical/histopathologic outcomes rather than neurotoxicity."
4321,NO — Title indicates a biochemical/enzymatic study (fluoride activating histamine methyl transferase) with no indication of an animal study or neurotoxicity outcomes.
4322,NO — This is an animal (dog) study measuring fluorinated hydrocarbon propellant levels in blood after aerosol administration but it appears to be an analytical/pharmacokinetic measurement and does not report any neurotoxicity outcomes.
4323,"NO — This is an in vitro study of protease inhibitors (AEBSF, TLCK) in PC12 cells and cultured sympathetic neurons, not an animal study and it does not assess exposure to fluoride or relevant fluoride compounds."
4324,"YES — Animal study in chicks exposed to sodium fluoride (15.4 mg/kg) reporting changes in glycogen levels and metabolic enzyme activities in the glycogen body (an avian neural/spinal structure), which are neuro-related outcome measures."
4325,"NO — This study uses ""fluoride-resistant acid phosphatase"" as an enzyme histochemistry marker in cat Pacinian corpuscles, not as an exposure to fluoride or a neurotoxicity assessment."
4326,"NO — This is a materials-science study of polymer blend miscibility and glass transition (PVME/polyester), not an animal study, nor does it involve fluoride exposure or any neurotoxicity outcomes."
4327,"NO — The paper studies nitronyl nitroxide NO-scavengers (using fluorinated spin traps) and redox/NO outcomes in rats, not exposure to fluoride/fluoride analogues nor any neurotoxicity outcomes."
4328,"NO — This is a theoretical/ab initio molecular-geometry paper (mentions fluorine substitution in molecules) and does not report any animal study, fluoride exposure experiment, or neurotoxicity outcomes."
4329,NO — This is an animal study of beta-adrenergic regulation of cyclic nucleotides and SNAT in the rat pineal gland with no exposure to fluoride or its analogues and no neurotoxicity outcomes reported.
4330,"NO — This is a materials-chemistry study of fluorinated energetic compounds (SF5-substituted furazans) focused on synthesis, thermal and detonation properties and contains no animal experiments or neurotoxicity outcomes."
4331,"NO — This is a radiochemical synthesis of C-11-labelled beta,beta-difluoroamphetamine for PET studies and does not report any animal experiments or neurotoxicity outcome measures."
4332,"NO — although this is an animal study involving sodium fluoride, it measures inositol phosphate generation in dog thyroid tissue and does not report any neurotoxicity-related outcomes."
4333,NO — In vitro study using PC12 cells (not an animal study); also tests fluorine‑substituted salidroside analogues rather than exposure to fluoride in animals.
4334,"NO — This is an in vitro study on bovine aortic endothelial cells testing fluorinated nitrone conjugates for cytoprotection against oxidative insults, not an animal study nor an investigation of neurotoxicity."
4335,NO — This is an in vitro CHO cell pharmacology study of a para-fluoro–substituted peptide assessing receptor signaling (GTPγS binding and cAMP) rather than an animal study or any neurotoxicity outcome or systemic fluoride exposure.
4336,"NO — The study concerns in vitro hydrolysis of an oxazepam ester by esterases (not exposure to fluoride or analogues), does not report neurotoxicity outcomes, and is not an in vivo animal study."
4337,"NO — This is a chemical synthesis paper describing preparation of a trifluoromethylated codlemone analog, not an animal study and it does not report any neurotoxicity outcomes."
4338,NO — The paper examines peptide immunoreactivity and a fluoride-resistant acid phosphatase assay in rat sensory neurons but does not study exposure to fluoride or its analogues.
4339,"NO — This is a chemical synthesis report of a fluorinated chromene (2-trifluoromethyl-2H-chromene) and does not describe an animal study, exposure assessment, or any neurotoxicity outcomes."
4340,"NO — This is an analytical method paper on heroin/metabolite measurement in mice (with sodium fluoride used only as a preservative), not a study of fluoride/analog exposure or neurotoxicity outcomes."
4341,"YES — Animal (rat) study of sodium fluoride exposure (30–75 mg NaF/kg bw/day) reporting neurotoxicity outcomes including DNA damage, neuronal apoptosis, and brain phospholipid changes."
4342,"NO — This is a materials-chemistry paper describing synthesis and thermal/optical characterization of CF3-containing polymers, not an animal study and it reports no neurotoxicity outcomes."
4343,"NO — the paper uses in vitro cell and cytosol experiments (rat kidney cells, bovine brain cytosol) and molecular assays using aluminum fluoride but does not report any animal-study neurotoxicity outcomes."
4344,"NO — This is an in vitro study using GH1 rat pituitary tumor cell and fibroblast homogenates (not an in vivo animal study), and although sodium fluoride is mentioned as a biochemical stimulator, the paper does not report animal exposure or neurotoxicity outcomes."
4345,"NO — Although rat brain enzyme assays mention F− as an experimental reagent, the paper studies K+ binding and ATPase kinetics rather than fluoride (or analogues) exposure or any neurotoxicity outcomes."
4346,YES — Reports an in vivo fluorine-18–labeled compound (6-[18F]FA) with brain nicotinic acetylcholine receptor binding and a preliminary toxicology assessment (animal or unspecified in vivo status not clearly stated).
4347,"NO — Animal study of sodium fluoride in rats, but outcomes focus on pancreatic, hematological, biochemical and hepatic/bone-marrow DNA damage with no measures of neurotoxicity (behavioral, neurochemical, or brain histology)."
4348,"YES — Animal study in mice administering fluorinated glucocorticoids (betamethasone, dexamethasone) with neurotoxicity-related outcomes measured (white- and grey-matter cystic lesions)."
4349,"NO — This is an in vitro materials corrosion/embrittlement study of beta‑titanium orthodontic wire exposed to fluoride solutions, reporting mechanical/hydrogen absorption outcomes and not an animal study nor any neurotoxicity measures."
4350,"NO — Animal study of sodium fluoride in chickens reporting bone density and mineralization outcomes, not any neurotoxicity-related measures."
4351,"YES — Study examines fluorinated quinazolones (fluorine-containing compounds) and their effect on pyruvic acid oxidation in rat brain homogenates, an animal-derived neurochemical outcome measure."
4352,"YES — Animal study of sodium fluoride (NaF) exposure in adult male rats that reports a decreased brain index (a neuro-related outcome) along with reproductive effects, so it meets the fluoride exposure and animal criteria and is not clearly excluded on neurotoxicity grounds."
4353,"NO — Although sodium fluoride (NaF) is mentioned as a reagent, the study examines estradiol effects on phosphodiesterase in uterine and endometrial tissues (with some rat tissue used) and does not report any neurotoxicity-related outcomes."
4354,"NO — This mouse study examines dynorphin A antinociception and effects of protease inhibitors (e.g., p-hydroxymercuribenzoate, phosphoramidon) and does not involve fluoride or its analogues nor report neurotoxicity outcomes."
4355,"YES — Animal (anesthetized dog) study of topical fluoride exposure measuring electric excitability of dentin, a neurophysiological outcome related to nerve function."
4356,"NO — This is a physiological study of heat production in bullfrog nerves using polyvinylidene fluoride film sensors, not an animal study exposing subjects to fluoride or its analogues nor reporting neurotoxicity outcomes."
4357,"NO — this is an in vitro study on a mouse pituitary tumor cell line (membrane preparations) using sodium fluoride as an assay activator, not an animal exposure, and it does not report neurotoxicity outcomes."
4358,"YES — This is an animal study of developmental exposure to sodium fluoride (NaF) in mice reporting neurotoxic outcomes (cognitive deficits and anxiety/depression-like behaviors measured by novel object recognition, Morris water maze, elevated-plus maze, and tail suspension test)."
4359,"NO — This is an animal biodistribution/imaging study of fluorinated nitroimidazole probes (Ro 07-0741, CCI-103F) reporting tumor vs organ retention by 19F MRS, not any neurotoxicity outcome."
4360,"NO — Although this is an animal (rat) study of NaF exposure, the outcomes are intestinal oxidative stress, mitochondrial dysfunction, and histopathology, with no measures of neurotoxicity or neural outcomes reported."
4361,YES — Animal study in chickens exposed to diisopropylfluorophosphate (an organofluorophosphate) reporting organophosphate-induced delayed neurotoxicity (clinical OPIDN) and related neurobiological outcomes.
4362,"NO — This study describes fluoride-resistant acid phosphatase enzyme activity in rat dental nerve terminals (FRAP) and does not involve exposure to fluoride or its analogues, so it does not meet the exposure criterion."
4363,"YES — Animal (mouse) study of chronic fluorine/fluoride poisoning assessing RNA synthesis in multiple organs, so it involves fluoride exposure in animals and may include brain/neurotoxicity-relevant outcomes (unclear from title)."
4364,"NO — This is a rat vascular study of anandamide/methanandamide effects on mesenteric artery membrane potential (cannabinoid pharmacology), not an exposure to fluoride/analogues nor an investigation of neurotoxicity."
4365,"NO — This is a human community health survey (not an animal study), does not investigate fluoride exposure experimentally, nor report any neurotoxicity outcomes (fluoridation is only mentioned as a dental-health recommendation)."
4366,NO — This is an engineering review of petcoke combustion and emissions (mentions fluorides in flue gas) and does not report animal exposure experiments or any neurotoxicity outcomes.
4367,"NO — This is an animal study of tabun (an organophosphate nerve agent) poisoning and antidote efficacy, not an exposure to fluoride or fluoride analogues."
4368,"YES — Animal study of sodium fluoride exposure reporting fluoride-induced vaso-obliteration in the developing retina (neural tissue), so it is relevant/unclear for neurotoxicity outcomes."
4369,NO — This is a materials/chemistry study on fluoride sorption by synthesized resins in aqueous media and does not involve animals or report any neurotoxicity outcomes.
4370,YES — In vitro study exposing rat cerebral cortex astrocytes to NaF (sodium fluoride) reporting astrocyte cell-cycle arrest and altered enzyme activities (neurotoxicity-related outcomes) in cells derived from animals.
4371,"YES — Animal study testing sulfonyl fluoride compounds (phenylmethanesulfonyl fluoride, methanesulfonyl fluoride) as exposures and reporting neurobehavioral outcomes (effects on methylphenidate‑induced stereotyped gnawing), so it meets the exposure and neurotoxicity outcome criteria."
4372,"NO — This record reviews L‑ascorbic acid and related vitamin C salts (not fluoride or its analogues); although it reports animal toxicity studies, the outcomes are general toxicity, carcinogenicity, and skin effects rather than neurotoxicity."
4373,NO — This study examines anandamide formation in rat brain membranes and does not involve exposure to fluoride or its analogues nor report neurotoxicity outcomes.
4374,"NO — This is an in vitro materials/adsorption study of phosphate removal using lanthanum-doped activated carbon fiber, not an animal study and it does not involve fluoride exposure or report any neurotoxicity outcomes."
4375,NO — This is a radiotracer synthesis and biodistribution/autoradiography study using F-18-labeled ligand in rats and does not report any neurotoxicity outcomes.
4376,"YES — Animal (rat) study of sodium fluoride exposure that reports brain neurotoxicity-related outcomes (oxidative stress markers: MDA, GSH, SOD, catalase) and intervention effects."
4377,"NO — This is a general review about erythrocyte acetylcholinesterase (in humans), not an animal study and does not involve fluoride or related exposures or neurotoxicity outcomes."
4378,"NO — This is an animal study of portal infusion of fatty acids (oleate/linoleate) and blood pressure effects, not an exposure to fluoride or its analogues nor reporting neurotoxicity outcomes."
4379,NO — This is a materials-synthesis paper on fluorinated azopolyamides with physicochemical characterization and contains no animal experiments or any neurotoxicity outcomes.
4380,"NO — This is a vaccine formulation study using fluoride only as a competing ion in an antigen desorption assay, reporting immunogenicity in mice (not any neurotoxicity outcome) rather than an animal study of fluoride (or analogue) exposure and neurotoxic effects."
4381,"NO — This is a biochemical study of brain protein phosphatases using bovine/porcine tissue and does not involve fluoride (or analogue) exposure, neurotoxicity outcomes, or an in vivo animal exposure experiment."
4382,"YES — Animal study (rats) of inhalation exposure to soman (an organophosphonofluoridate) reporting neurotoxicity-related outcomes (AChE inhibition, miosis); however, exposure is to the nerve agent soman rather than to fluoride ion itself, so inclusion depends on whether organophosphonofluoridates are considered ""fluoride analogues."""
4383,"NO — This is an animal study of age-related bone enzyme changes and osteopenia in mice, with no exposure to fluoride (or analogues) and no neurotoxicity outcomes reported."
4384,"YES — Animal (hen) study of neuropathy-related esterase activity and promotion of axonopathies after exposure to esterase inhibitors, including di‑isopropyl fluorophosphate (an organofluorophosphate), so it reports neurotoxicity-related outcomes with a fluoride-containing analogue."
4385,YES — the record involves exposure to fluorine-containing (fluoride-analog) gases but it’s unclear from the title whether it is an animal study or reports neurotoxicity outcomes.
4386,"YES — The record explicitly studies effects of fluoride (excitation of skeletal muscle), which is relevant to neuro/muscular outcomes, but the title doesn’t specify whether it’s an animal study or reports neurotoxicity endpoints so inclusion is unclear."
4387,"YES — Animal study (guinea pigs) of exposure to organophosphorus nerve agents (including fluoridated agents such as soman and cyclosarin) reporting detection of phosphylated tyrosine albumin adducts after high-dose exposure, which is relevant to neurotoxic agent exposure."
4388,"YES

This is an animal study (chicks) of fluoride exposure (150 ppm NaF) that reports decreased brain ascorbic acid levels, a neuro-related biochemical outcome."
4389,"NO — This is a US National Research Council committee/report on fluoride in drinking water (a policy/review document), not an original animal study reporting neurotoxicity outcomes."
4390,"YES — The record involves exposure to fluorodinitrobenzene (an organofluorine compound) in what appears to be an animal model, but the title focuses on lymphatic/immune measures rather than neurotoxicity so inclusion is uncertain."
4391,NO — Animal biodistribution study of 6-deoxy-6-[18F]fluoro-L-ascorbic acid reporting tissue uptake (including low brain uptake) but no neurotoxicity-related outcome measures.
4392,"NO — This is a mouse study of fluoride's effect on cardiac muscarinic receptor binding (heart tissue), not an outcome measure related to neurotoxicity."
4393,NO — This is an engineering methods paper about a PVDF-based strain sensor for spinal cord mechanics (not exposure to fluoride/analogues) and does not report animal neurotoxicity from fluoride.
4394,"NO — This is an animal study of sodium fluoride exposure but measures apoptosis in rat leukocytes (immune cells), not any neurotoxicity outcomes."
4395,"NO — This is an analytical methods validation using spiked human plasma/urine (not an animal study), where fluoride is used as a reagent for nerve-agent reactivation rather than as an exposure of interest, and no neurotoxicity outcomes are reported."
4396,YES — The study used intracellular fluoride (CsF) in acutely-isolated rat dorsal root ganglion neurons and reports effects on TTX-resistant sodium currents (a neurophysiological outcome) in an animal-derived model.
4397,"NO — Animal study of tetrafluoroethylene and its metabolite reporting kidney, liver, spleen, hematologic and cell-proliferation outcomes but no measures or findings related to neurotoxicity."
4398,"NO — The title refers to brain adenylate cyclase development/properties with no mention of fluoride exposure or its analogues, so it does not meet the inclusion criteria."
4399,"YES — Animal study exposing bullfrog sympathetic neurons to soman (pinacoloxymethyl‑phosphoryl fluoride), reporting neurotoxic electrophysiological effects (reduced Ca2+/Ba2+ action potential duration)."
4400,"YES — Animal (snail) neuron study that applied sodium fluoride and measured electrophysiological changes (pacemaker/bursting activity), a neurotoxicity-relevant outcome."
4401,"NO — This is a materials/chemistry study of PVDF-based block copolymers examining synthesis and dielectric/thermal properties, with no animal experiments or neurotoxicity outcomes reported."
4402,"NO — This is a narrative review of human surveys, case reports, and proposed mechanisms of fluoride neurotoxicity rather than an original animal study reporting neurotoxic outcomes."
4403,NO — This is an animal study of erythrocyte acetylcholinesterase in fat-deficient rats and does not involve exposure to fluoride or its analogues nor report fluoride-related neurotoxicity outcomes.
4404,"NO — This is an animal (rhesus monkey) study of fluoride effects on bone metabolism/osteoporosis and bone/plasma fluoride levels, not reporting any neurotoxicity-related outcomes."
4405,"NO — this in vivo study of fluoride-modified titanium implants (bone/implant outcomes in an animal model) reports bone formation, resorption, inflammation and BMD measures but does not assess or report any neurotoxicity outcomes."
4406,"YES — This ex vivo animal study examines the disposition of a fluorinated analogue (6‑fluorodopamine) in guinea pig nerve microsacs and reports outcomes on amine uptake, metabolism, and vesicular storage in nerve terminals, which are neurobiological endpoints relevant to neurotoxicity."
4407,"NO — Although sodium fluoride was used, this is an in vitro study of electrophysiological effects on cultured rabbit osteoblast-like cells (bone cells), not an in vivo animal study and it does not report neurotoxicity outcomes."
4408,NO — This study examines NGF receptor binding and sequestration in embryonic sensory neurons and does not involve exposure to fluoride or its analogues nor assess fluoride-related neurotoxicity.
4409,"NO — This is an animal study of fluoride-containing implant coatings in dogs but reports coating degradation and bone integration outcomes, not any neurotoxicity-related measures."
4410,NO — This is a petrology/geochemistry experimental study of mineral phase relations (leucite-olivine-quartz) with only a passing mention of fluorine as a geochemical component; it is not an animal study nor does it report any neurotoxicity outcomes.
4411,NO — This record discusses dental effects of fluoride (dental caries/fluorosis) in humans/epidemiologic contexts rather than reporting an animal study of fluoride-related neurotoxicity.
4412,"NO — Although the study involves fluoro- and iodo- cannabinoid analogs tested in mice (mouse ear edema assay), the outcomes reported are anti-inflammatory activity, not any neurotoxicity-related measures."
4413,"NO — Animal study of F-18–labelled fatty acid metabolism in heart, liver and bone with no outcomes or measures of neurotoxicity reported."
4414,"NO — This is a rat cytochemistry study of sensory neurons that only mentions ""fluoride-resistant acid phosphatase"" as a biochemical marker and does not describe any exposure to fluoride (or analogues) or report neurotoxic outcomes."
4415,NO — This is an analytical chemistry study measuring tributyrin and butyrate in rat plasma and does not involve fluoride (or analogues) exposure nor report neurotoxicity outcomes.
4416,"NO — This is an in vitro biochemical study of microtubule stabilization using AlF4- and BeF3- (phosphate analogues), not an animal study and it does not report any neurotoxicity-related outcomes."
4417,"NO — although aluminum fluoride is used to modulate enzyme activity, this is an in vitro biochemical study on canine brain microsomes and does not report in vivo animal neurotoxicity outcomes."
4418,"NO — This is a geological/mineralogical study about fluorine in magmatic systems and rare-earth minerals, not an animal study nor reporting any neurotoxicity outcomes."
4419,"YES — An animal (rabbit tissue) study examining the effects of fluoride (and lidamidine) on acetylcholine release, a neurophysiological outcome relevant to neurotoxicity."
4420,NO — This is an in vitro biochemical characterization of a chicken heart acid phosphatase that only notes fluoride as a non‑inhibitor and does not involve an animal exposure study or report any neurotoxicity outcomes.
4421,"NO — This is a human epidemiological study of silicofluoride-treated water and children's blood lead levels, not an animal study and it does not report neurotoxicity outcomes."
4422,"NO — This is a histochemical/anatomical study describing neurons that contain ""fluoride-resistant"" acid phosphatase, not an animal exposure experiment to fluoride (or analogue) reporting neurotoxicity outcomes."
4423,"NO — This is a human cross-sectional study of dental caries risk factors in 19-year-olds and does not involve animal experiments, fluoride exposure as the exposure of interest, or any neurotoxicity outcomes."
4424,"NO — This is an environmental/geochemistry study of fly ash composition and leachability (including fluoride monitoring), not an animal study and it does not report any neurotoxicity outcomes."
4425,YES — Mouse study comparing amphetamine and a fluorinated analogue that reports locomotion and exploratory activity (neurobehavioral outcomes) after exposure to a fluorinated compound.
4426,"NO — This is a rat study of an 18F‑labelled tracer reporting synthesis and biodistribution/cardiac sympathetic innervation, but it does not assess neurotoxicity outcomes."
4427,"NO — Animal study of fluoride exposure in rats, but outcomes reported are bone strength and skeletal/histomorphometric measures, not any neurotoxicity-related outcomes."
4428,"YES — Animal (rat) study of sodium fluoride exposure during gestation that reports behavioural observations (no dose-related behavioral changes) and developmental outcomes, so it meets the fluoride exposure criterion and includes neurotoxicity-relevant outcome measures (behavior)."
4429,NO — The study concerns chloride deficiency in chicks (an animal study) but does not involve exposure to fluoride or fluoride analogues.
4430,"YES — Animal (rat) study of exposure to fluoridated drinking water reporting hippocampal CA1 neuronal density, a neurotoxicity-related outcome."
4431,NO — This is a behavioral study of mating in the spider Florinda coccinea and does not involve exposure to fluoride (or analogues) nor report any neurotoxicity outcomes.
4432,"NO — This is an animal study of sodium fluoride effects on isolated rabbit heart (cardiac outcomes), not reporting neurotoxicity-related outcomes."
4433,"NO — This rat study examines acid phosphatase isoforms in the olfactory system and only mentions fluoride as an enzyme inhibitor in assays, not as an exposure nor reporting neurotoxicity outcomes."
4434,"NO — This is an enzymatic characterization of dipeptidyl peptidase II in bovine tissues and does not involve exposure to fluoride or its analogues, neurotoxicity outcomes, or an animal exposure study."
4435,YES — The record studies effects of fluoro compounds on metabolic control in brain mitochondria (a neurotoxicity-relevant outcome); the title implies biological/likely animal-derived material though the specific study organism is not stated.
4436,YES — Animal (hen) study reporting neurotoxic outcomes (organophosphate‑induced delayed polyneuropathy) following exposure to diisopropyl fluorophosphate (DFP) and other fluorinated organophosphorus compounds.
4437,"NO — This is an environmental/adsorption study on defluoridation using leaf-based sorbents and neural networks, not an animal study and it does not report any neurotoxicity outcomes."
4438,"NO — This paper reports synthesis and D2 receptor binding of a fluorinated radioligand in rat striatal homogenates (pharmacology/in vitro work), not an animal exposure study of fluoride/fluoride analogues nor does it report neurotoxicity outcomes."
4439,"NO — The title indicates a physiological study of ion transport in snail neurons (Helix pomatia) with no mention of fluoride/analog exposure or neurotoxic outcomes, so it does not meet the inclusion criteria."
4440,"YES — Title suggests study of a fluorinated choline compound (a fluoride-related analogue) but the record lacks details on study type and neurotoxicity outcomes, so relevance is unclear and further information is needed."
4441,"NO — This is a materials-chemistry study of perfluoroalkylated side chains on hexa-peri-hexabenzocoronene addressing thermotropic self-assembly and phase behavior, not an animal study and it does not report neurotoxicity outcomes."
4442,"YES — This is an animal study (Hirudo medicinalis ganglia) that exposes neural tissue to fluoride and reports fluoride-stimulated adenylate cyclase activity, a neurophysiological/biochemical outcome relevant to neurotoxicity."
4443,"NO — Although an animal study of fluorinated gases (SF6, C3F8) in rabbits, it reports intraocular gas kinetics/geometry and does not present any neurotoxicity-related outcome measures."
4444,NO — this canine FDG imaging study measures metabolic activity of respiratory muscles and does not assess fluoride exposure or any neurotoxicity outcomes.
4445,"NO — This is an animal (rat) study of arecholine and atropine effects on neural carboxypeptidase activities, but it does not involve fluoride or fluoride analogues."
4446,"NO — Although an animal study that mentions a fluorinated analogue (alpha‑fluoro‑VPA), the outcomes are systemic/liver oxidative‑stress biomarkers (15‑F‑2t‑isoprostane) and do not report any neurotoxicity‑related endpoints (brain measures, neuropathology, or behavior)."
4447,"YES — discusses fluoride exposure and neurotoxic effects (cerebral morphology, learning/memory) but does not specify whether this record reports original animal experiments, so inclusion as relevant/unclear."
4448,"YES — Animal study in rats exposed to sodium fluoride (600 ppm) reporting brain neurotoxicity-related outcomes (lipid peroxidation, reduced glutathione, SOD and catalase activities) showing fluoride-induced oxidative stress."
4449,NO — The study uses aluminum fluoride as a biochemical activator to probe transducin/PDE conformation in vitro and does not appear to be an animal study nor report any neurotoxicity outcomes.
4450,NO — This is a biochemical study of a SUMO-1 hydrolase from bovine brain (enzyme characterization) and does not involve fluoride/analog exposure nor report neurotoxicity outcomes.
4451,"NO — This is a geochemistry study of fluorine's effect on silicic magma viscosity, not an animal study and it does not report any neurotoxicity outcomes."
4452,NO — This is an in vitro study of platelet-activating factor catabolism using human colon mucosa (not an animal study) and does not involve fluoride exposure or report neurotoxicity outcomes.
4453,"NO — Although eggshell powder is noted to contain fluorine, the paper reports animal and clinical studies addressing bone and cartilage outcomes (osteoporosis, bone density, chondrocyte effects), not any neurotoxicity measures."
4454,NO — The study examines calmodulin/serotonin modulation of adenylate cyclase in leech ganglia and does not involve fluoride (or analogues) exposure nor report neurotoxicity outcomes.
4455,"NO — This is a molecular/biochemical study of G protein (transducin) receptor and subunit interactions (mutational analysis) and does not involve fluoride exposure, neurotoxicity outcomes, or an animal experimental model."
4456,"YES — Animal (rat) study of a fluorinated telomeric carrier (F‑TAC) that measured tissue/brain distribution (reported it did not cross the blood–brain barrier), although no explicit neurotoxicity endpoints were described."
4457,"NO — Although sodium fluoride (NaF) was used, this is an in vitro study on rat vascular smooth muscle cells examining natriuretic peptide receptor regulation, not an in vivo animal neurotoxicity study and it does not report any neurotoxicity outcomes."
4458,"NO — The title/summary describes a review of experimental retinal degeneration with no mention of fluoride or fluoride analogues, so it does not meet the exposure criterion for inclusion."
4459,"NO — This is a materials-science review of fluorinated semiconductor photocatalysts, not an animal study and it does not report any neurotoxicity outcomes."
4460,"NO — This is a petrology study of fluorine-bearing pargasite and ultrahigh-temperature metamorphism (mineral chemistry), not an animal study nor reporting any neurotoxicity outcomes."
4461,"YES — Animal study exposing owl monkeys to sulfur hexafluoride (a fluorinated compound) reporting retinal electrophysiology (electroretinographic) and histologic outcomes, which are neural/neurotoxicity–relevant measures."
4462,NO — the study examines enzyme activities in rat brain synaptosomes but does not report exposure to fluoride or its analogues nor neurotoxicity outcomes.
4463,"NO — This is a chemistry/materials study of fluorine-substituted nickel catalysts for ethylene oligomerization, not an animal study and it reports no neurotoxicity outcomes."
4464,NO — This is an immunology study of mast cell chymase effects on immunoglobulin production in rodent cells and does not involve fluoride/analogues or report any neurotoxicity outcomes.
4465,"NO — This study examines biosynthesis and degradation of endocannabinoids in bovine retina and does not involve fluoride exposure, fluoride analogues, nor report neurotoxicity outcomes."
4466,"NO — sodium fluoride is only used as a metabolic inhibitor in an isolated rat duodenum study of UV-induced smooth-muscle relaxation, and the paper does not report any neurotoxicity outcomes."
4467,"NO — This is an animal study of anandamide and nitric oxide synthase effects on vascular responses in rat mesenteric beds, not an exposure to fluoride or its analogues nor reporting neurotoxicity outcomes."
4468,"NO — This is an animal implantation study involving a magnesium fluoride (MgF2) coating, but it reports bone/bioactivity outcomes (implant tolerance, bone formation) and does not assess or report any neurotoxicity-related measures."
4469,NO — This is a materials/optics study of Ce3+-doped lutetium lithium fluoride (Ce:LLF) fluorescence with no animal subjects and no outcomes related to neurotoxicity or toxicologic fluoride exposure.
4470,"NO — This is an in vitro enzymology study using α-D-xylopyranosyl fluoride for glycosynthase reactions, not an animal study and it reports no neurotoxicity outcomes."
4471,"NO — This is a biochemical study characterizing a porcine brain enzyme (anandamide hydrolase/synthase), not an animal exposure study and it does not involve fluoride/analogue exposure or neurotoxicity outcomes."
4472,"YES — Animal study in carp (Cyprinus carpio) exposed to sodium fluoride reporting brain outcomes (antioxidant enzyme changes, lipid peroxidation, apoptosis and histopathological alterations), i.e., neurotoxicity measures."
4473,"YES — studies the effects of fluoride on brain microsome membrane structure and adenylate cyclase activity (neurochemical outcomes), implying animal brain tissue experiments."
4474,"NO — This is an animal study of the synthesis and biodistribution of an 18F-labeled radiotracer in mice (measuring tissue distribution and brain clearance), not an exposure study of fluoride/analogues reporting any neurotoxicity outcomes."
4475,"NO — This is an in vitro osteoblast cell-culture study of bioactive glasses (including fluorine-containing glass) reporting bone-related histology/biochemistry, not an animal study and it does not report any neurotoxicity outcomes."
4476,"NO — the record studies phosphodiesterase inhibition and arterial blood pressure in dogs, not exposure to fluoride or its analogues nor neurotoxicity outcomes."
4477,"NO — this is an in vitro biochemical study of Al(III) (with mention of Al–F speciation) on LDH activity, not an animal study and it does not report neurotoxicity outcomes."
4478,"NO — This is a historical review of the EEG K-complex (sleep physiology) and does not involve fluoride exposure, neurotoxic outcomes, or an animal study."
